master_schema_version,record_id,crawler_owner,raw_schema_type,raw_file_path,raw_file_name,raw_record_index,post_id,post_url,content_hash,dedup_key,page_name,page_handle,page_url,page_followers,page_followers_raw,has_page_followers,post_type,external_url,post_content_for_labeling,post_content_length,word_count,topic_label_final,topic_label_id,label_status,label_source,annotator_1,annotator_2,annotation_round,annotation_note,is_uncertain_label,like_count,love_count,haha_count,wow_count,sad_count,angry_count,care_count,sorry_count,total_reactions,reaction_detail_sum,reaction_detail_coverage_ratio,has_reaction_total,has_reaction_details,reaction_details_status,share_count,comment_count,has_share_count,has_comment_count,has_engagement_basic,post_created_time_raw,post_created_time_unix,post_created_time_human,post_created_date,post_created_hour,post_created_weekday,timestamp_source,timestamp_status,has_post_created_time,crawl_time_raw,crawl_time_unix,crawl_time_human,metadata_observed_at,has_crawl_time,reaction_per_follower,share_per_follower,comment_per_follower,engagement_total,engagement_per_follower,usable_for_topic_classification,needs_topic_label,special_reaction_total,positive_reaction_total,negative_reaction_total,love_ratio,haha_ratio,wow_ratio,sad_ratio,angry_ratio,care_ratio,approval_index,outrage_index,amusement_index,empathy_index,polarity_score,usable_for_reaction_analysis,usable_for_engagement_analysis,exclude_reason,quality_note,has_metadata_outlier,metadata_outlier_reason,usable_for_engagement_analysis_strict
teamcrawl_v1,REC_000001,nhung,schema_5_new_timestamp,data/01_Raw_Data/02_Team_Crawled_Raw/Nhung/get_from_Nhung_legacy/posts_Thong_tin_Chinh_phu.json,posts_Thong_tin_Chinh_phu.json,0,pfbid02RGwhe337oqCbW2gi1tB4rJ9sLV7CYcbJRFThk37ac33ht84WyLJgyKD4q4TPm3YMl,https://www.facebook.com/thongtinchinhphu/posts/pfbid02RGwhe337oqCbW2gi1tB4rJ9sLV7CYcbJRFThk37ac33ht84WyLJgyKD4q4TPm3YMl,62451d34ddce5441,post_id:pfbid02RGwhe337oqCbW2gi1tB4rJ9sLV7CYcbJRFThk37ac33ht84WyLJgyKD4q4TPm3YMl,Thông tin Chính phủ,thongtinchinhphu,https://www.facebook.com/thongtinchinhphu,9400000,9400000,1,post,,tiếp tục yêu cầu các ngân hàng thương mại thực hiện nghiêm chủ trương giảm lãi suất huy động và cho vay,103,22,T02. ECONOMY_BUSINESS_AND_FINANCE,T02,human_verified,manual_adjudicated,Han; Nhung; Yen,,pilot_400_final,,0.0,5614,163,47,9,7,3,15,0.0,5858,5858.0,1.0,1,1,ok,4,380,1,1,1,Today at 2:12 AM,1779527520.0,2026-05-23 09:12:00,2026-05-23,9.0,Saturday,post_created_time_unix,ok,1,1779604929,1779604929,2026-05-23 23:42:09,2026-05-23 23:42:09,1,0.0006231914893617,4.25531914893617e-07,4.0425531914893614e-05,6242,0.0006640425531914,1,0,244,178,66,0.0278251963127347,0.0080232161147149,0.0015363605326049,0.0011949470809149,0.0005121201775349,0.0025606008876749,0.9861727552065552,0.0005121201775349,0.0080232161147149,0.0037555479685899,0.0416524411061795,1,1,,pilot_or_calibration_sample_exclude_from_test,0,,1
teamcrawl_v1,REC_000010,nhung,schema_5_new_timestamp,data/01_Raw_Data/02_Team_Crawled_Raw/Nhung/json-nhung-daibieunhandan-v9-3-2/posts_Dai_bieu_Nhan_dan.json,posts_Dai_bieu_Nhan_dan.json,0,pfbid0ARw7P8XRVRgYGWPxYqRvZUtnsDETLrifF2FFZpjnmZcrVvD4UQ5QmrtVAETdq3Q5l,https://www.facebook.com/daibieunhandan.vn/posts/pfbid0ARw7P8XRVRgYGWPxYqRvZUtnsDETLrifF2FFZpjnmZcrVvD4UQ5QmrtVAETdq3Q5l,5a33000b5c6cee5a,post_id:pfbid0ARw7P8XRVRgYGWPxYqRvZUtnsDETLrifF2FFZpjnmZcrVvD4UQ5QmrtVAETdq3Q5l,Đại biểu Nhân dân,daibieunhandan.vn,https://www.facebook.com/daibieunhandan.vn,207000,207000,1,post,,"chủ tịch quốc hội trần thanh mẫn: giám sát sắc bén, không để kiến nghị “rơi vào im lặng”",88,19,T01. POLITICS,T01,human_verified,manual_adjudicated,Han; Nhung; Yen,,pilot_400_final,,0.0,96,6,7,0,0,0,0,0.0,109,109.0,1.0,1,1,ok,10,0,1,1,1,Monday 25 May 2026 at 18:41,1779709260.0,2026-05-25 11:41:00,2026-05-25,11.0,Monday,post_created_time_unix,ok,1,1779733442,1779733442,2026-05-26 01:24:02,2026-05-26 01:24:02,1,0.0005265700483091,4.830917874396135e-05,0.0,119,0.0005748792270531,1,0,13,6,7,0.055045871559633,0.0642201834862385,0.0,0.0,0.0,0.0,0.9357798165137616,0.0,0.0642201834862385,0.0,-0.1192660550458715,1,1,,pilot_or_calibration_sample_exclude_from_test,0,,1
teamcrawl_v1,REC_000017,nhung,schema_5_new_timestamp,data/01_Raw_Data/02_Team_Crawled_Raw/Nhung/json-nhung-daibieunhandan-v9-3-2/posts_Dai_bieu_Nhan_dan.json,posts_Dai_bieu_Nhan_dan.json,7,pfbid036iZx7nkS3R4qz1XfwTu3tKyKh2Ps9JK61TMNTXKUVGfR9p4AfX2eG96KEg36MAPGl,https://www.facebook.com/daibieunhandan.vn/posts/pfbid036iZx7nkS3R4qz1XfwTu3tKyKh2Ps9JK61TMNTXKUVGfR9p4AfX2eG96KEg36MAPGl,563d1c6740e12e7b,post_id:pfbid036iZx7nkS3R4qz1XfwTu3tKyKh2Ps9JK61TMNTXKUVGfR9p4AfX2eG96KEg36MAPGl,Đại biểu Nhân dân,daibieunhandan.vn,https://www.facebook.com/daibieunhandan.vn,207000,207000,1,post,,"từ 2027, quốc gia giàu nhất châu á yêu cầu sinh viên phải học ai",64,15,T02. ECONOMY_BUSINESS_AND_FINANCE,T02,human_verified,manual_adjudicated,Han; Nhung; Yen,,pilot_400_final,,0.0,52,4,0,0,0,0,0,0.0,56,56.0,1.0,1,1,ok,8,0,1,1,1,Saturday 23 May 2026 at 08:15,1779498900.0,2026-05-23 01:15:00,2026-05-23,1.0,Saturday,post_created_time_unix,ok,1,1779733482,1779733482,2026-05-26 01:24:42,2026-05-26 01:24:42,1,0.0002705314009661,3.864734299516908e-05,0.0,64,0.0003091787439613,1,0,4,4,0,0.0714285714285714,0.0,0.0,0.0,0.0,0.0,1.0,0.0,0.0,0.0,0.0714285714285714,1,1,,pilot_or_calibration_sample_exclude_from_test,0,,1
teamcrawl_v1,REC_000022,nhung,schema_5_new_timestamp,data/01_Raw_Data/02_Team_Crawled_Raw/Nhung/json-nhung-daibieunhandan-v9-3-2/posts_Dai_bieu_Nhan_dan.json,posts_Dai_bieu_Nhan_dan.json,12,pfbid0nrGwb8cG1wwS1Bs6bQttrWdrcyJoAE2txnZXWMm8Yk8h5UWK7kvgrbQQzzY6qjJBl,https://www.facebook.com/daibieunhandan.vn/posts/pfbid0nrGwb8cG1wwS1Bs6bQttrWdrcyJoAE2txnZXWMm8Yk8h5UWK7kvgrbQQzzY6qjJBl,5ec9fc50fe7caae2,post_id:pfbid0nrGwb8cG1wwS1Bs6bQttrWdrcyJoAE2txnZXWMm8Yk8h5UWK7kvgrbQQzzY6qjJBl,Đại biểu Nhân dân,daibieunhandan.vn,https://www.facebook.com/daibieunhandan.vn,207000,207000,1,post,,"nhà ở để bán vẫn cần thiết, nhưng nhà ở cho thuê phải được xác định là trụ cột chiến lược",89,21,T02. ECONOMY_BUSINESS_AND_FINANCE,T02,human_verified,manual_adjudicated,Han; Nhung; Yen,,pilot_400_final,,0.0,60,4,0,0,0,0,0,0.0,64,64.0,1.0,1,1,ok,7,0,1,1,1,Thursday 21 May 2026 at 07:41,1779324060.0,2026-05-21 00:41:00,2026-05-21,0.0,Thursday,post_created_time_unix,ok,1,1779733517,1779733517,2026-05-26 01:25:17,2026-05-26 01:25:17,1,0.0003091787439613,3.3816425120772945e-05,0.0,71,0.0003429951690821,1,0,4,4,0,0.0625,0.0,0.0,0.0,0.0,0.0,1.0,0.0,0.0,0.0,0.0625,1,1,,pilot_or_calibration_sample_exclude_from_test,0,,1
teamcrawl_v1,REC_000032,nhung,schema_5_new_timestamp,data/01_Raw_Data/02_Team_Crawled_Raw/Nhung/json-nhung-daibieunhandan-v9-3-2/posts_Dai_bieu_Nhan_dan.json,posts_Dai_bieu_Nhan_dan.json,22,pfbid0mEuBrcfrRH7enArw8nRQsHApiuLaDj6EyQvRWw1bVo1mK4xrzsxbkXGzDsYxVRcol,https://www.facebook.com/daibieunhandan.vn/posts/pfbid0mEuBrcfrRH7enArw8nRQsHApiuLaDj6EyQvRWw1bVo1mK4xrzsxbkXGzDsYxVRcol,36f6342db876adce,post_id:pfbid0mEuBrcfrRH7enArw8nRQsHApiuLaDj6EyQvRWw1bVo1mK4xrzsxbkXGzDsYxVRcol,Đại biểu Nhân dân,daibieunhandan.vn,https://www.facebook.com/daibieunhandan.vn,207000,207000,1,post,,tăng lương cơ sở lên 2530000 đồng/tháng từ 1/7/2026,53,9,T14. LABOR,T14,human_verified,manual_adjudicated,Han; Nhung; Yen,,pilot_400_final,,0.0,57,3,0,0,0,0,2,0.0,62,62.0,1.0,1,1,ok,2,0,1,1,1,Sunday 17 May 2026 at 12:57,1778997420.0,2026-05-17 05:57:00,2026-05-17,5.0,Sunday,post_created_time_unix,ok,1,1779733580,1779733580,2026-05-26 01:26:20,2026-05-26 01:26:20,1,0.0002995169082125,9.66183574879227e-06,0.0,64,0.0003091787439613,1,0,5,5,0,0.0483870967741935,0.0,0.0,0.0,0.0,0.032258064516129,0.967741935483871,0.0,0.0,0.032258064516129,0.0806451612903225,1,1,,pilot_or_calibration_sample_exclude_from_test,0,,1
teamcrawl_v1,REC_000040,nhung,schema_5_new_timestamp,data/01_Raw_Data/02_Team_Crawled_Raw/Nhung/json-nhung-daibieunhandan-v9-3-2/posts_Dai_bieu_Nhan_dan.json,posts_Dai_bieu_Nhan_dan.json,30,pfbid0Zhsxo5AVELPUGzEw8NotoV1KLdbCZXVWcsMytGqZJoReznQiwCLnkm1X6u29jGYdl,https://www.facebook.com/daibieunhandan.vn/posts/pfbid0Zhsxo5AVELPUGzEw8NotoV1KLdbCZXVWcsMytGqZJoReznQiwCLnkm1X6u29jGYdl,d0e05f183d93d7be,post_id:pfbid0Zhsxo5AVELPUGzEw8NotoV1KLdbCZXVWcsMytGqZJoReznQiwCLnkm1X6u29jGYdl,Đại biểu Nhân dân,daibieunhandan.vn,https://www.facebook.com/daibieunhandan.vn,207000,207000,1,post,,"sau gần một năm rưỡi triển khai, nghị quyết số 57nq/tw đã tạo ra một khí thế mới trong toàn hệ thống chính trị",111,24,T01. POLITICS,T01,human_verified,manual_adjudicated,Han; Nhung; Yen,,pilot_100_final,,0.0,85,5,0,0,0,0,0,0.0,90,90.0,1.0,1,1,ok,11,0,1,1,1,Thursday 14 May 2026 at 06:55,1778716500.0,2026-05-13 23:55:00,2026-05-13,23.0,Wednesday,post_created_time_unix,ok,1,1779733646,1779733646,2026-05-26 01:27:26,2026-05-26 01:27:26,1,0.0004347826086956,5.314009661835749e-05,0.0,101,0.000487922705314,1,0,5,5,0,0.0555555555555555,0.0,0.0,0.0,0.0,0.0,1.0,0.0,0.0,0.0,0.0555555555555555,1,1,,pilot_or_calibration_sample_exclude_from_test,0,,1
teamcrawl_v1,REC_000041,nhung,schema_5_new_timestamp,data/01_Raw_Data/02_Team_Crawled_Raw/Nhung/json-nhung-daibieunhandan-v9-3-2/posts_Dai_bieu_Nhan_dan.json,posts_Dai_bieu_Nhan_dan.json,31,pfbid02sDeCE6hEQJRBSUPyzKhwpVTqqfkT8HtGj7uymYUBByENQJZFcvDxJa6wDin4PnxNl,https://www.facebook.com/daibieunhandan.vn/posts/pfbid02sDeCE6hEQJRBSUPyzKhwpVTqqfkT8HtGj7uymYUBByENQJZFcvDxJa6wDin4PnxNl,a48955622a1cd1e7,post_id:pfbid02sDeCE6hEQJRBSUPyzKhwpVTqqfkT8HtGj7uymYUBByENQJZFcvDxJa6wDin4PnxNl,Đại biểu Nhân dân,daibieunhandan.vn,https://www.facebook.com/daibieunhandan.vn,207000,207000,1,post,,"sáng 13/5, ngay sau khi bế mạc đại hội đại biểu toàn quốc mttq việt nam lần thứ xi, ban thường trực ủy ban trung ương mttq việt nam khóa xi tổ chức họp báo, thông tin tới các cơ quan thông tấn báo chí và nhân dân cả nước về kết quả đại hội",248,56,T01. POLITICS,T01,human_verified,manual_adjudicated,Han; Nhung; Yen,,pilot_100_final,,0.0,52,4,0,0,0,0,0,0.0,56,56.0,1.0,1,1,ok,1,0,1,1,1,Wednesday 13 May 2026 at 16:30,1778664600.0,2026-05-13 09:30:00,2026-05-13,9.0,Wednesday,post_created_time_unix,ok,1,1779733654,1779733654,2026-05-26 01:27:34,2026-05-26 01:27:34,1,0.0002705314009661,4.830917874396135e-06,0.0,57,0.0002753623188405,1,0,4,4,0,0.0714285714285714,0.0,0.0,0.0,0.0,0.0,1.0,0.0,0.0,0.0,0.0714285714285714,1,1,,pilot_or_calibration_sample_exclude_from_test,0,,1
teamcrawl_v1,REC_000042,nhung,schema_5_new_timestamp,data/01_Raw_Data/02_Team_Crawled_Raw/Nhung/json-nhung-daibieunhandan-v9-3-2/posts_Dai_bieu_Nhan_dan.json,posts_Dai_bieu_Nhan_dan.json,32,pfbid037DcqwhWUzQNvxcrr4F5HK6C1m1cPbRe8hRAbJvPg4vBGgEtdsLHVimNoDkyBT7Azl,https://www.facebook.com/daibieunhandan.vn/posts/pfbid037DcqwhWUzQNvxcrr4F5HK6C1m1cPbRe8hRAbJvPg4vBGgEtdsLHVimNoDkyBT7Azl,baf5f576d03fea34,post_id:pfbid037DcqwhWUzQNvxcrr4F5HK6C1m1cPbRe8hRAbJvPg4vBGgEtdsLHVimNoDkyBT7Azl,Đại biểu Nhân dân,daibieunhandan.vn,https://www.facebook.com/daibieunhandan.vn,207000,207000,1,post,,"tổng bí thư, chủ tịch nước tô lâm tiếp bí thư thành ủy, chủ tịch hđnd thủ đô vientiane, lào ____ chiều 12/5, tại hà nội, tổng bí thư, chủ tịch nước tô lâm tiếp đoàn đại biểu cấp cao thủ đô vientiane, lào do đồng chí athsaphangthong siphandone, ủy viên trung ương đảng, bí thư thành ủy, chủ tịch hđnd thủ đô vientiane dẫn đầu, đang có chuyến thăm và làm việc tại việt nam.",381,77,T01. POLITICS,T01,human_verified,manual_adjudicated,Han; Nhung; Yen,,pilot_400_final,,0.0,98,10,0,0,0,0,0,0.0,108,108.0,1.0,1,1,ok,7,0,1,1,1,Tuesday 12 May 2026 at 22:05,1778598300.0,2026-05-12 15:05:00,2026-05-12,15.0,Tuesday,post_created_time_unix,ok,1,1779733664,1779733664,2026-05-26 01:27:44,2026-05-26 01:27:44,1,0.0005217391304347,3.3816425120772945e-05,0.0,115,0.0005555555555555,1,0,10,10,0,0.0925925925925925,0.0,0.0,0.0,0.0,0.0,1.0,0.0,0.0,0.0,0.0925925925925925,1,1,,pilot_or_calibration_sample_exclude_from_test,0,,1
teamcrawl_v1,REC_000044,nhung,schema_5_new_timestamp,data/01_Raw_Data/02_Team_Crawled_Raw/Nhung/json-nhung-daibieunhandan-v9-3-2/posts_Dai_bieu_Nhan_dan.json,posts_Dai_bieu_Nhan_dan.json,34,pfbid03z7C3Q4sgZEp9s5u5qS3r3Kw1qzBMwTsCacrZKyewmfRybZPHaUe57wB491xTL11l,https://www.facebook.com/daibieunhandan.vn/posts/pfbid03z7C3Q4sgZEp9s5u5qS3r3Kw1qzBMwTsCacrZKyewmfRybZPHaUe57wB491xTL11l,8fe8ec095b4276b1,post_id:pfbid03z7C3Q4sgZEp9s5u5qS3r3Kw1qzBMwTsCacrZKyewmfRybZPHaUe57wB491xTL11l,Đại biểu Nhân dân,daibieunhandan.vn,https://www.facebook.com/daibieunhandan.vn,207000,207000,1,post,,"sáng 12/5, tổng bí thư, chủ tịch nước tô lâm dự và có bài phát biểu chỉ đạo quan trọng tại đại hội đại biểu toàn quốc mặt trận tổ quốc việt nam lần thứ xi.",155,36,T01. POLITICS,T01,human_verified,manual_adjudicated,Han; Nhung; Yen,,pilot_400_final,,0.0,104,8,2,0,0,0,2,0.0,116,116.0,1.0,1,1,ok,8,0,1,1,1,Tuesday 12 May 2026 at 14:57,1778572620.0,2026-05-12 07:57:00,2026-05-12,7.0,Tuesday,post_created_time_unix,ok,1,1779733677,1779733677,2026-05-26 01:27:57,2026-05-26 01:27:57,1,0.0005603864734299,3.864734299516908e-05,0.0,124,0.0005990338164251,1,0,12,10,2,0.0689655172413793,0.0172413793103448,0.0,0.0,0.0,0.0172413793103448,0.9655172413793104,0.0,0.0172413793103448,0.0172413793103448,0.1034482758620689,1,1,,pilot_or_calibration_sample_exclude_from_test,0,,1
teamcrawl_v1,REC_000045,nhung,schema_5_new_timestamp,data/01_Raw_Data/02_Team_Crawled_Raw/Nhung/json-nhung-daibieunhandan-v9-3-2/posts_Dai_bieu_Nhan_dan.json,posts_Dai_bieu_Nhan_dan.json,35,pfbid0dJFcczqaQ7hu9Gz2ALp383EcGHEWzbmVEiWLf8KrKTCxUR7BNgBj4X7Bv4btKdqxl,https://www.facebook.com/daibieunhandan.vn/posts/pfbid0dJFcczqaQ7hu9Gz2ALp383EcGHEWzbmVEiWLf8KrKTCxUR7BNgBj4X7Bv4btKdqxl,8ddea730bd72f44f,post_id:pfbid0dJFcczqaQ7hu9Gz2ALp383EcGHEWzbmVEiWLf8KrKTCxUR7BNgBj4X7Bv4btKdqxl,Đại biểu Nhân dân,daibieunhandan.vn,https://www.facebook.com/daibieunhandan.vn,207000,207000,1,post,,dự báo thời tiết ngày 12/5: nắng nóng gia tăng trên diện rộng cả nước,69,15,T08. WEATHER,T08,human_verified,manual_adjudicated,Han; Nhung; Yen,,pilot_400_final,,0.0,56,2,0,0,0,0,0,0.0,58,58.0,1.0,1,1,ok,2,0,1,1,1,Tuesday 12 May 2026 at 08:11,1778548260.0,2026-05-12 01:11:00,2026-05-12,1.0,Tuesday,post_created_time_unix,ok,1,1779733685,1779733685,2026-05-26 01:28:05,2026-05-26 01:28:05,1,0.0002801932367149,9.66183574879227e-06,0.0,60,0.0002898550724637,1,0,2,2,0,0.0344827586206896,0.0,0.0,0.0,0.0,0.0,1.0,0.0,0.0,0.0,0.0344827586206896,1,1,,pilot_or_calibration_sample_exclude_from_test,0,,1
teamcrawl_v1,REC_000054,nhung,schema_5_new_timestamp,data/01_Raw_Data/02_Team_Crawled_Raw/Nhung/json-nhung-daibieunhandan-v9-3-2/posts_Dai_bieu_Nhan_dan.json,posts_Dai_bieu_Nhan_dan.json,44,pfbid034DeV8rDW6i44ubVvX7xieoCsYwhjfTEhbYFSUmGToU6zcujP34P8cA9Jbj5GPX51l,https://www.facebook.com/daibieunhandan.vn/posts/pfbid034DeV8rDW6i44ubVvX7xieoCsYwhjfTEhbYFSUmGToU6zcujP34P8cA9Jbj5GPX51l,53d2345d4a108b62,post_id:pfbid034DeV8rDW6i44ubVvX7xieoCsYwhjfTEhbYFSUmGToU6zcujP34P8cA9Jbj5GPX51l,Đại biểu Nhân dân,daibieunhandan.vn,https://www.facebook.com/daibieunhandan.vn,207000,207000,1,post,,"tinh giản biên chế đối với những cán bộ năng lực yếu kém, thiếu tinh thần trách nhiệm",85,18,T01. POLITICS,T01,human_verified,manual_adjudicated,Han; Nhung; Yen,,pilot_400_final,,0.0,137,9,0,0,0,0,0,0.0,146,146.0,1.0,1,1,ok,15,2,1,1,1,Saturday 9 May 2026 at 16:09,1778317740.0,2026-05-09 09:09:00,2026-05-09,9.0,Saturday,post_created_time_unix,ok,1,1779733746,1779733746,2026-05-26 01:29:06,2026-05-26 01:29:06,1,0.0007053140096618,7.246376811594203e-05,9.66183574879227e-06,163,0.0007874396135265,1,0,9,9,0,0.0616438356164383,0.0,0.0,0.0,0.0,0.0,1.0,0.0,0.0,0.0,0.0616438356164383,1,1,,pilot_or_calibration_sample_exclude_from_test,0,,1
teamcrawl_v1,REC_000056,nhung,schema_5_new_timestamp,data/01_Raw_Data/02_Team_Crawled_Raw/Nhung/json-nhung-daibieunhandan-v9-3-2/posts_Dai_bieu_Nhan_dan.json,posts_Dai_bieu_Nhan_dan.json,46,pfbid02oVx9kbTF2oLZK45YMKBWRTttxavpkXBzSR3ejCLBs3JkjLdNLu5dZw7tbnMJnmnrl,https://www.facebook.com/daibieunhandan.vn/posts/pfbid02oVx9kbTF2oLZK45YMKBWRTttxavpkXBzSR3ejCLBs3JkjLdNLu5dZw7tbnMJnmnrl,4ff662ffbadcb062,post_id:pfbid02oVx9kbTF2oLZK45YMKBWRTttxavpkXBzSR3ejCLBs3JkjLdNLu5dZw7tbnMJnmnrl,Đại biểu Nhân dân,daibieunhandan.vn,https://www.facebook.com/daibieunhandan.vn,207000,207000,1,post,,"ngày 01/7, hà nội chưa cấm xe máy xăng cá nhân trong vùng phát thải thấp",72,16,T17. TRANSPORT_INFRASTRUCTURE,T17,human_verified,manual_adjudicated,Han; Nhung; Yen,,pilot_400_final,,0.0,54,3,0,0,0,0,0,0.0,57,57.0,1.0,1,1,ok,5,2,1,1,1,Saturday 9 May 2026 at 08:04,1778288640.0,2026-05-09 01:04:00,2026-05-09,1.0,Saturday,post_created_time_unix,ok,1,1779733759,1779733759,2026-05-26 01:29:19,2026-05-26 01:29:19,1,0.0002753623188405,2.415458937198068e-05,9.66183574879227e-06,64,0.0003091787439613,1,0,3,3,0,0.0526315789473684,0.0,0.0,0.0,0.0,0.0,1.0,0.0,0.0,0.0,0.0526315789473684,1,1,,pilot_or_calibration_sample_exclude_from_test,0,,1
teamcrawl_v1,REC_000081,nhung,schema_5_new_timestamp,data/01_Raw_Data/02_Team_Crawled_Raw/Nhung/json-nhung-daibieunhandan-v9-3-2/posts_Dai_bieu_Nhan_dan.json,posts_Dai_bieu_Nhan_dan.json,71,pfbid02kj5vKJNKPKC5mnKPsqo7KwQWGNdF4YXXDnPHJggzFEJe7yvUDV1KiKDiL6wYdZUil,https://www.facebook.com/daibieunhandan.vn/posts/pfbid02kj5vKJNKPKC5mnKPsqo7KwQWGNdF4YXXDnPHJggzFEJe7yvUDV1KiKDiL6wYdZUil,f5c156364c1f23fb,post_id:pfbid02kj5vKJNKPKC5mnKPsqo7KwQWGNdF4YXXDnPHJggzFEJe7yvUDV1KiKDiL6wYdZUil,Đại biểu Nhân dân,daibieunhandan.vn,https://www.facebook.com/daibieunhandan.vn,207000,207000,1,post,,chiến lược quan hệ quốc tế trong kỷ nguyên mới,55,11,T01. POLITICS,T01,human_verified,manual_adjudicated,Han; Nhung; Yen,,pilot_400_final,,0.0,46,4,0,0,0,0,0,0.0,50,50.0,1.0,1,1,ok,14,3,1,1,1,Monday 4 May 2026 at 11:08,1777867680.0,2026-05-04 04:08:00,2026-05-04,4.0,Monday,post_created_time_unix,ok,1,1779733963,1779733963,2026-05-26 01:32:43,2026-05-26 01:32:43,1,0.0002415458937198,6.763285024154589e-05,1.4492753623188403e-05,67,0.0003236714975845,1,0,4,4,0,0.08,0.0,0.0,0.0,0.0,0.0,1.0,0.0,0.0,0.0,0.08,1,1,,pilot_or_calibration_sample_exclude_from_test,0,,1
teamcrawl_v1,REC_000125,nhung,schema_5_new_timestamp,data/01_Raw_Data/02_Team_Crawled_Raw/Nhung/json-nhung-daibieunhandan-v9-3-2/posts_Dai_bieu_Nhan_dan.json,posts_Dai_bieu_Nhan_dan.json,115,pfbid02Qn1C4oK3UB4VQvKBznK2QCGCMLQVb6tHYcShwtTQjXZRER5PHirxnnjTUGNmzPWJl,https://www.facebook.com/daibieunhandan.vn/posts/pfbid02Qn1C4oK3UB4VQvKBznK2QCGCMLQVb6tHYcShwtTQjXZRER5PHirxnnjTUGNmzPWJl,5f421fbd799c9f2a,post_id:pfbid02Qn1C4oK3UB4VQvKBznK2QCGCMLQVb6tHYcShwtTQjXZRER5PHirxnnjTUGNmzPWJl,Đại biểu Nhân dân,daibieunhandan.vn,https://www.facebook.com/daibieunhandan.vn,207000,207000,1,post,,"tổng bí thư, chủ tịch nước tô lâm bắt đầu thăm cấp nhà nước cộng hòa ấn độ",83,19,T01. POLITICS,T01,human_verified,manual_adjudicated,Han; Nhung; Yen,,pilot_100_additional_final,,1.0,85,20,0,0,0,0,0,0.0,105,105.0,1.0,1,1,ok,7,0,1,1,1,Tuesday 5 May 2026 at 20:46,1777988760.0,2026-05-05 13:46:00,2026-05-05,13.0,Tuesday,post_created_time_unix,ok,1,1779737302,1779737302,2026-05-26 02:28:22,2026-05-26 02:28:22,1,0.0005072463768115,3.3816425120772945e-05,0.0,112,0.0005410628019323,1,0,20,20,0,0.1904761904761904,0.0,0.0,0.0,0.0,0.0,1.0,0.0,0.0,0.0,0.1904761904761904,1,1,,pilot_or_calibration_sample_exclude_from_test,0,,1
teamcrawl_v1,REC_000139,nhung,schema_5_new_timestamp,data/01_Raw_Data/02_Team_Crawled_Raw/Nhung/json-nhung-daibieunhandan-v9-3-2/posts_Dai_bieu_Nhan_dan.json,posts_Dai_bieu_Nhan_dan.json,129,pfbid0GdZZXHEAmsM21jZPntkCg7gMWXsFir5XS7FgZ8c1kEa1jauXdsJMsB2kaERzBkbrl,https://www.facebook.com/daibieunhandan.vn/posts/pfbid0GdZZXHEAmsM21jZPntkCg7gMWXsFir5XS7FgZ8c1kEa1jauXdsJMsB2kaERzBkbrl,0652f1e4ba183f08,post_id:pfbid0GdZZXHEAmsM21jZPntkCg7gMWXsFir5XS7FgZ8c1kEa1jauXdsJMsB2kaERzBkbrl,Đại biểu Nhân dân,daibieunhandan.vn,https://www.facebook.com/daibieunhandan.vn,207000,207000,1,post,,"hà nội: “không có vùng cấm, không có ngoại lệ"", kiểm soát chặt nồng độ cồn xuyên kỳ nghỉ lễ ____ kỳ nghỉ lễ 30/4 - 1/5, nhu cầu ăn uống, liên hoan tăng cao, tiềm ẩn nguy cơ tai nạn giao thông do sử dụng rượu bia. trước tình hình đó, csgt hà nội đã chủ động bố trí lực lượng, kiểm soát, xử lý nghiêm vi phạm nồng độ cồn trên toàn địa bàn thành phố.",357,79,T17. TRANSPORT_INFRASTRUCTURE,T17,human_verified,manual_adjudicated,Han; Nhung; Yen,,pilot_100_additional_final,,0.0,68,9,0,0,0,0,0,0.0,77,77.0,1.0,1,1,ok,5,0,1,1,1,Friday 1 May 2026 at 09:16,1777601760.0,2026-05-01 02:16:00,2026-05-01,2.0,Friday,post_created_time_unix,ok,1,1779737419,1779737419,2026-05-26 02:30:19,2026-05-26 02:30:19,1,0.0003719806763285,2.415458937198068e-05,0.0,82,0.0003961352657004,1,0,9,9,0,0.1168831168831168,0.0,0.0,0.0,0.0,0.0,1.0,0.0,0.0,0.0,0.1168831168831168,1,1,,pilot_or_calibration_sample_exclude_from_test,0,,1
teamcrawl_v1,REC_000168,nhung,schema_5_new_timestamp,data/01_Raw_Data/02_Team_Crawled_Raw/Nhung/json-nhung-daibieunhandan-v9-3-2/posts_Dai_bieu_Nhan_dan.json,posts_Dai_bieu_Nhan_dan.json,158,pfbid03cUzp2zQ2ZehaKQpqtXNgDs8xiALDW6ymtwznEQ9u9LAEafeJPfdFpxoJkiVafWfl,https://www.facebook.com/daibieunhandan.vn/posts/pfbid03cUzp2zQ2ZehaKQpqtXNgDs8xiALDW6ymtwznEQ9u9LAEafeJPfdFpxoJkiVafWfl,c3dad2e5a79581aa,post_id:pfbid03cUzp2zQ2ZehaKQpqtXNgDs8xiALDW6ymtwznEQ9u9LAEafeJPfdFpxoJkiVafWfl,Đại biểu Nhân dân,daibieunhandan.vn,https://www.facebook.com/daibieunhandan.vn,207000,207000,1,post,,"giám sát phải là công cụ kiến tạo, thúc đẩy phát triển, tháo gỡ “điểm nghẽn của điểm nghẽn” ____ để nâng cao hiệu quả giám sát, nhiều đại biểu quốc hội cho rằng, cần đặt trọng tâm vào mục tiêu giám sát để kiến nghị hoàn thiện chính sách, pháp luật, trong đó chú ý nghiên cứu đề xuất các chính sách nới lỏng, chủ động, linh hoạt, hợp lý. giám sát kiến tạo để không phá rào thể chế, nhưng phải thiết kế được “làn ưu tiên” trong thể chế giúp thúc đẩy phát triển.",487,99,T01. POLITICS,T01,human_verified,manual_adjudicated,Han; Nhung; Yen,,pilot_400_final,,0.0,53,3,0,0,0,0,0,0.0,56,56.0,1.0,1,1,ok,9,0,1,1,1,Thursday 23 April 2026 at 14:48,1776930480.0,2026-04-23 07:48:00,2026-04-23,7.0,Thursday,post_created_time_unix,ok,1,1779737699,1779737699,2026-05-26 02:34:59,2026-05-26 02:34:59,1,0.0002705314009661,4.347826086956522e-05,0.0,65,0.0003140096618357,1,0,3,3,0,0.0535714285714285,0.0,0.0,0.0,0.0,0.0,1.0,0.0,0.0,0.0,0.0535714285714285,1,1,,pilot_or_calibration_sample_exclude_from_test,0,,1
teamcrawl_v1,REC_000297,nhung,schema_5_new_timestamp,data/01_Raw_Data/02_Team_Crawled_Raw/Nhung/json-nhung-daibieunhandan-v9-3-2/posts_Dai_bieu_Nhan_dan.json,posts_Dai_bieu_Nhan_dan.json,287,pfbid02zTzTCw2friYjefJkWuCfGTuDjXjzxjZV6u2SHAU5unzRTYj6DFPPCVTd6Ej2fMRvl,https://www.facebook.com/daibieunhandan.vn/posts/pfbid02zTzTCw2friYjefJkWuCfGTuDjXjzxjZV6u2SHAU5unzRTYj6DFPPCVTd6Ej2fMRvl,94f63858e3c7d063,post_id:pfbid02zTzTCw2friYjefJkWuCfGTuDjXjzxjZV6u2SHAU5unzRTYj6DFPPCVTd6Ej2fMRvl,Đại biểu Nhân dân,daibieunhandan.vn,https://www.facebook.com/daibieunhandan.vn,207000,207000,1,post,,"chủ tịch quốc hội trần thanh mẫn ký ban hành các nghị quyết về nhân sự tỉnh hưng yên, các thành phố đà nẵng, hải phòng",118,26,T01. POLITICS,T01,human_verified,manual_adjudicated,Han; Nhung; Yen,,pilot_400_final,,0.0,0,0,0,0,0,0,0,0.0,115,0.0,0.0,1,1,sum_mismatch,5,0,1,1,1,Friday 24 April 2026 at 14:29,1777015740.0,2026-04-24 07:29:00,2026-04-24,7.0,Friday,post_created_time_unix,ok,1,1779751992,1779751992,2026-05-26 06:33:12,2026-05-26 06:33:12,1,0.0005555555555555,2.415458937198068e-05,0.0,120,0.0005797101449275,1,0,0,0,0,,,,,,,,,,,,0,0,,pilot_or_calibration_sample_exclude_from_test,0,,0
teamcrawl_v1,REC_000329,nhung,schema_5_new_timestamp,data/01_Raw_Data/02_Team_Crawled_Raw/Nhung/json-nhung-daibieunhandan-v9-3-2/posts_Dai_bieu_Nhan_dan.json,posts_Dai_bieu_Nhan_dan.json,319,pfbid02ZFZPWF1ju6Zp9r6wZmJrPCVF1d1DgSJzB8jyrWDEL4875rXKvQ6mcNeZTCD578nql,https://www.facebook.com/daibieunhandan.vn/posts/pfbid02ZFZPWF1ju6Zp9r6wZmJrPCVF1d1DgSJzB8jyrWDEL4875rXKvQ6mcNeZTCD578nql,c5ad5e9968215d27,post_id:pfbid02ZFZPWF1ju6Zp9r6wZmJrPCVF1d1DgSJzB8jyrWDEL4875rXKvQ6mcNeZTCD578nql,Đại biểu Nhân dân,daibieunhandan.vn,https://www.facebook.com/daibieunhandan.vn,207000,207000,1,post,,"tổng bí thư, chủ tịch nước tô lâm gửi thư chúc mừng lực lượng cảnh sát quản lý hành chính về trật tự xã hội",107,25,T01. POLITICS,T01,human_verified,manual_adjudicated,Han; Nhung; Yen,,pilot_400_final,,0.0,0,0,0,0,0,0,0,0.0,97,0.0,0.0,1,1,sum_mismatch,4,0,1,1,1,Sunday 12 April 2026 at 13:43,1775976180.0,2026-04-12 06:43:00,2026-04-12,6.0,Sunday,post_created_time_unix,ok,1,1779752884,1779752884,2026-05-26 06:48:04,2026-05-26 06:48:04,1,0.0004685990338164,1.932367149758454e-05,0.0,101,0.000487922705314,1,0,0,0,0,,,,,,,,,,,,0,0,,pilot_or_calibration_sample_exclude_from_test,0,,0
teamcrawl_v1,REC_000368,nhung,schema_5_new_timestamp,data/01_Raw_Data/02_Team_Crawled_Raw/Nhung/json-nhung-daibieunhandan-v9-3-2/posts_Dai_bieu_Nhan_dan.json,posts_Dai_bieu_Nhan_dan.json,358,pfbid02vBeY9JQGatNewA2DMoqtW32EhSkNseh7HgAMob5xKEkGgoNLDWaGkQQRE2u4ksfRl,https://www.facebook.com/daibieunhandan.vn/posts/pfbid02vBeY9JQGatNewA2DMoqtW32EhSkNseh7HgAMob5xKEkGgoNLDWaGkQQRE2u4ksfRl,0cddd2f8bd4861bf,post_id:pfbid02vBeY9JQGatNewA2DMoqtW32EhSkNseh7HgAMob5xKEkGgoNLDWaGkQQRE2u4ksfRl,Đại biểu Nhân dân,daibieunhandan.vn,https://www.facebook.com/daibieunhandan.vn,207000,207000,1,post,,"thủ tướng lê minh hưng: định kỳ công khai tình hình, tiến độ triển khai công việc của các bộ, ngành, cơ quan",108,23,T01. POLITICS,T01,human_verified,manual_adjudicated,Han; Nhung; Yen,,pilot_400_final,,0.0,0,0,0,0,0,0,0,0.0,241,0.0,0.0,1,1,sum_mismatch,9,0,1,1,1,Friday 17 April 2026 at 15:19,1776413940.0,2026-04-17 08:19:00,2026-04-17,8.0,Friday,post_created_time_unix,ok,1,1779759881,1779759881,2026-05-26 08:44:41,2026-05-26 08:44:41,1,0.0011642512077294,4.347826086956522e-05,0.0,250,0.001207729468599,1,0,0,0,0,,,,,,,,,,,,0,0,,pilot_or_calibration_sample_exclude_from_test,0,,0
teamcrawl_v1,REC_000490,nhung,schema_5_new_timestamp,data/01_Raw_Data/02_Team_Crawled_Raw/Nhung/json-nhung-tintuccand-v9-3-2/posts_Tin_tuc_CAND.json,posts_Tin_tuc_CAND.json,32,pfbid02WuvL4XdesDAZZQVaLn6UxNso1p6Xw3Q3oSpEFUZWDdykCcwd5ATH4YT9jGqaZyRrl,https://www.facebook.com/tintuccand/posts/pfbid02WuvL4XdesDAZZQVaLn6UxNso1p6Xw3Q3oSpEFUZWDdykCcwd5ATH4YT9jGqaZyRrl,c921976efd45d5fd,post_id:pfbid02WuvL4XdesDAZZQVaLn6UxNso1p6Xw3Q3oSpEFUZWDdykCcwd5ATH4YT9jGqaZyRrl,Tin tức CAND,tintuccand,https://www.facebook.com/tintuccand,1300000,1300000,1,post,,bộ trưởng lương tam quang hội đàm với bộ trưởng bộ công an và các vấn đề nghị viện sri lanka,92,21,T01. POLITICS,T01,human_verified,manual_adjudicated,Han; Nhung; Yen,,pilot_400_final,,0.0,265,11,0,0,0,0,0,0.0,276,276.0,1.0,1,1,ok,11,9,1,1,1,Saturday 9 May 2026 at 08:27,1778290020.0,2026-05-09 01:27:00,2026-05-09,1.0,Saturday,post_created_time_unix,ok,1,1779733085,1779733085,2026-05-26 01:18:05,2026-05-26 01:18:05,1,0.0002123076923076,8.461538461538462e-06,6.923076923076923e-06,296,0.0002276923076923,1,0,11,11,0,0.0398550724637681,0.0,0.0,0.0,0.0,0.0,1.0,0.0,0.0,0.0,0.0398550724637681,1,1,,pilot_or_calibration_sample_exclude_from_test,0,,1
teamcrawl_v1,REC_000554,nhung,schema_5_new_timestamp,data/01_Raw_Data/02_Team_Crawled_Raw/Nhung/json-nhung-tintuccand-v9-3-2/posts_Tin_tuc_CAND.json,posts_Tin_tuc_CAND.json,96,pfbid0Qmtwb46Xp4u2ZBv4oQkGz7g22RLcapL35LUsiUv41YwPJtqi1ZNZMVVnvp5aSDTXl,https://www.facebook.com/tintuccand/posts/pfbid0Qmtwb46Xp4u2ZBv4oQkGz7g22RLcapL35LUsiUv41YwPJtqi1ZNZMVVnvp5aSDTXl,804efc5225b4ddff,post_id:pfbid0Qmtwb46Xp4u2ZBv4oQkGz7g22RLcapL35LUsiUv41YwPJtqi1ZNZMVVnvp5aSDTXl,Tin tức CAND,tintuccand,https://www.facebook.com/tintuccand,1300000,1300000,1,post,,"sáng 18/4, tại hà nội, đảng ủy công an trung ương, bộ công an trọng thể tổ chức lễ kỷ niệm 80 năm ngày truyền thống lực lượng cảnh sát hình sự (18/4/1946 - 18/4/2026) và trao tặng huân chương hồ chí minh cho lực lượng cảnh sát hình sự; huân chương chiến công hạng nhất tặng cục cảnh sát hình sự cùng các phần thưởng cao quý của đảng, nhà nước tặng các tập thể, cá nhân thuộc lực lượng cảnh sát hình sự. đồng chí lê minh hưng, ủy viên bộ chính trị, thủ tướng chính phủ dự và phát biểu chỉ đạo tại lễ kỷ niệm. lễ kỷ niệm vinh dự đón nhận thư chúc mừng của đồng chí tổng bí thư, chủ tịch nước tô lâm; lẵng hoa chúc mừng của đồng chí nguyễn duy ngọc, ủy viên bộ chính trị, bí thư trung ương đảng, trưởng ban tổ chức trung ương; đồng chí nguyễn văn nên, nguyên ủy viên bộ chính trị khoá xiii. đại tướng lương tam quang, ủy viên bộ chính trị, bí thư đảng uỷ công an trung ương, bộ trưởng bộ công an chủ trì lễ kỷ niệm. dự lễ kỷ niệm có đồng chí nguyễn văn nên, nguyên ủy viên bộ chính trị khóa xiii; các đồng chí ủy viên trung ương đảng: đặng xuân phong, bộ trưởng, chủ nhiệm văn phòng chính phủ; nguyễn quốc đoàn, tổng thanh tra chính phủ; thượng tướng nguyễn trường thắng, thứ trưởng bộ quốc phòng và đồng chí vũ mạnh hà, ủy viên dự khuyết trung ương đảng, thứ trưởng thường trực bộ y tế. về phía bộ công an có các đồng chí ủy viên trung ương đảng, thứ trưởng bộ công an: thượng tướng lê quốc hùng, thượng tướng nguyễn văn long và các đồng chí nguyên ủy viên trung ương đảng, nguyên thứ trưởng bộ công an: thượng tướng nguyễn khánh toàn; thượng tướng lê thế tiệm; thượng tướng nguyễn văn hưởng; thượng tướng lê quý vương; thượng tướng nguyễn văn thành; các đồng chí nguyên tổng cục trưởng tổng cục cảnh sát, nguyên lãnh đạo cục cảnh sát hình sự, các đồng chí lãnh đạo hưu trí đã có thời gian công tác tại cục cảnh sát hình sự qua các thời kỳ.",1838,384,T01. POLITICS,T01,human_verified,manual_adjudicated,Han; Nhung; Yen,,pilot_400_final,,0.0,1878,149,6,0,0,0,3,0.0,2036,2036.0,1.0,1,1,ok,72,33,1,1,1,Saturday 18 April 2026 at 10:19,1776482340.0,2026-04-18 03:19:00,2026-04-18,3.0,Saturday,post_created_time_unix,ok,1,1779736447,1779736447,2026-05-26 02:14:07,2026-05-26 02:14:07,1,0.0015661538461538,5.538461538461539e-05,2.5384615384615383e-05,2141,0.001646923076923,1,0,158,152,6,0.0731827111984282,0.0029469548133595,0.0,0.0,0.0,0.0014734774066797,0.9955795677799608,0.0,0.0029469548133595,0.0014734774066797,0.0776031434184675,1,1,,pilot_or_calibration_sample_exclude_from_test,0,,1
teamcrawl_v1,REC_000576,nhung,schema_5_new_timestamp,data/01_Raw_Data/02_Team_Crawled_Raw/Nhung/json-nhung-tintuccand-v9-3-2/posts_Tin_tuc_CAND.json,posts_Tin_tuc_CAND.json,118,pfbid02GpvHJNTfjQHtYSQZigGtsGSskLkYzQqMGKZ4iDfZeMK69J2vFCq2Bu99W4EtyDQWl,https://www.facebook.com/tintuccand/posts/pfbid02GpvHJNTfjQHtYSQZigGtsGSskLkYzQqMGKZ4iDfZeMK69J2vFCq2Bu99W4EtyDQWl,852f0767e42b8c07,post_id:pfbid02GpvHJNTfjQHtYSQZigGtsGSskLkYzQqMGKZ4iDfZeMK69J2vFCq2Bu99W4EtyDQWl,Tin tức CAND,tintuccand,https://www.facebook.com/tintuccand,1300000,1300000,1,post,,khởi tố tổng giám đốc bảo tín minh châu cùng con trai gây thiệt hại cho ngân sách nhà nước 150 tỷ đồng,102,23,T03. CRIME_LAW_AND_JUSTICE,T03,human_verified,manual_adjudicated,Han; Nhung; Yen,,pilot_400_final,,0.0,1220,23,13,23,2,0,0,0.0,1281,1281.0,1.0,1,1,ok,33,60,1,1,1,Monday 6 April 2026 at 17:28,1775471280.0,2026-04-06 10:28:00,2026-04-06,10.0,Monday,post_created_time_unix,ok,1,1779736592,1779736592,2026-05-26 02:16:32,2026-05-26 02:16:32,1,0.0009853846153846,2.5384615384615383e-05,4.615384615384615e-05,1374,0.001056923076923,1,0,61,23,38,0.0179547228727556,0.0101483216237314,0.0179547228727556,0.0015612802498048,0.0,0.0,0.970335675253708,0.0,0.0101483216237314,0.0015612802498048,-0.0476190476190476,1,1,,pilot_or_calibration_sample_exclude_from_test,0,,1
teamcrawl_v1,REC_000581,nhung,schema_5_new_timestamp,data/01_Raw_Data/02_Team_Crawled_Raw/Nhung/json-nhung-tintuccand-v9-3-2/posts_Tin_tuc_CAND.json,posts_Tin_tuc_CAND.json,123,pfbid0GD6hmtAepPfX338qDssbNBykkDPWZXkRwaNByDu6HCyeYBvGW3nU1BeernfhwZmHl,https://www.facebook.com/tintuccand/posts/pfbid0GD6hmtAepPfX338qDssbNBykkDPWZXkRwaNByDu6HCyeYBvGW3nU1BeernfhwZmHl,57c3bd984b348cdb,post_id:pfbid0GD6hmtAepPfX338qDssbNBykkDPWZXkRwaNByDu6HCyeYBvGW3nU1BeernfhwZmHl,Tin tức CAND,tintuccand,https://www.facebook.com/tintuccand,1300000,1300000,1,post,,"bộ công an sơ kết công tác công an quý i/2026: tình hình đấu tranh với tội phạm về ttxh chuyển biến tích cực, bước đầu vượt mục tiêu giảm 10% so với cùng kỳ năm 2025; trong đó các loại tội phạm giảm sâu là: chống người thi hành công vụ giảm 41,86%; cố ý gây thương tích giảm 15,03%; trộm cắp tài sản giảm 16,94%; cướp tài sản giảm 13,78%; cướp giật tài sản giảm 28,83%. (chi tiết trong comment): các đồng chí lãnh đạo bộ công an tại hội nghị.",442,93,T03. CRIME_LAW_AND_JUSTICE,T03,human_verified,manual_adjudicated,Han; Nhung; Yen,,pilot_100_additional_final,,0.0,454,30,6,0,0,0,0,0.0,490,490.0,1.0,1,1,ok,27,16,1,1,1,Friday 3 April 2026 at 16:51,1775209860.0,2026-04-03 09:51:00,2026-04-03,9.0,Friday,post_created_time_unix,ok,1,1779736628,1779736628,2026-05-26 02:17:08,2026-05-26 02:17:08,1,0.000376923076923,2.076923076923077e-05,1.2307692307692308e-05,533,0.00041,1,0,36,30,6,0.0612244897959183,0.0122448979591836,0.0,0.0,0.0,0.0,0.9877551020408164,0.0,0.0122448979591836,0.0,0.073469387755102,1,1,,pilot_or_calibration_sample_exclude_from_test,0,,1
teamcrawl_v1,REC_000622,nhung,schema_5_new_timestamp,data/01_Raw_Data/02_Team_Crawled_Raw/Nhung/json-nhung-tintuccand-v9-3-2/posts_Tin_tuc_CAND.json,posts_Tin_tuc_CAND.json,164,pfbid0nZ8T45UYRbRJgS21Q4Tofs43ed3mM9mqFgYbr3ofnmjQS38N3YV2Au6Gx6WZTprSl,https://www.facebook.com/tintuccand/posts/pfbid0nZ8T45UYRbRJgS21Q4Tofs43ed3mM9mqFgYbr3ofnmjQS38N3YV2Au6Gx6WZTprSl,f974100858155421,post_id:pfbid0nZ8T45UYRbRJgS21Q4Tofs43ed3mM9mqFgYbr3ofnmjQS38N3YV2Au6Gx6WZTprSl,Tin tức CAND,tintuccand,https://www.facebook.com/tintuccand,1300000,1300000,1,post,,"hà nội: cháy lớn tại xưởng chứa sơn, dung môi kèm nhiều tiếng nổ lớn",68,15,T09. DISASTER_ACCIDENT_AND_EMERGENCY_INCIDENT,T09,human_verified,manual_adjudicated,Han; Nhung; Yen,,pilot_100_additional_final,,0.0,570,3,0,10,108,0,8,0.0,699,699.0,1.0,1,1,ok,11,11,1,1,1,Saturday 25 April 2026 at 21:39,1777127940.0,2026-04-25 14:39:00,2026-04-25,14.0,Saturday,post_created_time_unix,ok,1,1779741489,1779741489,2026-05-26 03:38:09,2026-05-26 03:38:09,1,0.0005376923076923,8.461538461538462e-06,8.461538461538462e-06,721,0.0005546153846153,1,0,129,11,118,0.0042918454935622,0.0,0.0143061516452074,0.1545064377682403,0.0,0.0114449213161659,0.8197424892703863,0.0,0.0,0.1659513590844063,-0.1845493562231759,1,1,,pilot_or_calibration_sample_exclude_from_test,0,,1
teamcrawl_v1,REC_000641,nhung,schema_5_new_timestamp,data/01_Raw_Data/02_Team_Crawled_Raw/Nhung/json-nhung-tintuccand-v9-3-2/posts_Tin_tuc_CAND.json,posts_Tin_tuc_CAND.json,183,pfbid0vDPwjmNpsXVRYVgVaSm7gtdQTmQcMYwBSUh9qLXc6YcLnKfPTcoZC27C9frg9zzdl,https://www.facebook.com/tintuccand/posts/pfbid0vDPwjmNpsXVRYVgVaSm7gtdQTmQcMYwBSUh9qLXc6YcLnKfPTcoZC27C9frg9zzdl,5025618397e0950a,post_id:pfbid0vDPwjmNpsXVRYVgVaSm7gtdQTmQcMYwBSUh9qLXc6YcLnKfPTcoZC27C9frg9zzdl,Tin tức CAND,tintuccand,https://www.facebook.com/tintuccand,1300000,1300000,1,post,,bắt giữ đối tượng bán thuốc giả với quảng cáo “khỏi hẳn hen suyễn sau 30 ngày 100%”,83,18,T03. CRIME_LAW_AND_JUSTICE,T03,human_verified,manual_adjudicated,Han; Nhung; Yen,,pilot_100_additional_final,,0.0,453,9,39,2,0,5,0,0.0,508,508.0,1.0,1,1,ok,17,18,1,1,1,Wednesday 15 April 2026 at 14:36,1776238560.0,2026-04-15 07:36:00,2026-04-15,7.0,Wednesday,post_created_time_unix,ok,1,1779741607,1779741607,2026-05-26 03:40:07,2026-05-26 03:40:07,1,0.0003907692307692,1.3076923076923077e-05,1.3846153846153848e-05,543,0.0004176923076923,1,0,55,9,46,0.0177165354330708,0.076771653543307,0.0039370078740157,0.0,0.0098425196850393,0.0,0.9094488188976378,0.0098425196850393,0.076771653543307,0.0,-0.108267716535433,1,1,,pilot_or_calibration_sample_exclude_from_test,0,,1
teamcrawl_v1,REC_000660,nhung,schema_5_new_timestamp,data/01_Raw_Data/02_Team_Crawled_Raw/Nhung/json-nhung-tintuccand-v9-3-2/posts_Tin_tuc_CAND.json,posts_Tin_tuc_CAND.json,202,pfbid02nM1J6MoPwd8TvzsBeFq7BG7Rqt2AQeaddqBR6AQK721EUyYGJwinp6nAdJZvx8Z3l,https://www.facebook.com/tintuccand/posts/pfbid02nM1J6MoPwd8TvzsBeFq7BG7Rqt2AQeaddqBR6AQK721EUyYGJwinp6nAdJZvx8Z3l,6f4fcbce4775b3b1,post_id:pfbid02nM1J6MoPwd8TvzsBeFq7BG7Rqt2AQeaddqBR6AQK721EUyYGJwinp6nAdJZvx8Z3l,Tin tức CAND,tintuccand,https://www.facebook.com/tintuccand,1300000,1300000,1,post,,"bắt giữ nhóm đối tượng ""săn"" hơn 300 con mèo tại hà nội",55,13,T03. CRIME_LAW_AND_JUSTICE,T03,human_verified,manual_adjudicated,Han; Nhung; Yen,,pilot_400_final,,0.0,416,27,2,0,0,3,4,0.0,452,452.0,1.0,1,1,ok,7,30,1,1,1,Sunday 5 April 2026 at 11:23,1775362980.0,2026-04-05 04:23:00,2026-04-05,4.0,Sunday,post_created_time_unix,ok,1,1779741743,1779741743,2026-05-26 03:42:23,2026-05-26 03:42:23,1,0.0003476923076923,5.384615384615385e-06,2.307692307692308e-05,489,0.0003761538461538,1,0,36,31,5,0.0597345132743362,0.0044247787610619,0.0,0.0,0.0066371681415929,0.0088495575221238,0.9800884955752212,0.0066371681415929,0.0044247787610619,0.0088495575221238,0.079646017699115,1,1,,pilot_or_calibration_sample_exclude_from_test,0,,1
teamcrawl_v1,REC_000747,nhung,schema_5_new_timestamp,data/01_Raw_Data/02_Team_Crawled_Raw/Nhung/json-nhung-tintuccand-v9-3-2/posts_Tin_tuc_CAND.json,posts_Tin_tuc_CAND.json,289,pfbid02n45XCBTRtAmxzPYchxfRujSBwqQN7xKS5JVk6rRBLpzd84rYzZe43jRFUPQf2oVdl,https://www.facebook.com/tintuccand/posts/pfbid02n45XCBTRtAmxzPYchxfRujSBwqQN7xKS5JVk6rRBLpzd84rYzZe43jRFUPQf2oVdl,f1046e8104439354,post_id:pfbid02n45XCBTRtAmxzPYchxfRujSBwqQN7xKS5JVk6rRBLpzd84rYzZe43jRFUPQf2oVdl,Tin tức CAND,tintuccand,https://www.facebook.com/tintuccand,1300000,1300000,1,post,,tổng bí thư tô lâm: lực lượng công an nhân dân phải tiếp tục tạo nền tảng thực hiện thắng lợi mục tiêu tăng trưởng hai con số,125,28,T01. POLITICS,T01,human_verified,manual_adjudicated,Han; Nhung; Yen,,pilot_400_final,,0.0,0,0,0,0,0,0,0,0.0,646,0.0,0.0,1,1,sum_mismatch,26,0,1,1,1,Tuesday 31 March 2026 at 12:14,1774934040.0,2026-03-31 05:14:00,2026-03-31,5.0,Tuesday,post_created_time_unix,ok,1,1779750117,1779750117,2026-05-26 06:01:57,2026-05-26 06:01:57,1,0.000496923076923,2e-05,0.0,672,0.000516923076923,1,0,0,0,0,,,,,,,,,,,,0,0,,pilot_or_calibration_sample_exclude_from_test,0,,0
teamcrawl_v1,REC_000827,nhung,schema_5_new_timestamp,data/01_Raw_Data/02_Team_Crawled_Raw/Nhung/json-nhung-tintuccand-v9-3-2/posts_Tin_tuc_CAND.json,posts_Tin_tuc_CAND.json,369,pfbid04AvGwTnZbEGTbCkW58KZHF91L3jUrqaDz99dH2QaTLRZquocdrcbUD1FjXLaqRvAl,https://www.facebook.com/tintuccand/posts/pfbid04AvGwTnZbEGTbCkW58KZHF91L3jUrqaDz99dH2QaTLRZquocdrcbUD1FjXLaqRvAl,f40f0a2d9b5c44cf,post_id:pfbid04AvGwTnZbEGTbCkW58KZHF91L3jUrqaDz99dH2QaTLRZquocdrcbUD1FjXLaqRvAl,Tin tức CAND,tintuccand,https://www.facebook.com/tintuccand,1300000,1300000,1,post,,đột kích hồ câu và bắt quả tang 40 đối tượng đang say sưa đánh bạc dưới hình thức “câu cá trao thưởng bằng tiền”,114,25,T03. CRIME_LAW_AND_JUSTICE,T03,human_verified,manual_adjudicated,Han; Nhung; Yen,,pilot_400_final,,0.0,0,0,0,0,0,0,0,0.0,1200,0.0,0.0,1,1,sum_mismatch,3,7,1,1,1,Tuesday 31 March 2026 at 15:31,1774945860.0,2026-03-31 08:31:00,2026-03-31,8.0,Tuesday,post_created_time_unix,ok,1,1779758091,1779758091,2026-05-26 08:14:51,2026-05-26 08:14:51,1,0.0009230769230769,2.307692307692308e-06,5.384615384615385e-06,1210,0.0009307692307692,1,0,0,0,0,,,,,,,,,,,,0,0,,pilot_or_calibration_sample_exclude_from_test,0,,0
teamcrawl_v1,REC_000836,nhung,schema_5_new_timestamp,data/01_Raw_Data/02_Team_Crawled_Raw/Nhung/json-nhung-tintuccand-v9-3-2/posts_Tin_tuc_CAND.json,posts_Tin_tuc_CAND.json,378,881304968197584,https://www.facebook.com/reel/881304968197584,089b205dce9f2c74,post_id:881304968197584,Tin tức CAND,tintuccand,https://www.facebook.com/tintuccand,1300000,1300000,1,reel,,"sự thật lời vu khống lực lượng csgt của 3 đối tượng ở tuyên quang ngày 22/3, phòng csgt tỉnh tuyên quang đã chuyển hồ sơ vụ 3 đối tượng có hành vi gây rối, vu khống lực lượng csgt để trốn tránh việc xử lý nồng độ cồn. trong quá trình làm việc, các đối tượng đã không chấp hành, đưa thông tin sai sự thật đã được kiểm tra tại một chốt csgt khác và không vi phạm. đồng thời, các đối tượng phát tán nội dung sai lệch lên mạng xã hội; lớn tiếng gây mất trật tự, kích động, cản trở lực lượng chức năng thực thi nhiệm vụ.",515,113,T03. CRIME_LAW_AND_JUSTICE,T03,human_verified,manual_adjudicated,Han; Nhung; Yen,,pilot_100_additional_final,,0.0,0,0,0,0,0,0,0,0.0,411,0.0,0.0,1,1,sum_mismatch,2,9,1,1,1,Sunday 22 March 2026 at 18:30,1774179000.0,2026-03-22 11:30:00,2026-03-22,11.0,Sunday,post_created_time_unix,ok,1,1779758312,1779758312,2026-05-26 08:18:32,2026-05-26 08:18:32,1,0.0003161538461538,1.5384615384615383e-06,6.923076923076923e-06,422,0.0003246153846153,1,0,0,0,0,,,,,,,,,,,,0,0,,pilot_or_calibration_sample_exclude_from_test,0,,0
teamcrawl_v1,REC_000886,nhung,schema_5_new_timestamp,data/01_Raw_Data/02_Team_Crawled_Raw/Nhung/json-nhung-tuoitre-v9-3-2/posts_Tuoi_Tre.json,posts_Tuoi_Tre.json,28,pfbid02J9QENRw6caG57LAUdAs2B4JTVH2xWceHq9Ff1BBqqkJEPhXB279txhT2b6r2Z7ul,https://www.facebook.com/baotuoitre/posts/pfbid02J9QENRw6caG57LAUdAs2B4JTVH2xWceHq9Ff1BBqqkJEPhXB279txhT2b6r2Z7ul,56adf3b29ed4079a,post_id:pfbid02J9QENRw6caG57LAUdAs2B4JTVH2xWceHq9Ff1BBqqkJEPhXB279txhT2b6r2Z7ul,Tuổi Trẻ,baotuoitre,https://www.facebook.com/baotuoitre,2900000,2900000,1,post,,bộ trưởng israel bengvir bị pháp cấm nhập cảnh sau loạt video gây phẫn nộ,74,15,T16. WORLD_INTERNATIONAL,T16,human_verified,manual_adjudicated,Han; Nhung; Yen,,pilot_400_final,,0.0,270,3,27,2,0,2,0,0.0,304,304.0,1.0,1,1,ok,6,1,1,1,1,Sunday 24 May 2026 at 09:40,1779590400.0,2026-05-24 02:40:00,2026-05-24,2.0,Sunday,post_created_time_unix,ok,1,1779732553,1779732553,2026-05-26 01:09:13,2026-05-26 01:09:13,1,0.0001048275862068,2.068965517241379e-06,3.448275862068966e-07,311,0.0001072413793103,1,0,34,3,31,0.0098684210526315,0.0888157894736842,0.006578947368421,0.0,0.006578947368421,0.0,0.8980263157894737,0.006578947368421,0.0888157894736842,0.0,-0.1118421052631579,1,1,,pilot_or_calibration_sample_exclude_from_test,0,,1
teamcrawl_v1,REC_000897,nhung,schema_5_new_timestamp,data/01_Raw_Data/02_Team_Crawled_Raw/Nhung/json-nhung-tuoitre-v9-3-2/posts_Tuoi_Tre.json,posts_Tuoi_Tre.json,39,pfbid02tfqrNMbUB3jGab2E69XDHRQzVgVtiHeFfJPxBeNp45JLWdQ5nqGYD5jhDrCn7PDnl,https://www.facebook.com/baotuoitre/posts/pfbid02tfqrNMbUB3jGab2E69XDHRQzVgVtiHeFfJPxBeNp45JLWdQ5nqGYD5jhDrCn7PDnl,14e1e4bf951bfcec,post_id:pfbid02tfqrNMbUB3jGab2E69XDHRQzVgVtiHeFfJPxBeNp45JLWdQ5nqGYD5jhDrCn7PDnl,Tuổi Trẻ,baotuoitre,https://www.facebook.com/baotuoitre,2900000,2900000,1,post,,công an tìm bị hại của cán bộ thuế nhận tiền doanh nghiệp ở cần thơ,67,16,T03. CRIME_LAW_AND_JUSTICE,T03,human_verified,manual_adjudicated,Han; Nhung; Yen,,pilot_100_final,,0.0,333,2,80,6,0,0,0,0.0,421,421.0,1.0,1,1,ok,7,1,1,1,1,Saturday 23 May 2026 at 15:52,1779526320.0,2026-05-23 08:52:00,2026-05-23,8.0,Saturday,post_created_time_unix,ok,1,1779732613,1779732613,2026-05-26 01:10:13,2026-05-26 01:10:13,1,0.0001451724137931,2.413793103448276e-06,3.448275862068966e-07,429,0.0001479310344827,1,0,88,2,86,0.004750593824228,0.1900237529691211,0.014251781472684,0.0,0.0,0.0,0.7957244655581948,0.0,0.1900237529691211,0.0,-0.2090261282660332,1,1,,pilot_or_calibration_sample_exclude_from_test,0,,1
teamcrawl_v1,REC_000954,nhung,schema_5_new_timestamp,data/01_Raw_Data/02_Team_Crawled_Raw/Nhung/json-nhung-tuoitre-v9-3-2/posts_Tuoi_Tre.json,posts_Tuoi_Tre.json,96,pfbid02Mkir6kbsGsBcV8HWXb2FLp6ipBhaLNMuPhr23UkqT8w1JfsxqZ9gC5dJ9iQPbLGil,https://www.facebook.com/baotuoitre/posts/pfbid02Mkir6kbsGsBcV8HWXb2FLp6ipBhaLNMuPhr23UkqT8w1JfsxqZ9gC5dJ9iQPbLGil,f8d8eb50b6fed32f,post_id:pfbid02Mkir6kbsGsBcV8HWXb2FLp6ipBhaLNMuPhr23UkqT8w1JfsxqZ9gC5dJ9iQPbLGil,Tuổi Trẻ,baotuoitre,https://www.facebook.com/baotuoitre,2900000,2900000,1,post,,"tin lời elon musk, cho xe tesla 'đi bơi', xe hỏng lại còn bị bắt giam",69,16,T13. HUMAN_INTEREST,T13,human_verified,manual_adjudicated,Han; Nhung; Yen,,pilot_100_additional_final,,0.0,87,2,28,0,0,0,0,0.0,117,117.0,1.0,1,1,ok,4,1,1,1,1,Thursday 21 May 2026 at 13:19,1779344340.0,2026-05-21 06:19:00,2026-05-21,6.0,Thursday,post_created_time_unix,ok,1,1779735782,1779735782,2026-05-26 02:03:02,2026-05-26 02:03:02,1,4.03448275862069e-05,1.3793103448275862e-06,3.448275862068966e-07,122,4.206896551724138e-05,1,0,30,2,28,0.017094017094017,0.2393162393162393,0.0,0.0,0.0,0.0,0.7606837606837606,0.0,0.2393162393162393,0.0,-0.2564102564102564,1,1,,pilot_or_calibration_sample_exclude_from_test,0,,1
teamcrawl_v1,REC_000986,nhung,schema_5_new_timestamp,data/01_Raw_Data/02_Team_Crawled_Raw/Nhung/json-nhung-tuoitre-v9-3-2/posts_Tuoi_Tre.json,posts_Tuoi_Tre.json,128,pfbid02E4ALNorKL9Xr5aCQkmt3Hcz3M7jUmsxSijWfx9tfbJvuBfFFPoYdRHkYEEkNz267l,https://www.facebook.com/baotuoitre/posts/pfbid02E4ALNorKL9Xr5aCQkmt3Hcz3M7jUmsxSijWfx9tfbJvuBfFFPoYdRHkYEEkNz267l,99ec138229719efe,post_id:pfbid02E4ALNorKL9Xr5aCQkmt3Hcz3M7jUmsxSijWfx9tfbJvuBfFFPoYdRHkYEEkNz267l,Tuổi Trẻ,baotuoitre,https://www.facebook.com/baotuoitre,2900000,2900000,1,post,,vượt gần 200km từ mường nhé để hội quân đá giải công nhân,57,13,T13. HUMAN_INTEREST,T13,human_verified,manual_adjudicated,Han; Nhung; Yen,,pilot_100_final,,0.0,51,0,0,0,0,0,0,0.0,51,51.0,1.0,1,1,ok,0,1,1,1,1,Tuesday 19 May 2026 at 13:04,1779170640.0,2026-05-19 06:04:00,2026-05-19,6.0,Tuesday,post_created_time_unix,ok,1,1779735991,1779735991,2026-05-26 02:06:31,2026-05-26 02:06:31,1,1.7586206896551724e-05,0.0,3.448275862068966e-07,52,1.793103448275862e-05,1,0,0,0,0,0.0,0.0,0.0,0.0,0.0,0.0,1.0,0.0,0.0,0.0,0.0,1,1,,pilot_or_calibration_sample_exclude_from_test,0,,1
teamcrawl_v1,REC_001002,nhung,schema_5_new_timestamp,data/01_Raw_Data/02_Team_Crawled_Raw/Nhung/json-nhung-tuoitre-v9-3-2/posts_Tuoi_Tre.json,posts_Tuoi_Tre.json,144,pfbid0dVHLrERiKneGxWCUj1kXbSRbUSYRrXrLR3y1umL23TJovruH9ToyBK8om4NmfCiVl,https://www.facebook.com/baotuoitre/posts/pfbid0dVHLrERiKneGxWCUj1kXbSRbUSYRrXrLR3y1umL23TJovruH9ToyBK8om4NmfCiVl,cc4815333151c936,post_id:pfbid0dVHLrERiKneGxWCUj1kXbSRbUSYRrXrLR3y1umL23TJovruH9ToyBK8om4NmfCiVl,Tuổi Trẻ,baotuoitre,https://www.facebook.com/baotuoitre,2900000,2900000,1,post,,"iran nói đang trao đổi với mỹ, washington kêu gọi trừng phạt tehran",67,13,T16. WORLD_INTERNATIONAL,T16,human_verified,manual_adjudicated,Han; Nhung; Yen,,pilot_400_final,,0.0,130,0,18,0,0,0,0,0.0,148,148.0,1.0,1,1,ok,2,1,1,1,1,Monday 18 May 2026 at 17:58,1779101880.0,2026-05-18 10:58:00,2026-05-18,10.0,Monday,post_created_time_unix,ok,1,1779736111,1779736111,2026-05-26 02:08:31,2026-05-26 02:08:31,1,5.103448275862069e-05,6.896551724137931e-07,3.448275862068966e-07,151,5.206896551724138e-05,1,0,18,0,18,0.0,0.1216216216216216,0.0,0.0,0.0,0.0,0.8783783783783784,0.0,0.1216216216216216,0.0,-0.1216216216216216,1,1,,pilot_or_calibration_sample_exclude_from_test,0,,1
teamcrawl_v1,REC_001043,nhung,schema_5_new_timestamp,data/01_Raw_Data/02_Team_Crawled_Raw/Nhung/json-nhung-tuoitre-v9-3-2/posts_Tuoi_Tre.json,posts_Tuoi_Tre.json,185,pfbid029XqeKEcmEGzfrVDxz33yV42AdpcKLmHLkQJHpAS7AtSUdSM3aKR4pzark3kUSJp5l,https://www.facebook.com/baotuoitre/posts/pfbid029XqeKEcmEGzfrVDxz33yV42AdpcKLmHLkQJHpAS7AtSUdSM3aKR4pzark3kUSJp5l,3206da7b19c588df,post_id:pfbid029XqeKEcmEGzfrVDxz33yV42AdpcKLmHLkQJHpAS7AtSUdSM3aKR4pzark3kUSJp5l,Tuổi Trẻ,baotuoitre,https://www.facebook.com/baotuoitre,2900000,2900000,1,post,,tra cứu nhanh bản thân có bị nợ thuế và tạm hoãn xuất cảnh không,64,15,T06. SCIENCE_AND_TECHNOLOGY,T06,human_verified,manual_adjudicated,Han; Nhung; Yen,,pilot_400_final,,0.0,1047,6,15,5,0,0,0,0.0,1073,1073.0,1.0,1,1,ok,403,1,1,1,1,Monday 18 May 2026 at 22:33,1779118380.0,2026-05-18 15:33:00,2026-05-18,15.0,Monday,post_created_time_unix,ok,1,1779740921,1779740921,2026-05-26 03:28:41,2026-05-26 03:28:41,1,0.00037,0.0001389655172413,3.448275862068966e-07,1477,0.0005093103448275,1,0,26,6,20,0.0055917986952469,0.0139794967381174,0.0046598322460391,0.0,0.0,0.0,0.9813606710158436,0.0,0.0139794967381174,0.0,-0.0242311276794035,1,1,,pilot_or_calibration_sample_exclude_from_test,0,,1
teamcrawl_v1,REC_001044,nhung,schema_5_new_timestamp,data/01_Raw_Data/02_Team_Crawled_Raw/Nhung/json-nhung-tuoitre-v9-3-2/posts_Tuoi_Tre.json,posts_Tuoi_Tre.json,186,pfbid038Pz3aZyQ9fnU8Ggh3FgKcKn64Yg64yejPiHPBEGBSnVqpt2sgvJGFatP1SgkqBvtl,https://www.facebook.com/baotuoitre/posts/pfbid038Pz3aZyQ9fnU8Ggh3FgKcKn64Yg64yejPiHPBEGBSnVqpt2sgvJGFatP1SgkqBvtl,a0d54885d4d86193,post_id:pfbid038Pz3aZyQ9fnU8Ggh3FgKcKn64Yg64yejPiHPBEGBSnVqpt2sgvJGFatP1SgkqBvtl,Tuổi Trẻ,baotuoitre,https://www.facebook.com/baotuoitre,2900000,2900000,1,post,,tòa tuyên y án 25 năm tù đối với chủ tịch công ty tsl,53,14,T03. CRIME_LAW_AND_JUSTICE,T03,human_verified,manual_adjudicated,Han; Nhung; Yen,,pilot_400_final,,0.0,163,0,3,0,0,0,0,0.0,166,166.0,1.0,1,1,ok,3,1,1,1,1,Monday 18 May 2026 at 21:28,1779114480.0,2026-05-18 14:28:00,2026-05-18,14.0,Monday,post_created_time_unix,ok,1,1779740927,1779740927,2026-05-26 03:28:47,2026-05-26 03:28:47,1,5.724137931034483e-05,1.0344827586206896e-06,3.448275862068966e-07,170,5.862068965517241e-05,1,0,3,0,3,0.0,0.0180722891566265,0.0,0.0,0.0,0.0,0.9819277108433736,0.0,0.0180722891566265,0.0,-0.0180722891566265,1,1,,pilot_or_calibration_sample_exclude_from_test,0,,1
teamcrawl_v1,REC_001101,nhung,schema_5_new_timestamp,data/01_Raw_Data/02_Team_Crawled_Raw/Nhung/json-nhung-tuoitre-v9-3-2/posts_Tuoi_Tre.json,posts_Tuoi_Tre.json,243,pfbid02aMEDgQ2M95pGmNCZog5EyLB5s5ELGMsaKQjG4fipQ612zjACJiTk18iv4Nh1Kj1pl,https://www.facebook.com/baotuoitre/posts/pfbid02aMEDgQ2M95pGmNCZog5EyLB5s5ELGMsaKQjG4fipQ612zjACJiTk18iv4Nh1Kj1pl,497447450166809b,post_id:pfbid02aMEDgQ2M95pGmNCZog5EyLB5s5ELGMsaKQjG4fipQ612zjACJiTk18iv4Nh1Kj1pl,Tuổi Trẻ,baotuoitre,https://www.facebook.com/baotuoitre,2900000,2900000,1,post,,cựu bộ trưởng nguyễn thị kim tiến từ chối 2 luật sư bào chữa,71,14,T03. CRIME_LAW_AND_JUSTICE,T03,human_verified,manual_adjudicated,Han; Nhung; Yen,,pilot_400_final,,0.0,193,0,19,0,0,0,0,0.0,212,212.0,1.0,1,1,ok,2,1,1,1,1,Wednesday 20 May 2026 at 10:06,1779246360.0,2026-05-20 03:06:00,2026-05-20,3.0,Wednesday,post_created_time_unix,ok,1,1779748366,1779748366,2026-05-26 05:32:46,2026-05-26 05:32:46,1,7.310344827586206e-05,6.896551724137931e-07,3.448275862068966e-07,215,7.413793103448276e-05,1,0,19,0,19,0.0,0.0896226415094339,0.0,0.0,0.0,0.0,0.910377358490566,0.0,0.0896226415094339,0.0,-0.0896226415094339,1,1,,pilot_or_calibration_sample_exclude_from_test,0,,1
teamcrawl_v1,REC_001133,nhung,schema_5_new_timestamp,data/01_Raw_Data/02_Team_Crawled_Raw/Nhung/json-nhung-tuoitre-v9-3-2/posts_Tuoi_Tre.json,posts_Tuoi_Tre.json,275,pfbid023aQcWCPco9DZiWvY5QkomkZRvg93RscqQDnVZP558FVLwUyPx347KFHxus7zLnAzl,https://www.facebook.com/baotuoitre/posts/pfbid023aQcWCPco9DZiWvY5QkomkZRvg93RscqQDnVZP558FVLwUyPx347KFHxus7zLnAzl,81ea6a89f4c55bbd,post_id:pfbid023aQcWCPco9DZiWvY5QkomkZRvg93RscqQDnVZP558FVLwUyPx347KFHxus7zLnAzl,Tuổi Trẻ,baotuoitre,https://www.facebook.com/baotuoitre,2900000,2900000,1,post,,"hôm nay, công bố nghị quyết của quốc hội về việc thành lập thành phố đồng nai",77,17,T01. POLITICS,T01,human_verified,manual_adjudicated,Han; Nhung; Yen,,pilot_400_final,,0.0,302,14,4,0,0,0,0,0.0,320,320.0,1.0,1,1,ok,9,1,1,1,1,Monday 18 May 2026 at 08:08,1779066480.0,2026-05-18 01:08:00,2026-05-18,1.0,Monday,post_created_time_unix,ok,1,1779748595,1779748595,2026-05-26 05:36:35,2026-05-26 05:36:35,1,0.0001103448275862,3.103448275862069e-06,3.448275862068966e-07,330,0.0001137931034482,1,0,18,14,4,0.04375,0.0125,0.0,0.0,0.0,0.0,0.9875,0.0,0.0125,0.0,0.05625,1,1,,pilot_or_calibration_sample_exclude_from_test,0,,1
teamcrawl_v1,REC_001145,nhung,schema_5_new_timestamp,data/01_Raw_Data/02_Team_Crawled_Raw/Nhung/json-nhung-tuoitre-v9-3-2/posts_Tuoi_Tre.json,posts_Tuoi_Tre.json,287,pfbid02LrjmtHM9NQhFzrzS5LY42LZU1c2GntgUcCe1gEHrJpPFyQpa1Z9QR5boBqkkgSJ4l,https://www.facebook.com/baotuoitre/posts/pfbid02LrjmtHM9NQhFzrzS5LY42LZU1c2GntgUcCe1gEHrJpPFyQpa1Z9QR5boBqkkgSJ4l,cca67913fa8ad229,post_id:pfbid02LrjmtHM9NQhFzrzS5LY42LZU1c2GntgUcCe1gEHrJpPFyQpa1Z9QR5boBqkkgSJ4l,Tuổi Trẻ,baotuoitre,https://www.facebook.com/baotuoitre,2900000,2900000,1,post,,bỏ thi lớp 10 liệu có hết áp lực?,33,9,T05. EDUCATION,T05,human_verified,manual_adjudicated,Han; Nhung; Yen,,pilot_100_final,,0.0,106,4,20,0,0,0,0,0.0,130,130.0,1.0,1,1,ok,7,1,1,1,1,Sunday 17 May 2026 at 09:57,1778986620.0,2026-05-17 02:57:00,2026-05-17,2.0,Sunday,post_created_time_unix,ok,1,1779748688,1779748688,2026-05-26 05:38:08,2026-05-26 05:38:08,1,4.482758620689655e-05,2.413793103448276e-06,3.448275862068966e-07,138,4.7586206896551725e-05,1,0,24,4,20,0.0307692307692307,0.1538461538461538,0.0,0.0,0.0,0.0,0.8461538461538461,0.0,0.1538461538461538,0.0,-0.1846153846153846,1,1,,pilot_or_calibration_sample_exclude_from_test,0,,1
teamcrawl_v1,REC_001163,nhung,schema_5_new_timestamp,data/01_Raw_Data/02_Team_Crawled_Raw/Nhung/json-nhung-tuoitre-v9-3-2/posts_Tuoi_Tre.json,posts_Tuoi_Tre.json,305,pfbid0QhJuWYPzpXgWR7FYdQAA2fvhuHJg2tfGjNFhrKyFvGTkjVnEpK799eeHp7sb8keKl,https://www.facebook.com/baotuoitre/posts/pfbid0QhJuWYPzpXgWR7FYdQAA2fvhuHJg2tfGjNFhrKyFvGTkjVnEpK799eeHp7sb8keKl,8d9306c28c2e07ed,post_id:pfbid0QhJuWYPzpXgWR7FYdQAA2fvhuHJg2tfGjNFhrKyFvGTkjVnEpK799eeHp7sb8keKl,Tuổi Trẻ,baotuoitre,https://www.facebook.com/baotuoitre,2900000,2900000,1,post,,"video ông trump 'lén' mở xem tài liệu của ông tập gây sốt mạng, sự thật ra sao?",79,18,T16. WORLD_INTERNATIONAL,T16,human_verified,manual_adjudicated,Han; Nhung; Yen,,pilot_400_final,,0.0,421,3,313,8,0,0,0,0.0,745,745.0,1.0,1,1,ok,17,1,1,1,1,Saturday 16 May 2026 at 08:58,1778896680.0,2026-05-16 01:58:00,2026-05-16,1.0,Saturday,post_created_time_unix,ok,1,1779748847,1779748847,2026-05-26 05:40:47,2026-05-26 05:40:47,1,0.0002568965517241,5.862068965517242e-06,3.448275862068966e-07,763,0.0002631034482758,1,0,324,3,321,0.0040268456375838,0.4201342281879194,0.010738255033557,0.0,0.0,0.0,0.5691275167785235,0.0,0.4201342281879194,0.0,-0.4348993288590604,1,1,,pilot_or_calibration_sample_exclude_from_test,0,,1
teamcrawl_v1,REC_001176,nhung,schema_5_new_timestamp,data/01_Raw_Data/02_Team_Crawled_Raw/Nhung/json-nhung-tuoitre-v9-3-2/posts_Tuoi_Tre.json,posts_Tuoi_Tre.json,318,pfbid02df7PGV6NHWvM5ZvUvZHRPhaiYB9dSgcphFhrWBZ3iVQRQwoY8v5HXqpZSNLezbr7l,https://www.facebook.com/baotuoitre/posts/pfbid02df7PGV6NHWvM5ZvUvZHRPhaiYB9dSgcphFhrWBZ3iVQRQwoY8v5HXqpZSNLezbr7l,a151e2221073a2ef,post_id:pfbid02df7PGV6NHWvM5ZvUvZHRPhaiYB9dSgcphFhrWBZ3iVQRQwoY8v5HXqpZSNLezbr7l,Tuổi Trẻ,baotuoitre,https://www.facebook.com/baotuoitre,2900000,2900000,1,post,,công an xác minh vụ cô gái tố bị nhóm nam nữ đi lexus hành hung giữa đường phố,78,19,T03. CRIME_LAW_AND_JUSTICE,T03,human_verified,manual_adjudicated,Han; Nhung; Yen,,pilot_400_final,,0.0,0,0,0,0,0,0,0,0.0,577,0.0,0.0,1,1,sum_mismatch,7,1,1,1,1,Friday 15 May 2026 at 16:48,1778838480.0,2026-05-15 09:48:00,2026-05-15,9.0,Friday,post_created_time_unix,ok,1,1779749023,1779749023,2026-05-26 05:43:43,2026-05-26 05:43:43,1,0.0001989655172413,2.413793103448276e-06,3.448275862068966e-07,585,0.000201724137931,1,0,0,0,0,,,,,,,,,,,,0,0,,pilot_or_calibration_sample_exclude_from_test,0,,0
teamcrawl_v1,REC_001180,nhung,schema_5_new_timestamp,data/01_Raw_Data/02_Team_Crawled_Raw/Nhung/json-nhung-tuoitre-v9-3-2/posts_Tuoi_Tre.json,posts_Tuoi_Tre.json,322,pfbid02heCVr6UNsch4sgoboirHXh5NQ4ysu7anxTWWrhjyHX4Cq5djZR9KGvWnjC4W19nCl,https://www.facebook.com/baotuoitre/posts/pfbid02heCVr6UNsch4sgoboirHXh5NQ4ysu7anxTWWrhjyHX4Cq5djZR9KGvWnjC4W19nCl,fcc56a62978d1638,post_id:pfbid02heCVr6UNsch4sgoboirHXh5NQ4ysu7anxTWWrhjyHX4Cq5djZR9KGvWnjC4W19nCl,Tuổi Trẻ,baotuoitre,https://www.facebook.com/baotuoitre,2900000,2900000,1,post,,"miền bắc còn ngột ngạt trong nắng nóng 40 độ c thêm hai ngày, sau đó có mưa",75,18,T08. WEATHER,T08,human_verified,manual_adjudicated,Han; Nhung; Yen,,pilot_400_final,,0.0,0,0,0,0,0,0,0,0.0,90,0.0,0.0,1,1,sum_mismatch,3,1,1,1,1,Monday 25 May 2026 at 22:20,1779722400.0,2026-05-25 15:20:00,2026-05-25,15.0,Monday,post_created_time_unix,ok,1,1779755420,1779755420,2026-05-26 07:30:20,2026-05-26 07:30:20,1,3.103448275862069e-05,1.0344827586206896e-06,3.448275862068966e-07,94,3.2413793103448275e-05,1,0,0,0,0,,,,,,,,,,,,0,0,,pilot_or_calibration_sample_exclude_from_test,0,,0
teamcrawl_v1,REC_001202,nhung,schema_5_new_timestamp,data/01_Raw_Data/02_Team_Crawled_Raw/Nhung/json-nhung-tuoitre-v9-3-2/posts_Tuoi_Tre.json,posts_Tuoi_Tre.json,344,pfbid02qdaUXFTDncQnyi9AhWjR4xeNm8w7v3NZmzNM74Ak1Wv2FDTFj58ksv6QxHDZmsrAl,https://www.facebook.com/baotuoitre/posts/pfbid02qdaUXFTDncQnyi9AhWjR4xeNm8w7v3NZmzNM74Ak1Wv2FDTFj58ksv6QxHDZmsrAl,12e4147e60d9206f,post_id:pfbid02qdaUXFTDncQnyi9AhWjR4xeNm8w7v3NZmzNM74Ak1Wv2FDTFj58ksv6QxHDZmsrAl,Tuổi Trẻ,baotuoitre,https://www.facebook.com/baotuoitre,2900000,2900000,1,post,,"bắc kinh chốt mua 200 chiếc boeing, mỹ - trung thúc đẩy đàm phán giảm thuế đối ứng",82,18,T16. WORLD_INTERNATIONAL,T16,human_verified,manual_adjudicated,Han; Nhung; Yen,,pilot_400_final,,0.0,0,0,0,0,0,0,0,0.0,261,0.0,0.0,1,1,sum_mismatch,3,1,1,1,1,Wednesday 20 May 2026 at 22:09,1779289740.0,2026-05-20 15:09:00,2026-05-20,15.0,Wednesday,post_created_time_unix,ok,1,1779755887,1779755887,2026-05-26 07:38:07,2026-05-26 07:38:07,1,9e-05,1.0344827586206896e-06,3.448275862068966e-07,265,9.13793103448276e-05,1,0,0,0,0,,,,,,,,,,,,0,0,,pilot_or_calibration_sample_exclude_from_test,0,,0
teamcrawl_v1,REC_001275,phuc,schema_5_new_timestamp,data/01_Raw_Data/02_Team_Crawled_Raw/Phuc/json-dantri-multipage-v7/posts_Dantri.json,posts_Dantri.json,14,pfbid0scTyXW8nfYQ47DDL1cFWrXHstweELwQzfPvwiLzuu7R1TU9WcfSsaChbke1HEUnPl,https://www.facebook.com/baodantridientu/posts/pfbid0scTyXW8nfYQ47DDL1cFWrXHstweELwQzfPvwiLzuu7R1TU9WcfSsaChbke1HEUnPl,842ef7b133467a6e,post_id:pfbid0scTyXW8nfYQ47DDL1cFWrXHstweELwQzfPvwiLzuu7R1TU9WcfSsaChbke1HEUnPl,Dân trí,baodantridientu,https://www.facebook.com/baodantridientu,1900000,1900000,1,post,,"bênh con gái, mẹ vợ bị con rể tử vong ở tây ninh",47,12,T03. CRIME_LAW_AND_JUSTICE,T03,human_verified,manual_adjudicated,Han; Nhung; Yen,,pilot_100_additional_final,,0.0,219,0,2,16,7,9,0,0.0,253,253.0,1.0,1,1,ok,11,4,1,1,1,Saturday 23 May 2026 at 07:20,1779495600.0,2026-05-23 00:20:00,2026-05-23,0.0,Saturday,post_created_time_unix,ok,1,1779514634,1779514634,2026-05-23 12:37:14,2026-05-23 12:37:14,1,0.0001331578947368,5.789473684210527e-06,2.1052631578947366e-06,268,0.0001410526315789,1,0,34,0,34,0.0,0.0079051383399209,0.0632411067193675,0.0276679841897233,0.0355731225296442,0.0,0.8656126482213439,0.0355731225296442,0.0079051383399209,0.0276679841897233,-0.1343873517786561,1,1,,pilot_or_calibration_sample_exclude_from_test,0,,1
teamcrawl_v1,REC_001293,phuc,schema_5_new_timestamp,data/01_Raw_Data/02_Team_Crawled_Raw/Phuc/json-dantri-multipage-v7/posts_Dantri.json,posts_Dantri.json,32,pfbid02SUcusLZL7D3S7YhtjB2Fv64rvPh5sGr9U7qegqpVFQhpnCeLDZykGbKEZCCgq7jQl,https://www.facebook.com/baodantridientu/posts/pfbid02SUcusLZL7D3S7YhtjB2Fv64rvPh5sGr9U7qegqpVFQhpnCeLDZykGbKEZCCgq7jQl,77f1b03afa171f8b,post_id:pfbid02SUcusLZL7D3S7YhtjB2Fv64rvPh5sGr9U7qegqpVFQhpnCeLDZykGbKEZCCgq7jQl,Dân trí,baodantridientu,https://www.facebook.com/baodantridientu,1900000,1900000,1,post,,"người mẹ kế ở bắc ninh 30 năm chăm 4 con riêng của chồng như con ruột ""nhìn 4 đứa trẻ nheo nhóc, tôi thương quá nên ở lại"" suốt hơn 30 năm qua, chị dương thị bắc giang (sn 1995) tại xã quang trung, tỉnh bắc ninh, được sống trong tình yêu thương của người mẹ kế - bà giáp hằng. tuy không chung tình máu mủ, nhưng với 4 chị em của giang, người phụ nữ này không khác gì mẹ ruột. bà yêu thương chăm sóc các con riêng của chồng với lòng bao dung và tình nhân hậu vô bờ bến. mẹ đẻ của chị giang ᴍấт năm 1995. khi đó, chị giang mới được 40 ngày tuổi, còn đỏ hỏn và khát sữa nên ngằn ngặt khóc suốt ngày đêm. người chị cả mới 12 tuổi, chị hai 7 tuổi và chị ba 6 tuổi. vợ ᴍấт sớm khiến ông dương văn biểu sᴜʏ sụᴘ тɪпʜ тʜầп. chị lớn phải thay cha bế bồng, săn sóc các em. khoảng một năm sau, thông qua mai mối, ông biểu được người thân giới thiệu và quen biết với bà hằng. khi đó, bà hằng đã 30 tuổi, là giáo viên mầm non. hai gia đình chỉ cách nhau hơn chục cây số. tới nhà chơi, bà hằng không khỏi cám cảnh khi biết hoàn cảnh gia đình. ông biểu có 4 cô con gái riêng và một người mẹ già. tuy nhiên, khi chứng kiến 4 đứa trẻ nheo nhóc, thiếu thốn tình yêu của người mẹ, bà hằng có một quyết định không ai ngờ tới. thời điểm đó, bà hằng chưa lập gia đình. với nhiều người, chuyện chấp nhận lấy một người đàn ông có tới 4 con riêng là điều quá khó khăn. nhưng với người phụ nữ này, điều níu bà ở lại không phải tình yêu đôi lứa, mà là tình thương dành cho những đứa trẻ thiếu mẹ. vốn sinh ra trong gia đình có 10 anh chị em, từ nhỏ bà đã quen chăm em. khi lớn lên, anh chị đều dựng vợ gả chồng, các cháu lại qua tay bà săn sóc, nên việc nuôi dạy trẻ nhỏ với bà không phải là trở ngại. ngày về làm dâu, bà hằng tự nhủ sẽ luôn yêu thương các con bằng tất cả sự chân thành. ""tôi trò chuyện với các con rằng, tuy mẹ không sinh ra con, nhưng nếu muốn nên người hãy nghe lời mẹ. nếu có gì mẹ nói không đúng, các con hãy góp ý để mẹ con thêm gắn kết"", bà hằng tâm sự. sau khi cưới, người phụ nữ dành toàn bộ thời gian đi làm và chăm sóc con cái cùng gia đình nhà chồng. khi giang 3 tuổi, bà mới quyết định sinh thêm con. cậu con trai út là người con chung duy nhất của hai ông bà. mặc dù vậy, suốt hơn 30 năm, bà chưa từng phân biệt con chung, con riêng, luôn tâm nguyện sẽ nuôi dạy các con công bằng để lớn lên trong tình yêu thương. ""mẹ chưa từng nói bà không phải mẹ ruột"" chia sẻ với phóng viên dân trí, chị giang cho biết, những năm tháng tuổi thơ của cô cũng như các chị trôi qua êm đềm, hạnh phúc nhờ sự yêu thương của người mẹ kế. khi bà hằng về làm dâu, giang còn rất nhỏ. khi lớn lên, trong tâm thức của cô chưa từng mảy may nghĩ tới việc đây không phải mẹ ruột của mình. ""tôi không cảm nhận được sự khác biệt vì bà luôn theo sát mấy chị em từng chút. ngày tôi còn nhỏ, mẹ đi làm ở trường mẫu giáo nhưng luôn tranh thủ buổi trưa về nấu nướng cho chồng con. tới khi các con lớn hơn có thể tự lập, bà mới được rảnh tay hơn một chút"", chị nhớ lại. tới khoảng năm 10 tuổi, giang mới biết bà hằng không phải là người sinh ra mình. khi đó, cô nghe được những lời trò chuyện xung quanh, mới lờ mờ nhận ra có điều gì đó khác lạ. và cũng trong dịp đó, hai mẹ con có một kỷ niệm đi theo suốt cuộc đời. trong ký ức của giang, ngày cô biết bà hằng không phải mẹ ruột, cô giận dỗi vô cớ rồi khóc liên tục suốt nhiều tiếng. cả nhà xúm lại dỗ dành, nhưng bất thành. bà hằng biết con tủi thân, cũng chạy tới vỗ về yêu thương, nhưng không ngăn được cơn dỗi hờn của con. giữa cơn tức giận, giang khóc mãi rồi nói: ""không cần mẹ này, muốn ở cùng mẹ ruột"". câu nói buột miệng nhưng như mũi ᴅᴀᴏ đâᴍ xᴜʏêп tim khiến bà hằng buồn giận lại tủi thân. bà lao ra ngoài cánh đồng và bảo: ""nếu không cần nữa, để mẹ đi cho các con khóc một thể"". câu nói của mẹ khiến hằng như bừng tỉnh. cô hoảng sợ vội vàng cùng em trai chạy giữa đêm tối để níu chân mẹ. ""tôi vừa khóc vừa xin lỗi mẹ. sau cùng, mấy mẹ con lại đứng ôm nhau khóc giữa đường. kể từ đó, tôi không bao giờ nhắc tới chuyện mẹ đẻ hay mẹ kế nữa"", cô tâm sự.",3978,896,T13. HUMAN_INTEREST,T13,human_verified,manual_adjudicated,Han; Nhung; Yen,,pilot_400_final,,0.0,530,93,0,0,0,0,4,0.0,627,627.0,1.0,1,1,ok,8,22,1,1,1,Friday 22 May 2026 at 18:40,1779450000.0,2026-05-22 11:40:00,2026-05-22,11.0,Friday,post_created_time_unix,ok,1,1779514783,1779514783,2026-05-23 12:39:43,2026-05-23 12:39:43,1,0.00033,4.210526315789473e-06,1.1578947368421052e-05,657,0.0003457894736842,1,0,97,97,0,0.1483253588516746,0.0,0.0,0.0,0.0,0.0063795853269537,0.9936204146730464,0.0,0.0,0.0063795853269537,0.1547049441786284,1,1,,pilot_or_calibration_sample_exclude_from_test,0,,1
teamcrawl_v1,REC_001297,phuc,schema_5_new_timestamp,data/01_Raw_Data/02_Team_Crawled_Raw/Phuc/json-dantri-multipage-v7/posts_Dantri.json,posts_Dantri.json,36,pfbid02quQqHhL93MWCrtwQt4DQEEdXt5b7s4XThyBqV3ce9cKe6ptMpCfsWYLwoYqPBEqil,https://www.facebook.com/baodantridientu/posts/pfbid02quQqHhL93MWCrtwQt4DQEEdXt5b7s4XThyBqV3ce9cKe6ptMpCfsWYLwoYqPBEqil,ceb00c39238c571d,post_id:pfbid02quQqHhL93MWCrtwQt4DQEEdXt5b7s4XThyBqV3ce9cKe6ptMpCfsWYLwoYqPBEqil,Dân trí,baodantridientu,https://www.facebook.com/baodantridientu,1900000,1900000,1,post,,ngân hàng nhà nước yêu cầu kiểm tra việc giảm lãi suất,54,12,T02. ECONOMY_BUSINESS_AND_FINANCE,T02,human_verified,manual_adjudicated,Han; Nhung; Yen,,pilot_400_final,,0.0,177,0,4,0,2,0,0,0.0,183,183.0,1.0,1,1,ok,4,4,1,1,1,Friday 22 May 2026 at 17:30,1779445800.0,2026-05-22 10:30:00,2026-05-22,10.0,Friday,post_created_time_unix,ok,1,1779514816,1779514816,2026-05-23 12:40:16,2026-05-23 12:40:16,1,9.63157894736842e-05,2.1052631578947366e-06,2.1052631578947366e-06,191,0.0001005263157894,1,0,6,0,6,0.0,0.0218579234972677,0.0,0.0109289617486338,0.0,0.0,0.9672131147540984,0.0,0.0218579234972677,0.0109289617486338,-0.0327868852459016,1,1,,pilot_or_calibration_sample_exclude_from_test,0,,1
teamcrawl_v1,REC_001309,phuc,schema_5_new_timestamp,data/01_Raw_Data/02_Team_Crawled_Raw/Phuc/json-dantri-multipage-v7/posts_Dantri.json,posts_Dantri.json,48,2420690641783240,https://www.facebook.com/reel/2420690641783240,a72186d8e4a7fffa,post_id:2420690641783240,Dân trí,baodantridientu,https://www.facebook.com/baodantridientu,1900000,1900000,1,reel,,"bé ɢáɪ 3 тᴜổɪ nghi bị ьạο ʜɑ`пʜ tại quán bia ở hà nội thực chất mắc viêm da cơ địa sau khi tiếp nhận vụ việc, công an phường đống đa phối hợp đại diện vksnd khu vực 2 hà nội làm việc với gia đình cháu bé để xác minh. theo trình bày của mẹ cháu, tối 19/5, gia đình có đưa bé gái 3 tuổi đến một quán bia trên phố tây sơn. đến khoảng 22h cùng ngày, gia đình đưa cháu về nhà. mẹ cháu cũng cho biết, từ nhỏ bé mắc bệnh viêm da cơ địa, thường xuyên bị khô da, mẩn ngứa và để lại nhiều mảng sừng, vết giống sẹo trên cơ thể. gia đình đã đưa cháu đi khám, điều trị tại nhiều cơ sở y tế như bệnh viện da liễu trung ương, bệnh viện bạch mai và hiện cháu vẫn điều trị chuyên khoa da liễu theo chỉ định của bác sĩ.",701,162,T04. HEALTH,T04,human_verified,manual_adjudicated,Han; Nhung; Yen,,pilot_100_final,,0.0,276,0,3,0,0,0,3,0.0,282,282.0,1.0,1,1,ok,0,5,1,1,1,Friday 22 May 2026 at 14:29,1779434940.0,2026-05-22 07:29:00,2026-05-22,7.0,Friday,post_created_time_unix,ok,1,1779514917,1779514917,2026-05-23 12:41:57,2026-05-23 12:41:57,1,0.0001484210526315,0.0,2.631578947368421e-06,287,0.0001510526315789,1,0,6,3,3,0.0,0.0106382978723404,0.0,0.0,0.0,0.0106382978723404,0.9787234042553192,0.0,0.0106382978723404,0.0106382978723404,0.0,1,1,,pilot_or_calibration_sample_exclude_from_test,0,,1
teamcrawl_v1,REC_001345,phuc,schema_5_new_timestamp,data/01_Raw_Data/02_Team_Crawled_Raw/Phuc/json-dantri-multipage-v7/posts_Dantri.json,posts_Dantri.json,84,pfbid026B7iUB1JRjxZER8cysmiuR8UphssW7PzzzLSYqP9dRrzWJgBmbvGiyHii5AVXSXAl,https://www.facebook.com/baodantridientu/posts/pfbid026B7iUB1JRjxZER8cysmiuR8UphssW7PzzzLSYqP9dRrzWJgBmbvGiyHii5AVXSXAl,7e774781892efa44,post_id:pfbid026B7iUB1JRjxZER8cysmiuR8UphssW7PzzzLSYqP9dRrzWJgBmbvGiyHii5AVXSXAl,Dân trí,baodantridientu,https://www.facebook.com/baodantridientu,1900000,1900000,1,post,,phát hiện hàng trăm cây bị cưa hạ tại rừng phòng hộ ven biển,60,14,T07. ENVIRONMENT,T07,human_verified,manual_adjudicated,Han; Nhung; Yen,,pilot_100_additional_final,,0.0,423,5,89,18,10,44,0,0.0,589,589.0,1.0,1,1,ok,18,28,1,1,1,Thursday 21 May 2026 at 22:15,1779376500.0,2026-05-21 15:15:00,2026-05-21,15.0,Thursday,post_created_time_unix,ok,1,1779515239,1779515239,2026-05-23 12:47:19,2026-05-23 12:47:19,1,0.00031,9.473684210526315e-06,1.473684210526316e-05,635,0.0003342105263157,1,0,166,5,161,0.0084889643463497,0.1511035653650254,0.030560271646859,0.0169779286926994,0.0747028862478777,0.0,0.7266553480475382,0.0747028862478777,0.1511035653650254,0.0169779286926994,-0.2818336162988115,1,1,,pilot_or_calibration_sample_exclude_from_test,0,,1
teamcrawl_v1,REC_001394,phuc,schema_5_new_timestamp,data/01_Raw_Data/02_Team_Crawled_Raw/Phuc/json-dantri-multipage-v7/posts_Dantri.json,posts_Dantri.json,133,pfbid0277wTCgF4dU19RK5j4JWdGTT6bBqAM5mq9gcFTDvq9aueDsEUg6DqbewvTmnFARZMl,https://www.facebook.com/baodantridientu/posts/pfbid0277wTCgF4dU19RK5j4JWdGTT6bBqAM5mq9gcFTDvq9aueDsEUg6DqbewvTmnFARZMl,29f388b28d99c49b,post_id:pfbid0277wTCgF4dU19RK5j4JWdGTT6bBqAM5mq9gcFTDvq9aueDsEUg6DqbewvTmnFARZMl,Dân trí,baodantridientu,https://www.facebook.com/baodantridientu,1900000,1900000,1,post,,"người phụ nữ nhan sắc dịu dàng, tay “hóa” gỗ ra hàng trăm triệu đồng",68,15,T13. HUMAN_INTEREST,T13,human_verified,manual_adjudicated,Han; Nhung; Yen,,pilot_100_additional_final,,0.0,341,27,0,0,0,0,0,0.0,368,368.0,1.0,1,1,ok,7,5,1,1,1,Thursday 21 May 2026 at 10:30,1779334200.0,2026-05-21 03:30:00,2026-05-21,3.0,Thursday,post_created_time_unix,ok,1,1779518350,1779518350,2026-05-23 13:39:10,2026-05-23 13:39:10,1,0.0001936842105263,3.6842105263157896e-06,2.631578947368421e-06,380,0.0002,1,0,27,27,0,0.0733695652173913,0.0,0.0,0.0,0.0,0.0,1.0,0.0,0.0,0.0,0.0733695652173913,1,1,,pilot_or_calibration_sample_exclude_from_test,0,,1
teamcrawl_v1,REC_001397,phuc,schema_5_new_timestamp,data/01_Raw_Data/02_Team_Crawled_Raw/Phuc/json-dantri-multipage-v7/posts_Dantri.json,posts_Dantri.json,136,pfbid036ATdGVwPaoekHNufvgCLCXmpQ8EY13ZywfokXNgqPPqz9MLHVVYdrT3p9a1sfizTl,https://www.facebook.com/baodantridientu/posts/pfbid036ATdGVwPaoekHNufvgCLCXmpQ8EY13ZywfokXNgqPPqz9MLHVVYdrT3p9a1sfizTl,5be1dcc661d22dc6,post_id:pfbid036ATdGVwPaoekHNufvgCLCXmpQ8EY13ZywfokXNgqPPqz9MLHVVYdrT3p9a1sfizTl,Dân trí,baodantridientu,https://www.facebook.com/baodantridientu,1900000,1900000,1,post,,"hơn 2 năm đường bụi mù lầy lội, rãnh sâu nham nhở án ngữ trước trường học",73,17,T17. TRANSPORT_INFRASTRUCTURE,T17,human_verified,manual_adjudicated,Han; Nhung; Yen,,pilot_100_additional_final,,0.0,65,0,4,0,5,0,0,0.0,74,74.0,1.0,1,1,ok,5,1,1,1,1,Thursday 21 May 2026 at 10:13,1779333180.0,2026-05-21 03:13:00,2026-05-21,3.0,Thursday,post_created_time_unix,ok,1,1779518375,1779518375,2026-05-23 13:39:35,2026-05-23 13:39:35,1,3.894736842105263e-05,2.631578947368421e-06,5.263157894736842e-07,80,4.210526315789474e-05,1,0,9,0,9,0.0,0.054054054054054,0.0,0.0675675675675675,0.0,0.0,0.8783783783783784,0.0,0.054054054054054,0.0675675675675675,-0.1216216216216216,1,1,,pilot_or_calibration_sample_exclude_from_test,0,,1
teamcrawl_v1,REC_001417,phuc,schema_5_new_timestamp,data/01_Raw_Data/02_Team_Crawled_Raw/Phuc/json-dantri-multipage-v7/posts_Dantri.json,posts_Dantri.json,156,pfbid02WfwTKeU6g2nJfBEsm98rPLCATgznfXu6n5ULQ75GMLRZXMQRugpv74VZ9q1edMSSl,https://www.facebook.com/baodantridientu/posts/pfbid02WfwTKeU6g2nJfBEsm98rPLCATgznfXu6n5ULQ75GMLRZXMQRugpv74VZ9q1edMSSl,266a816c440db3c5,post_id:pfbid02WfwTKeU6g2nJfBEsm98rPLCATgznfXu6n5ULQ75GMLRZXMQRugpv74VZ9q1edMSSl,Dân trí,baodantridientu,https://www.facebook.com/baodantridientu,1900000,1900000,1,post,,bé ɢáɪ 15 тʜáпɢ тᴜổɪ bị ô tô ʟùɪ ᴄáп tử vong ở đồng nai,54,14,T17. TRANSPORT_INFRASTRUCTURE,T17,human_verified,manual_adjudicated,Han; Nhung; Yen,,pilot_400_final,,0.0,961,7,0,7,558,11,125,0.0,1669,1669.0,1.0,1,1,ok,46,164,1,1,1,Wednesday 20 May 2026 at 22:00,1779289200.0,2026-05-20 15:00:00,2026-05-20,15.0,Wednesday,post_created_time_unix,ok,1,1779518547,1779518547,2026-05-23 13:42:27,2026-05-23 13:42:27,1,0.0008784210526315,2.421052631578948e-05,8.631578947368421e-05,1879,0.000988947368421,1,0,708,132,576,0.0041941282204913,0.0,0.0041941282204913,0.3343319352905932,0.0065907729179149,0.0748951467944877,0.5799880167765129,0.0065907729179149,0.0,0.4092270820850809,-0.4242061114439784,1,1,,pilot_or_calibration_sample_exclude_from_test,0,,1
teamcrawl_v1,REC_001508,phuc,schema_5_new_timestamp,data/01_Raw_Data/02_Team_Crawled_Raw/Phuc/json-dantri-multipage-v7/posts_Dantri.json,posts_Dantri.json,247,pfbid026DdNqbj1wVeyxoGgkbKphNoSoy7F31GrfuqC1EshaoH9tWM2owPDxT4TtNR2KpKil,https://www.facebook.com/baodantridientu/posts/pfbid026DdNqbj1wVeyxoGgkbKphNoSoy7F31GrfuqC1EshaoH9tWM2owPDxT4TtNR2KpKil,1d1cd17b038593e3,post_id:pfbid026DdNqbj1wVeyxoGgkbKphNoSoy7F31GrfuqC1EshaoH9tWM2owPDxT4TtNR2KpKil,Dân trí,baodantridientu,https://www.facebook.com/baodantridientu,1900000,1900000,1,post,,"mỹ nêu lý do đảo ngược kế hoạch, tiếp tục nới lỏng trừng phạt với dầu nga",73,17,T16. WORLD_INTERNATIONAL,T16,human_verified,manual_adjudicated,Han; Nhung; Yen,,pilot_400_final,,0.0,154,0,12,0,0,0,0,0.0,166,166.0,1.0,1,1,ok,3,4,1,1,1,Tuesday 19 May 2026 at 16:45,1779183900.0,2026-05-19 09:45:00,2026-05-19,9.0,Tuesday,post_created_time_unix,ok,1,1779523123,1779523123,2026-05-23 14:58:43,2026-05-23 14:58:43,1,8.736842105263158e-05,1.5789473684210526e-06,2.1052631578947366e-06,173,9.105263157894737e-05,1,0,12,0,12,0.0,0.072289156626506,0.0,0.0,0.0,0.0,0.927710843373494,0.0,0.072289156626506,0.0,-0.072289156626506,1,1,,pilot_or_calibration_sample_exclude_from_test,0,,1
teamcrawl_v1,REC_001575,phuc,schema_5_new_timestamp,data/01_Raw_Data/02_Team_Crawled_Raw/Phuc/json-dantri-multipage-v7/posts_Dantri.json,posts_Dantri.json,314,pfbid0nAjsGpqSbDCCs7zS6kwtpevkcMrcpYMEtXgCiC4F4FCyVwU9vqW1dghU4yeQur3sl,https://www.facebook.com/baodantridientu/posts/pfbid0nAjsGpqSbDCCs7zS6kwtpevkcMrcpYMEtXgCiC4F4FCyVwU9vqW1dghU4yeQur3sl,75a74693902ed410,post_id:pfbid0nAjsGpqSbDCCs7zS6kwtpevkcMrcpYMEtXgCiC4F4FCyVwU9vqW1dghU4yeQur3sl,Dân trí,baodantridientu,https://www.facebook.com/baodantridientu,1900000,1900000,1,post,,hai cha con ở tphcm bị cáo buộc ᴄưỡпɢ ᴆᴏạт tiền tỷ của csgt,59,14,T03. CRIME_LAW_AND_JUSTICE,T03,human_verified,manual_adjudicated,Han; Nhung; Yen,,pilot_400_final,,0.0,454,0,474,65,0,0,0,0.0,993,993.0,1.0,1,1,ok,34,112,1,1,1,Monday 18 May 2026 at 16:15,1779095700.0,2026-05-18 09:15:00,2026-05-18,9.0,Monday,post_created_time_unix,ok,1,1779564625,1779564625,2026-05-24 02:30:25,2026-05-24 02:30:25,1,0.0005226315789473,1.7894736842105264e-05,5.894736842105264e-05,1139,0.0005994736842105,1,0,539,0,539,0.0,0.4773413897280967,0.0654582074521651,0.0,0.0,0.0,0.4572004028197381,0.0,0.4773413897280967,0.0,-0.5427995971802618,1,1,,pilot_or_calibration_sample_exclude_from_test,0,,1
teamcrawl_v1,REC_001673,phuc,schema_5_new_timestamp,data/01_Raw_Data/02_Team_Crawled_Raw/Phuc/json-dantri-multipage-v7/posts_Dantri.json,posts_Dantri.json,412,pfbid0KJ6PKau4jkUos6gTxsqaRjFt8E933HrmmFaNByitFm6yLzswdjmPumy141YEEpWil,https://www.facebook.com/baodantridientu/posts/pfbid0KJ6PKau4jkUos6gTxsqaRjFt8E933HrmmFaNByitFm6yLzswdjmPumy141YEEpWil,5d31dbc0437fe752,post_id:pfbid0KJ6PKau4jkUos6gTxsqaRjFt8E933HrmmFaNByitFm6yLzswdjmPumy141YEEpWil,Dân trí,baodantridientu,https://www.facebook.com/baodantridientu,1900000,1900000,1,post,,"con trai livestream cảnh ᴄʜửɪ ʙớɪ, ᴅọɑ ᴆáпʜ mẹ ruột gây phẫn nộ",63,13,T13. HUMAN_INTEREST,T13,human_verified,manual_adjudicated,Han; Nhung; Yen,,pilot_100_additional_final,,0.0,333,0,4,7,3,68,0,0.0,415,415.0,1.0,1,1,ok,7,15,1,1,1,Saturday 16 May 2026 at 22:30,1778945400.0,2026-05-16 15:30:00,2026-05-16,15.0,Saturday,post_created_time_unix,ok,1,1779569483,1779569483,2026-05-24 03:51:23,2026-05-24 03:51:23,1,0.0002184210526315,3.6842105263157896e-06,7.894736842105263e-06,437,0.00023,1,0,82,0,82,0.0,0.0096385542168674,0.016867469879518,0.0072289156626506,0.163855421686747,0.0,0.8024096385542169,0.163855421686747,0.0096385542168674,0.0072289156626506,-0.1975903614457831,1,1,,pilot_or_calibration_sample_exclude_from_test,0,,1
teamcrawl_v1,REC_001688,phuc,schema_5_new_timestamp,data/01_Raw_Data/02_Team_Crawled_Raw/Phuc/json-dantri-multipage-v7/posts_Dantri.json,posts_Dantri.json,427,pfbid03Q2rJTftWkupVg3LY19uxFEH5fiHDiHXj5imu18o7EJz3w5PzDDwJe7pTwBcgjtrl,https://www.facebook.com/baodantridientu/posts/pfbid03Q2rJTftWkupVg3LY19uxFEH5fiHDiHXj5imu18o7EJz3w5PzDDwJe7pTwBcgjtrl,337b4c0e3500346f,post_id:pfbid03Q2rJTftWkupVg3LY19uxFEH5fiHDiHXj5imu18o7EJz3w5PzDDwJe7pTwBcgjtrl,Dân trí,baodantridientu,https://www.facebook.com/baodantridientu,1900000,1900000,1,post,,"larue đồng hành chiến lược cùng lễ hội đà nẵng food tour 2026 - “larue - tự hào hương vị văn hóa ẩm thực đà nẵng""",113,26,T02. ECONOMY_BUSINESS_AND_FINANCE,T02,human_verified,manual_adjudicated,Han; Nhung; Yen,,pilot_100_final,,0.0,91,2,0,0,0,0,0,0.0,93,93.0,1.0,1,1,ok,1,1,1,1,1,Saturday 16 May 2026 at 17:32,1778927520.0,2026-05-16 10:32:00,2026-05-16,10.0,Saturday,post_created_time_unix,ok,1,1779569639,1779569639,2026-05-24 03:53:59,2026-05-24 03:53:59,1,4.894736842105263e-05,5.263157894736842e-07,5.263157894736842e-07,95,5e-05,1,0,2,2,0,0.021505376344086,0.0,0.0,0.0,0.0,0.0,1.0,0.0,0.0,0.0,0.021505376344086,1,1,,pilot_or_calibration_sample_exclude_from_test,0,,1
teamcrawl_v1,REC_001701,phuc,schema_5_new_timestamp,data/01_Raw_Data/02_Team_Crawled_Raw/Phuc/json-dantri-multipage-v7/posts_Dantri.json,posts_Dantri.json,440,pfbid02pzZ7SqgKYtFPxQaCuwLVwcRCmCcPPUgenr4T4rQNvnzxPUP2uKo4FgppP16NWG9Bl,https://www.facebook.com/baodantridientu/posts/pfbid02pzZ7SqgKYtFPxQaCuwLVwcRCmCcPPUgenr4T4rQNvnzxPUP2uKo4FgppP16NWG9Bl,7e65666eab56a63a,post_id:pfbid02pzZ7SqgKYtFPxQaCuwLVwcRCmCcPPUgenr4T4rQNvnzxPUP2uKo4FgppP16NWG9Bl,Dân trí,baodantridientu,https://www.facebook.com/baodantridientu,1900000,1900000,1,post,,"khởi tố người lái xe jeep chạy ngược chiều, ᴅọɑ ᴆáпʜ tài xế công nghệ",69,15,T03. CRIME_LAW_AND_JUSTICE,T03,human_verified,manual_adjudicated,Han; Nhung; Yen,,pilot_100_additional_final,,0.0,295,8,24,0,0,0,0,0.0,327,327.0,1.0,1,1,ok,2,13,1,1,1,Saturday 16 May 2026 at 13:20,1778912400.0,2026-05-16 06:20:00,2026-05-16,6.0,Saturday,post_created_time_unix,ok,1,1779569781,1779569781,2026-05-24 03:56:21,2026-05-24 03:56:21,1,0.0001721052631578,1.0526315789473683e-06,6.842105263157895e-06,342,0.00018,1,0,32,8,24,0.0244648318042813,0.073394495412844,0.0,0.0,0.0,0.0,0.926605504587156,0.0,0.073394495412844,0.0,-0.0978593272171253,1,1,,pilot_or_calibration_sample_exclude_from_test,0,,1
teamcrawl_v1,REC_001799,phuc,schema_5_new_timestamp,data/01_Raw_Data/02_Team_Crawled_Raw/Phuc/json-dantri-multipage-v7/posts_Dantri.json,posts_Dantri.json,538,pfbid0D11Cc4pVCWryKb1zBXn6XP3a5o7GtARUVcyRdRMJP6nq2qXe7MaqvtHHUNakig65l,https://www.facebook.com/baodantridientu/posts/pfbid0D11Cc4pVCWryKb1zBXn6XP3a5o7GtARUVcyRdRMJP6nq2qXe7MaqvtHHUNakig65l,822a68f090fbd242,post_id:pfbid0D11Cc4pVCWryKb1zBXn6XP3a5o7GtARUVcyRdRMJP6nq2qXe7MaqvtHHUNakig65l,Dân trí,baodantridientu,https://www.facebook.com/baodantridientu,1900000,1900000,1,post,,"truy tố 3 phụ nữ vận chuyển lô vàng hơn 2,2 tỷ đồng",51,13,T03. CRIME_LAW_AND_JUSTICE,T03,human_verified,manual_adjudicated,Han; Nhung; Yen,,pilot_400_final,,0.0,233,2,2,2,0,0,0,0.0,239,239.0,1.0,1,1,ok,9,4,1,1,1,Thursday 14 May 2026 at 20:00,1778763600.0,2026-05-14 13:00:00,2026-05-14,13.0,Thursday,post_created_time_unix,ok,1,1779590381,1779590381,2026-05-24 09:39:41,2026-05-24 09:39:41,1,0.0001257894736842,4.736842105263158e-06,2.1052631578947366e-06,252,0.0001326315789473,1,0,6,2,4,0.00836820083682,0.00836820083682,0.00836820083682,0.0,0.0,0.0,0.9832635983263598,0.0,0.00836820083682,0.0,-0.0251046025104602,1,1,,pilot_or_calibration_sample_exclude_from_test,0,,1
teamcrawl_v1,REC_001801,phuc,schema_5_new_timestamp,data/01_Raw_Data/02_Team_Crawled_Raw/Phuc/json-dantri-multipage-v7/posts_Dantri.json,posts_Dantri.json,540,pfbid02DMXy6woxJQXMqk276Mj65r86PADczyawNHLmKAg1oAgT3mEZEp5phPKsQxqc5dnzl,https://www.facebook.com/baodantridientu/posts/pfbid02DMXy6woxJQXMqk276Mj65r86PADczyawNHLmKAg1oAgT3mEZEp5phPKsQxqc5dnzl,b3056d9415916556,post_id:pfbid02DMXy6woxJQXMqk276Mj65r86PADczyawNHLmKAg1oAgT3mEZEp5phPKsQxqc5dnzl,Dân trí,baodantridientu,https://www.facebook.com/baodantridientu,1900000,1900000,1,post,,khởi tố kẻ tuồn hơn 10 tấn cà phê giả từ bắp và đậu nành ra thị trường,70,18,T03. CRIME_LAW_AND_JUSTICE,T03,human_verified,manual_adjudicated,Han; Nhung; Yen,,pilot_400_final,,0.0,454,3,15,6,5,12,0,0.0,495,495.0,1.0,1,1,ok,42,25,1,1,1,Thursday 14 May 2026 at 19:20,1778761200.0,2026-05-14 12:20:00,2026-05-14,12.0,Thursday,post_created_time_unix,ok,1,1779590401,1779590401,2026-05-24 09:40:01,2026-05-24 09:40:01,1,0.0002605263157894,2.2105263157894736e-05,1.3157894736842106e-05,562,0.0002957894736842,1,0,41,3,38,0.006060606060606,0.0303030303030303,0.0121212121212121,0.0101010101010101,0.0242424242424242,0.0,0.9232323232323232,0.0242424242424242,0.0303030303030303,0.0101010101010101,-0.0828282828282828,1,1,,pilot_or_calibration_sample_exclude_from_test,0,,1
teamcrawl_v1,REC_001880,phuc,schema_5_new_timestamp,data/01_Raw_Data/02_Team_Crawled_Raw/Phuc/json-dantri-multipage-v7/posts_Dantri.json,posts_Dantri.json,619,pfbid02YcD2HDyWswfRXe2QfbmzztNDw4nqzqVrziBRenfyWpopDffKs5fXh5xvYeHUecpBl,https://www.facebook.com/baodantridientu/posts/pfbid02YcD2HDyWswfRXe2QfbmzztNDw4nqzqVrziBRenfyWpopDffKs5fXh5xvYeHUecpBl,5580fe8b9d9aa668,post_id:pfbid02YcD2HDyWswfRXe2QfbmzztNDw4nqzqVrziBRenfyWpopDffKs5fXh5xvYeHUecpBl,Dân trí,baodantridientu,https://www.facebook.com/baodantridientu,1900000,1900000,1,post,,"cục trưởng thi hành án kể về “yêu cầu sống còn"" và những sức ép lớn",67,16,T01. POLITICS,T01,human_verified,manual_adjudicated,Han; Nhung; Yen,,pilot_400_final,,0.0,139,0,4,0,0,0,0,0.0,143,143.0,1.0,1,1,ok,5,6,1,1,1,Wednesday 13 May 2026 at 17:41,1778668860.0,2026-05-13 10:41:00,2026-05-13,10.0,Wednesday,post_created_time_unix,ok,1,1779609412,1779609412,2026-05-24 14:56:52,2026-05-24 14:56:52,1,7.526315789473684e-05,2.631578947368421e-06,3.157894736842105e-06,154,8.105263157894737e-05,1,0,4,0,4,0.0,0.0279720279720279,0.0,0.0,0.0,0.0,0.972027972027972,0.0,0.0279720279720279,0.0,-0.0279720279720279,1,1,,pilot_or_calibration_sample_exclude_from_test,0,,1
teamcrawl_v1,REC_001892,phuc,schema_5_new_timestamp,data/01_Raw_Data/02_Team_Crawled_Raw/Phuc/json-dantri-multipage-v7/posts_Dantri.json,posts_Dantri.json,631,pfbid02NL92w4dbqZReMexCgTPWqMJX14xjFPAHteKYefNrCNUN2xS5njJKeVWcZLqQZEmnl,https://www.facebook.com/baodantridientu/posts/pfbid02NL92w4dbqZReMexCgTPWqMJX14xjFPAHteKYefNrCNUN2xS5njJKeVWcZLqQZEmnl,6d88fb5f57942061,post_id:pfbid02NL92w4dbqZReMexCgTPWqMJX14xjFPAHteKYefNrCNUN2xS5njJKeVWcZLqQZEmnl,Dân trí,baodantridientu,https://www.facebook.com/baodantridientu,1900000,1900000,1,post,,"bă't co'c người đàn ông trung quốc ở tphcm, e'p chuyển hơn 125 tỷ đồng",70,15,T03. CRIME_LAW_AND_JUSTICE,T03,human_verified,manual_adjudicated,Han; Nhung; Yen,,pilot_400_final,,0.0,216,0,4,6,0,2,0,0.0,228,228.0,1.0,1,1,ok,6,3,1,1,1,Wednesday 13 May 2026 at 15:04,1778659440.0,2026-05-13 08:04:00,2026-05-13,8.0,Wednesday,post_created_time_unix,ok,1,1779609516,1779609516,2026-05-24 14:58:36,2026-05-24 14:58:36,1,0.00012,3.157894736842105e-06,1.5789473684210526e-06,237,0.0001247368421052,1,0,12,0,12,0.0,0.0175438596491228,0.0263157894736842,0.0,0.0087719298245614,0.0,0.9473684210526316,0.0087719298245614,0.0175438596491228,0.0,-0.0526315789473684,1,1,,pilot_or_calibration_sample_exclude_from_test,0,,1
teamcrawl_v1,REC_001923,phuc,schema_5_new_timestamp,data/01_Raw_Data/02_Team_Crawled_Raw/Phuc/json-dantri-multipage-v7/posts_Dantri.json,posts_Dantri.json,662,pfbid035WtiTFb7uTXQYyvQeRCQ2YRKzUur6dScmxnL2t6CfVbZL5JCgqi5s2jv4RLiCfMxl,https://www.facebook.com/baodantridientu/posts/pfbid035WtiTFb7uTXQYyvQeRCQ2YRKzUur6dScmxnL2t6CfVbZL5JCgqi5s2jv4RLiCfMxl,3a7baba061f26a54,post_id:pfbid035WtiTFb7uTXQYyvQeRCQ2YRKzUur6dScmxnL2t6CfVbZL5JCgqi5s2jv4RLiCfMxl,Dân trí,baodantridientu,https://www.facebook.com/baodantridientu,1900000,1900000,1,post,,ninh bình: khởi tố 2 đối tượng làm giả 8 bộ hồ sơ mua nhà ở xã hội,66,18,T03. CRIME_LAW_AND_JUSTICE,T03,human_verified,manual_adjudicated,Han; Nhung; Yen,,pilot_100_additional_final,,0.0,181,3,0,2,0,0,0,0.0,186,186.0,1.0,1,1,ok,10,7,1,1,1,Wednesday 13 May 2026 at 06:30,1778628600.0,2026-05-12 23:30:00,2026-05-12,23.0,Tuesday,post_created_time_unix,ok,1,1779609782,1779609782,2026-05-24 15:03:02,2026-05-24 15:03:02,1,9.789473684210526e-05,5.263157894736842e-06,3.6842105263157896e-06,203,0.0001068421052631,1,0,5,3,2,0.0161290322580645,0.0,0.010752688172043,0.0,0.0,0.0,0.989247311827957,0.0,0.0,0.0,0.0268817204301075,1,1,,pilot_or_calibration_sample_exclude_from_test,0,,1
teamcrawl_v1,REC_002014,phuc,schema_5_new_timestamp,data/01_Raw_Data/02_Team_Crawled_Raw/Phuc/json-dantri-multipage-v7/posts_Dantri.json,posts_Dantri.json,753,942796585242013,https://www.facebook.com/reel/942796585242013,c381b41f00b47c7f,post_id:942796585242013,Dân trí,baodantridientu,https://www.facebook.com/baodantridientu,1900000,1900000,1,reel,,"pháo hoa ""cầu vồng"" trên bầu trời hải phòng gây sốt vì đẹp siêu thực tối 8/5, lễ khai mạc lễ hội hoa phượng đỏ - hải phòng 2026 diễn ra với màn bắn pháo hoa quy mô lớn tại khu vực trung tâm chính trị - hành chính thành phố. trong đó, khoảnh khắc những dải pháo khói màu kết hợp ánh sáng tạo hiệu ứng giống “cầu vồng phát sáng” trên bầu trời nhanh chóng gây sốt trên nhiều nền tảng mạng xã hội. không ít du khách và người dân bày tỏ sự bất ngờ trước khung cảnh được nhận xét đẹp siêu thực, giống những đại cảnh trong phim điện ảnh. nguồn video: vũ cường.",553,119,T10. ARTS_CULTURE_ENTERTAINMENT_AND_MEDIA,T10,human_verified,manual_adjudicated,Han; Nhung; Yen,,pilot_400_final,,0.0,726,35,5,3,0,0,2,0.0,771,771.0,1.0,1,1,ok,23,17,1,1,1,Sunday 10 May 2026 at 18:20,1778412000.0,2026-05-10 11:20:00,2026-05-10,11.0,Sunday,post_created_time_unix,ok,1,1779630593,1779630593,2026-05-24 20:49:53,2026-05-24 20:49:53,1,0.0004057894736842,1.2105263157894735e-05,8.947368421052632e-06,811,0.0004268421052631,1,0,45,37,8,0.0453955901426718,0.0064850843060959,0.0038910505836575,0.0,0.0,0.0025940337224383,0.987029831387808,0.0,0.0064850843060959,0.0025940337224383,0.0583657587548638,1,1,,pilot_or_calibration_sample_exclude_from_test,0,,1
teamcrawl_v1,REC_002054,phuc,schema_5_new_timestamp,data/01_Raw_Data/02_Team_Crawled_Raw/Phuc/json-dantri-multipage-v7/posts_Dantri.json,posts_Dantri.json,793,pfbid0BdwGta2ku4MEq31f2Ygcr2ziyesvnG6R5ZUDCHwscFkKPF5Vw183dfSDD9GDQSm9l,https://www.facebook.com/baodantridientu/posts/pfbid0BdwGta2ku4MEq31f2Ygcr2ziyesvnG6R5ZUDCHwscFkKPF5Vw183dfSDD9GDQSm9l,c3724049582e3494,post_id:pfbid0BdwGta2ku4MEq31f2Ygcr2ziyesvnG6R5ZUDCHwscFkKPF5Vw183dfSDD9GDQSm9l,Dân trí,baodantridientu,https://www.facebook.com/baodantridientu,1900000,1900000,1,post,,"công an cảnh báo thủ đoạn iừɑ ""nâng điểm, bao đỗ tốt nghiệp"" trong kỳ thi",73,16,T03. CRIME_LAW_AND_JUSTICE,T03,human_verified,manual_adjudicated,Han; Nhung; Yen,,pilot_100_final,,0.0,96,0,0,0,0,0,0,0.0,96,96.0,1.0,1,1,ok,4,1,1,1,1,Sunday 10 May 2026 at 19:40,1778416800.0,2026-05-10 12:40:00,2026-05-10,12.0,Sunday,post_created_time_unix,ok,1,1779631983,1779631983,2026-05-24 21:13:03,2026-05-24 21:13:03,1,5.052631578947368e-05,2.1052631578947366e-06,5.263157894736842e-07,101,5.31578947368421e-05,1,0,0,0,0,0.0,0.0,0.0,0.0,0.0,0.0,1.0,0.0,0.0,0.0,0.0,1,1,,pilot_or_calibration_sample_exclude_from_test,0,,1
teamcrawl_v1,REC_002083,phuc,schema_5_new_timestamp,data/01_Raw_Data/02_Team_Crawled_Raw/Phuc/json-dantri-multipage-v7/posts_Dantri.json,posts_Dantri.json,822,pfbid036xDhXtTAFar7SsKvK2FJoeHidrXM3g1fKtbkivNugRHpYAiC5xwHjCTSXbFTDewol,https://www.facebook.com/baodantridientu/posts/pfbid036xDhXtTAFar7SsKvK2FJoeHidrXM3g1fKtbkivNugRHpYAiC5xwHjCTSXbFTDewol,4a6e1df536342c2b,post_id:pfbid036xDhXtTAFar7SsKvK2FJoeHidrXM3g1fKtbkivNugRHpYAiC5xwHjCTSXbFTDewol,Dân trí,baodantridientu,https://www.facebook.com/baodantridientu,1900000,1900000,1,post,,xe máy cháy ngùn ngụt trên cầu giờ cao điểm ở tphcm,51,12,T09. DISASTER_ACCIDENT_AND_EMERGENCY_INCIDENT,T09,human_verified,manual_adjudicated,Han; Nhung; Yen,,pilot_400_final,,0.0,153,0,0,5,3,0,0,0.0,161,161.0,1.0,1,1,ok,1,2,1,1,1,Friday 8 May 2026 at 20:40,1778247600.0,2026-05-08 13:40:00,2026-05-08,13.0,Friday,post_created_time_unix,ok,1,1779632334,1779632334,2026-05-24 21:18:54,2026-05-24 21:18:54,1,8.473684210526316e-05,5.263157894736842e-07,1.0526315789473683e-06,164,8.631578947368421e-05,1,0,8,0,8,0.0,0.0,0.031055900621118,0.0186335403726708,0.0,0.0,0.9503105590062112,0.0,0.0,0.0186335403726708,-0.0496894409937888,1,1,,pilot_or_calibration_sample_exclude_from_test,0,,1
teamcrawl_v1,REC_002097,phuc,schema_5_new_timestamp,data/01_Raw_Data/02_Team_Crawled_Raw/Phuc/json-dantri-multipage-v7/posts_Dantri.json,posts_Dantri.json,836,pfbid036fQEagDsHFjVrB2crgf75fGCJDx7LGJPuKGH3qqLK9HjUZb8b46aS5JcPAuVvg46l,https://www.facebook.com/baodantridientu/posts/pfbid036fQEagDsHFjVrB2crgf75fGCJDx7LGJPuKGH3qqLK9HjUZb8b46aS5JcPAuVvg46l,09adf402e4f66c0b,post_id:pfbid036fQEagDsHFjVrB2crgf75fGCJDx7LGJPuKGH3qqLK9HjUZb8b46aS5JcPAuVvg46l,Dân trí,baodantridientu,https://www.facebook.com/baodantridientu,1900000,1900000,1,post,,"đôi vợ chồng ra mỹ đình bắt xe, bị xe ôm iừa đưa đi nơi khác ԁọa lấy tiền",73,19,T03. CRIME_LAW_AND_JUSTICE,T03,human_verified,manual_adjudicated,Han; Nhung; Yen,,pilot_400_final,,0.0,946,3,0,6,8,130,0,0.0,1093,1093.0,1.0,1,1,ok,7,73,1,1,1,Friday 8 May 2026 at 09:48,1778208480.0,2026-05-08 02:48:00,2026-05-08,2.0,Friday,post_created_time_unix,ok,1,1779632538,1779632538,2026-05-24 21:22:18,2026-05-24 21:22:18,1,0.0005752631578947,3.6842105263157896e-06,3.842105263157895e-05,1173,0.0006173684210526,1,0,147,3,144,0.0027447392497712,0.0,0.0054894784995425,0.0073193046660567,0.1189387008234217,0.0,0.868252516010979,0.1189387008234217,0.0,0.0073193046660567,-0.1344922232387923,1,1,,pilot_or_calibration_sample_exclude_from_test,0,,1
teamcrawl_v1,REC_002127,phuc,schema_5_new_timestamp,data/01_Raw_Data/02_Team_Crawled_Raw/Phuc/json-dantri-multipage-v7/posts_Dantri.json,posts_Dantri.json,866,pfbid02Z9mdM2jV22ozTsDL7ufQVi9TSUrk4mnEEiLzQocdkVf1dNnqXAjXBstrN2C6SChkl,https://www.facebook.com/baodantridientu/posts/pfbid02Z9mdM2jV22ozTsDL7ufQVi9TSUrk4mnEEiLzQocdkVf1dNnqXAjXBstrN2C6SChkl,193ebe8283a0197b,post_id:pfbid02Z9mdM2jV22ozTsDL7ufQVi9TSUrk4mnEEiLzQocdkVf1dNnqXAjXBstrN2C6SChkl,Dân trí,baodantridientu,https://www.facebook.com/baodantridientu,1900000,1900000,1,post,,"trao giấy khai sinh cho em bé ở tphcm bị mẹ và ""cha dượng"" b*o h*`nh",68,16,T12. SOCIETY,T12,human_verified,manual_adjudicated,Han; Nhung; Yen,,pilot_100_final,,0.0,691,53,0,0,3,0,61,0.0,808,808.0,1.0,1,1,ok,7,14,1,1,1,Monday 11 May 2026 at 20:00,1778504400.0,2026-05-11 13:00:00,2026-05-11,13.0,Monday,post_created_time_unix,ok,1,1779634317,1779634317,2026-05-24 21:51:57,2026-05-24 21:51:57,1,0.0004252631578947,3.6842105263157896e-06,7.368421052631579e-06,829,0.0004363157894736,1,0,117,114,3,0.0655940594059406,0.0,0.0,0.0037128712871287,0.0,0.0754950495049504,0.9207920792079208,0.0,0.0,0.0792079207920792,0.1448019801980198,1,1,,pilot_or_calibration_sample_exclude_from_test,0,,1
teamcrawl_v1,REC_002139,phuc,schema_5_new_timestamp,data/01_Raw_Data/02_Team_Crawled_Raw/Phuc/json-dantri-multipage-v7/posts_Dantri.json,posts_Dantri.json,878,pfbid0UXzGBK2G5yJn8TvhbwjDefC34wZEbXoRevvFQijjgDJDcubTrRvw2vh6NbdT5qV3l,https://www.facebook.com/baodantridientu/posts/pfbid0UXzGBK2G5yJn8TvhbwjDefC34wZEbXoRevvFQijjgDJDcubTrRvw2vh6NbdT5qV3l,f305156133b7dbd1,post_id:pfbid0UXzGBK2G5yJn8TvhbwjDefC34wZEbXoRevvFQijjgDJDcubTrRvw2vh6NbdT5qV3l,Dân trí,baodantridientu,https://www.facebook.com/baodantridientu,1900000,1900000,1,post,,"bán thực phẩm giả, giám đốc herbitech bị cáo buộc rửa tiền bằng đất",67,14,T03. CRIME_LAW_AND_JUSTICE,T03,human_verified,manual_adjudicated,Han; Nhung; Yen,,pilot_400_final,,0.0,445,5,16,0,0,2,0,0.0,468,468.0,1.0,1,1,ok,15,10,1,1,1,Monday 11 May 2026 at 08:20,1778462400.0,2026-05-11 01:20:00,2026-05-11,1.0,Monday,post_created_time_unix,ok,1,1779634467,1779634467,2026-05-24 21:54:27,2026-05-24 21:54:27,1,0.0002463157894736,7.894736842105263e-06,5.263157894736842e-06,493,0.0002594736842105,1,0,23,5,18,0.0106837606837606,0.0341880341880341,0.0,0.0,0.0042735042735042,0.0,0.9615384615384616,0.0042735042735042,0.0341880341880341,0.0,-0.0491452991452991,1,1,,pilot_or_calibration_sample_exclude_from_test,0,,1
teamcrawl_v1,REC_002157,phuc,schema_5_new_timestamp,data/01_Raw_Data/02_Team_Crawled_Raw/Phuc/json-dantri-multipage-v7/posts_Dantri.json,posts_Dantri.json,896,pfbid0zpdd9zJ358qbK4b9ZWYFLZLRf55FAWXKwEXd1RhbMUpJ6yZ1ir8xMm8dFQMzZ7M4l,https://www.facebook.com/baodantridientu/posts/pfbid0zpdd9zJ358qbK4b9ZWYFLZLRf55FAWXKwEXd1RhbMUpJ6yZ1ir8xMm8dFQMzZ7M4l,2bc2bc164108d39f,post_id:pfbid0zpdd9zJ358qbK4b9ZWYFLZLRf55FAWXKwEXd1RhbMUpJ6yZ1ir8xMm8dFQMzZ7M4l,Dân trí,baodantridientu,https://www.facebook.com/baodantridientu,1900000,1900000,1,post,,đồng nai sắp xây cầu 6 làn xe nối tphcm,39,10,T17. TRANSPORT_INFRASTRUCTURE,T17,human_verified,manual_adjudicated,Han; Nhung; Yen,,pilot_100_final,,0.0,143,5,0,0,0,0,0,0.0,148,148.0,1.0,1,1,ok,4,2,1,1,1,Saturday 9 May 2026 at 15:32,1778315520.0,2026-05-09 08:32:00,2026-05-09,8.0,Saturday,post_created_time_unix,ok,1,1779634686,1779634686,2026-05-24 21:58:06,2026-05-24 21:58:06,1,7.789473684210526e-05,2.1052631578947366e-06,1.0526315789473683e-06,154,8.105263157894737e-05,1,0,5,5,0,0.0337837837837837,0.0,0.0,0.0,0.0,0.0,1.0,0.0,0.0,0.0,0.0337837837837837,1,1,,pilot_or_calibration_sample_exclude_from_test,0,,1
teamcrawl_v1,REC_002184,phuc,schema_5_new_timestamp,data/01_Raw_Data/02_Team_Crawled_Raw/Phuc/json-dantri-multipage-v7/posts_Dantri.json,posts_Dantri.json,923,pfbid02rXnAdewHsG1xMvtpiGtGc6ZDorNAkgGAsP4nr86uF4PkP8EY8uRMHRFxDXLKnMExl,https://www.facebook.com/baodantridientu/posts/pfbid02rXnAdewHsG1xMvtpiGtGc6ZDorNAkgGAsP4nr86uF4PkP8EY8uRMHRFxDXLKnMExl,667149c6df1c0d3f,post_id:pfbid02rXnAdewHsG1xMvtpiGtGc6ZDorNAkgGAsP4nr86uF4PkP8EY8uRMHRFxDXLKnMExl,Dân trí,baodantridientu,https://www.facebook.com/baodantridientu,1900000,1900000,1,post,,"sắp giao chỉ tiêu tăng trưởng cho từng địa phương, doanh nghiệp nhà nước",72,14,T02. ECONOMY_BUSINESS_AND_FINANCE,T02,human_verified,manual_adjudicated,Han; Nhung; Yen,,pilot_400_final,,0.0,300,7,42,0,0,0,0,0.0,349,349.0,1.0,1,1,ok,5,7,1,1,1,Thursday 7 May 2026 at 22:00,1778166000.0,2026-05-07 15:00:00,2026-05-07,15.0,Thursday,post_created_time_unix,ok,1,1779635126,1779635126,2026-05-24 22:05:26,2026-05-24 22:05:26,1,0.0001836842105263,2.631578947368421e-06,3.6842105263157896e-06,361,0.00019,1,0,49,7,42,0.0200573065902578,0.1203438395415472,0.0,0.0,0.0,0.0,0.8796561604584527,0.0,0.1203438395415472,0.0,-0.1404011461318051,1,1,,pilot_or_calibration_sample_exclude_from_test,0,,1
teamcrawl_v1,REC_002214,phuc,schema_5_new_timestamp,data/01_Raw_Data/02_Team_Crawled_Raw/Phuc/json-dantri-multipage-v7/posts_Dantri.json,posts_Dantri.json,953,pfbid0H15NVyGfpnQTnxzzPmbqkGBtoBPJESwctgH83ic7ANwgLjK3c7Jnm2h9jtt3gVmJl,https://www.facebook.com/baodantridientu/posts/pfbid0H15NVyGfpnQTnxzzPmbqkGBtoBPJESwctgH83ic7ANwgLjK3c7Jnm2h9jtt3gVmJl,ea5b7140dd525279,post_id:pfbid0H15NVyGfpnQTnxzzPmbqkGBtoBPJESwctgH83ic7ANwgLjK3c7Jnm2h9jtt3gVmJl,Dân trí,baodantridientu,https://www.facebook.com/baodantridientu,1900000,1900000,1,post,,"chủ nhà hàng lên tiếng việc đổi tôm sú thành tôm thẻ, nhân viên to tiếng",72,16,T13. HUMAN_INTEREST,T13,human_verified,manual_adjudicated,Han; Nhung; Yen,,pilot_100_additional_final,,0.0,131,3,5,0,0,2,0,0.0,141,141.0,1.0,1,1,ok,4,5,1,1,1,Monday 4 May 2026 at 16:15,1777886100.0,2026-05-04 09:15:00,2026-05-04,9.0,Monday,post_created_time_unix,ok,1,1779636285,1779636285,2026-05-24 22:24:45,2026-05-24 22:24:45,1,7.421052631578948e-05,2.1052631578947366e-06,2.631578947368421e-06,150,7.894736842105263e-05,1,0,10,3,7,0.0212765957446808,0.0354609929078014,0.0,0.0,0.0141843971631205,0.0,0.950354609929078,0.0141843971631205,0.0354609929078014,0.0,-0.0709219858156028,1,1,,pilot_or_calibration_sample_exclude_from_test,0,,1
teamcrawl_v1,REC_002257,phuc,schema_5_new_timestamp,data/01_Raw_Data/02_Team_Crawled_Raw/Phuc/json-dantri-multipage-v7/posts_Dantri.json,posts_Dantri.json,996,pfbid02YMFGGhDVXm5D64FefuU8tCc3Lxu36JMK5mE3S37PBLbai4cQZii8hpZehkiEXFe9l,https://www.facebook.com/baodantridientu/posts/pfbid02YMFGGhDVXm5D64FefuU8tCc3Lxu36JMK5mE3S37PBLbai4cQZii8hpZehkiEXFe9l,b5ee12f83a0f271e,post_id:pfbid02YMFGGhDVXm5D64FefuU8tCc3Lxu36JMK5mE3S37PBLbai4cQZii8hpZehkiEXFe9l,Dân trí,baodantridientu,https://www.facebook.com/baodantridientu,1900000,1900000,1,post,,"quán ăn đặc biệt ở cần thơ: cứ đến là ăn, thanh toán bằng nụ cười",65,16,T13. HUMAN_INTEREST,T13,human_verified,manual_adjudicated,Han; Nhung; Yen,,pilot_400_final,,0.0,404,45,0,2,0,0,7,0.0,458,458.0,1.0,1,1,ok,10,12,1,1,1,Friday 8 May 2026 at 18:40,1778240400.0,2026-05-08 11:40:00,2026-05-08,11.0,Friday,post_created_time_unix,ok,1,1779639100,1779639100,2026-05-24 23:11:40,2026-05-24 23:11:40,1,0.0002410526315789,5.263157894736842e-06,6.31578947368421e-06,480,0.0002526315789473,1,0,54,52,2,0.0982532751091703,0.0,0.0043668122270742,0.0,0.0,0.0152838427947598,0.980349344978166,0.0,0.0,0.0152838427947598,0.1179039301310043,1,1,,pilot_or_calibration_sample_exclude_from_test,0,,1
teamcrawl_v1,REC_002271,phuc,schema_5_new_timestamp,data/01_Raw_Data/02_Team_Crawled_Raw/Phuc/json-vnexpress-multipage-v7/posts_VnExpress_net.json,posts_VnExpress_net.json,10,pfbid02yut8MeDdQ1H84XuQGdSJPxfk5pTpPikQXbStuP1poqBH9KF2bDqFVNkgY6hxM7wsl,https://www.facebook.com/congdongvnexpress/posts/pfbid02yut8MeDdQ1H84XuQGdSJPxfk5pTpPikQXbStuP1poqBH9KF2bDqFVNkgY6hxM7wsl,e9101e447ceeb11a,post_id:pfbid02yut8MeDdQ1H84XuQGdSJPxfk5pTpPikQXbStuP1poqBH9KF2bDqFVNkgY6hxM7wsl,VnExpress.net,congdongvnexpress,https://www.facebook.com/congdongvnexpress,4700000,4700000,1,post,,tên lửa mạnh nhất thế giới starship v3 phóng thử thành công,59,12,T06. SCIENCE_AND_TECHNOLOGY,T06,human_verified,manual_adjudicated,Han; Nhung; Yen,,pilot_100_additional_final,,0.0,1082,16,8,7,0,0,3,0.0,1116,1116.0,1.0,1,1,ok,15,18,1,1,1,Saturday 23 May 2026 at 08:35,1779500100.0,2026-05-23 01:35:00,2026-05-23,1.0,Saturday,post_created_time_unix,ok,1,1779513555,1779513555,2026-05-23 12:19:15,2026-05-23 12:19:15,1,0.0002374468085106,3.191489361702128e-06,3.8297872340425535e-06,1149,0.0002444680851063,1,0,34,19,15,0.014336917562724,0.007168458781362,0.0062724014336917,0.0,0.0,0.0026881720430107,0.9838709677419356,0.0,0.007168458781362,0.0026881720430107,0.0304659498207885,1,1,,pilot_or_calibration_sample_exclude_from_test,0,,1
teamcrawl_v1,REC_002371,phuc,schema_5_new_timestamp,data/01_Raw_Data/02_Team_Crawled_Raw/Phuc/json-vnexpress-multipage-v7/posts_VnExpress_net.json,posts_VnExpress_net.json,110,pfbid036WmouRxa6nr6YPPb2cvshidxH3j6UcnpCYfjY5KSR43xhPKPNNQ1qmYA12juRXXVl,https://www.facebook.com/congdongvnexpress/posts/pfbid036WmouRxa6nr6YPPb2cvshidxH3j6UcnpCYfjY5KSR43xhPKPNNQ1qmYA12juRXXVl,79b2b7477a8b9561,post_id:pfbid036WmouRxa6nr6YPPb2cvshidxH3j6UcnpCYfjY5KSR43xhPKPNNQ1qmYA12juRXXVl,VnExpress.net,congdongvnexpress,https://www.facebook.com/congdongvnexpress,4700000,4700000,1,post,,"hoàn thành sáp nhập thôn, tổ dân phố trước 30/6",47,10,T01. POLITICS,T01,human_verified,manual_adjudicated,Han; Nhung; Yen,,pilot_100_final,,0.0,1953,28,235,18,2,4,2,0.0,2242,2242.0,1.0,1,1,ok,93,32,1,1,1,Wednesday 20 May 2026 at 23:34,1779294840.0,2026-05-20 16:34:00,2026-05-20,16.0,Wednesday,post_created_time_unix,ok,1,1779516908,1779516908,2026-05-23 13:15:08,2026-05-23 13:15:08,1,0.0004770212765957,1.97872340425532e-05,6.808510638297873e-06,2367,0.0005036170212765,1,0,289,30,259,0.0124888492417484,0.1048171275646744,0.0080285459411239,0.0008920606601248,0.0017841213202497,0.0008920606601248,0.8835860838537021,0.0017841213202497,0.1048171275646744,0.0017841213202497,-0.1289027653880463,1,1,,pilot_or_calibration_sample_exclude_from_test,0,,1
teamcrawl_v1,REC_002385,phuc,schema_5_new_timestamp,data/01_Raw_Data/02_Team_Crawled_Raw/Phuc/json-vnexpress-multipage-v7/posts_VnExpress_net.json,posts_VnExpress_net.json,124,pfbid0QFkddQsS4ZED1RfZMyCFYdwvy4KtXSqFtcFNmyUEenBVNbTaktVVYEBWBV1fJNvXl,https://www.facebook.com/congdongvnexpress/posts/pfbid0QFkddQsS4ZED1RfZMyCFYdwvy4KtXSqFtcFNmyUEenBVNbTaktVVYEBWBV1fJNvXl,f735aa6e9ced5717,post_id:pfbid0QFkddQsS4ZED1RfZMyCFYdwvy4KtXSqFtcFNmyUEenBVNbTaktVVYEBWBV1fJNvXl,VnExpress.net,congdongvnexpress,https://www.facebook.com/congdongvnexpress,4700000,4700000,1,post,,đường huyết tăng vọt sau 10 ngày ăn trái cây giảm cân,64,13,T04. HEALTH,T04,human_verified,manual_adjudicated,Han; Nhung; Yen,,pilot_100_final,,0.0,738,6,205,16,3,0,2,0.0,970,970.0,1.0,1,1,ok,50,27,1,1,1,Wednesday 20 May 2026 at 20:00,1779282000.0,2026-05-20 13:00:00,2026-05-20,13.0,Wednesday,post_created_time_unix,ok,1,1779517022,1779517022,2026-05-23 13:17:02,2026-05-23 13:17:02,1,0.0002063829787234,1.0638297872340426e-05,5.74468085106383e-06,1047,0.0002227659574468,1,0,232,8,224,0.0061855670103092,0.211340206185567,0.0164948453608247,0.0030927835051546,0.0,0.002061855670103,0.7670103092783506,0.0,0.211340206185567,0.0051546391752577,-0.2391752577319587,1,1,,pilot_or_calibration_sample_exclude_from_test,0,,1
teamcrawl_v1,REC_002393,phuc,schema_5_new_timestamp,data/01_Raw_Data/02_Team_Crawled_Raw/Phuc/json-vnexpress-multipage-v7/posts_VnExpress_net.json,posts_VnExpress_net.json,132,pfbid0YQQxyKivD3JNMptk2Auvq8sqNX4zTmxQQxFD55yK8LSRDy7CeeGWWSfbBvBTSBq3l,https://www.facebook.com/congdongvnexpress/posts/pfbid0YQQxyKivD3JNMptk2Auvq8sqNX4zTmxQQxFD55yK8LSRDy7CeeGWWSfbBvBTSBq3l,edceee3c0508bfba,post_id:pfbid0YQQxyKivD3JNMptk2Auvq8sqNX4zTmxQQxFD55yK8LSRDy7CeeGWWSfbBvBTSBq3l,VnExpress.net,congdongvnexpress,https://www.facebook.com/congdongvnexpress,4700000,4700000,1,post,,nguyên bí thư bắc giang bùi văn hải 'vi phạm gây hậu quả rất nghiêm trọng',74,16,T03. CRIME_LAW_AND_JUSTICE,T03,human_verified,manual_adjudicated,Han; Nhung; Yen,,pilot_100_additional_final,,0.0,2793,21,375,63,14,18,6,0.0,3290,3290.0,1.0,1,1,ok,90,0,1,1,1,Wednesday 20 May 2026 at 17:34,1779273240.0,2026-05-20 10:34:00,2026-05-20,10.0,Wednesday,post_created_time_unix,ok,1,1779517096,1779517096,2026-05-23 13:18:16,2026-05-23 13:18:16,1,0.0007,1.914893617021277e-05,0.0,3380,0.0007191489361702,1,0,497,27,470,0.0063829787234042,0.1139817629179331,0.0191489361702127,0.0042553191489361,0.0054711246200607,0.0018237082066869,0.8553191489361702,0.0054711246200607,0.1139817629179331,0.0060790273556231,-0.151063829787234,1,1,,pilot_or_calibration_sample_exclude_from_test,0,,1
teamcrawl_v1,REC_002409,phuc,schema_5_new_timestamp,data/01_Raw_Data/02_Team_Crawled_Raw/Phuc/json-vnexpress-multipage-v7/posts_VnExpress_net.json,posts_VnExpress_net.json,148,pfbid0pAPmfT6mjN2yMizkz1LLVHHbNoDRUgjGNHorwgfdx3isMHiqKzXWEx1LzfNf9fZsl,https://www.facebook.com/congdongvnexpress/posts/pfbid0pAPmfT6mjN2yMizkz1LLVHHbNoDRUgjGNHorwgfdx3isMHiqKzXWEx1LzfNf9fZsl,a244342a12ce92f4,post_id:pfbid0pAPmfT6mjN2yMizkz1LLVHHbNoDRUgjGNHorwgfdx3isMHiqKzXWEx1LzfNf9fZsl,VnExpress.net,congdongvnexpress,https://www.facebook.com/congdongvnexpress,4700000,4700000,1,post,,cấp dưới khai bộ trưởng kim tiến 'đồng ý mới được làm' dự án,71,15,T03. CRIME_LAW_AND_JUSTICE,T03,human_verified,manual_adjudicated,Han; Nhung; Yen,,pilot_400_final,,0.0,4700,26,1000,62,23,71,7,0.0,5889,5889.0,1.0,1,1,ok,84,393,1,1,1,Wednesday 20 May 2026 at 12:50,1779256200.0,2026-05-20 05:50:00,2026-05-20,5.0,Wednesday,post_created_time_unix,ok,1,1779517240,1779517240,2026-05-23 13:20:40,2026-05-23 13:20:40,1,0.0012529787234042,1.7872340425531915e-05,8.361702127659574e-05,6366,0.0013544680851063,1,0,1189,33,1156,0.0044150110375275,0.1698081168279843,0.010528103243335,0.0039055866870436,0.0120563762947868,0.0011886568177958,0.8025131601290542,0.0120563762947868,0.1698081168279843,0.0050942435048395,-0.2019018509084734,1,1,,pilot_or_calibration_sample_exclude_from_test,0,,1
teamcrawl_v1,REC_002421,phuc,schema_5_new_timestamp,data/01_Raw_Data/02_Team_Crawled_Raw/Phuc/json-vnexpress-multipage-v7/posts_VnExpress_net.json,posts_VnExpress_net.json,160,pfbid0FVVL4CLKS3GdVpCYLMPZcK2MVzDVcp2HaQf7D9Vj4Svj6ShwTnRrEToFML1nxTBwl,https://www.facebook.com/congdongvnexpress/posts/pfbid0FVVL4CLKS3GdVpCYLMPZcK2MVzDVcp2HaQf7D9Vj4Svj6ShwTnRrEToFML1nxTBwl,5825dd1793e839c4,post_id:pfbid0FVVL4CLKS3GdVpCYLMPZcK2MVzDVcp2HaQf7D9Vj4Svj6ShwTnRrEToFML1nxTBwl,VnExpress.net,congdongvnexpress,https://www.facebook.com/congdongvnexpress,4700000,4700000,1,post,https://vnexpress.net/boc-lot-tren-youtube-5075384.html?utm_source&utm_medium=fanpage_VnE&utm_campaign=phuonguyen&utm_term=photo&fbclid=IwZXh0bgNhZW0CMTAAYnJpZBExdmJqTXJmejBMejEzeTk3dHNydGMGYXBwX2lkEDIyMjAzOTE3ODgyMDA4OTIAAR798DQvJ-j0JPvTMKalgnGaiOLbYOT_wZgB1n1_SSPT_MjDWCUBnNQFSlzQpg_aem_G2DN96T6ntY7dqAhv_nZdQ,"'khi cỗ máy content id của youtube bị trục lợi, nhiều nghệ sĩ bất lực nhìn tiền - đáng lẽ của mình - chảy vào túi kẻ khác', chia sẻ của luật sư hoàng hà",172,37,T03. CRIME_LAW_AND_JUSTICE,T03,human_verified,manual_adjudicated,Han; Nhung; Yen,,pilot_400_final,,0.0,252,4,7,3,0,0,0,0.0,266,266.0,1.0,1,1,ok,17,5,1,1,1,Tuesday 19 May 2026 at 11:05,1779163500.0,2026-05-19 04:05:00,2026-05-19,4.0,Tuesday,post_created_time_unix,ok,1,1779517350,1779517350,2026-05-23 13:22:30,2026-05-23 13:22:30,1,5.659574468085106e-05,3.617021276595745e-06,1.0638297872340429e-06,288,6.127659574468086e-05,1,0,14,4,10,0.0150375939849624,0.0263157894736842,0.0112781954887218,0.0,0.0,0.0,0.962406015037594,0.0,0.0263157894736842,0.0,-0.0526315789473684,1,1,,pilot_or_calibration_sample_exclude_from_test,0,,1
teamcrawl_v1,REC_002447,phuc,schema_5_new_timestamp,data/01_Raw_Data/02_Team_Crawled_Raw/Phuc/json-vnexpress-multipage-v7/posts_VnExpress_net.json,posts_VnExpress_net.json,186,pfbid0LjrgVo96xXW6NFkZfwfJizW8QDWsPdWAEn5haVfWhrKx867EvkcbkVyoZ8otpeuRl,https://www.facebook.com/congdongvnexpress/posts/pfbid0LjrgVo96xXW6NFkZfwfJizW8QDWsPdWAEn5haVfWhrKx867EvkcbkVyoZ8otpeuRl,6dd3bff75ede65b7,post_id:pfbid0LjrgVo96xXW6NFkZfwfJizW8QDWsPdWAEn5haVfWhrKx867EvkcbkVyoZ8otpeuRl,VnExpress.net,congdongvnexpress,https://www.facebook.com/congdongvnexpress,4700000,4700000,1,post,,"cao bằng: lũ lên bất ngờ trong đêm, cuốn xe khách trôi trăm mét",74,15,T09. DISASTER_ACCIDENT_AND_EMERGENCY_INCIDENT,T09,human_verified,manual_adjudicated,Han; Nhung; Yen,,pilot_400_final,,0.0,2330,7,4,346,808,5,114,0.0,3614,3614.0,1.0,1,1,ok,46,120,1,1,1,Sunday 17 May 2026 at 10:16,1778987760.0,2026-05-17 03:16:00,2026-05-17,3.0,Sunday,post_created_time_unix,ok,1,1779517691,1779517691,2026-05-23 13:28:11,2026-05-23 13:28:11,1,0.0007689361702127,9.787234042553192e-06,2.5531914893617025e-05,3780,0.0008042553191489,1,0,1284,121,1163,0.0019369120088544,0.0011068068622025,0.0957387935805202,0.2235749861649142,0.0013835085777531,0.0315439955727725,0.6466519092418374,0.0013835085777531,0.0011068068622025,0.2551189817376867,-0.3552850027670171,1,1,,pilot_or_calibration_sample_exclude_from_test,0,,1
teamcrawl_v1,REC_002491,phuc,schema_5_new_timestamp,data/01_Raw_Data/02_Team_Crawled_Raw/Phuc/json-vnexpress-multipage-v7/posts_VnExpress_net.json,posts_VnExpress_net.json,230,pfbid0yebQEVTLrnLckJgNnqr4hufxoYNaNvzNPeoWXtfj7UZX7xLB6bxzb4TdNRNrpajpl,https://www.facebook.com/congdongvnexpress/posts/pfbid0yebQEVTLrnLckJgNnqr4hufxoYNaNvzNPeoWXtfj7UZX7xLB6bxzb4TdNRNrpajpl,203f5d744306a726,post_id:pfbid0yebQEVTLrnLckJgNnqr4hufxoYNaNvzNPeoWXtfj7UZX7xLB6bxzb4TdNRNrpajpl,VnExpress.net,congdongvnexpress,https://www.facebook.com/congdongvnexpress,4700000,4700000,1,post,,"bà hồ thị kim ngân, phó ban quan hệ lao động, tổng liên đoàn lao động việt nam, chia sẻ không chỉ người trẻ mà nhiều lao động lớn tuổi cũng gặp hàng loạt sức ép về cường độ công việc, làm thêm giờ. môi trường lao động đang thay đổi quá nhanh do tái cấu trúc doanh nghiệp hay đòi hỏi năng suất cao. sự bùng nổ của al, doanh nghiệp chuộng ứng dụng này đôi lúc đẩy người lao động vào guồng quay công việc sâu hơn, liên tục chứ chưa chắc đã hỗ trợ hiệu quả. ""nhiều lao động phản ánh rằng làm việc trong trạng thái lo âu, căng thẳng kéo dài, luôn phải kết nối 24h/7 và về đến nhà rồi vẫn không được nghỉ ngơi mà vẫn phải nhận việc từ người quản lý giao"", bà kể. ""ngày hôm nay bạn có ổn không? là câu mỗi người lao động nên thường xuyên tự hỏi để có câu trả lời cho chính mình. những người đang kiệt sức không nên im lặng mà cần chia sẻ với bạn bè, thậm chí đồng nghiệp mà họ thực sự tin cậy, gặp chuyên gia để được tư vấn tâm lý"", bà khuyến cáo, cho biết thêm đầu tháng 5, công đoàn đã lấy ý kiến chuyên gia tâm lý về việc nhận diện sức khỏe tâm thần cho người lao động nhằm có giải pháp cho vấn đề này.",1109,244,T14. LABOR,T14,human_verified,manual_adjudicated,Han; Nhung; Yen,,pilot_400_final,,0.0,676,25,21,3,13,0,2,0.0,740,740.0,1.0,1,1,ok,97,41,1,1,1,Wednesday 13 May 2026 at 12:05,1778648700.0,2026-05-13 05:05:00,2026-05-13,5.0,Wednesday,post_created_time_unix,ok,1,1779521103,1779521103,2026-05-23 14:25:03,2026-05-23 14:25:03,1,0.0001574468085106,2.0638297872340425e-05,8.723404255319149e-06,878,0.0001868085106382,1,0,64,27,37,0.0337837837837837,0.0283783783783783,0.004054054054054,0.0175675675675675,0.0,0.0027027027027027,0.9472972972972972,0.0,0.0283783783783783,0.0202702702702702,-0.0864864864864864,1,1,,pilot_or_calibration_sample_exclude_from_test,0,,1
teamcrawl_v1,REC_002534,phuc,schema_5_new_timestamp,data/01_Raw_Data/02_Team_Crawled_Raw/Phuc/json-vnexpress-multipage-v7/posts_VnExpress_net.json,posts_VnExpress_net.json,273,pfbid03aBuU5Dq1bCu42SxTMdTA2q9oPDhnNzkRh5KHJwG8JpT7gfTc4VvWni8pGp2LthMl,https://www.facebook.com/congdongvnexpress/posts/pfbid03aBuU5Dq1bCu42SxTMdTA2q9oPDhnNzkRh5KHJwG8JpT7gfTc4VvWni8pGp2LthMl,17509a70d5a2dd9a,post_id:pfbid03aBuU5Dq1bCu42SxTMdTA2q9oPDhnNzkRh5KHJwG8JpT7gfTc4VvWni8pGp2LthMl,VnExpress.net,congdongvnexpress,https://www.facebook.com/congdongvnexpress,4700000,4700000,1,post,,"hàng xóm áy náy sau vụ bé gái 4 tuổi tử vong nghe tiếng khóc và quát tháo mỗi đêm từ nhà hàng xóm, vân anh nghĩ bé gái bị phạt vì hư, không ngờ sự im lặng của mình vô tình che giấu một bi kịch",203,48,T13. HUMAN_INTEREST,T13,human_verified,manual_adjudicated,Han; Nhung; Yen,,pilot_100_additional_final,,0.0,2618,13,6,14,919,36,61,0.0,3667,3667.0,1.0,1,1,ok,49,329,1,1,1,Friday 8 May 2026 at 16:05,1778231100.0,2026-05-08 09:05:00,2026-05-08,9.0,Friday,post_created_time_unix,ok,1,1779522097,1779522097,2026-05-23 14:41:37,2026-05-23 14:41:37,1,0.0007802127659574,1.0425531914893615e-05,7e-05,4045,0.0008606382978723,1,0,1049,74,975,0.0035451322607035,0.0016362148895554,0.0038178347422961,0.2506135805835833,0.0098172893373329,0.0166348513771475,0.7174802290700846,0.0098172893373329,0.0016362148895554,0.2672484319607308,-0.286064903190619,1,1,,pilot_or_calibration_sample_exclude_from_test,0,,1
teamcrawl_v1,REC_002548,phuc,schema_5_new_timestamp,data/01_Raw_Data/02_Team_Crawled_Raw/Phuc/json-vnexpress-multipage-v7/posts_VnExpress_net.json,posts_VnExpress_net.json,287,pfbid0dgRP2S8XLXT5C5f3wk6neFnvLmDb7Miykuu9pJHZJSoMQJooUCzEiTKp4iGxdVzdl,https://www.facebook.com/congdongvnexpress/posts/pfbid0dgRP2S8XLXT5C5f3wk6neFnvLmDb7Miykuu9pJHZJSoMQJooUCzEiTKp4iGxdVzdl,f619cd25434da062,post_id:pfbid0dgRP2S8XLXT5C5f3wk6neFnvLmDb7Miykuu9pJHZJSoMQJooUCzEiTKp4iGxdVzdl,VnExpress.net,congdongvnexpress,https://www.facebook.com/congdongvnexpress,4700000,4700000,1,post,,phó thủ tướng: sẽ sửa luật đất đai trong năm nay,59,12,T01. POLITICS,T01,human_verified,manual_adjudicated,Han; Nhung; Yen,,pilot_400_final,,0.0,2379,37,39,11,5,2,2,0.0,2475,2475.0,1.0,1,1,ok,84,0,1,1,1,Wednesday 6 May 2026 at 22:58,1778083080.0,2026-05-06 15:58:00,2026-05-06,15.0,Wednesday,post_created_time_unix,ok,1,1779522461,1779522461,2026-05-23 14:47:41,2026-05-23 14:47:41,1,0.0005265957446808,1.7872340425531915e-05,0.0,2559,0.0005444680851063,1,0,96,39,57,0.0149494949494949,0.0157575757575757,0.0044444444444444,0.002020202020202,0.0008080808080808,0.0008080808080808,0.976161616161616,0.0008080808080808,0.0157575757575757,0.0028282828282828,-0.0387878787878787,1,1,,pilot_or_calibration_sample_exclude_from_test,0,,1
teamcrawl_v1,REC_002561,phuc,schema_5_new_timestamp,data/01_Raw_Data/02_Team_Crawled_Raw/Phuc/json-vnexpress-multipage-v7/posts_VnExpress_net.json,posts_VnExpress_net.json,300,pfbid0294s12Ee2ZgEH1FM78G8GVauwji9qXSLa6djzhRQkJn52XzezdkAoFH4emDjdeVLBl,https://www.facebook.com/congdongvnexpress/posts/pfbid0294s12Ee2ZgEH1FM78G8GVauwji9qXSLa6djzhRQkJn52XzezdkAoFH4emDjdeVLBl,c1f2550511308087,post_id:pfbid0294s12Ee2ZgEH1FM78G8GVauwji9qXSLa6djzhRQkJn52XzezdkAoFH4emDjdeVLBl,VnExpress.net,congdongvnexpress,https://www.facebook.com/congdongvnexpress,4700000,4700000,1,post,,"ấn độ bắn 21 loạt đại bác chào mừng tổng bí thư, chủ tịch nước tô lâm",80,18,T01. POLITICS,T01,human_verified,manual_adjudicated,Han; Nhung; Yen,,pilot_100_final,,0.0,7444,580,58,15,0,0,34,0.0,8131,8131.0,1.0,1,1,ok,63,0,1,1,1,Wednesday 6 May 2026 at 13:51,1778050260.0,2026-05-06 06:51:00,2026-05-06,6.0,Wednesday,post_created_time_unix,ok,1,1779522618,1779522618,2026-05-23 14:50:18,2026-05-23 14:50:18,1,0.00173,1.3404255319148936e-05,0.0,8194,0.0017434042553191,1,0,687,614,73,0.0713319394908375,0.0071331939490837,0.0018447915385561,0.0,0.0,0.0041815274873939,0.9868404870249662,0.0,0.0071331939490837,0.0041815274873939,0.0844914524658713,1,1,,pilot_or_calibration_sample_exclude_from_test,0,,1
teamcrawl_v1,REC_002614,phuc,schema_5_new_timestamp,data/01_Raw_Data/02_Team_Crawled_Raw/Phuc/json-vnexpress-multipage-v7/posts_VnExpress_net.json,posts_VnExpress_net.json,353,pfbid02hxDb94izNmLtLo29ey7DAFwz5MGgQwc7CGuXoZPCHAuCuXcn5CrZav88KSsLxeGMl,https://www.facebook.com/congdongvnexpress/posts/pfbid02hxDb94izNmLtLo29ey7DAFwz5MGgQwc7CGuXoZPCHAuCuXcn5CrZav88KSsLxeGMl,84c400ee2ace1213,post_id:pfbid02hxDb94izNmLtLo29ey7DAFwz5MGgQwc7CGuXoZPCHAuCuXcn5CrZav88KSsLxeGMl,VnExpress.net,congdongvnexpress,https://www.facebook.com/congdongvnexpress,4700000,4700000,1,post,,thủ tướng lê minh hưng chủ trì lễ đón thủ tướng nhật bản takaichi sanae thăm chính thức việt nam,113,21,T01. POLITICS,T01,human_verified,manual_adjudicated,Han; Nhung; Yen,,pilot_400_final,,0.0,5412,402,17,0,0,0,15,0.0,5846,5846.0,1.0,1,1,ok,46,0,1,1,1,Saturday 2 May 2026 at 12:20,1777699200.0,2026-05-02 05:20:00,2026-05-02,5.0,Saturday,post_created_time_unix,ok,1,1779532441,1779532441,2026-05-23 17:34:01,2026-05-23 17:34:01,1,0.001243829787234,9.787234042553192e-06,0.0,5892,0.0012536170212765,1,0,434,417,17,0.0687649674991447,0.0029079712624016,0.0,0.0,0.0,0.0025658569962367,0.9945261717413616,0.0,0.0029079712624016,0.0025658569962367,0.0742387957577831,1,1,,pilot_or_calibration_sample_exclude_from_test,0,,1
teamcrawl_v1,REC_002635,phuc,schema_5_new_timestamp,data/01_Raw_Data/02_Team_Crawled_Raw/Phuc/json-vnexpress-multipage-v7/posts_VnExpress_net.json,posts_VnExpress_net.json,374,pfbid031o6LbYbMcCt57SgZB6YiTNXae3pfZdKFn3mHout6wXkNJQh76ZCtPmdPfA3NfiBTl,https://www.facebook.com/congdongvnexpress/posts/pfbid031o6LbYbMcCt57SgZB6YiTNXae3pfZdKFn3mHout6wXkNJQh76ZCtPmdPfA3NfiBTl,6a6269220d0680ed,post_id:pfbid031o6LbYbMcCt57SgZB6YiTNXae3pfZdKFn3mHout6wXkNJQh76ZCtPmdPfA3NfiBTl,VnExpress.net,congdongvnexpress,https://www.facebook.com/congdongvnexpress,4700000,4700000,1,post,,uae rời opec,23,4,T16. WORLD_INTERNATIONAL,T16,human_verified,manual_adjudicated,Han; Nhung; Yen,,pilot_100_additional_final,,0.0,2814,10,331,76,7,0,3,0.0,3241,3241.0,1.0,1,1,ok,30,25,1,1,1,Tuesday 28 April 2026 at 21:31,1777386660.0,2026-04-28 14:31:00,2026-04-28,14.0,Tuesday,post_created_time_unix,ok,1,1779559326,1779559326,2026-05-24 01:02:06,2026-05-24 01:02:06,1,0.0006895744680851,6.382978723404256e-06,5.319148936170213e-06,3296,0.0007012765957446,1,0,427,13,414,0.0030854674483184,0.1021289725393397,0.0234495526072199,0.0021598272138228,0.0,0.0009256402344955,0.8713360074051218,0.0,0.1021289725393397,0.0030854674483184,-0.1317494600431965,1,1,,pilot_or_calibration_sample_exclude_from_test,0,,1
teamcrawl_v1,REC_002639,phuc,schema_5_new_timestamp,data/01_Raw_Data/02_Team_Crawled_Raw/Phuc/json-vnexpress-multipage-v7/posts_VnExpress_net.json,posts_VnExpress_net.json,378,pfbid0FQuGYSzgbndSv5DUaoXYP7WmMznwu6pfue6HN82TaXJjfAro4BX1RXkxFTRxfiQjl,https://www.facebook.com/congdongvnexpress/posts/pfbid0FQuGYSzgbndSv5DUaoXYP7WmMznwu6pfue6HN82TaXJjfAro4BX1RXkxFTRxfiQjl,d4b2faca649b0dbe,post_id:pfbid0FQuGYSzgbndSv5DUaoXYP7WmMznwu6pfue6HN82TaXJjfAro4BX1RXkxFTRxfiQjl,VnExpress.net,congdongvnexpress,https://www.facebook.com/congdongvnexpress,4700000,4700000,1,post,,"ngày 25/04/2026 vừa qua, công ty tnhh xe điện move việt nam được vinh danh top 3 thương hiệu xe điện dẫn đầu việt nam năm 2026 tại giải thưởng vietnam leading brands do liên hiệp khoa học phát triển doanh nghiệp việt nam và viện nghiên cứu kinh tế châu á tổ chức. move việt nam sở hữu hệ thống 3 nhà máy 60000m2 và 300 điểm bán toàn quốc. hiện tại hãng cung cấp chính sách bảo hành tận nhà đến 8 năm cùng loạt chính sách trợ giá với định vị: xe chất lượng - giá thành hợp lý - dịch vụ tận tâm. nguồn: move việt nam",532,113,T02. ECONOMY_BUSINESS_AND_FINANCE,T02,human_verified,manual_adjudicated,Han; Nhung; Yen,,pilot_400_final,,0.0,136,3,7,0,0,0,0,0.0,146,146.0,1.0,1,1,ok,1,7,1,1,1,Tuesday 28 April 2026 at 19:00,1777377600.0,2026-04-28 12:00:00,2026-04-28,12.0,Tuesday,post_created_time_unix,ok,1,1779559370,1779559370,2026-05-24 01:02:50,2026-05-24 01:02:50,1,3.1063829787234046e-05,2.127659574468085e-07,1.4893617021276596e-06,154,3.276595744680851e-05,1,0,10,3,7,0.0205479452054794,0.047945205479452,0.0,0.0,0.0,0.0,0.952054794520548,0.0,0.047945205479452,0.0,-0.0684931506849315,1,1,,pilot_or_calibration_sample_exclude_from_test,0,,1
teamcrawl_v1,REC_002640,phuc,schema_5_new_timestamp,data/01_Raw_Data/02_Team_Crawled_Raw/Phuc/json-vnexpress-multipage-v7/posts_VnExpress_net.json,posts_VnExpress_net.json,379,pfbid02RJuiXgd4X6NYTGtU8iJsUdbqxtgVpQZg4xT8avjuAf16UMgGP7wSLsgPH8cN1Bh7l,https://www.facebook.com/congdongvnexpress/posts/pfbid02RJuiXgd4X6NYTGtU8iJsUdbqxtgVpQZg4xT8avjuAf16UMgGP7wSLsgPH8cN1Bh7l,fa48701fc79f0d46,post_id:pfbid02RJuiXgd4X6NYTGtU8iJsUdbqxtgVpQZg4xT8avjuAf16UMgGP7wSLsgPH8cN1Bh7l,VnExpress.net,congdongvnexpress,https://www.facebook.com/congdongvnexpress,4700000,4700000,1,post,,thủ tướng nhật bản sắp thăm việt nam,47,9,T01. POLITICS,T01,human_verified,manual_adjudicated,Han; Nhung; Yen,,pilot_100_final,,0.0,3628,164,37,8,0,0,8,0.0,3845,3845.0,1.0,1,1,ok,56,0,1,1,1,Tuesday 28 April 2026 at 17:46,1777373160.0,2026-04-28 10:46:00,2026-04-28,10.0,Tuesday,post_created_time_unix,ok,1,1779559380,1779559380,2026-05-24 01:03:00,2026-05-24 01:03:00,1,0.0008180851063829,1.1914893617021277e-05,0.0,3901,0.00083,1,0,217,172,45,0.0426527958387516,0.0096228868660598,0.0020806241872561,0.0,0.0,0.0020806241872561,0.9862158647594278,0.0,0.0096228868660598,0.0020806241872561,0.0564369310793238,1,1,,pilot_or_calibration_sample_exclude_from_test,0,,1
teamcrawl_v1,REC_002641,phuc,schema_5_new_timestamp,data/01_Raw_Data/02_Team_Crawled_Raw/Phuc/json-vnexpress-multipage-v7/posts_VnExpress_net.json,posts_VnExpress_net.json,380,980271474508720,https://www.facebook.com/reel/980271474508720,328f68ad3990324e,post_id:980271474508720,VnExpress.net,congdongvnexpress,https://www.facebook.com/congdongvnexpress,4700000,4700000,1,reel,https://www.youtube.com/watch?v=1VMNzrLmBhQ&fbclid=IwZXh0bgNhZW0CMTEAc3J0YwZhcHBfaWQQMjIyMDM5MTc4ODIwMDg5MgABHvwrg__bvm6dFMNGuTtQF5dfppkOIDeZiO56OnPqEY6EQYKVdwQfNfm4FA-b_aem_3LBCIWEKwZYSsEgjtaTTrQ,"ceo dat bike: ""không có lý do để không chuyển đổi khi xe điện vận hành như xe xăng nhưng thân thiện hơn với môi trường.""",172,31,T02. ECONOMY_BUSINESS_AND_FINANCE,T02,human_verified,manual_adjudicated,Han; Nhung; Yen,,pilot_400_final,,0.0,463,10,19,0,0,0,3,0.0,495,495.0,1.0,1,1,ok,10,27,1,1,1,Tuesday 28 April 2026 at 15:02,1777363320.0,2026-04-28 08:02:00,2026-04-28,8.0,Tuesday,post_created_time_unix,ok,1,1779559393,1779559393,2026-05-24 01:03:13,2026-05-24 01:03:13,1,0.0001053191489361,2.1276595744680853e-06,5.74468085106383e-06,532,0.0001131914893617,1,0,32,13,19,0.0202020202020202,0.0383838383838383,0.0,0.0,0.0,0.006060606060606,0.9555555555555556,0.0,0.0383838383838383,0.006060606060606,-0.0646464646464646,1,1,,pilot_or_calibration_sample_exclude_from_test,0,,1
teamcrawl_v1,REC_002666,phuc,schema_5_new_timestamp,data/01_Raw_Data/02_Team_Crawled_Raw/Phuc/json-vnexpress-multipage-v7/posts_VnExpress_net.json,posts_VnExpress_net.json,405,1364702159036870,https://www.facebook.com/reel/1364702159036870,898d37a8724c4859,post_id:1364702159036870,VnExpress.net,congdongvnexpress,https://www.facebook.com/congdongvnexpress,4700000,4700000,1,reel,,biển người đổ về đền hùng sáng 10/3. video: giang huy,64,12,T10. ARTS_CULTURE_ENTERTAINMENT_AND_MEDIA,T10,human_verified,manual_adjudicated,Han; Nhung; Yen,,pilot_400_final,,0.0,12334,496,83,115,2,2,34,0.0,13066,13066.0,1.0,1,1,ok,335,218,1,1,1,Sunday 26 April 2026 at 09:08,1777169280.0,2026-04-26 02:08:00,2026-04-26,2.0,Sunday,post_created_time_unix,ok,1,1779563124,1779563124,2026-05-24 02:05:24,2026-05-24 02:05:24,1,0.00278,7.127659574468085e-05,4.638297872340425e-05,13619,0.002897659574468,1,0,732,530,202,0.0379611204653298,0.0063523649165773,0.0088014694627276,0.0001530690341343,0.0001530690341343,0.0026021735802847,0.9819378539721414,0.0001530690341343,0.0063523649165773,0.0027552426144191,0.0560232664931884,1,1,,pilot_or_calibration_sample_exclude_from_test,0,,1
teamcrawl_v1,REC_002682,phuc,schema_5_new_timestamp,data/01_Raw_Data/02_Team_Crawled_Raw/Phuc/json-vnexpress-multipage-v7/posts_VnExpress_net.json,posts_VnExpress_net.json,421,pfbid02RvHzZMA3Jxfur6rFWS5hd3rY2YSyJDeW7xwGwahuNTSFCJ9GJ8fremk5XMTixWtil,https://www.facebook.com/congdongvnexpress/posts/pfbid02RvHzZMA3Jxfur6rFWS5hd3rY2YSyJDeW7xwGwahuNTSFCJ9GJ8fremk5XMTixWtil,8d6c4387d401d0ae,post_id:pfbid02RvHzZMA3Jxfur6rFWS5hd3rY2YSyJDeW7xwGwahuNTSFCJ9GJ8fremk5XMTixWtil,VnExpress.net,congdongvnexpress,https://www.facebook.com/congdongvnexpress,4700000,4700000,1,post,,nguyễn hồng ân bị cảnh sát bắt giữ tại tp hcm sau 5 năm bỏ trốn vì hành vi thuê loa kéo của người quen rồi bán lấy 6 triệu đồng,138,32,T03. CRIME_LAW_AND_JUSTICE,T03,human_verified,manual_adjudicated,Han; Nhung; Yen,,pilot_400_final,,0.0,3000,17,1000,76,26,2,7,0.0,4128,4128.0,1.0,1,1,ok,51,104,1,1,1,Thursday 23 April 2026 at 22:34,1776958440.0,2026-04-23 15:34:00,2026-04-23,15.0,Thursday,post_created_time_unix,ok,1,1779563316,1779563316,2026-05-24 02:08:36,2026-05-24 02:08:36,1,0.0008782978723404,1.0851063829787232e-05,2.2127659574468085e-05,4283,0.0009112765957446,1,0,1128,24,1104,0.0041182170542635,0.2422480620155038,0.0184108527131782,0.0062984496124031,0.000484496124031,0.0016957364341085,0.7308624031007752,0.000484496124031,0.2422480620155038,0.0079941860465116,-0.2732558139534883,1,1,,pilot_or_calibration_sample_exclude_from_test,0,,1
teamcrawl_v1,REC_002694,phuc,schema_5_new_timestamp,data/01_Raw_Data/02_Team_Crawled_Raw/Phuc/json-vnexpress-multipage-v7/posts_VnExpress_net.json,posts_VnExpress_net.json,433,pfbid0WGTgvXjpMC25nJ1F7RzMhAGYHSShtzQFfjd1VKV72t5xco16e76uYrdwkCRoGTypl,https://www.facebook.com/congdongvnexpress/posts/pfbid0WGTgvXjpMC25nJ1F7RzMhAGYHSShtzQFfjd1VKV72t5xco16e76uYrdwkCRoGTypl,550b4f39c1c6e0bb,post_id:pfbid0WGTgvXjpMC25nJ1F7RzMhAGYHSShtzQFfjd1VKV72t5xco16e76uYrdwkCRoGTypl,VnExpress.net,congdongvnexpress,https://www.facebook.com/congdongvnexpress,4700000,4700000,1,post,,thiếu tá csgt liên quan vụ nam sinh tử nạn ở đăk lăk bị khởi tố,74,17,T03. CRIME_LAW_AND_JUSTICE,T03,human_verified,manual_adjudicated,Han; Nhung; Yen,,pilot_400_final,,0.0,10921,187,949,107,67,50,25,0.0,12306,12306.0,1.0,1,1,ok,287,0,1,1,1,Thursday 23 April 2026 at 10:03,1776913380.0,2026-04-23 03:03:00,2026-04-23,3.0,Thursday,post_created_time_unix,ok,1,1779563437,1779563437,2026-05-24 02:10:37,2026-05-24 02:10:37,1,0.0026182978723404,6.106382978723404e-05,0.0,12593,0.0026793617021276,1,0,1385,212,1173,0.0151958394279213,0.0771168535673655,0.0086949455550138,0.00544449861856,0.0040630586705672,0.0020315293352836,0.9026491142532098,0.0040630586705672,0.0771168535673655,0.0074760279538436,-0.1125467251747115,1,1,,pilot_or_calibration_sample_exclude_from_test,0,,1
teamcrawl_v1,REC_002716,phuc,schema_5_new_timestamp,data/01_Raw_Data/02_Team_Crawled_Raw/Phuc/json-vnexpress-multipage-v7/posts_VnExpress_net.json,posts_VnExpress_net.json,455,pfbid02RRu72evdw6bjx4Qep5syKGhcDjxr6Nvi2HsfSawiu4Mb373PA1YAZeMoszvqfHxql,https://www.facebook.com/congdongvnexpress/posts/pfbid02RRu72evdw6bjx4Qep5syKGhcDjxr6Nvi2HsfSawiu4Mb373PA1YAZeMoszvqfHxql,e969901cce8b2e02,post_id:pfbid02RRu72evdw6bjx4Qep5syKGhcDjxr6Nvi2HsfSawiu4Mb373PA1YAZeMoszvqfHxql,VnExpress.net,congdongvnexpress,https://www.facebook.com/congdongvnexpress,4700000,4700000,1,post,,"hệ thống tuyển sinh chung cũng đã được thiết kế để tiếp nhận nhiều nguồn dữ liệu, từ điểm thi tốt nghiệp thpt, học bạ, điểm kỳ thi độc lập đến điểm năng khiếu. khi hạ tầng đã có, việc còn thiếu là mức độ phối hợp đủ nghiêm để một kết quả thi được nhiều trường dùng hơn. làm được như vậy, trường vẫn giữ quyền tự chủ, còn thí sinh bớt phải thi lặp lại chỉ để phòng thân. góc nhìn của tác giả nguyễn thanh hưng",429,91,T05. EDUCATION,T05,human_verified,manual_adjudicated,Han; Nhung; Yen,,pilot_400_final,,0.0,75,7,6,0,0,0,0,0.0,88,88.0,1.0,1,1,ok,1,3,1,1,1,Tuesday 21 April 2026 at 11:35,1776746100.0,2026-04-21 04:35:00,2026-04-21,4.0,Tuesday,post_created_time_unix,ok,1,1779563796,1779563796,2026-05-24 02:16:36,2026-05-24 02:16:36,1,1.8723404255319148e-05,2.127659574468085e-07,6.382978723404255e-07,92,1.9574468085106384e-05,1,0,13,7,6,0.0795454545454545,0.0681818181818181,0.0,0.0,0.0,0.0,0.9318181818181818,0.0,0.0681818181818181,0.0,0.1477272727272727,1,1,,pilot_or_calibration_sample_exclude_from_test,0,,1
teamcrawl_v1,REC_002721,phuc,schema_5_new_timestamp,data/01_Raw_Data/02_Team_Crawled_Raw/Phuc/json-vnexpress-multipage-v7/posts_VnExpress_net.json,posts_VnExpress_net.json,460,pfbid0QQ42ipEJctHGvrBc5wmPYLpSRYKTwxPKdSRS4TTCBWm4inj4Ua7npXW6GYcEHpvUl,https://www.facebook.com/congdongvnexpress/posts/pfbid0QQ42ipEJctHGvrBc5wmPYLpSRYKTwxPKdSRS4TTCBWm4inj4Ua7npXW6GYcEHpvUl,1a32720df66c55fb,post_id:pfbid0QQ42ipEJctHGvrBc5wmPYLpSRYKTwxPKdSRS4TTCBWm4inj4Ua7npXW6GYcEHpvUl,VnExpress.net,congdongvnexpress,https://www.facebook.com/congdongvnexpress,4700000,4700000,1,post,,trình quốc hội quyết định ngày nghỉ lễ 24/11,55,10,T01. POLITICS,T01,human_verified,manual_adjudicated,Han; Nhung; Yen,,pilot_400_final,,0.0,3631,51,252,18,0,23,6,0.0,3981,3981.0,1.0,1,1,ok,48,0,1,1,1,Monday 20 April 2026 at 11:33,1776659580.0,2026-04-20 04:33:00,2026-04-20,4.0,Monday,post_created_time_unix,ok,1,1779563858,1779563858,2026-05-24 02:17:38,2026-05-24 02:17:38,1,0.0008470212765957,1.0212765957446808e-05,0.0,4029,0.0008572340425531,1,0,350,57,293,0.0128108515448379,0.0633006782215523,0.0045214770158251,0.0,0.0057774428535543,0.001507159005275,0.924893242903793,0.0057774428535543,0.0633006782215523,0.001507159005275,-0.0879176086410449,1,1,,pilot_or_calibration_sample_exclude_from_test,0,,1
teamcrawl_v1,REC_002724,phuc,schema_5_new_timestamp,data/01_Raw_Data/02_Team_Crawled_Raw/Phuc/json-vnexpress-multipage-v7/posts_VnExpress_net.json,posts_VnExpress_net.json,463,1638534434028643,https://www.facebook.com/reel/1638534434028643,2812d564290f300e,post_id:1638534434028643,VnExpress.net,congdongvnexpress,https://www.facebook.com/congdongvnexpress,4700000,4700000,1,reel,,"công an trích camera, truy tìm người lấy 128 triệu đồng ở cây atm",76,15,T03. CRIME_LAW_AND_JUSTICE,T03,human_verified,manual_adjudicated,Han; Nhung; Yen,,pilot_400_final,,0.0,10881,67,158,191,30,19,9,0.0,11355,11355.0,1.0,1,1,ok,321,380,1,1,1,Sunday 19 April 2026 at 23:06,1776614760.0,2026-04-19 16:06:00,2026-04-19,16.0,Sunday,post_created_time_unix,ok,1,1779563893,1779563893,2026-05-24 02:18:13,2026-05-24 02:18:13,1,0.0024159574468085,6.829787234042554e-05,8.085106382978723e-05,12056,0.0025651063829787,1,0,474,76,398,0.0059004843681197,0.0139145750770585,0.0168207837956847,0.0026420079260237,0.0016732716864817,0.0007926023778071,0.964156759136944,0.0016732716864817,0.0139145750770585,0.0034346103038309,-0.0417437252311756,1,1,,pilot_or_calibration_sample_exclude_from_test,0,,1
teamcrawl_v1,REC_002729,phuc,schema_5_new_timestamp,data/01_Raw_Data/02_Team_Crawled_Raw/Phuc/json-vnexpress-multipage-v7/posts_VnExpress_net.json,posts_VnExpress_net.json,468,pfbid0Gn5Z5PBHfi5VDmhhbV8nXm4GG3agXPaovKwCsvuXiApehy8v2yGZcqnGpJRu5jksl,https://www.facebook.com/congdongvnexpress/posts/pfbid0Gn5Z5PBHfi5VDmhhbV8nXm4GG3agXPaovKwCsvuXiApehy8v2yGZcqnGpJRu5jksl,ad1ccfeab2d6bb67,post_id:pfbid0Gn5Z5PBHfi5VDmhhbV8nXm4GG3agXPaovKwCsvuXiApehy8v2yGZcqnGpJRu5jksl,VnExpress.net,congdongvnexpress,https://www.facebook.com/congdongvnexpress,4700000,4700000,1,post,,"đề xuất giảm tuổi hưu, tăng lương tối thiểu vùng *hình minh hoạ",74,14,T14. LABOR,T14,human_verified,manual_adjudicated,Han; Nhung; Yen,,pilot_400_final,,0.0,4159,107,69,11,0,0,8,0.0,4354,4354.0,1.0,1,1,ok,75,0,1,1,1,Sunday 19 April 2026 at 18:35,1776598500.0,2026-04-19 11:35:00,2026-04-19,11.0,Sunday,post_created_time_unix,ok,1,1779563956,1779563956,2026-05-24 02:19:16,2026-05-24 02:19:16,1,0.0009263829787234,1.5957446808510637e-05,0.0,4429,0.0009423404255319,1,0,195,115,80,0.0245751033532384,0.015847496554892,0.0025264124942581,0.0,0.0,0.001837390904915,0.9797887000459348,0.0,0.015847496554892,0.001837390904915,0.0447864033073036,1,1,,pilot_or_calibration_sample_exclude_from_test,0,,1
teamcrawl_v1,REC_002739,phuc,schema_5_new_timestamp,data/01_Raw_Data/02_Team_Crawled_Raw/Phuc/json-vnexpress-multipage-v7/posts_VnExpress_net.json,posts_VnExpress_net.json,478,pfbid02Lecc65erodgfEAfYaZ8df4DBZWLiVBYAzzPvHdutWegN4B4SVierAE8ofLfM3y46l,https://www.facebook.com/congdongvnexpress/posts/pfbid02Lecc65erodgfEAfYaZ8df4DBZWLiVBYAzzPvHdutWegN4B4SVierAE8ofLfM3y46l,8ffc19d53005ab00,post_id:pfbid02Lecc65erodgfEAfYaZ8df4DBZWLiVBYAzzPvHdutWegN4B4SVierAE8ofLfM3y46l,VnExpress.net,congdongvnexpress,https://www.facebook.com/congdongvnexpress,4700000,4700000,1,post,,bộ công an đề xuất mở rộng các tội phạt tiền thay tù,63,14,T03. CRIME_LAW_AND_JUSTICE,T03,human_verified,manual_adjudicated,Han; Nhung; Yen,,pilot_400_final,,0.0,5600,79,2400,131,24,58,17,0.0,8309,8309.0,1.0,1,1,ok,164,682,1,1,1,Saturday 18 April 2026 at 10:05,1776481500.0,2026-04-18 03:05:00,2026-04-18,3.0,Saturday,post_created_time_unix,ok,1,1779564077,1779564077,2026-05-24 02:21:17,2026-05-24 02:21:17,1,0.0017678723404255,3.4893617021276594e-05,0.0001451063829787,9155,0.0019478723404255,1,0,2709,96,2613,0.0095077626669876,0.2888434227945601,0.0157660368275364,0.0028884342279456,0.0069803827175352,0.0020459742447948,0.6834757491876279,0.0069803827175352,0.2888434227945601,0.0049344084727404,-0.3260320134793597,1,1,,pilot_or_calibration_sample_exclude_from_test,0,,1
teamcrawl_v1,REC_002750,phuc,schema_5_new_timestamp,data/01_Raw_Data/02_Team_Crawled_Raw/Phuc/json-vnexpress-multipage-v7/posts_VnExpress_net.json,posts_VnExpress_net.json,489,pfbid0gGFtEVdK4QXwLUfVpmMRkS7ppJQgX7B2mHtkz12itdGvpggCpWe6Wqoc8LabDha1l,https://www.facebook.com/congdongvnexpress/posts/pfbid0gGFtEVdK4QXwLUfVpmMRkS7ppJQgX7B2mHtkz12itdGvpggCpWe6Wqoc8LabDha1l,229178e9d3d0a5d1,post_id:pfbid0gGFtEVdK4QXwLUfVpmMRkS7ppJQgX7B2mHtkz12itdGvpggCpWe6Wqoc8LabDha1l,VnExpress.net,congdongvnexpress,https://www.facebook.com/congdongvnexpress,4700000,4700000,1,post,,chủ tịch hđqt công ty nam triệu bị cáo buộc tham ô 24 tỷ đồng khi sản xuất thiết bị cho ngành công an,112,25,T03. CRIME_LAW_AND_JUSTICE,T03,human_verified,manual_adjudicated,Han; Nhung; Yen,,pilot_400_final,,0.0,2181,13,560,116,12,10,4,0.0,2896,2896.0,1.0,1,1,ok,68,0,1,1,1,Friday 17 April 2026 at 09:05,1776391500.0,2026-04-17 02:05:00,2026-04-17,2.0,Friday,post_created_time_unix,ok,1,1779564215,1779564215,2026-05-24 02:23:35,2026-05-24 02:23:35,1,0.0006161702127659,1.4468085106382978e-05,0.0,2964,0.0006306382978723,1,0,715,17,698,0.004488950276243,0.1933701657458563,0.0400552486187845,0.0041436464088397,0.0034530386740331,0.0013812154696132,0.7575966850828729,0.0034530386740331,0.1933701657458563,0.005524861878453,-0.2468922651933701,1,1,,pilot_or_calibration_sample_exclude_from_test,0,,1
teamcrawl_v1,REC_002756,phuc,schema_5_new_timestamp,data/01_Raw_Data/02_Team_Crawled_Raw/Phuc/json-vnexpress-multipage-v7/posts_VnExpress_net.json,posts_VnExpress_net.json,495,pfbid0ESLBghgXYazKuXnnXsDYEDGuPg84y8gScM14gxGGFuyoSxFUU6a1zyraKypoKUwul,https://www.facebook.com/congdongvnexpress/posts/pfbid0ESLBghgXYazKuXnnXsDYEDGuPg84y8gScM14gxGGFuyoSxFUU6a1zyraKypoKUwul,b773620124aba0dc,post_id:pfbid0ESLBghgXYazKuXnnXsDYEDGuPg84y8gScM14gxGGFuyoSxFUU6a1zyraKypoKUwul,VnExpress.net,congdongvnexpress,https://www.facebook.com/congdongvnexpress,4700000,4700000,1,post,,chưa đến thời gian cần xác thực thông tin (15/4) nhưng một số nhà mạng đã triển khai tính năng trên ứng dụng và khuyến khích người dùng cập nhật để tránh quá tải.,173,35,T06. SCIENCE_AND_TECHNOLOGY,T06,human_verified,manual_adjudicated,Han; Nhung; Yen,,pilot_400_final,,0.0,58,0,0,0,0,0,0,0.0,58,58.0,1.0,1,1,ok,5,1,1,1,1,Thursday 16 April 2026 at 18:00,1776337200.0,2026-04-16 11:00:00,2026-04-16,11.0,Thursday,post_created_time_unix,ok,1,1779564297,1779564297,2026-05-24 02:24:57,2026-05-24 02:24:57,1,1.2340425531914891e-05,1.0638297872340429e-06,2.127659574468085e-07,64,1.3617021276595744e-05,1,0,0,0,0,0.0,0.0,0.0,0.0,0.0,0.0,1.0,0.0,0.0,0.0,0.0,1,1,,pilot_or_calibration_sample_exclude_from_test,0,,1
teamcrawl_v1,REC_002765,phuc,schema_5_new_timestamp,data/01_Raw_Data/02_Team_Crawled_Raw/Phuc/json-vnexpress-multipage-v7/posts_VnExpress_net.json,posts_VnExpress_net.json,504,pfbid0263oKpbSQE8c23UjKp6zuYUYsVPjdxdeQb9xKtJokrrza4jfNm5RvHVjgCfjoqgaAl,https://www.facebook.com/congdongvnexpress/posts/pfbid0263oKpbSQE8c23UjKp6zuYUYsVPjdxdeQb9xKtJokrrza4jfNm5RvHVjgCfjoqgaAl,11a6bccf481ec7ad,post_id:pfbid0263oKpbSQE8c23UjKp6zuYUYsVPjdxdeQb9xKtJokrrza4jfNm5RvHVjgCfjoqgaAl,VnExpress.net,congdongvnexpress,https://www.facebook.com/congdongvnexpress,4700000,4700000,1,post,,người đàn ông bị phạt vì chuyển cuộc gọi đòi nợ sang đường dây nóng của công an,90,19,T03. CRIME_LAW_AND_JUSTICE,T03,human_verified,manual_adjudicated,Han; Nhung; Yen,,pilot_400_final,,0.0,1700,18,1300,35,7,3,3,0.0,3066,3066.0,1.0,1,1,ok,38,83,1,1,1,Wednesday 15 April 2026 at 18:20,1776252000.0,2026-04-15 11:20:00,2026-04-15,11.0,Wednesday,post_created_time_unix,ok,1,1779568065,1779568065,2026-05-24 03:27:45,2026-05-24 03:27:45,1,0.0006523404255319,8.085106382978723e-06,1.7659574468085106e-05,3187,0.0006780851063829,1,0,1366,21,1345,0.0058708414872798,0.4240052185257664,0.0114155251141552,0.002283105022831,0.0009784735812133,0.0009784735812133,0.5603392041748206,0.0009784735812133,0.4240052185257664,0.0032615786040443,-0.4455316373124592,1,1,,pilot_or_calibration_sample_exclude_from_test,0,,1
teamcrawl_v1,REC_002778,phuc,schema_5_new_timestamp,data/01_Raw_Data/02_Team_Crawled_Raw/Phuc/json-vnexpress-multipage-v7/posts_VnExpress_net.json,posts_VnExpress_net.json,517,pfbid0AevodYRJT8bnRX8ibU2chBqsUQeuoGY7agBmQjMguxbnnUZ9audXP2TqWah6roZQl,https://www.facebook.com/congdongvnexpress/posts/pfbid0AevodYRJT8bnRX8ibU2chBqsUQeuoGY7agBmQjMguxbnnUZ9audXP2TqWah6roZQl,462911297955a3db,post_id:pfbid0AevodYRJT8bnRX8ibU2chBqsUQeuoGY7agBmQjMguxbnnUZ9audXP2TqWah6roZQl,VnExpress.net,congdongvnexpress,https://www.facebook.com/congdongvnexpress,4700000,4700000,1,post,,miền bắc chấm dứt nắng nóng diện rộng,48,9,T08. WEATHER,T08,human_verified,manual_adjudicated,Han; Nhung; Yen,,pilot_100_additional_final,,0.0,2774,36,6,3,0,0,2,0.0,2821,2821.0,1.0,1,1,ok,27,32,1,1,1,Tuesday 14 April 2026 at 16:05,1776157500.0,2026-04-14 09:05:00,2026-04-14,9.0,Tuesday,post_created_time_unix,ok,1,1779568218,1779568218,2026-05-24 03:30:18,2026-05-24 03:30:18,1,0.0006002127659574,5.74468085106383e-06,6.808510638297873e-06,2880,0.0006127659574468,1,0,47,38,9,0.0127614321162708,0.0021269053527118,0.0010634526763559,0.0,0.0,0.0007089684509039,0.9961006735200284,0.0,0.0021269053527118,0.0007089684509039,0.0166607585962424,1,1,,pilot_or_calibration_sample_exclude_from_test,0,,1
teamcrawl_v1,REC_002796,phuc,schema_5_new_timestamp,data/01_Raw_Data/02_Team_Crawled_Raw/Phuc/json-vnexpress-multipage-v7/posts_VnExpress_net.json,posts_VnExpress_net.json,535,pfbid032a5zsouQFnsBLz7rE4v4UyDd9iX5FWMyMQLX2j7NmtkU2RGNTmwRBXC5EbL4fQFLl,https://www.facebook.com/congdongvnexpress/posts/pfbid032a5zsouQFnsBLz7rE4v4UyDd9iX5FWMyMQLX2j7NmtkU2RGNTmwRBXC5EbL4fQFLl,9ed5bcd1c1725485,post_id:pfbid032a5zsouQFnsBLz7rE4v4UyDd9iX5FWMyMQLX2j7NmtkU2RGNTmwRBXC5EbL4fQFLl,VnExpress.net,congdongvnexpress,https://www.facebook.com/congdongvnexpress,4700000,4700000,1,post,,thủ tướng: tiếp tục phát triển vneid thành nền tảng quốc gia,71,13,T01. POLITICS,T01,human_verified,manual_adjudicated,Han; Nhung; Yen,,pilot_400_final,,0.0,4088,125,52,2,2,0,10,0.0,4279,4279.0,1.0,1,1,ok,51,0,1,1,1,Sunday 12 April 2026 at 13:35,1775975700.0,2026-04-12 06:35:00,2026-04-12,6.0,Sunday,post_created_time_unix,ok,1,1779568418,1779568418,2026-05-24 03:33:38,2026-05-24 03:33:38,1,0.0009104255319148,1.0851063829787232e-05,0.0,4330,0.0009212765957446,1,0,191,135,56,0.0292124328114045,0.0121523720495442,0.0004673989249824,0.0004673989249824,0.0,0.0023369946249123,0.9845758354755784,0.0,0.0121523720495442,0.0028043935498948,0.0446365973358261,1,1,,pilot_or_calibration_sample_exclude_from_test,0,,1
teamcrawl_v1,REC_002802,phuc,schema_5_new_timestamp,data/01_Raw_Data/02_Team_Crawled_Raw/Phuc/json-vnexpress-multipage-v7/posts_VnExpress_net.json,posts_VnExpress_net.json,541,pfbid02vEvTtSV75ToBf4S79Kh4UGKHDSMMwN8RXe2qg2J4HFR9smZAoRKWcRKitUcTVMZil,https://www.facebook.com/congdongvnexpress/posts/pfbid02vEvTtSV75ToBf4S79Kh4UGKHDSMMwN8RXe2qg2J4HFR9smZAoRKWcRKitUcTVMZil,8c87f13db6296f66,post_id:pfbid02vEvTtSV75ToBf4S79Kh4UGKHDSMMwN8RXe2qg2J4HFR9smZAoRKWcRKitUcTVMZil,VnExpress.net,congdongvnexpress,https://www.facebook.com/congdongvnexpress,4700000,4700000,1,post,,khởi công tuyến đường sắt cao tốc đầu tiên ở việt nam,64,13,T17. TRANSPORT_INFRASTRUCTURE,T17,human_verified,manual_adjudicated,Han; Nhung; Yen,,pilot_100_final,,0.0,6185,239,36,14,2,0,11,0.0,6487,6487.0,1.0,1,1,ok,164,0,1,1,1,Sunday 12 April 2026 at 09:50,1775962200.0,2026-04-12 02:50:00,2026-04-12,2.0,Sunday,post_created_time_unix,ok,1,1779568484,1779568484,2026-05-24 03:34:44,2026-05-24 03:34:44,1,0.0013802127659574,3.4893617021276594e-05,0.0,6651,0.0014151063829787,1,0,302,250,52,0.0368429166024356,0.0055495606597811,0.0021581624788037,0.0003083089255433,0.0,0.0016956990904886,0.9902882688453832,0.0,0.0055495606597811,0.002004008016032,0.0465546477570525,1,1,,pilot_or_calibration_sample_exclude_from_test,0,,1
teamcrawl_v1,REC_002804,phuc,schema_5_new_timestamp,data/01_Raw_Data/02_Team_Crawled_Raw/Phuc/json-vnexpress-multipage-v7/posts_VnExpress_net.json,posts_VnExpress_net.json,543,pfbid027HDtB931NtqWm4nS7QP2hBysg8VmeYMDzD5bD4Tf9PJZGUzkTfem74PGCcUa6Fhql,https://www.facebook.com/congdongvnexpress/posts/pfbid027HDtB931NtqWm4nS7QP2hBysg8VmeYMDzD5bD4Tf9PJZGUzkTfem74PGCcUa6Fhql,4e7314214fb24003,post_id:pfbid027HDtB931NtqWm4nS7QP2hBysg8VmeYMDzD5bD4Tf9PJZGUzkTfem74PGCcUa6Fhql,VnExpress.net,congdongvnexpress,https://www.facebook.com/congdongvnexpress,4700000,4700000,1,post,,"tổng bí thư, chủ tịch nước gửi thư mời giáo hoàng thăm việt nam",74,15,T01. POLITICS,T01,human_verified,manual_adjudicated,Han; Nhung; Yen,,pilot_400_final,,0.0,8200,1000,77,31,4,7,69,0.0,9388,9388.0,1.0,1,1,ok,320,0,1,1,1,Saturday 11 April 2026 at 23:20,1775924400.0,2026-04-11 16:20:00,2026-04-11,16.0,Saturday,post_created_time_unix,ok,1,1779568505,1779568505,2026-05-24 03:35:05,2026-05-24 03:35:05,1,0.0019974468085106,6.808510638297873e-05,0.0,9708,0.0020655319148936,1,0,1188,1069,119,0.1065189603749467,0.0082019599488708,0.0033020877716233,0.0004260758414997,0.0007456327226246,0.0073498082658713,0.97997443544951,0.0007456327226246,0.0082019599488708,0.0077758841073711,0.1265445249254367,1,1,,pilot_or_calibration_sample_exclude_from_test,0,,1
teamcrawl_v1,REC_002816,phuc,schema_5_new_timestamp,data/01_Raw_Data/02_Team_Crawled_Raw/Phuc/json-vnexpress-multipage-v7/posts_VnExpress_net.json,posts_VnExpress_net.json,555,pfbid036wzyu1fQiUVT9DPK1wCsJaCBi8r4NDML4QhQtZ5awT4a3qNRczbDCqUuoyCGMXiHl,https://www.facebook.com/congdongvnexpress/posts/pfbid036wzyu1fQiUVT9DPK1wCsJaCBi8r4NDML4QhQtZ5awT4a3qNRczbDCqUuoyCGMXiHl,ce418f76e43b19cb,post_id:pfbid036wzyu1fQiUVT9DPK1wCsJaCBi8r4NDML4QhQtZ5awT4a3qNRczbDCqUuoyCGMXiHl,VnExpress.net,congdongvnexpress,https://www.facebook.com/congdongvnexpress,4700000,4700000,1,post,,ba người hàn quốc trốn truy nã đỏ của interpol bị bắt tại nha trang,78,16,T03. CRIME_LAW_AND_JUSTICE,T03,human_verified,manual_adjudicated,Han; Nhung; Yen,,pilot_100_final,,0.0,4486,51,748,42,0,5,5,0.0,5337,5337.0,1.0,1,1,ok,54,161,1,1,1,Friday 10 April 2026 at 20:20,1775827200.0,2026-04-10 13:20:00,2026-04-10,13.0,Friday,post_created_time_unix,ok,1,1779568643,1779568643,2026-05-24 03:37:23,2026-05-24 03:37:23,1,0.0011355319148936,1.148936170212766e-05,3.425531914893617e-05,5552,0.0011812765957446,1,0,851,56,795,0.0095559302979201,0.1401536443694959,0.0078695896571107,0.0,0.0009368559115608,0.0009368559115608,0.8501030541502717,0.0009368559115608,0.1401536443694959,0.0009368559115608,-0.1594528761476485,1,1,,pilot_or_calibration_sample_exclude_from_test,0,,1
teamcrawl_v1,REC_002851,phuc,schema_5_new_timestamp,data/01_Raw_Data/02_Team_Crawled_Raw/Phuc/json-vnexpress-multipage-v7/posts_VnExpress_net.json,posts_VnExpress_net.json,590,pfbid037ry5zYMCpFeGPnKHxRjnwBEgpKqzRgY6KxbSZ7mK8wPETCtCq5cJ92txyXRRrK8Jl,https://www.facebook.com/congdongvnexpress/posts/pfbid037ry5zYMCpFeGPnKHxRjnwBEgpKqzRgY6KxbSZ7mK8wPETCtCq5cJ92txyXRRrK8Jl,8d46c8ced2e7ccb0,post_id:pfbid037ry5zYMCpFeGPnKHxRjnwBEgpKqzRgY6KxbSZ7mK8wPETCtCq5cJ92txyXRRrK8Jl,VnExpress.net,congdongvnexpress,https://www.facebook.com/congdongvnexpress,4700000,4700000,1,post,,con trai ông chủ bảo tín minh châu và hai kế toán bị khởi tố,71,16,T03. CRIME_LAW_AND_JUSTICE,T03,human_verified,manual_adjudicated,Han; Nhung; Yen,,pilot_400_final,,0.0,7123,46,172,136,44,3,4,0.0,7528,7528.0,1.0,1,1,ok,154,249,1,1,1,Monday 6 April 2026 at 17:47,1775472420.0,2026-04-06 10:47:00,2026-04-06,10.0,Monday,post_created_time_unix,ok,1,1779569096,1779569096,2026-05-24 03:44:56,2026-05-24 03:44:56,1,0.0016017021276595,3.276595744680851e-05,5.297872340425532e-05,7931,0.0016874468085106,1,0,405,50,355,0.0061105207226354,0.0228480340063761,0.0180658873538788,0.0058448459086078,0.0003985122210414,0.0005313496280552,0.9523113708820404,0.0003985122210414,0.0228480340063761,0.0063761955366631,-0.0537991498405951,1,1,,pilot_or_calibration_sample_exclude_from_test,0,,1
teamcrawl_v1,REC_002873,phuc,schema_5_new_timestamp,data/01_Raw_Data/02_Team_Crawled_Raw/Phuc/json-vnexpress-multipage-v7/posts_VnExpress_net.json,posts_VnExpress_net.json,612,pfbid0gSXJDYa8KzzjPxZiSYbwuVbmHtpvYt6CZd9MnhNLxz4kJstXHx1QR4zDPVGumUf3l,https://www.facebook.com/congdongvnexpress/posts/pfbid0gSXJDYa8KzzjPxZiSYbwuVbmHtpvYt6CZd9MnhNLxz4kJstXHx1QR4zDPVGumUf3l,e13d2ed24bfe0155,post_id:pfbid0gSXJDYa8KzzjPxZiSYbwuVbmHtpvYt6CZd9MnhNLxz4kJstXHx1QR4zDPVGumUf3l,VnExpress.net,congdongvnexpress,https://www.facebook.com/congdongvnexpress,4700000,4700000,1,post,,"các loại lau kiếng lớn, bé đã bị đưa vào danh mục loài ngoại lai xâm hại theo thông tư 69/2025 của bộ nông nghiệp và môi trường. nhưng trên phố, ngoài chợ, chúng đã trở thành thực phẩm, như một phần thói quen ""con gì cũng ăn"" của không ít người. *góc nhìn của tác giả trung thanh",299,61,T07. ENVIRONMENT,T07,human_verified,manual_adjudicated,Han; Nhung; Yen,,pilot_100_final,,0.0,203,6,32,6,0,0,0,0.0,247,247.0,1.0,1,1,ok,8,18,1,1,1,Thursday 2 April 2026 at 20:05,1775135100.0,2026-04-02 13:05:00,2026-04-02,13.0,Thursday,post_created_time_unix,ok,1,1779576133,1779576133,2026-05-24 05:42:13,2026-05-24 05:42:13,1,5.25531914893617e-05,1.7021276595744682e-06,3.8297872340425535e-06,273,5.808510638297872e-05,1,0,44,6,38,0.0242914979757085,0.1295546558704453,0.0242914979757085,0.0,0.0,0.0,0.8461538461538461,0.0,0.1295546558704453,0.0,-0.1781376518218623,1,1,,pilot_or_calibration_sample_exclude_from_test,0,,1
teamcrawl_v1,REC_002874,phuc,schema_5_new_timestamp,data/01_Raw_Data/02_Team_Crawled_Raw/Phuc/json-vnexpress-multipage-v7/posts_VnExpress_net.json,posts_VnExpress_net.json,613,pfbid07q1C3LZay4yRRD4rs8NEBbQuza7wqD4NhbM8wAxiaodPMZ4u141iwCNxE2UHj9Yml,https://www.facebook.com/congdongvnexpress/posts/pfbid07q1C3LZay4yRRD4rs8NEBbQuza7wqD4NhbM8wAxiaodPMZ4u141iwCNxE2UHj9Yml,5014e2c0b679684b,post_id:pfbid07q1C3LZay4yRRD4rs8NEBbQuza7wqD4NhbM8wAxiaodPMZ4u141iwCNxE2UHj9Yml,VnExpress.net,congdongvnexpress,https://www.facebook.com/congdongvnexpress,4700000,4700000,1,post,,"mỹ phẩm thuần chay cocoon lần đầu góp mặt tại hội nghị da liễu thẩm mỹ miền nam 2026, thu hút hơn 1000 bác sĩ, chuyên gia trải nghiệm, trao đổi chuyên môn. trong khuôn khổ chương trình, phía thương hiệu mang đến báo cáo khoa học chủ đề tối ưu hóa hiệu quả hiệp đồng của công nghệ và hoạt chất trong làm sạch da nhạy cảm. trong đó sữa rửa mặt sen hậu giang được giới thiệu với khả năng làm sạch dịu êm, hiệu quả và duy trì hàng rào bảo vệ da.",517,100,T02. ECONOMY_BUSINESS_AND_FINANCE,T02,human_verified,manual_adjudicated,Han; Nhung; Yen,,pilot_400_final,,0.0,2211,50,8,4,0,0,3,0.0,2276,2276.0,1.0,1,1,ok,11,24,1,1,1,Thursday 2 April 2026 at 19:01,1775131260.0,2026-04-02 12:01:00,2026-04-02,12.0,Thursday,post_created_time_unix,ok,1,1779576152,1779576152,2026-05-24 05:42:32,2026-05-24 05:42:32,1,0.0004842553191489,2.340425531914893e-06,5.106382978723404e-06,2311,0.0004917021276595,1,0,65,53,12,0.0219683655536028,0.0035149384885764,0.0017574692442882,0.0,0.0,0.0013181019332161,0.9934094903339192,0.0,0.0035149384885764,0.0013181019332161,0.0285588752196836,1,1,,pilot_or_calibration_sample_exclude_from_test,0,,1
teamcrawl_v1,REC_002881,phuc,schema_5_new_timestamp,data/01_Raw_Data/02_Team_Crawled_Raw/Phuc/json-vnexpress-multipage-v7/posts_VnExpress_net.json,posts_VnExpress_net.json,620,pfbid02wR52C95aDnUAZS3KCjUnukJZT2SeMqRkB8iaz55uLTnMUdWF32gQzu2XuqTo4DWwl,https://www.facebook.com/congdongvnexpress/posts/pfbid02wR52C95aDnUAZS3KCjUnukJZT2SeMqRkB8iaz55uLTnMUdWF32gQzu2XuqTo4DWwl,2aee44493ac5f4b5,post_id:pfbid02wR52C95aDnUAZS3KCjUnukJZT2SeMqRkB8iaz55uLTnMUdWF32gQzu2XuqTo4DWwl,VnExpress.net,congdongvnexpress,https://www.facebook.com/congdongvnexpress,4700000,4700000,1,post,,"techcombank giới thiệu ứng dụng tshop, hỗ trợ hộ kinh doanh và doanh nghiệp bán lẻ quản lý bán hàng, xuất hóa đơn và kê khai thuế trên điện thoại, đồng thời miễn phí sử dụng trong 5 năm.",192,40,T06. SCIENCE_AND_TECHNOLOGY,T06,human_verified,manual_adjudicated,Han; Nhung; Yen,,pilot_100_additional_final,,0.0,1476,47,3,27,0,0,4,0.0,1557,1557.0,1.0,1,1,ok,78,49,1,1,1,Thursday 2 April 2026 at 13:00,1775109600.0,2026-04-02 06:00:00,2026-04-02,6.0,Thursday,post_created_time_unix,ok,1,1779587634,1779587634,2026-05-24 08:53:54,2026-05-24 08:53:54,1,0.0003312765957446,1.6595744680851064e-05,1.0425531914893615e-05,1684,0.0003582978723404,1,0,81,51,30,0.0301862556197816,0.001926782273603,0.0173410404624277,0.0,0.0,0.0025690430314707,0.9781631342324985,0.0,0.001926782273603,0.0025690430314707,0.0520231213872832,1,1,,pilot_or_calibration_sample_exclude_from_test,0,,1
teamcrawl_v1,REC_002885,phuc,schema_5_new_timestamp,data/01_Raw_Data/02_Team_Crawled_Raw/Phuc/json-vnexpress-multipage-v7/posts_VnExpress_net.json,posts_VnExpress_net.json,624,pfbid02Luo4JFZXrAZfXtby88vx8Lfr9eyBSDpyFLAyXu7Y7MGUjzHK9yipTpv7DkTQmQBjl,https://www.facebook.com/congdongvnexpress/posts/pfbid02Luo4JFZXrAZfXtby88vx8Lfr9eyBSDpyFLAyXu7Y7MGUjzHK9yipTpv7DkTQmQBjl,ba2c2870ded6cabb,post_id:pfbid02Luo4JFZXrAZfXtby88vx8Lfr9eyBSDpyFLAyXu7Y7MGUjzHK9yipTpv7DkTQmQBjl,VnExpress.net,congdongvnexpress,https://www.facebook.com/congdongvnexpress,4700000,4700000,1,post,,"hoa hậu phương oanh cho biết tự lập từ năm 16 tuổi, có thu nhập vài chục triệu đồng mỗi tháng trước khi đăng quang",125,26,T10. ARTS_CULTURE_ENTERTAINMENT_AND_MEDIA,T10,human_verified,manual_adjudicated,Han; Nhung; Yen,,pilot_400_final,,0.0,3089,88,758,55,3,5,3,0.0,4001,4001.0,1.0,1,1,ok,97,405,1,1,1,Wednesday 1 April 2026 at 14:11,1775027460.0,2026-04-01 07:11:00,2026-04-01,7.0,Wednesday,post_created_time_unix,ok,1,1779587993,1779587993,2026-05-24 08:59:53,2026-05-24 08:59:53,1,0.0008512765957446,2.0638297872340425e-05,8.617021276595745e-05,4503,0.0009580851063829,1,0,912,91,821,0.0219945013746563,0.1894526368407898,0.0137465633591602,0.0007498125468632,0.0012496875781054,0.0007498125468632,0.7940514871282179,0.0012496875781054,0.1894526368407898,0.0014996250937265,-0.2279430142464384,1,1,,pilot_or_calibration_sample_exclude_from_test,0,,1
teamcrawl_v1,REC_002939,phuc,schema_5_new_timestamp,data/01_Raw_Data/02_Team_Crawled_Raw/Phuc/json-vnexpress-multipage-v7/posts_VnExpress_net.json,posts_VnExpress_net.json,678,pfbid02rTdSeickkbPkYLt4pUKFAxNwcxUK92Mw5fRvdoHvfEAkYn6p3JEFBiBTBLdmKdRYl,https://www.facebook.com/congdongvnexpress/posts/pfbid02rTdSeickkbPkYLt4pUKFAxNwcxUK92Mw5fRvdoHvfEAkYn6p3JEFBiBTBLdmKdRYl,ad81bdea6921ada0,post_id:pfbid02rTdSeickkbPkYLt4pUKFAxNwcxUK92Mw5fRvdoHvfEAkYn6p3JEFBiBTBLdmKdRYl,VnExpress.net,congdongvnexpress,https://www.facebook.com/congdongvnexpress,4700000,4700000,1,post,,"'tranh cãi quanh lệnh cấm xe bán tải có thể dẫn đến chỗ: luật cứ ban hành, nhưng không nhất thiết phải tuân thủ', góc nhìn của tác giả nguyễn thanh cảnh",172,34,T17. TRANSPORT_INFRASTRUCTURE,T17,human_verified,manual_adjudicated,Han; Nhung; Yen,,pilot_400_final,,0.0,486,6,131,6,4,0,0,0.0,633,633.0,1.0,1,1,ok,17,47,1,1,1,Wednesday 25 March 2026 at 11:35,1774413300.0,2026-03-25 04:35:00,2026-03-25,4.0,Wednesday,post_created_time_unix,ok,1,1779589173,1779589173,2026-05-24 09:19:33,2026-05-24 09:19:33,1,0.0001346808510638,3.617021276595745e-06,1e-05,697,0.0001482978723404,1,0,147,6,141,0.0094786729857819,0.2069510268562401,0.0094786729857819,0.0063191153238546,0.0,0.0,0.7772511848341233,0.0,0.2069510268562401,0.0063191153238546,-0.2322274881516587,1,1,,pilot_or_calibration_sample_exclude_from_test,0,,1
teamcrawl_v1,REC_002984,phuc,schema_5_new_timestamp,data/01_Raw_Data/02_Team_Crawled_Raw/Phuc/json-vnexpress-multipage-v7/posts_VnExpress_net.json,posts_VnExpress_net.json,723,792669673913365,https://www.facebook.com/reel/792669673913365,f1521d765d4f53bd,post_id:792669673913365,VnExpress.net,congdongvnexpress,https://www.facebook.com/congdongvnexpress,4700000,4700000,1,reel,,những sai lầm mà người trẻ thu nhập trung bình hay gặp phải.,140,19,T02. ECONOMY_BUSINESS_AND_FINANCE,T02,human_verified,manual_adjudicated,Han; Nhung; Yen,,pilot_100_final,,0.0,97,0,0,0,0,0,0,0.0,97,97.0,1.0,1,1,ok,15,0,1,1,1,Wednesday 1 April 2026 at 21:31,1775053860.0,2026-04-01 14:31:00,2026-04-01,14.0,Wednesday,post_created_time_unix,ok,1,1779594457,1779594457,2026-05-24 10:47:37,2026-05-24 10:47:37,1,2.0638297872340425e-05,3.191489361702128e-06,0.0,112,2.382978723404256e-05,1,0,0,0,0,0.0,0.0,0.0,0.0,0.0,0.0,1.0,0.0,0.0,0.0,0.0,1,1,,pilot_or_calibration_sample_exclude_from_test,0,,1
teamcrawl_v1,REC_002999,phuc,schema_5_new_timestamp,data/01_Raw_Data/02_Team_Crawled_Raw/Phuc/json-vnexpress-multipage-v7/posts_VnExpress_net.json,posts_VnExpress_net.json,738,pfbid032p4pkDnkmVHnu8qPdJ1oe87SCLX65Dszyntztk7kCF475p9pxez4GZW6abVaog1Fl,https://www.facebook.com/congdongvnexpress/posts/pfbid032p4pkDnkmVHnu8qPdJ1oe87SCLX65Dszyntztk7kCF475p9pxez4GZW6abVaog1Fl,ed6a5b8ba2a8b07f,post_id:pfbid032p4pkDnkmVHnu8qPdJ1oe87SCLX65Dszyntztk7kCF475p9pxez4GZW6abVaog1Fl,VnExpress.net,congdongvnexpress,https://www.facebook.com/congdongvnexpress,4700000,4700000,1,post,,"lấy cảm hứng từ hình tượng ""tổ kén"", ẩn dụ về sự nuôi dưỡng và khởi sinh các giá trị di sản. tổ hợp ""trăm nghề trăm nghệ"" tại aeon mall long biên tái hiện không gian văn hóa lâu đời, kết nối làng nghề truyền thống với không gian bán lẻ hiện đại, diễn ra đến hết 19/4.",283,60,T10. ARTS_CULTURE_ENTERTAINMENT_AND_MEDIA,T10,human_verified,manual_adjudicated,Han; Nhung; Yen,,pilot_100_additional_final,,0.0,2107,59,6,0,3,0,3,0.0,2178,2178.0,1.0,1,1,ok,22,17,1,1,1,Thursday 19 March 2026 at 18:02,1773918120.0,2026-03-19 11:02:00,2026-03-19,11.0,Thursday,post_created_time_unix,ok,1,1779596103,1779596103,2026-05-24 11:15:03,2026-05-24 11:15:03,1,0.0004634042553191,4.680851063829787e-06,3.617021276595745e-06,2217,0.0004717021276595,1,0,71,62,9,0.0270890725436179,0.0027548209366391,0.0,0.0013774104683195,0.0,0.0013774104683195,0.9944903581267218,0.0,0.0027548209366391,0.0027548209366391,0.0325987144168962,1,1,,pilot_or_calibration_sample_exclude_from_test,0,,1
teamcrawl_v1,REC_003006,phuc,schema_5_new_timestamp,data/01_Raw_Data/02_Team_Crawled_Raw/Phuc/json-vnexpress-multipage-v7/posts_VnExpress_net.json,posts_VnExpress_net.json,745,pfbid034Tqt2j417EwK344Ro9VHpcmhRBWRjr9HdWMfMayzH3AzfovWeHzSVqHnRqUUymirl,https://www.facebook.com/congdongvnexpress/posts/pfbid034Tqt2j417EwK344Ro9VHpcmhRBWRjr9HdWMfMayzH3AzfovWeHzSVqHnRqUUymirl,05c527166ae05af2,post_id:pfbid034Tqt2j417EwK344Ro9VHpcmhRBWRjr9HdWMfMayzH3AzfovWeHzSVqHnRqUUymirl,VnExpress.net,congdongvnexpress,https://www.facebook.com/congdongvnexpress,4700000,4700000,1,post,,"khoảnh khắc ấn tượng của lễ trao giải hội thi atgt năm học 2025 - 2026 sau hơn 4 tháng triển khai theo hình thức hiện đại, đẩy mạnh ứng dụng công nghệ thông tin và gắn liền với định hướng chuyển đổi số trong giáo dục, hội thi atgt cấp tiểu học, trung học cơ sở và trung học phổ thông năm học 20252026 đã chính thức tìm ra và vinh danh gần 200 gương mặt xuất sắc đạt giải trong buổi lễ diễn ra vào sáng ngày 14/3/2026 tại thành phố đà nẵng. hội thi tiếp tục khẳng định vai trò quan trọng trong việc xây dựng ý thức và kỹ năng tham gia giao thông an toàn cho hàng chục triệu học sinh từ tiểu học đến thpt mỗi năm, góp phần xây dựng một xã hội giao thông an toàn và văn minh tại việt nam. đây cũng là minh chứng cho nỗ lực bền bỉ của hvn trong suốt hành trình 30 năm hình thành và phát triển hướng tới tham gia giao thông an toàn.",877,185,T02. ECONOMY_BUSINESS_AND_FINANCE,T02,human_verified,manual_adjudicated,Han; Nhung; Yen,,pilot_400_final,,0.0,146,5,3,0,0,0,0,0.0,154,154.0,1.0,1,1,ok,3,3,1,1,1,Wednesday 18 March 2026 at 11:31,1773808260.0,2026-03-18 04:31:00,2026-03-18,4.0,Wednesday,post_created_time_unix,ok,1,1779596751,1779596751,2026-05-24 11:25:51,2026-05-24 11:25:51,1,3.276595744680851e-05,6.382978723404255e-07,6.382978723404255e-07,160,3.4042553191489365e-05,1,0,8,5,3,0.0324675324675324,0.0194805194805194,0.0,0.0,0.0,0.0,0.9805194805194806,0.0,0.0194805194805194,0.0,0.0519480519480519,1,1,,pilot_or_calibration_sample_exclude_from_test,0,,1
teamcrawl_v1,REC_003024,phuc,schema_5_new_timestamp,data/01_Raw_Data/02_Team_Crawled_Raw/Phuc/json-vnexpress-multipage-v7/posts_VnExpress_net.json,posts_VnExpress_net.json,763,pfbid028L43qG4aKUDAombQz2cCs2JbW7smrPR6q4sX3GByqMrMaU6PeYcmREaoR7WeT5gLl,https://www.facebook.com/congdongvnexpress/posts/pfbid028L43qG4aKUDAombQz2cCs2JbW7smrPR6q4sX3GByqMrMaU6PeYcmREaoR7WeT5gLl,4515f9e9cd4b230b,post_id:pfbid028L43qG4aKUDAombQz2cCs2JbW7smrPR6q4sX3GByqMrMaU6PeYcmREaoR7WeT5gLl,VnExpress.net,congdongvnexpress,https://www.facebook.com/congdongvnexpress,4700000,4700000,1,post,https://ritana.com.vn/?fbclid=IwZXh0bgNhZW0CMTEAc3J0YwZhcHBfaWQQMjIyMDM5MTc4ODIwMDg5MgABHuN7YNzo43ak4SdOv-8Mcmxn21uahY35sNKh9W5CAx-1S-g3oWeQBLNHku_Z_aem_01gU0mTY_F-0BHFlUqOsiQ,"bước vào tuổi 30+, làn da có thể vẫn căng mịn bên ngoài nhưng bên trong, quá trình suy giảm đã bắt đầu diễn ra, khiến cấu trúc nâng đỡ của da kém vững chắc hơn. đồng thời, tác động từ ánh nắng, môi trường và căng thẳng hằng ngày cũng góp phần thúc đẩy các dấu hiệu lão hóa. ritana với sự kết hợp từ các tinh chất thiên nhiên lglutathione, hoa anh đào, lựu đỏ, hỗ trợ nuôi dưỡng làn da từ bên trong, cho da căng sáng, mịn màng. ------------------- xem thông tin về sản phẩm: https://ritanacomvn/ *thực phẩm này không phải là thuốc và không có tác dụng thay thế thuốc chữa bệnh *nguồn: ecogreen",623,123,T02. ECONOMY_BUSINESS_AND_FINANCE,T02,human_verified,manual_adjudicated,Han; Nhung; Yen,,pilot_400_final,,0.0,3166,29,0,0,0,0,4,0.0,3199,3199.0,1.0,1,1,ok,6,8,1,1,1,Sunday 15 March 2026 at 20:00,1773579600.0,2026-03-15 13:00:00,2026-03-15,13.0,Sunday,post_created_time_unix,ok,1,1779607312,1779607312,2026-05-24 14:21:52,2026-05-24 14:21:52,1,0.0006806382978723,1.276595744680851e-06,1.7021276595744682e-06,3213,0.0006836170212765,1,0,33,33,0,0.0090653329165364,0.0,0.0,0.0,0.0,0.0012503907471084,0.9987496092528916,0.0,0.0,0.0012503907471084,0.0103157236636448,1,1,,pilot_or_calibration_sample_exclude_from_test,0,,1
teamcrawl_v1,REC_003036,phuc,schema_5_new_timestamp,data/01_Raw_Data/02_Team_Crawled_Raw/Phuc/json-vnexpress-multipage-v7/posts_VnExpress_net.json,posts_VnExpress_net.json,775,pfbid06sxnYRpGue4cs3U7ag17if7KiJWK9iT25cRdquwwV9UKZQJG4hSRMDT64beJ9Bpel,https://www.facebook.com/congdongvnexpress/posts/pfbid06sxnYRpGue4cs3U7ag17if7KiJWK9iT25cRdquwwV9UKZQJG4hSRMDT64beJ9Bpel,10c961bf2c12a958,post_id:pfbid06sxnYRpGue4cs3U7ag17if7KiJWK9iT25cRdquwwV9UKZQJG4hSRMDT64beJ9Bpel,VnExpress.net,congdongvnexpress,https://www.facebook.com/congdongvnexpress,4700000,4700000,1,post,,"mức lương 100 bát phở “lương tối thiểu hơn 5 triệu đồng ở hà nội mua được 100 bát phở - đủ ngày ba bữa. nhưng cuộc sống cần không chỉ phở”, góc nhìn của tác giả sinwon park - giám đốc văn phòng ilo việt nam",226,49,T14. LABOR,T14,human_verified,manual_adjudicated,Han; Nhung; Yen,,pilot_400_final,,0.0,553,15,125,3,6,0,5,0.0,707,707.0,1.0,1,1,ok,41,36,1,1,1,Friday 13 March 2026 at 11:35,1773376500.0,2026-03-13 04:35:00,2026-03-13,4.0,Friday,post_created_time_unix,ok,1,1779607623,1779607623,2026-05-24 14:27:03,2026-05-24 14:27:03,1,0.0001504255319148,8.723404255319149e-06,7.659574468085107e-06,784,0.0001668085106382,1,0,154,20,134,0.0212164073550212,0.1768033946251768,0.0042432814710042,0.0084865629420084,0.0,0.007072135785007,0.8033946251768034,0.0,0.1768033946251768,0.0155586987270155,-0.2178217821782178,1,1,,pilot_or_calibration_sample_exclude_from_test,0,,1
teamcrawl_v1,REC_003039,phuc,schema_5_new_timestamp,data/01_Raw_Data/02_Team_Crawled_Raw/Phuc/json-vnexpress-multipage-v7/posts_VnExpress_net.json,posts_VnExpress_net.json,778,pfbid08yWiAmCLLxypYBmHUuomcNrxpacBPeA6TjMuirKd3a5F8H416CsTSpLWaYtTscskl,https://www.facebook.com/congdongvnexpress/posts/pfbid08yWiAmCLLxypYBmHUuomcNrxpacBPeA6TjMuirKd3a5F8H416CsTSpLWaYtTscskl,59f94e3c44f29222,post_id:pfbid08yWiAmCLLxypYBmHUuomcNrxpacBPeA6TjMuirKd3a5F8H416CsTSpLWaYtTscskl,VnExpress.net,congdongvnexpress,https://www.facebook.com/congdongvnexpress,4700000,4700000,1,post,,"từ 22h hôm nay, giá xăng ron 95, dầu diesel cùng tăng",64,13,T02. ECONOMY_BUSINESS_AND_FINANCE,T02,human_verified,manual_adjudicated,Han; Nhung; Yen,,pilot_400_final,,0.0,8800,39,2400,226,130,52,12,0.0,11659,11659.0,1.0,1,1,ok,237,1200,1,1,1,Thursday 12 March 2026 at 21:57,1773327420.0,2026-03-12 14:57:00,2026-03-12,14.0,Thursday,post_created_time_unix,ok,1,1779607656,1779607656,2026-05-24 14:27:36,2026-05-24 14:27:36,1,0.0024806382978723,5.042553191489362e-05,0.0002553191489361,13096,0.0027863829787234,1,0,2859,51,2808,0.0033450553220687,0.2058495582811562,0.0193841667381422,0.0111501844068959,0.0044600737627583,0.0010292477914057,0.7581267690196415,0.0044600737627583,0.2058495582811562,0.0121794321983017,-0.2452182863024273,1,1,,pilot_or_calibration_sample_exclude_from_test,0,,1
teamcrawl_v1,REC_003054,phuc,schema_5_new_timestamp,data/01_Raw_Data/02_Team_Crawled_Raw/Phuc/json-vnexpress-multipage-v7/posts_VnExpress_net.json,posts_VnExpress_net.json,793,pfbid02bvxrvw5jTAGJvGTTXiafEHX4Mf9G3DYXbcGLDnUiwQKXDF9PWcMLPxuL2e6veGs4l,https://www.facebook.com/congdongvnexpress/posts/pfbid02bvxrvw5jTAGJvGTTXiafEHX4Mf9G3DYXbcGLDnUiwQKXDF9PWcMLPxuL2e6veGs4l,4884a3f7baec7bcd,post_id:pfbid02bvxrvw5jTAGJvGTTXiafEHX4Mf9G3DYXbcGLDnUiwQKXDF9PWcMLPxuL2e6veGs4l,VnExpress.net,congdongvnexpress,https://www.facebook.com/congdongvnexpress,4700000,4700000,1,post,,người việt mua xe máy điện tăng đột biến trong ba ngày qua,69,14,T02. ECONOMY_BUSINESS_AND_FINANCE,T02,human_verified,manual_adjudicated,Han; Nhung; Yen,,pilot_400_final,,0.0,8300,109,4400,86,13,15,21,0.0,12944,12944.0,1.0,1,1,ok,181,672,1,1,1,Tuesday 10 March 2026 at 19:50,1773147000.0,2026-03-10 12:50:00,2026-03-10,12.0,Tuesday,post_created_time_unix,ok,1,1779607856,1779607856,2026-05-24 14:30:56,2026-05-24 14:30:56,1,0.0027540425531914,3.851063829787234e-05,0.0001429787234042,13797,0.0029355319148936,1,0,4644,130,4514,0.008420889987639,0.3399258343634116,0.0066440049443757,0.0010043263288009,0.0011588380716934,0.0016223733003708,0.6496446229913473,0.0011588380716934,0.3399258343634116,0.0026266996291718,-0.3587762669962917,1,1,,pilot_or_calibration_sample_exclude_from_test,0,,1
teamcrawl_v1,REC_003061,phuc,schema_5_new_timestamp,data/01_Raw_Data/02_Team_Crawled_Raw/Phuc/json-vnexpress-multipage-v7/posts_VnExpress_net.json,posts_VnExpress_net.json,800,pfbid02yrc9k2rbE2UdNhYDN7VDTBkauAVCbyXRfzapBdYo4cg9jqPgZrUdsyVWXoX1wv7nl,https://www.facebook.com/congdongvnexpress/posts/pfbid02yrc9k2rbE2UdNhYDN7VDTBkauAVCbyXRfzapBdYo4cg9jqPgZrUdsyVWXoX1wv7nl,485d3d360d1ec3b2,post_id:pfbid02yrc9k2rbE2UdNhYDN7VDTBkauAVCbyXRfzapBdYo4cg9jqPgZrUdsyVWXoX1wv7nl,VnExpress.net,congdongvnexpress,https://www.facebook.com/congdongvnexpress,4700000,4700000,1,post,,tổng thống uae: sẽ hỗ trợ tối đa nhu cầu năng lượng của việt nam,75,16,T01. POLITICS,T01,human_verified,manual_adjudicated,Han; Nhung; Yen,,pilot_400_final,,0.0,15000,1100,92,21,3,2,51,0.0,16269,16269.0,1.0,1,1,ok,149,136,1,1,1,Tuesday 10 March 2026 at 07:36,1773102960.0,2026-03-10 00:36:00,2026-03-10,0.0,Tuesday,post_created_time_unix,ok,1,1779607974,1779607974,2026-05-24 14:32:54,2026-05-24 14:32:54,1,0.0034614893617021,3.170212765957447e-05,2.893617021276596e-05,16554,0.0035221276595744,1,0,1269,1151,118,0.0676132521974307,0.0056549265474214,0.0012907984510418,0.0001843997787202,0.0001229331858135,0.0031347962382445,0.9896121457987584,0.0001229331858135,0.0056549265474214,0.0033191960169647,0.0780011063986723,1,1,,pilot_or_calibration_sample_exclude_from_test,0,,1
teamcrawl_v1,REC_003092,phuc,schema_5_new_timestamp,data/01_Raw_Data/02_Team_Crawled_Raw/Phuc/json-vnexpress-multipage-v7/posts_VnExpress_net.json,posts_VnExpress_net.json,831,pfbid02cR2kK23p3StY12AXCNTTmSYNr7sAa5QrKfgAbYd7ohP5ZMr43GHqBJ53nEXbEn9Dl,https://www.facebook.com/congdongvnexpress/posts/pfbid02cR2kK23p3StY12AXCNTTmSYNr7sAa5QrKfgAbYd7ohP5ZMr43GHqBJ53nEXbEn9Dl,4c7228cef2edcb0e,post_id:pfbid02cR2kK23p3StY12AXCNTTmSYNr7sAa5QrKfgAbYd7ohP5ZMr43GHqBJ53nEXbEn9Dl,VnExpress.net,congdongvnexpress,https://www.facebook.com/congdongvnexpress,4700000,4700000,1,post,,"'tôi yêu cầu một nhân viên lên kế hoạch cho chiến dịch ra mắt sản phẩm mới - loại việc mà trước đây cậu thường mất hai ngày vò đầu bứt tai, nhưng thường sẽ đưa ra được những ý tưởng rất khác biệt.'",217,46,T02. ECONOMY_BUSINESS_AND_FINANCE,T02,human_verified,manual_adjudicated,Han; Nhung; Yen,,pilot_400_final,,0.0,80,3,6,0,0,0,0,0.0,89,89.0,1.0,1,1,ok,14,2,1,1,1,Thursday 5 March 2026 at 11:05,1772683500.0,2026-03-05 04:05:00,2026-03-05,4.0,Thursday,post_created_time_unix,ok,1,1779608353,1779608353,2026-05-24 14:39:13,2026-05-24 14:39:13,1,1.893617021276596e-05,2.978723404255319e-06,4.25531914893617e-07,105,2.234042553191489e-05,1,0,9,3,6,0.0337078651685393,0.0674157303370786,0.0,0.0,0.0,0.0,0.9325842696629212,0.0,0.0674157303370786,0.0,-0.1011235955056179,1,1,,pilot_or_calibration_sample_exclude_from_test,0,,1
teamcrawl_v1,REC_003097,phuc,schema_5_new_timestamp,data/01_Raw_Data/02_Team_Crawled_Raw/Phuc/json-vnexpress-multipage-v7/posts_VnExpress_net.json,posts_VnExpress_net.json,836,1433871974542299,https://www.facebook.com/reel/1433871974542299,205ec33891f8d55c,post_id:1433871974542299,VnExpress.net,congdongvnexpress,https://www.facebook.com/congdongvnexpress,4700000,4700000,1,reel,,"hưởng ứng lễ hội xuân hồng 2026 do liên đoàn lao động tp hcm phát động, prudential việt nam đã phối hợp với công đoàn phường sài gòn triển khai chương trình pru tình nguyện. hàng trăm nhân viên và tư vấn viên đã cùng nhau khởi động năm mới bằng một nghĩa cử ý nghĩa, đồng thời lan tỏa tinh thần nhân ái trong cộng đồng. *nguồn: prudential việt nam",407,76,T02. ECONOMY_BUSINESS_AND_FINANCE,T02,human_verified,manual_adjudicated,Han; Nhung; Yen,,pilot_400_final,,0.0,146,5,0,0,0,0,2,0.0,153,153.0,1.0,1,1,ok,0,2,1,1,1,Wednesday 4 March 2026 at 21:01,1772632860.0,2026-03-04 14:01:00,2026-03-04,14.0,Wednesday,post_created_time_unix,ok,1,1779608418,1779608418,2026-05-24 14:40:18,2026-05-24 14:40:18,1,3.2553191489361705e-05,0.0,4.25531914893617e-07,155,3.297872340425532e-05,1,0,7,7,0,0.0326797385620915,0.0,0.0,0.0,0.0,0.0130718954248366,0.9869281045751634,0.0,0.0,0.0130718954248366,0.0457516339869281,1,1,,pilot_or_calibration_sample_exclude_from_test,0,,1
teamcrawl_v1,REC_003103,phuc,schema_5_new_timestamp,data/01_Raw_Data/02_Team_Crawled_Raw/Phuc/json-vnexpress-multipage-v7/posts_VnExpress_net.json,posts_VnExpress_net.json,842,pfbid0e8jwiWfJuwiUQRA6NsWJ3sVtFBkFNkS5uxzqoVeURDyjEatoy1DdpqGn5w4urQqjl,https://www.facebook.com/congdongvnexpress/posts/pfbid0e8jwiWfJuwiUQRA6NsWJ3sVtFBkFNkS5uxzqoVeURDyjEatoy1DdpqGn5w4urQqjl,1b4fd801f376d8dc,post_id:pfbid0e8jwiWfJuwiUQRA6NsWJ3sVtFBkFNkS5uxzqoVeURDyjEatoy1DdpqGn5w4urQqjl,VnExpress.net,congdongvnexpress,https://www.facebook.com/congdongvnexpress,4700000,4700000,1,post,,"yadea chính thức khánh thành siêu nhà máy sản xuất thông minh quy mô hơn 230000 m2 tại bắc ninh. nhà máy tập trung vào sản xuất cao cấp, r&d năng lượng xanh và hợp tác cùng grab chuyển đổi xe điện cho tài xế việt.",244,49,T02. ECONOMY_BUSINESS_AND_FINANCE,T02,human_verified,manual_adjudicated,Han; Nhung; Yen,,pilot_400_final,,0.0,517,12,6,0,0,0,0,0.0,535,535.0,1.0,1,1,ok,12,12,1,1,1,Monday 2 March 2026 at 19:00,1772452800.0,2026-03-02 12:00:00,2026-03-02,12.0,Monday,post_created_time_unix,ok,1,1779608514,1779608514,2026-05-24 14:41:54,2026-05-24 14:41:54,1,0.000113829787234,2.553191489361702e-06,2.553191489361702e-06,559,0.0001189361702127,1,0,18,12,6,0.022429906542056,0.011214953271028,0.0,0.0,0.0,0.0,0.988785046728972,0.0,0.011214953271028,0.0,0.0336448598130841,1,1,,pilot_or_calibration_sample_exclude_from_test,0,,1
teamcrawl_v1,REC_003117,phuc,schema_5_new_timestamp,data/01_Raw_Data/02_Team_Crawled_Raw/Phuc/json-vnexpress-multipage-v7/posts_VnExpress_net.json,posts_VnExpress_net.json,856,pfbid02Qx3urD7D3FkjWwbdEt128bjyLAYRdUuEmHUz1qfw3A7ZoZBhoaJDkcN4xZGkKhywl,https://www.facebook.com/congdongvnexpress/posts/pfbid02Qx3urD7D3FkjWwbdEt128bjyLAYRdUuEmHUz1qfw3A7ZoZBhoaJDkcN4xZGkKhywl,b4edb852a9cceb00,post_id:pfbid02Qx3urD7D3FkjWwbdEt128bjyLAYRdUuEmHUz1qfw3A7ZoZBhoaJDkcN4xZGkKhywl,VnExpress.net,congdongvnexpress,https://www.facebook.com/congdongvnexpress,4700000,4700000,1,post,https://app.airasia.com/F4uy/bbiapmig?fbclid=IwZXh0bgNhZW0CMTEAc3J0YwZhcHBfaWQQMjIyMDM5MTc4ODIwMDg5MgABHl8IyRCe6pUTRdDhHYOYMOyG-oOMpDNl6Blqcy0FwkjSeXfBgcZCAGDactXt_aem_r8K1s5Dh5viHmyWciIDp3w,"airasia chính thức triển khai chương trình “vé 0 đồng” chào hè, mở ra thêm nhiều cơ hội để du khách việt dễ dàng tiếp cận các điểm đến nổi bật trong khu vực. từ việt nam, hành khách có thể lựa chọn bay tới các quốc gia châu á được yêu thích như thái lan (bangkok, chiang mai), malaysia (kuala lumpur, penang, kota kinabalu, johor bahru), philippines (manila), indonesia (bali), lào (luang prabang), campuchia (siem reap), những điểm đến giàu trải nghiệm, phù hợp cho đa dạng nhu cầu từ nghỉ dưỡng, khám phá văn hoá đến du lịch gia đình. không dừng lại ở mạng bay khu vực, hãng bay còn mang tới lựa chọn nối chuyến thuận tiện tới nhiều điểm đến xa hơn như istanbul, london, bahrain, giúp hành khách tối ưu chi phí cho các hành trình đường dài. với lợi thế mạng lưới rộng, airasia hiện khai thác hơn 130 điểm đến tại châu á, úc và nhiều khu vực khác và lần thứ 16 liên tiếp được vinh danh ""hãng hàng không giá rẻ tốt nhất thế giới"" tại lễ trao giải skytrax 2025. *nguồn: airasia",999,196,T02. ECONOMY_BUSINESS_AND_FINANCE,T02,human_verified,manual_adjudicated,Han; Nhung; Yen,,pilot_400_final,,0.0,4389,17,3,6,0,0,0,0.0,4415,4415.0,1.0,1,1,ok,10,10,1,1,1,Thursday 26 February 2026 at 17:30,1772101800.0,2026-02-26 10:30:00,2026-02-26,10.0,Thursday,post_created_time_unix,ok,1,1779608712,1779608712,2026-05-24 14:45:12,2026-05-24 14:45:12,1,0.0009393617021276,2.1276595744680853e-06,2.1276595744680853e-06,4435,0.0009436170212765,1,0,26,17,9,0.003850509626274,0.0006795016987542,0.0013590033975084,0.0,0.0,0.0,0.9979614949037372,0.0,0.0006795016987542,0.0,0.0058890147225368,1,1,,pilot_or_calibration_sample_exclude_from_test,0,,1
teamcrawl_v1,REC_003122,phuc,schema_5_new_timestamp,data/01_Raw_Data/02_Team_Crawled_Raw/Phuc/json-vnexpress-multipage-v7/posts_VnExpress_net.json,posts_VnExpress_net.json,861,pfbid02FREG6Je3dXfW3nz6TMJp4H3b4JdAxp18WcDXvnVbJSr5JtN41oVJ3kxyT4k6g4Wxl,https://www.facebook.com/congdongvnexpress/posts/pfbid02FREG6Je3dXfW3nz6TMJp4H3b4JdAxp18WcDXvnVbJSr5JtN41oVJ3kxyT4k6g4Wxl,ae9692187d6fa3f6,post_id:pfbid02FREG6Je3dXfW3nz6TMJp4H3b4JdAxp18WcDXvnVbJSr5JtN41oVJ3kxyT4k6g4Wxl,VnExpress.net,congdongvnexpress,https://www.facebook.com/congdongvnexpress,4700000,4700000,1,post,,"tài xế bị xử phạt vì đặt cảnh báo cách xe 3,5 mày khi gặp sự cố phải dừng trên cao tốc",95,23,T03. CRIME_LAW_AND_JUSTICE,T03,human_verified,manual_adjudicated,Han; Nhung; Yen,,pilot_400_final,,0.0,2900,18,1100,115,33,50,2,0.0,4218,4218.0,1.0,1,1,ok,81,0,1,1,1,Friday 20 March 2026 at 14:50,1773993000.0,2026-03-20 07:50:00,2026-03-20,7.0,Friday,post_created_time_unix,ok,1,1779614862,1779614862,2026-05-24 16:27:42,2026-05-24 16:27:42,1,0.0008974468085106,1.7234042553191488e-05,0.0,4299,0.0009146808510638,1,0,1318,20,1298,0.0042674253200568,0.260787102892366,0.0272641062114746,0.0078236130867709,0.0118539592223802,0.0004741583688952,0.6917970602181128,0.0118539592223802,0.260787102892366,0.0082977714556661,-0.312470365101944,1,1,,pilot_or_calibration_sample_exclude_from_test,0,,1
teamcrawl_v1,REC_003167,phuc,schema_5_new_timestamp,data/01_Raw_Data/02_Team_Crawled_Raw/Phuc/json-vnexpress-multipage-v7/posts_VnExpress_net.json,posts_VnExpress_net.json,906,pfbid02L6521gk29ZExWki7wMDRHUNaDjvdmfGDDxtXr68sMHN54gN6r78vguzb87jbDTxTl,https://www.facebook.com/congdongvnexpress/posts/pfbid02L6521gk29ZExWki7wMDRHUNaDjvdmfGDDxtXr68sMHN54gN6r78vguzb87jbDTxTl,1943c2ee1d7785a1,post_id:pfbid02L6521gk29ZExWki7wMDRHUNaDjvdmfGDDxtXr68sMHN54gN6r78vguzb87jbDTxTl,VnExpress.net,congdongvnexpress,https://www.facebook.com/congdongvnexpress,4700000,4700000,1,post,,người dân tập trung đến công viên tưởng niệm nạn nhân covid19,73,13,T12. SOCIETY,T12,human_verified,manual_adjudicated,Han; Nhung; Yen,,pilot_100_additional_final,,0.0,6700,1000,30,10,60,0,234,0.0,8034,8034.0,1.0,1,1,ok,56,85,1,1,1,Monday 16 February 2026 at 20:56,1771250160.0,2026-02-16 13:56:00,2026-02-16,13.0,Monday,post_created_time_unix,ok,1,1779617123,1779617123,2026-05-24 17:05:23,2026-05-24 17:05:23,1,0.0017093617021276,1.1914893617021277e-05,1.8085106382978724e-05,8175,0.0017393617021276,1,0,1334,1234,100,0.124470998257406,0.0037341299477221,0.001244709982574,0.0074682598954443,0.0,0.029126213592233,0.9584266865820265,0.0,0.0037341299477221,0.0365944734876773,0.1660443116753796,1,1,,pilot_or_calibration_sample_exclude_from_test,0,,1
teamcrawl_v1,REC_003218,phuc,schema_5_new_timestamp,data/01_Raw_Data/02_Team_Crawled_Raw/Phuc/json-vnexpress-multipage-v7/posts_VnExpress_net.json,posts_VnExpress_net.json,957,pfbid02ac5csVPVibu6RrcW7Fowd39dEp7svc3RXw1Fi1pQ8XjWouH4iTwxeCGybT3pAJDQl,https://www.facebook.com/congdongvnexpress/posts/pfbid02ac5csVPVibu6RrcW7Fowd39dEp7svc3RXw1Fi1pQ8XjWouH4iTwxeCGybT3pAJDQl,31520964dca3843a,post_id:pfbid02ac5csVPVibu6RrcW7Fowd39dEp7svc3RXw1Fi1pQ8XjWouH4iTwxeCGybT3pAJDQl,VnExpress.net,congdongvnexpress,https://www.facebook.com/congdongvnexpress,4700000,4700000,1,post,,"trong năm học 2025–2026, công ty honda việt nam (hvn) phối hợp bộ giáo dục và đào tạo, ủy ban an toàn giao thông quốc gia triển khai chương trình trao tặng mũ bảo hiểm cho học sinh lớp 1 với thông điệp “đội mũ xinh bảo vệ chúng mình”. theo đơn vị tổ chức, chương trình hướng đến việc hình thành thói quen đội mũ bảo hiểm cho trẻ em ngay từ bậc tiểu học, đồng thời nâng cao nhận thức về an toàn giao thông cho học sinh và phụ huynh thông qua các hoạt động truyền thông, đào tạo kỹ năng cơ bản. từ khi phát động vào tháng 10/2025, chương trình đã được triển khai tại khoảng 14000 điểm trường trên cả nước, với gần 1500 sự kiện, trao tổng cộng 1798775 mũ bảo hiểm đạt chuẩn. song song đó, gần 1,8 triệu học sinh và hơn 350000 phụ huynh được tiếp cận các nội dung giáo dục an toàn giao thông. đại diện honda việt nam cho biết, chương trình là một phần trong nỗ lực chung nhằm góp phần xây dựng ý thức tham gia giao thông an toàn ngay từ lứa tuổi học đường. *nguồn: honda việt nam (hvn)",1085,211,T02. ECONOMY_BUSINESS_AND_FINANCE,T02,human_verified,manual_adjudicated,Han; Nhung; Yen,,pilot_400_final,,0.0,155,5,0,0,0,0,0,0.0,160,160.0,1.0,1,1,ok,0,2,1,1,1,Thursday 29 January 2026 at 18:30,1769686200.0,2026-01-29 11:30:00,2026-01-29,11.0,Thursday,post_created_time_unix,ok,1,1779624308,1779624308,2026-05-24 19:05:08,2026-05-24 19:05:08,1,3.4042553191489365e-05,0.0,4.25531914893617e-07,162,3.4468085106382976e-05,1,0,5,5,0,0.03125,0.0,0.0,0.0,0.0,0.0,1.0,0.0,0.0,0.0,0.03125,1,1,,pilot_or_calibration_sample_exclude_from_test,0,,1
teamcrawl_v1,REC_003225,phuc,schema_5_new_timestamp,data/01_Raw_Data/02_Team_Crawled_Raw/Phuc/json-vnexpress-multipage-v7/posts_VnExpress_net.json,posts_VnExpress_net.json,964,pfbid0upa3rwMjASMwcryXLkcwkLyVyeJxB6dcSPqP4FEha1oUTcToGFxxYC6z5RSCpVm9l,https://www.facebook.com/congdongvnexpress/posts/pfbid0upa3rwMjASMwcryXLkcwkLyVyeJxB6dcSPqP4FEha1oUTcToGFxxYC6z5RSCpVm9l,6369a621da9672b4,post_id:pfbid0upa3rwMjASMwcryXLkcwkLyVyeJxB6dcSPqP4FEha1oUTcToGFxxYC6z5RSCpVm9l,VnExpress.net,congdongvnexpress,https://www.facebook.com/congdongvnexpress,4700000,4700000,1,post,,nhiều sân bay châu á siết kiểm dịch do virus nipah,61,12,T04. HEALTH,T04,human_verified,manual_adjudicated,Han; Nhung; Yen,,pilot_400_final,,0.0,14737,131,82,309,464,9,23,0.0,15755,15755.0,1.0,1,1,ok,1200,805,1,1,1,Monday 26 January 2026 at 21:05,1769436300.0,2026-01-26 14:05:00,2026-01-26,14.0,Monday,post_created_time_unix,ok,1,1779624562,1779624562,2026-05-24 19:09:22,2026-05-24 19:09:22,1,0.0033521276595744,0.0002553191489361,0.0001712765957446,17760,0.0037787234042553,1,0,1018,154,864,0.0083148206918438,0.0052046969216121,0.0196128213265629,0.0294509679466835,0.0005712472231037,0.0014598540145985,0.9437004125674388,0.0005712472231037,0.0052046969216121,0.0309108219612821,-0.0646144081244049,1,1,,pilot_or_calibration_sample_exclude_from_test,0,,1
teamcrawl_v1,REC_003236,phuc,schema_5_new_timestamp,data/01_Raw_Data/02_Team_Crawled_Raw/Phuc/json-vnexpress-multipage-v7/posts_VnExpress_net.json,posts_VnExpress_net.json,975,pfbid02VKrZVD7Sa3rQ4uJameExeDfNjCCJvtMwRpsLdRpxUvYXySrWY47EMnGuvvQHia48l,https://www.facebook.com/congdongvnexpress/posts/pfbid02VKrZVD7Sa3rQ4uJameExeDfNjCCJvtMwRpsLdRpxUvYXySrWY47EMnGuvvQHia48l,23b73e8407cbf0a9,post_id:pfbid02VKrZVD7Sa3rQ4uJameExeDfNjCCJvtMwRpsLdRpxUvYXySrWY47EMnGuvvQHia48l,VnExpress.net,congdongvnexpress,https://www.facebook.com/congdongvnexpress,4700000,4700000,1,post,https://vnexpress.net/truc-lien-phuong-tang-kha-nang-ket-noi-khu-dong-5006002.html?fbclid=IwZXh0bgNhZW0CMTEAc3J0YwZhcHBfaWQQMjIyMDM5MTc4ODIwMDg5MgABHoOlHFpZSPNRZ2lBOMaHGrQOScQaCeMJ1p4K_ccaV6kIPYY3b4W1_x4_44ns_aem_TfyBIE2JQ9HVwcTPd7fvpQ,"sau khi thông xe hai chiều, đường liên phường hình thành trục kết nối xuyên tâm mới, góp phần giảm áp lực giao thông và cải thiện khả năng liên kết các khu đô thị phía đông tp hcm.",185,40,T17. TRANSPORT_INFRASTRUCTURE,T17,human_verified,manual_adjudicated,Han; Nhung; Yen,,pilot_400_final,,0.0,631,10,2,0,0,0,2,0.0,645,645.0,1.0,1,1,ok,2,5,1,1,1,Sunday 24 May 2026 at 10:26,1779593160.0,2026-05-24 03:26:00,2026-05-24,3.0,Sunday,post_created_time_unix,ok,1,1779625194,1779625194,2026-05-24 19:19:54,2026-05-24 19:19:54,1,0.0001372340425531,4.25531914893617e-07,1.0638297872340429e-06,652,0.0001387234042553,1,0,14,12,2,0.0155038759689922,0.0031007751937984,0.0,0.0,0.0,0.0031007751937984,0.993798449612403,0.0,0.0031007751937984,0.0031007751937984,0.0217054263565891,1,1,,pilot_or_calibration_sample_exclude_from_test,0,,1
teamcrawl_v1,REC_003241,phuc,schema_5_new_timestamp,data/01_Raw_Data/02_Team_Crawled_Raw/Phuc/json-vnexpress-multipage-v7/posts_VnExpress_net.json,posts_VnExpress_net.json,980,pfbid02CwHoZBu63TcuTL9qsncpJ2jL7TUorH7SW54xJes8NDyXqMrfgVGKuHLRPn47r7K8l,https://www.facebook.com/congdongvnexpress/posts/pfbid02CwHoZBu63TcuTL9qsncpJ2jL7TUorH7SW54xJes8NDyXqMrfgVGKuHLRPn47r7K8l,77ad4932f40aba72,post_id:pfbid02CwHoZBu63TcuTL9qsncpJ2jL7TUorH7SW54xJes8NDyXqMrfgVGKuHLRPn47r7K8l,VnExpress.net,congdongvnexpress,https://www.facebook.com/congdongvnexpress,4700000,4700000,1,post,,"bảo tín mạnh hải mở rộng các cơ sở với mô hình trải nghiệm mới, đưa vàng 0,1 chỉ vào thói quen tích lũy của người việt. khác với cách tiếp cận truyền thống, mô hình cửa hàng mới của bảo tín mạnh hải được xây dựng như một không gian trải nghiệm mở, thiết kế hiện đại, tối giản hòa quyện cùng các giá trị văn hóa quen thuộc. sức hút của mô hình trải nghiệm mới còn đến từ cách thương hiệu kể câu chuyện về vàng. tại đây, vàng không chỉ được nhìn nhận như một tài sản, mà còn mang giá trị văn hóa thông qua các dòng sản phẩm chế tác như tứ quý thịnh vượng, đồng xu hoa sen. song song với không gian và sản phẩm, bảo tín mạnh hải chú trọng cá nhân hóa dịch vụ theo tinh thần ""tử tế - tận tâm - nói như đóng dấu"". theo kế hoạch, ngày 24/1 tới đây, bảo tín mạnh hải sẽ khai trương hai cửa hàng mới tại cầu giấy và linh đàm. nguồn: bảo tín mạnh hải",846,187,T02. ECONOMY_BUSINESS_AND_FINANCE,T02,human_verified,manual_adjudicated,Han; Nhung; Yen,,pilot_100_additional_final,,0.0,171,5,3,0,0,0,0,0.0,179,179.0,1.0,1,1,ok,3,3,1,1,1,Friday 16 January 2026 at 15:00,1768550400.0,2026-01-16 08:00:00,2026-01-16,8.0,Friday,post_created_time_unix,ok,1,1779625258,1779625258,2026-05-24 19:20:58,2026-05-24 19:20:58,1,3.8085106382978726e-05,6.382978723404255e-07,6.382978723404255e-07,185,3.936170212765957e-05,1,0,8,5,3,0.0279329608938547,0.0167597765363128,0.0,0.0,0.0,0.0,0.9832402234636872,0.0,0.0167597765363128,0.0,0.0446927374301676,1,1,,pilot_or_calibration_sample_exclude_from_test,0,,1
teamcrawl_v1,REC_003247,phuc,schema_5_new_timestamp,data/01_Raw_Data/02_Team_Crawled_Raw/Phuc/json-vnexpress-multipage-v7/posts_VnExpress_net.json,posts_VnExpress_net.json,986,pfbid0NeGZwvpMNqoU4cX1X6DEAeuXoUw2dFdzcUBP8LjgAcPr6jzgj2RgibXR2wYtd7e7l,https://www.facebook.com/congdongvnexpress/posts/pfbid0NeGZwvpMNqoU4cX1X6DEAeuXoUw2dFdzcUBP8LjgAcPr6jzgj2RgibXR2wYtd7e7l,b173b852e83a8dfc,post_id:pfbid0NeGZwvpMNqoU4cX1X6DEAeuXoUw2dFdzcUBP8LjgAcPr6jzgj2RgibXR2wYtd7e7l,VnExpress.net,congdongvnexpress,https://www.facebook.com/congdongvnexpress,4700000,4700000,1,post,,"bvbank mở rộng danh mục tiền gửi với chứng chỉ tiền gửi lãi suất đến 7,8% một năm, tiết kiệm online qua digimi và gửi tại quầy, mang đến nhiều lựa chọn linh hoạt cho khách hàng.",182,38,T02. ECONOMY_BUSINESS_AND_FINANCE,T02,human_verified,manual_adjudicated,Han; Nhung; Yen,,pilot_400_final,,0.0,51,0,3,0,0,0,0,0.0,54,54.0,1.0,1,1,ok,1,1,1,1,1,Friday 9 January 2026 at 10:45,1767930300.0,2026-01-09 03:45:00,2026-01-09,3.0,Friday,post_created_time_unix,ok,1,1779625441,1779625441,2026-05-24 19:24:01,2026-05-24 19:24:01,1,1.148936170212766e-05,2.127659574468085e-07,2.127659574468085e-07,56,1.1914893617021277e-05,1,0,3,0,3,0.0,0.0555555555555555,0.0,0.0,0.0,0.0,0.9444444444444444,0.0,0.0555555555555555,0.0,-0.0555555555555555,1,1,,pilot_or_calibration_sample_exclude_from_test,0,,1
teamcrawl_v1,REC_003251,phuc,schema_5_new_timestamp,data/01_Raw_Data/02_Team_Crawled_Raw/Phuc/json-vnexpress-multipage-v7/posts_VnExpress_net.json,posts_VnExpress_net.json,990,pfbid0297bQTmnbT1mJwuAtBdhxgJVet8TY11igAZeTcSHei6CrSZQFSnwiKXXui13d3Mkrl,https://www.facebook.com/congdongvnexpress/posts/pfbid0297bQTmnbT1mJwuAtBdhxgJVet8TY11igAZeTcSHei6CrSZQFSnwiKXXui13d3Mkrl,7565b0cb3e78eeca,post_id:pfbid0297bQTmnbT1mJwuAtBdhxgJVet8TY11igAZeTcSHei6CrSZQFSnwiKXXui13d3Mkrl,VnExpress.net,congdongvnexpress,https://www.facebook.com/congdongvnexpress,4700000,4700000,1,post,,"người trong nghề truyền bí kíp đến sinh viên quan hệ công chúng mc, nhà báo trác thúy miêu cùng các lãnh đạo, chuyên gia đến từ vinamilk, kompa technology… là những gương mặt quen thuộc trong các buổi học và hoạt động chuyên môn của sinh viên ngành quan hệ công chúng (pr). bên cạnh kiến thức nền tảng từ giảng đường, việc tiếp cận kinh nghiệm thực tế từ những người đang làm nghề giúp sinh viên hiểu rõ hơn yêu cầu của lĩnh vực truyền thông – quan hệ công chúng trong bối cảnh đa kênh. các diễn giả chia sẻ nhiều nội dung gắn với thực tiễn như xây dựng chiến lược truyền thông, quản trị thương hiệu, xử lý khủng hoảng, phát triển hình ảnh cá nhân và ứng dụng công nghệ trong hoạt động pr. đây cũng là một trong những định hướng đào tạo của ngành quan hệ công chúng tại trường đại học công nghệ tp hcm (hutech), khi chương trình học được thiết kế gắn với nhu cầu thực tế của thị trường lao động, giúp sinh viên sớm làm quen với môi trường nghề nghiệp ngay từ khi còn trên ghế nhà trường. *nguồn: trường đại học công nghệ tp hcm (hutech)",1041,213,T05. EDUCATION,T05,human_verified,manual_adjudicated,Han; Nhung; Yen,,pilot_100_final,,0.0,140,5,0,0,0,0,0,0.0,145,145.0,1.0,1,1,ok,3,1,1,1,1,Thursday 8 January 2026 at 15:00,1767859200.0,2026-01-08 08:00:00,2026-01-08,8.0,Thursday,post_created_time_unix,ok,1,1779625508,1779625508,2026-05-24 19:25:08,2026-05-24 19:25:08,1,3.085106382978723e-05,6.382978723404255e-07,2.127659574468085e-07,149,3.170212765957447e-05,1,0,5,5,0,0.0344827586206896,0.0,0.0,0.0,0.0,0.0,1.0,0.0,0.0,0.0,0.0344827586206896,1,1,,pilot_or_calibration_sample_exclude_from_test,0,,1
teamcrawl_v1,REC_003256,phuc,schema_5_new_timestamp,data/01_Raw_Data/02_Team_Crawled_Raw/Phuc/json-vnexpress-multipage-v7/posts_VnExpress_net.json,posts_VnExpress_net.json,995,pfbid021cHLbwQvy6zRqeUkxKZT5nKnkACR6UgkY12Ge9yFtiTWgz4tHPJsaVKyT6TruDjfl,https://www.facebook.com/congdongvnexpress/posts/pfbid021cHLbwQvy6zRqeUkxKZT5nKnkACR6UgkY12Ge9yFtiTWgz4tHPJsaVKyT6TruDjfl,fe949508b938cad1,post_id:pfbid021cHLbwQvy6zRqeUkxKZT5nKnkACR6UgkY12Ge9yFtiTWgz4tHPJsaVKyT6TruDjfl,VnExpress.net,congdongvnexpress,https://www.facebook.com/congdongvnexpress,4700000,4700000,1,post,,"vưu lệ quyên - ceo biti’s chia sẻ: 'tôi tin rằng chỉ khi từng cá nhân hạnh phúc, tổ chức mới bền vững. tôi xác định phải thay đổi văn hóa doanh nghiệp – từ vận hành bằng sợ hãi và kỷ luật cứng nhắc sang hạnh phúc và hiệu quả. trải nghiệm cá nhân cho tôi thấy: nếu người lãnh đạo không vững từ bên trong, tổ chức không thể đi xa. ở góc độ nhân viên, một nền văn hóa dựa trên nỗi sợ có thể khiến con người làm việc, nhưng không thể khiến họ gắn bó, sáng tạo hay chủ động. biti’s được hình thành trong bối cảnh sau chiến tranh, khi kỷ luật và mệnh lệnh là cách duy nhất để đưa người lao động từ nông nghiệp sang sản xuất công nghiệp. trong một môi trường mà kỷ luật được đặt lên hàng đầu, sếp nói gì phải nghe, làm sai là bị phạt, thì phản xạ tự nhiên của con người là co cụm lại. khi biti’s bắt đầu có nhiều người trẻ hơn, tôi thấy rất rõ sự lệch pha giữa các thế hệ. trong khi thế hệ 7x, 8x quen với việc ba mẹ nói gì nghe nấy, cấp trên nói gì làm theo, thì 9x, genz đòi hỏi công việc có ý nghĩa, được kết nối sâu sắc hơn. nếu doanh nghiệp tiếp tục vận hành bằng kiểm soát và sợ hãi, chúng tôi sẽ không giữ được người trẻ, cũng không thể xây dựng một đội ngũ đủ năng lượng để đi đường dài.'",1221,268,T02. ECONOMY_BUSINESS_AND_FINANCE,T02,human_verified,manual_adjudicated,Han; Nhung; Yen,,pilot_400_final,,0.0,760,171,0,0,0,0,12,0.0,943,943.0,1.0,1,1,ok,91,14,1,1,1,Monday 5 January 2026 at 18:35,1767612900.0,2026-01-05 11:35:00,2026-01-05,11.0,Monday,post_created_time_unix,ok,1,1779625602,1779625602,2026-05-24 19:26:42,2026-05-24 19:26:42,1,0.0002006382978723,1.936170212765957e-05,2.978723404255319e-06,1048,0.0002229787234042,1,0,183,183,0,0.1813361611876988,0.0,0.0,0.0,0.0,0.0127253446447507,0.9872746553552492,0.0,0.0,0.0127253446447507,0.1940615058324496,1,1,,pilot_or_calibration_sample_exclude_from_test,0,,1
teamcrawl_v1,REC_003325,phuc,schema_5_new_timestamp,data/01_Raw_Data/02_Team_Crawled_Raw/Phuc/json-vtv24-multipage-v7/posts_Tin_tuc_VTV24.json,posts_Tin_tuc_VTV24.json,64,1369482375000114,https://www.facebook.com/reel/1369482375000114,99aa982dd2a4c9fe,post_id:1369482375000114,Tin tức VTV24,tintucvtv24,https://www.facebook.com/tintucvtv24,10000000,10000000,1,reel,,"trong công nghệ, bản dùng thử là bản để người dùng có thể trải nghiệm những tính năng của bản trả phí trước khi quyết định “xuống tiền”. ơ thế trong tình yêu, liệu có thể “crack” cảm xúc như cách nhiều người đã làm khi muốn sử dụng các tính năng mà không phải trả phí không? điểm chạm chính sách fanpage & youtube: vtv index, điểm chạm chính sách, vtv24, vtvgo",389,75,T12. SOCIETY,T12,human_verified,manual_adjudicated,Han; Nhung; Yen,,pilot_400_final,,1.0,568,11,14,0,0,0,0,0.0,593,593.0,1.0,1,1,ok,12,2,1,1,1,Wednesday 20 May 2026 at 22:10,1779289800.0,2026-05-20 15:10:00,2026-05-20,15.0,Wednesday,post_created_time_unix,ok,1,1779515956,1779515956,2026-05-23 12:59:16,2026-05-23 12:59:16,1,5.93e-05,1.2e-06,2e-07,607,6.07e-05,1,0,25,11,14,0.0185497470489038,0.0236087689713322,0.0,0.0,0.0,0.0,0.9763912310286678,0.0,0.0236087689713322,0.0,-0.042158516020236,1,1,,pilot_or_calibration_sample_exclude_from_test,0,,1
teamcrawl_v1,REC_003329,phuc,schema_5_new_timestamp,data/01_Raw_Data/02_Team_Crawled_Raw/Phuc/json-vtv24-multipage-v7/posts_Tin_tuc_VTV24.json,posts_Tin_tuc_VTV24.json,68,pfbid09jrN9oyjRUx79UP89M2UEvHpTTGdpKAzzkkRGUqSrgJSncKDCN3h4Pao821o1nK2l,https://www.facebook.com/tintucvtv24/posts/pfbid09jrN9oyjRUx79UP89M2UEvHpTTGdpKAzzkkRGUqSrgJSncKDCN3h4Pao821o1nK2l,482f94e16121f524,post_id:pfbid09jrN9oyjRUx79UP89M2UEvHpTTGdpKAzzkkRGUqSrgJSncKDCN3h4Pao821o1nK2l,Tin tức VTV24,tintucvtv24,https://www.facebook.com/tintucvtv24,10000000,10000000,1,post,,"thu hồi, tiêu hủy lô sữa rửa mặt không đạt chất lượng; cấp cứu kịp thời bé gái 14 tháng tuổi bị co giật; đưa hpv vào danh mục tiêm chủng bắt buộc; cuộc đời được hồi sinh sau ghép tim. những nội dung hữu ích trong bản tin thời sự y tế lúc 20h30 trên vtvgo. mời quý vị đón xem!",275,62,T04. HEALTH,T04,human_verified,manual_adjudicated,Han; Nhung; Yen,,pilot_400_final,,0.0,441,6,0,2,0,0,0,0.0,449,449.0,1.0,1,1,ok,13,6,1,1,1,Wednesday 20 May 2026 at 20:30,1779283800.0,2026-05-20 13:30:00,2026-05-20,13.0,Wednesday,post_created_time_unix,ok,1,1779515994,1779515994,2026-05-23 12:59:54,2026-05-23 12:59:54,1,4.49e-05,1.3e-06,6e-07,468,4.68e-05,1,0,8,6,2,0.0133630289532293,0.0,0.0044543429844097,0.0,0.0,0.0,0.9955456570155902,0.0,0.0,0.0,0.0178173719376391,1,1,,pilot_or_calibration_sample_exclude_from_test,0,,1
teamcrawl_v1,REC_003337,phuc,schema_5_new_timestamp,data/01_Raw_Data/02_Team_Crawled_Raw/Phuc/json-vtv24-multipage-v7/posts_Tin_tuc_VTV24.json,posts_Tin_tuc_VTV24.json,76,1977837529491623,https://www.facebook.com/reel/1977837529491623,0d365e886d9b2648,post_id:1977837529491623,Tin tức VTV24,tintucvtv24,https://www.facebook.com/tintucvtv24,10000000,10000000,1,reel,,"sáng 20/5, tòa án nhân dân tp. hà nội mở phiên tòa xét xử sơ thẩm cựu bộ trưởng bộ y tế nguyễn thị kim tiến và 9 bị cáo khác trong vụ án “vi phạm quy định về quản lý, sử dụng tài sản nhà nước gây thất thoát, lãng phí; lừa đảo chiếm đoạt tài sản; nhận hối lộ” xảy ra tại bộ y tế và các đơn vị liên quan.",302,73,T03. CRIME_LAW_AND_JUSTICE,T03,human_verified,manual_adjudicated,Han; Nhung; Yen,,pilot_100_additional_final,,0.0,2448,28,16,11,4,8,0,0.0,2515,2515.0,1.0,1,1,ok,75,122,1,1,1,Wednesday 20 May 2026 at 15:01,1779264060.0,2026-05-20 08:01:00,2026-05-20,8.0,Wednesday,post_created_time_unix,ok,1,1779516070,1779516070,2026-05-23 13:01:10,2026-05-23 13:01:10,1,0.0002515,7.5e-06,1.22e-05,2712,0.0002712,1,0,67,28,39,0.0111332007952286,0.0063618290258449,0.0043737574552683,0.0015904572564612,0.0031809145129224,0.0,0.984493041749503,0.0031809145129224,0.0063618290258449,0.0015904572564612,-0.0266401590457256,1,1,,pilot_or_calibration_sample_exclude_from_test,0,,1
teamcrawl_v1,REC_003362,phuc,schema_5_new_timestamp,data/01_Raw_Data/02_Team_Crawled_Raw/Phuc/json-vtv24-multipage-v7/posts_Tin_tuc_VTV24.json,posts_Tin_tuc_VTV24.json,101,pfbid0bwBZjKrLu9yS46Ed2WK156Dy7xfEBtmPKqYgfF2Cn1U5Y55ocVKJBBQDeMBSzbTFl,https://www.facebook.com/tintucvtv24/posts/pfbid0bwBZjKrLu9yS46Ed2WK156Dy7xfEBtmPKqYgfF2Cn1U5Y55ocVKJBBQDeMBSzbTFl,f54bf11578de0f7a,post_id:pfbid0bwBZjKrLu9yS46Ed2WK156Dy7xfEBtmPKqYgfF2Cn1U5Y55ocVKJBBQDeMBSzbTFl,Tin tức VTV24,tintucvtv24,https://www.facebook.com/tintucvtv24,10000000,10000000,1,post,,nhân dân đồng thuận cao với đề án thành lập tp. quảng ninh,58,13,T01. POLITICS,T01,human_verified,manual_adjudicated,Han; Nhung; Yen,,pilot_100_final,,0.0,3506,217,30,9,0,0,6,0.0,3768,3768.0,1.0,1,1,ok,36,90,1,1,1,Tuesday 19 May 2026 at 16:10,1779181800.0,2026-05-19 09:10:00,2026-05-19,9.0,Tuesday,post_created_time_unix,ok,1,1779519049,1779519049,2026-05-23 13:50:49,2026-05-23 13:50:49,1,0.0003768,3.6e-06,9e-06,3894,0.0003894,1,0,262,223,39,0.0575902335456475,0.0079617834394904,0.0023885350318471,0.0,0.0,0.001592356687898,0.9880573248407644,0.0,0.0079617834394904,0.001592356687898,0.0695329087048832,1,1,,pilot_or_calibration_sample_exclude_from_test,0,,1
teamcrawl_v1,REC_003378,phuc,schema_5_new_timestamp,data/01_Raw_Data/02_Team_Crawled_Raw/Phuc/json-vtv24-multipage-v7/posts_Tin_tuc_VTV24.json,posts_Tin_tuc_VTV24.json,117,1397170495769162,https://www.facebook.com/reel/1397170495769162,a07d608c6250ef57,post_id:1397170495769162,Tin tức VTV24,tintucvtv24,https://www.facebook.com/tintucvtv24,10000000,10000000,1,reel,,"là một trong những đơn vị triển khai mô hình điểm về bữa ăn học đường bảo đảm dinh dưỡng hợp lý, trường mầm non minh khai (hải phòng) đang xây dựng thực đơn đa dạng với hơn 400 món ăn do chuyên gia dinh dưỡng thiết kế. mỗi bữa ăn sử dụng trên 10 loại thực phẩm, được cân đối hợp lý giữa các nhóm chất nhằm đáp ứng nhu cầu dinh dưỡng và hỗ trợ sự phát triển toàn diện cho trẻ theo từng độ tuổi. đón xem “vì tầm vóc việt” – 18h25 hàng ngày trên vtv1 và nền tảng truyền hình số quốc gia vtvgo. chương trình do ban văn hoá - giải trí , đài truyền hình việt nam thực hiện với sự đồng hành của tập đoàn th.",600,134,T05. EDUCATION,T05,human_verified,manual_adjudicated,Han; Nhung; Yen,,pilot_400_final,,0.0,426,6,0,2,0,0,0,0.0,434,434.0,1.0,1,1,ok,9,4,1,1,1,Monday 18 May 2026 at 22:55,1779119700.0,2026-05-18 15:55:00,2026-05-18,15.0,Monday,post_created_time_unix,ok,1,1779519181,1779519181,2026-05-23 13:53:01,2026-05-23 13:53:01,1,4.34e-05,9e-07,4e-07,447,4.47e-05,1,0,8,6,2,0.0138248847926267,0.0,0.0046082949308755,0.0,0.0,0.0,0.9953917050691244,0.0,0.0,0.0,0.0184331797235023,1,1,,pilot_or_calibration_sample_exclude_from_test,0,,1
teamcrawl_v1,REC_003381,phuc,schema_5_new_timestamp,data/01_Raw_Data/02_Team_Crawled_Raw/Phuc/json-vtv24-multipage-v7/posts_Tin_tuc_VTV24.json,posts_Tin_tuc_VTV24.json,120,pfbid02yrH8ABxAbsGHBu5tYQP2M91ueYspjuFFGfXuQ6dQtgw934upqarrENDkrHUisLbml,https://www.facebook.com/tintucvtv24/posts/pfbid02yrH8ABxAbsGHBu5tYQP2M91ueYspjuFFGfXuQ6dQtgw934upqarrENDkrHUisLbml,9e6d3cc0cb4aacb0,post_id:pfbid02yrH8ABxAbsGHBu5tYQP2M91ueYspjuFFGfXuQ6dQtgw934upqarrENDkrHUisLbml,Tin tức VTV24,tintucvtv24,https://www.facebook.com/tintucvtv24,10000000,10000000,1,post,,biến thể hiếm gặp của virus ebola làm gia tăng mức độ nguy hiểm,63,14,T04. HEALTH,T04,human_verified,manual_adjudicated,Han; Nhung; Yen,,pilot_400_final,,0.0,2338,15,2,30,59,0,4,0.0,2448,2448.0,1.0,1,1,ok,59,24,1,1,1,Monday 18 May 2026 at 21:45,1779115500.0,2026-05-18 14:45:00,2026-05-18,14.0,Monday,post_created_time_unix,ok,1,1779519206,1779519206,2026-05-23 13:53:26,2026-05-23 13:53:26,1,0.0002448,5.9e-06,2.4e-06,2531,0.0002531,1,0,110,19,91,0.0061274509803921,0.0008169934640522,0.0122549019607843,0.0241013071895424,0.0,0.0016339869281045,0.9611928104575164,0.0,0.0008169934640522,0.025735294117647,-0.0449346405228758,1,1,,pilot_or_calibration_sample_exclude_from_test,0,,1
teamcrawl_v1,REC_003413,phuc,schema_5_new_timestamp,data/01_Raw_Data/02_Team_Crawled_Raw/Phuc/json-vtv24-multipage-v7/posts_Tin_tuc_VTV24.json,posts_Tin_tuc_VTV24.json,152,pfbid0Fy7suUHJJwHPznKAQXoZLXjKestqmB6PK54pJbxoRYDVe3rzXeZT4dnWyTQci73el,https://www.facebook.com/tintucvtv24/posts/pfbid0Fy7suUHJJwHPznKAQXoZLXjKestqmB6PK54pJbxoRYDVe3rzXeZT4dnWyTQci73el,06fc7510f21c72ee,post_id:pfbid0Fy7suUHJJwHPznKAQXoZLXjKestqmB6PK54pJbxoRYDVe3rzXeZT4dnWyTQci73el,Tin tức VTV24,tintucvtv24,https://www.facebook.com/tintucvtv24,10000000,10000000,1,post,,"xe khách 29 chỗ lao xuống vực ở tuyên quang, 1 người tử vong",60,14,T09. DISASTER_ACCIDENT_AND_EMERGENCY_INCIDENT,T09,human_verified,manual_adjudicated,Han; Nhung; Yen,,pilot_400_final,,0.0,5000,13,0,61,1400,4,136,0.0,6614,6614.0,1.0,1,1,ok,33,382,1,1,1,Sunday 17 May 2026 at 17:42,1779014520.0,2026-05-17 10:42:00,2026-05-17,10.0,Sunday,post_created_time_unix,ok,1,1779519484,1779519484,2026-05-23 13:58:04,2026-05-23 13:58:04,1,0.0006614,3.3e-06,3.82e-05,7029,0.0007029,1,0,1614,149,1465,0.0019655276685817,0.0,0.0092228605987299,0.2116722104626549,0.000604777744179,0.0205624433020864,0.7579377078923496,0.000604777744179,0.0,0.2322346537647414,-0.2440278197762322,1,1,,pilot_or_calibration_sample_exclude_from_test,0,,1
teamcrawl_v1,REC_003433,phuc,schema_5_new_timestamp,data/01_Raw_Data/02_Team_Crawled_Raw/Phuc/json-vtv24-multipage-v7/posts_Tin_tuc_VTV24.json,posts_Tin_tuc_VTV24.json,172,1293143275746249,https://www.facebook.com/reel/1293143275746249,bc505919228aa8e9,post_id:1293143275746249,Tin tức VTV24,tintucvtv24,https://www.facebook.com/tintucvtv24,10000000,10000000,1,reel,,"bộ trưởng ngoại giao trung quốc vương nghị xác nhận, chủ tịch trung quốc tập cận bình sẽ thăm cấp nhà nước tới mỹ vào mùa thu năm nay.",134,29,T16. WORLD_INTERNATIONAL,T16,human_verified,manual_adjudicated,Han; Nhung; Yen,,pilot_100_final,,0.0,1590,19,7,0,0,0,3,0.0,1619,1619.0,1.0,1,1,ok,15,17,1,1,1,Saturday 16 May 2026 at 19:59,1778936340.0,2026-05-16 12:59:00,2026-05-16,12.0,Saturday,post_created_time_unix,ok,1,1779519679,1779519679,2026-05-23 14:01:19,2026-05-23 14:01:19,1,0.0001619,1.5e-06,1.7e-06,1651,0.0001651,1,0,29,22,7,0.0117356392835083,0.0043236565781346,0.0,0.0,0.0,0.0018529956763434,0.993823347745522,0.0,0.0043236565781346,0.0018529956763434,0.0179122915379864,1,1,,pilot_or_calibration_sample_exclude_from_test,0,,1
teamcrawl_v1,REC_003438,phuc,schema_5_new_timestamp,data/01_Raw_Data/02_Team_Crawled_Raw/Phuc/json-vtv24-multipage-v7/posts_Tin_tuc_VTV24.json,posts_Tin_tuc_VTV24.json,177,2358671031636133,https://www.facebook.com/reel/2358671031636133,12f62bdaeb3471a0,post_id:2358671031636133,Tin tức VTV24,tintucvtv24,https://www.facebook.com/tintucvtv24,10000000,10000000,1,reel,,"công an tỉnh quảng trị vừa phát hiện đường dây sản xuất, buôn bán cà phê giả do đối tượng nguyễn xuân thành cầm đầu. nguyên liệu chủ yếu là đậu nành và hương liệu được chế biến, đóng gói rồi đưa ra thị trường tiêu thụ tại nhiều quán cà phê.",240,52,T03. CRIME_LAW_AND_JUSTICE,T03,human_verified,manual_adjudicated,Han; Nhung; Yen,,pilot_400_final,,0.0,2736,15,5,25,13,46,0,0.0,2840,2840.0,1.0,1,1,ok,189,66,1,1,1,Saturday 16 May 2026 at 16:00,1778922000.0,2026-05-16 09:00:00,2026-05-16,9.0,Saturday,post_created_time_unix,ok,1,1779519730,1779519730,2026-05-23 14:02:10,2026-05-23 14:02:10,1,0.000284,1.89e-05,6.6e-06,3095,0.0003095,1,0,104,15,89,0.005281690140845,0.0017605633802816,0.0088028169014084,0.0045774647887323,0.0161971830985915,0.0,0.968661971830986,0.0161971830985915,0.0017605633802816,0.0045774647887323,-0.0366197183098591,1,1,,pilot_or_calibration_sample_exclude_from_test,0,,1
teamcrawl_v1,REC_003467,phuc,schema_5_new_timestamp,data/01_Raw_Data/02_Team_Crawled_Raw/Phuc/json-vtv24-multipage-v7/posts_Tin_tuc_VTV24.json,posts_Tin_tuc_VTV24.json,206,1293402739580652,https://www.facebook.com/reel/1293402739580652,74bf67bf0b59e9f8,post_id:1293402739580652,Tin tức VTV24,tintucvtv24,https://www.facebook.com/tintucvtv24,10000000,10000000,1,reel,,"myanmar vừa công bố dự luật đề xuất án tử hình đối với các đối tượng giam giữ, tra tấn hoặc cưỡng ép nạn nhân làm việc trong các trung tâm lừa đảo trực tuyến. những kẻ điều hành đường dây lừa đảo qua mạng hoặc lừa đảo tiền số cũng có thể đối mặt với án tù chung thân.",267,60,T03. CRIME_LAW_AND_JUSTICE,T03,human_verified,manual_adjudicated,Han; Nhung; Yen,,pilot_400_final,,0.0,3212,31,8,3,0,0,0,0.0,3254,3254.0,1.0,1,1,ok,56,69,1,1,1,Friday 15 May 2026 at 15:01,1778832060.0,2026-05-15 08:01:00,2026-05-15,8.0,Friday,post_created_time_unix,ok,1,1779523823,1779523823,2026-05-23 15:10:23,2026-05-23 15:10:23,1,0.0003254,5.6e-06,6.9e-06,3379,0.0003379,1,0,42,31,11,0.0095267363245236,0.002458512599877,0.0009219422249539,0.0,0.0,0.0,0.996619545175169,0.0,0.002458512599877,0.0,0.0129071911493546,1,1,,pilot_or_calibration_sample_exclude_from_test,0,,1
teamcrawl_v1,REC_003487,phuc,schema_5_new_timestamp,data/01_Raw_Data/02_Team_Crawled_Raw/Phuc/json-vtv24-multipage-v7/posts_Tin_tuc_VTV24.json,posts_Tin_tuc_VTV24.json,226,pfbid0Chri51gmc3nzNcFJsB7sG2LPimETLnKpeFAPaB5GvbKCM4SH4xRauLbDMKZmArYVl,https://www.facebook.com/tintucvtv24/posts/pfbid0Chri51gmc3nzNcFJsB7sG2LPimETLnKpeFAPaB5GvbKCM4SH4xRauLbDMKZmArYVl,88440dcb90e81c91,post_id:pfbid0Chri51gmc3nzNcFJsB7sG2LPimETLnKpeFAPaB5GvbKCM4SH4xRauLbDMKZmArYVl,Tin tức VTV24,tintucvtv24,https://www.facebook.com/tintucvtv24,10000000,10000000,1,post,,"người dân tp. hồ chí minh hào hứng trải nghiệm hàng loạt tiện ích thiết thực tại trạm công dân số, hoàn toàn miễn phí ngay dưới chân nhà.",137,29,T06. SCIENCE_AND_TECHNOLOGY,T06,human_verified,manual_adjudicated,Han; Nhung; Yen,,pilot_100_final,,0.0,586,22,5,0,0,0,2,0.0,615,615.0,1.0,1,1,ok,11,24,1,1,1,Thursday 14 May 2026 at 18:14,1778757240.0,2026-05-14 11:14:00,2026-05-14,11.0,Thursday,post_created_time_unix,ok,1,1779523995,1779523995,2026-05-23 15:13:15,2026-05-23 15:13:15,1,6.15e-05,1.1e-06,2.4e-06,650,6.5e-05,1,0,29,24,5,0.0357723577235772,0.008130081300813,0.0,0.0,0.0,0.0032520325203252,0.9886178861788618,0.0,0.008130081300813,0.0032520325203252,0.0471544715447154,1,1,,pilot_or_calibration_sample_exclude_from_test,0,,1
teamcrawl_v1,REC_003491,phuc,schema_5_new_timestamp,data/01_Raw_Data/02_Team_Crawled_Raw/Phuc/json-vtv24-multipage-v7/posts_Tin_tuc_VTV24.json,posts_Tin_tuc_VTV24.json,230,1701825247842451,https://www.facebook.com/reel/1701825247842451,c6cdb0b61e25d7a8,post_id:1701825247842451,Tin tức VTV24,tintucvtv24,https://www.facebook.com/tintucvtv24,10000000,10000000,1,reel,,"bộ xây dựng đề xuất tăng 25% mức bồi thường cho hành khách bị chậm, hủy chuyến bay. dự thảo cũng bổ sung hình thức chi trả bằng phiếu dịch vụ, bên cạnh tiền mặt và chuyển khoản.",177,38,T17. TRANSPORT_INFRASTRUCTURE,T17,human_verified,manual_adjudicated,Han; Nhung; Yen,,pilot_100_additional_final,,0.0,800,11,0,2,0,0,0,0.0,813,813.0,1.0,1,1,ok,15,8,1,1,1,Thursday 14 May 2026 at 16:01,1778749260.0,2026-05-14 09:01:00,2026-05-14,9.0,Thursday,post_created_time_unix,ok,1,1779524030,1779524030,2026-05-23 15:13:50,2026-05-23 15:13:50,1,8.13e-05,1.5e-06,8e-07,836,8.36e-05,1,0,13,11,2,0.013530135301353,0.0,0.002460024600246,0.0,0.0,0.0,0.997539975399754,0.0,0.0,0.0,0.015990159901599,1,1,,pilot_or_calibration_sample_exclude_from_test,0,,1
teamcrawl_v1,REC_003494,phuc,schema_5_new_timestamp,data/01_Raw_Data/02_Team_Crawled_Raw/Phuc/json-vtv24-multipage-v7/posts_Tin_tuc_VTV24.json,posts_Tin_tuc_VTV24.json,233,pfbid0x73NLJa9bV75rzdKsyyy1kdox5nd4eHBDGhxrsGDFjeStzCovnDHjq2qr4x1vutMl,https://www.facebook.com/tintucvtv24/posts/pfbid0x73NLJa9bV75rzdKsyyy1kdox5nd4eHBDGhxrsGDFjeStzCovnDHjq2qr4x1vutMl,cb1358d6230076fb,post_id:pfbid0x73NLJa9bV75rzdKsyyy1kdox5nd4eHBDGhxrsGDFjeStzCovnDHjq2qr4x1vutMl,Tin tức VTV24,tintucvtv24,https://www.facebook.com/tintucvtv24,10000000,10000000,1,post,,hà nội dự kiến cho thuê vỉa hè kinh doanh từ 45000 đồng/m2 mỗi tháng,69,15,T02. ECONOMY_BUSINESS_AND_FINANCE,T02,human_verified,manual_adjudicated,Han; Nhung; Yen,,pilot_100_additional_final,,0.0,5100,60,1200,42,13,15,5,0.0,6435,6435.0,1.0,1,1,ok,103,671,1,1,1,Thursday 14 May 2026 at 13:00,1778738400.0,2026-05-14 06:00:00,2026-05-14,6.0,Thursday,post_created_time_unix,ok,1,1779524056,1779524056,2026-05-23 15:14:16,2026-05-23 15:14:16,1,0.0006435,1.03e-05,6.71e-05,7209,0.0007209,1,0,1335,65,1270,0.0093240093240093,0.1864801864801865,0.0065268065268065,0.002020202020202,0.0023310023310023,0.0007770007770007,0.8018648018648019,0.0023310023310023,0.1864801864801865,0.0027972027972027,-0.2074592074592074,1,1,,pilot_or_calibration_sample_exclude_from_test,0,,1
teamcrawl_v1,REC_003510,phuc,schema_5_new_timestamp,data/01_Raw_Data/02_Team_Crawled_Raw/Phuc/json-vtv24-multipage-v7/posts_Tin_tuc_VTV24.json,posts_Tin_tuc_VTV24.json,249,1664274431383877,https://www.facebook.com/reel/1664274431383877,3b439974db1dbd56,post_id:1664274431383877,Tin tức VTV24,tintucvtv24,https://www.facebook.com/tintucvtv24,10000000,10000000,1,reel,,"việc tổng thống donald trump tới trung quốc vào thời điểm hiện tại phần nào cho thấy nhà trắng dường như không muốn để những biến động ở trung đông khiến quan hệ mỹ - trung rơi sâu hơn vào vòng xoáy đối đầu. trong bối cảnh đó, iran đang nổi lên như một điểm nóng không chỉ là vấn đề khu vực mà còn tác động trực tiếp tới các tính toán chiến lược rộng hơn.",355,77,T16. WORLD_INTERNATIONAL,T16,human_verified,manual_adjudicated,Han; Nhung; Yen,,pilot_100_additional_final,,0.0,1688,18,7,3,0,0,0,0.0,1716,1716.0,1.0,1,1,ok,33,12,1,1,1,Wednesday 13 May 2026 at 20:30,1778679000.0,2026-05-13 13:30:00,2026-05-13,13.0,Wednesday,post_created_time_unix,ok,1,1779524199,1779524199,2026-05-23 15:16:39,2026-05-23 15:16:39,1,0.0001716,3.3e-06,1.2e-06,1761,0.0001761,1,0,28,18,10,0.0104895104895104,0.004079254079254,0.0017482517482517,0.0,0.0,0.0,0.9941724941724942,0.0,0.004079254079254,0.0,0.0163170163170163,1,1,,pilot_or_calibration_sample_exclude_from_test,0,,1
teamcrawl_v1,REC_003518,phuc,schema_5_new_timestamp,data/01_Raw_Data/02_Team_Crawled_Raw/Phuc/json-vtv24-multipage-v7/posts_Tin_tuc_VTV24.json,posts_Tin_tuc_VTV24.json,257,1382043110400494,https://www.facebook.com/reel/1382043110400494,d149e7e1581d1514,post_id:1382043110400494,Tin tức VTV24,tintucvtv24,https://www.facebook.com/tintucvtv24,10000000,10000000,1,reel,,"ngày 12/5, nga đã thử nghiệm thành công tên lửa đạn đạo liên lục địa sarmat mới, có khả năng mang đầu đạn hạt nhân. vụ thử được tiến hành sau khi hiệp ước new start với mỹ về việc hạn chế kho vũ khí hạt nhân hết hiệu lực hồi tháng 2 vừa qua.",241,55,T16. WORLD_INTERNATIONAL,T16,human_verified,manual_adjudicated,Han; Nhung; Yen,,pilot_400_final,,0.0,5065,55,9,13,3,0,4,0.0,5149,5149.0,1.0,1,1,ok,50,41,1,1,1,Wednesday 13 May 2026 at 16:30,1778664600.0,2026-05-13 09:30:00,2026-05-13,9.0,Wednesday,post_created_time_unix,ok,1,1779524275,1779524275,2026-05-23 15:17:55,2026-05-23 15:17:55,1,0.0005149,5e-06,4.1e-06,5240,0.000524,1,0,84,59,25,0.010681685764226,0.0017479122159642,0.0025247620897261,0.0005826374053214,0.0,0.0007768498737618,0.9943678384152262,0.0,0.0017479122159642,0.0013594872790833,0.0163138473489998,1,1,,pilot_or_calibration_sample_exclude_from_test,0,,1
teamcrawl_v1,REC_003526,phuc,schema_5_new_timestamp,data/01_Raw_Data/02_Team_Crawled_Raw/Phuc/json-vtv24-multipage-v7/posts_Tin_tuc_VTV24.json,posts_Tin_tuc_VTV24.json,265,2090140231562388,https://www.facebook.com/reel/2090140231562388,54629240ee15543d,post_id:2090140231562388,Tin tức VTV24,tintucvtv24,https://www.facebook.com/tintucvtv24,10000000,10000000,1,reel,,"số ca nhiễm ký sinh trùng đang có xu hướng gia tăng ở nhiều lứa tuổi với các bệnh phổ biến như giun sán chó mèo, sán lá gan. nhiều trường hợp xuất hiện tình trạng ấu trùng di chuyển dưới da nhưng dễ nhầm với bệnh lý thông thường do triệu chứng ban đầu chỉ là ngứa. các bác sĩ cảnh báo nguyên nhân chủ yếu đến từ thói quen ăn uống, sinh hoạt thiếu an toàn và tiếp xúc vật nuôi không bảo đảm vệ sinh.",398,88,T04. HEALTH,T04,human_verified,manual_adjudicated,Han; Nhung; Yen,,pilot_400_final,,0.0,28464,100,12,195,180,6,37,0.0,28994,28994.0,1.0,1,1,ok,5300,2700,1,1,1,Wednesday 13 May 2026 at 10:40,1778643600.0,2026-05-13 03:40:00,2026-05-13,3.0,Wednesday,post_created_time_unix,ok,1,1779524353,1779524353,2026-05-23 15:19:13,2026-05-23 15:19:13,1,0.0028994,0.00053,0.00027,36994,0.0036994,1,0,530,137,393,0.0034489894460922,0.000413878733531,0.0067255294198799,0.0062081810029661,0.0002069393667655,0.0012761260950541,0.9851693453818032,0.0002069393667655,0.000413878733531,0.0074843070980202,-0.0182796440642891,1,1,,pilot_or_calibration_sample_exclude_from_test,0,,1
teamcrawl_v1,REC_003527,phuc,schema_5_new_timestamp,data/01_Raw_Data/02_Team_Crawled_Raw/Phuc/json-vtv24-multipage-v7/posts_Tin_tuc_VTV24.json,posts_Tin_tuc_VTV24.json,266,pfbid02AMTFUf86e8fuohj3dqeYCvF5oJYLRVYnBk6aSVWwobK1PtiCACXp6QAS3Bw6QapHl,https://www.facebook.com/tintucvtv24/posts/pfbid02AMTFUf86e8fuohj3dqeYCvF5oJYLRVYnBk6aSVWwobK1PtiCACXp6QAS3Bw6QapHl,e088f183f6191423,post_id:pfbid02AMTFUf86e8fuohj3dqeYCvF5oJYLRVYnBk6aSVWwobK1PtiCACXp6QAS3Bw6QapHl,Tin tức VTV24,tintucvtv24,https://www.facebook.com/tintucvtv24,10000000,10000000,1,post,,bộ y tế công bố hướng dẫn chuyên môn khám sức khỏe miễn phí toàn dân,68,16,T04. HEALTH,T04,human_verified,manual_adjudicated,Han; Nhung; Yen,,pilot_100_final,,0.0,4823,99,11,6,4,4,0,0.0,4947,4947.0,1.0,1,1,ok,230,90,1,1,1,Wednesday 13 May 2026 at 10:05,1778641500.0,2026-05-13 03:05:00,2026-05-13,3.0,Wednesday,post_created_time_unix,ok,1,1779524362,1779524362,2026-05-23 15:19:22,2026-05-23 15:19:22,1,0.0004947,2.3e-05,9e-06,5267,0.0005267,1,0,124,99,25,0.0200121285627653,0.0022235698403072,0.0012128562765312,0.0008085708510208,0.0008085708510208,0.0,0.99494643218112,0.0008085708510208,0.0022235698403072,0.0008085708510208,0.0250656963816454,1,1,,pilot_or_calibration_sample_exclude_from_test,0,,1
teamcrawl_v1,REC_003539,phuc,schema_5_new_timestamp,data/01_Raw_Data/02_Team_Crawled_Raw/Phuc/json-vtv24-multipage-v7/posts_Tin_tuc_VTV24.json,posts_Tin_tuc_VTV24.json,278,831614739594928,https://www.facebook.com/reel/831614739594928,9954274c8f3fad84,post_id:831614739594928,Tin tức VTV24,tintucvtv24,https://www.facebook.com/tintucvtv24,10000000,10000000,1,reel,,"theo số liệu từ văn phòng thường trực ban chỉ đạo chống buôn lậu, gian lận thương mại và hàng giả (hay còn gọi là ban chỉ đạo 389 quốc gia), số vụ hàng giả và vi phạm sở hữu trí tuệ từ đầu năm đến nay đã tăng hơn 167% so với cùng kỳ năm trước. chỉ trong vòng 4 tháng qua, gần 44000 vụ buôn lậu, gian lận thương mại và hàng giả đã bị phát hiện, xử lý.",351,81,T03. CRIME_LAW_AND_JUSTICE,T03,human_verified,manual_adjudicated,Han; Nhung; Yen,,pilot_400_final,,0.0,1223,7,2,4,0,0,0,0.0,1236,1236.0,1.0,1,1,ok,32,10,1,1,1,Tuesday 12 May 2026 at 19:01,1778587260.0,2026-05-12 12:01:00,2026-05-12,12.0,Tuesday,post_created_time_unix,ok,1,1779524484,1779524484,2026-05-23 15:21:24,2026-05-23 15:21:24,1,0.0001236,3.2e-06,1e-06,1278,0.0001278,1,0,13,7,6,0.0056634304207119,0.0016181229773462,0.0032362459546925,0.0,0.0,0.0,0.9951456310679612,0.0,0.0016181229773462,0.0,0.0105177993527508,1,1,,pilot_or_calibration_sample_exclude_from_test,0,,1
teamcrawl_v1,REC_003540,phuc,schema_5_new_timestamp,data/01_Raw_Data/02_Team_Crawled_Raw/Phuc/json-vtv24-multipage-v7/posts_Tin_tuc_VTV24.json,posts_Tin_tuc_VTV24.json,279,pfbid0Zr4ydoVPBMW9CnJb9mrQ8SQYX17JhAiCoFik9MD2QYgZByAGvTCC8RAbgwaHVLsul,https://www.facebook.com/tintucvtv24/posts/pfbid0Zr4ydoVPBMW9CnJb9mrQ8SQYX17JhAiCoFik9MD2QYgZByAGvTCC8RAbgwaHVLsul,3cf90a6a27b8c745,post_id:pfbid0Zr4ydoVPBMW9CnJb9mrQ8SQYX17JhAiCoFik9MD2QYgZByAGvTCC8RAbgwaHVLsul,Tin tức VTV24,tintucvtv24,https://www.facebook.com/tintucvtv24,10000000,10000000,1,post,,cà mau: cứu thành công bệnh nhi bị hơn 70 vết ong vò vẽ đốt,59,15,T04. HEALTH,T04,human_verified,manual_adjudicated,Han; Nhung; Yen,,pilot_400_final,,0.0,2547,79,0,28,31,2,96,0.0,2783,2783.0,1.0,1,1,ok,13,24,1,1,1,Tuesday 12 May 2026 at 18:30,1778585400.0,2026-05-12 11:30:00,2026-05-12,11.0,Tuesday,post_created_time_unix,ok,1,1779524495,1779524495,2026-05-23 15:21:35,2026-05-23 15:21:35,1,0.0002783,1.3e-06,2.4e-06,2820,0.000282,1,0,236,175,61,0.0283866331297161,0.0,0.0100610851598993,0.0111390585698886,0.0007186489399928,0.034495149119655,0.9435860582105642,0.0007186489399928,0.0,0.0456342076895436,0.084800574919152,1,1,,pilot_or_calibration_sample_exclude_from_test,0,,1
teamcrawl_v1,REC_003558,phuc,schema_5_new_timestamp,data/01_Raw_Data/02_Team_Crawled_Raw/Phuc/json-vtv24-multipage-v7/posts_Tin_tuc_VTV24.json,posts_Tin_tuc_VTV24.json,297,1427946259016751,https://www.facebook.com/reel/1427946259016751,d5422326df79c250,post_id:1427946259016751,Tin tức VTV24,tintucvtv24,https://www.facebook.com/tintucvtv24,10000000,10000000,1,reel,,"khu tái định cư đồng giáp tại phường hải an, tp. hải phòng đã đi vào sử dụng được 8 năm, nhưng hàng trăm người dân vẫn phải sống trong cảnh đêm tối bao trùm. hệ thống đèn đường trục chính dài gần 2km tê liệt hoàn toàn, biến nơi đây thành ""điểm đen"" về an ninh trật tự và an toàn giao thông.",290,64,T17. TRANSPORT_INFRASTRUCTURE,T17,human_verified,manual_adjudicated,Han; Nhung; Yen,,pilot_400_final,,0.0,5101,28,66,25,19,6,5,0.0,5250,5250.0,1.0,1,1,ok,53,137,1,1,1,Monday 11 May 2026 at 22:30,1778513400.0,2026-05-11 15:30:00,2026-05-11,15.0,Monday,post_created_time_unix,ok,1,1779524696,1779524696,2026-05-23 15:24:56,2026-05-23 15:24:56,1,0.000525,5.3e-06,1.37e-05,5440,0.000544,1,0,149,33,116,0.0053333333333333,0.0125714285714285,0.0047619047619047,0.0036190476190476,0.0011428571428571,0.0009523809523809,0.9769523809523808,0.0011428571428571,0.0125714285714285,0.0045714285714285,-0.0283809523809523,1,1,,pilot_or_calibration_sample_exclude_from_test,0,,1
teamcrawl_v1,REC_003569,phuc,schema_5_new_timestamp,data/01_Raw_Data/02_Team_Crawled_Raw/Phuc/json-vtv24-multipage-v7/posts_Tin_tuc_VTV24.json,posts_Tin_tuc_VTV24.json,308,1461664275055618,https://www.facebook.com/reel/1461664275055618,cddbd991d31030ff,post_id:1461664275055618,Tin tức VTV24,tintucvtv24,https://www.facebook.com/tintucvtv24,10000000,10000000,1,reel,,sơ cứu trẻ đuối nước sai cách không chỉ khiến việc điều trị gặp nhiều khó khăn mà còn có thể để lại những di chứng nặng nề.,123,28,T04. HEALTH,T04,human_verified,manual_adjudicated,Han; Nhung; Yen,,pilot_400_final,,0.0,10630,117,0,10,75,0,70,0.0,10902,10902.0,1.0,1,1,ok,285,85,1,1,1,Monday 11 May 2026 at 17:00,1778493600.0,2026-05-11 10:00:00,2026-05-11,10.0,Monday,post_created_time_unix,ok,1,1779565814,1779565814,2026-05-24 02:50:14,2026-05-24 02:50:14,1,0.0010902,2.85e-05,8.5e-06,11272,0.0011272,1,0,272,187,85,0.0107319757842597,0.0,0.0009172628875435,0.0068794716565767,0.0,0.0064208402128049,0.9857824252430748,0.0,0.0,0.0133003118693817,0.0249495505411851,1,1,,pilot_or_calibration_sample_exclude_from_test,0,,1
teamcrawl_v1,REC_003570,phuc,schema_5_new_timestamp,data/01_Raw_Data/02_Team_Crawled_Raw/Phuc/json-vtv24-multipage-v7/posts_Tin_tuc_VTV24.json,posts_Tin_tuc_VTV24.json,309,pfbid0wo8azJSDBUphYCpLno9nKGYe8VYaStvaNpDbBPfGNvRLwvCygrGyEjgNeYMUrUAml,https://www.facebook.com/tintucvtv24/posts/pfbid0wo8azJSDBUphYCpLno9nKGYe8VYaStvaNpDbBPfGNvRLwvCygrGyEjgNeYMUrUAml,b4eb4fb37906c98d,post_id:pfbid0wo8azJSDBUphYCpLno9nKGYe8VYaStvaNpDbBPfGNvRLwvCygrGyEjgNeYMUrUAml,Tin tức VTV24,tintucvtv24,https://www.facebook.com/tintucvtv24,10000000,10000000,1,post,,"chile nâng mức cảnh báo y tế vì số ca nhiễm virus hanta gia tăng, tỷ lệ tử vong hơn 30%",87,21,T04. HEALTH,T04,human_verified,manual_adjudicated,Han; Nhung; Yen,,pilot_400_final,,0.0,7466,31,31,119,900,6,8,0.0,8561,8561.0,1.0,1,1,ok,511,24000,1,1,1,Monday 11 May 2026 at 16:30,1778491800.0,2026-05-11 09:30:00,2026-05-11,9.0,Monday,post_created_time_unix,ok,1,1779565825,1779565825,2026-05-24 02:50:25,2026-05-24 02:50:25,1,0.0008561,5.11e-05,0.0024,33072,0.0033072,1,0,1095,39,1056,0.0036210723046373,0.0036210723046373,0.0139002452984464,0.1051279056185025,0.0007008527041233,0.0009344702721644,0.8757154538021259,0.0007008527041233,0.0036210723046373,0.1060623758906669,-0.1279056185025114,1,1,,pilot_or_calibration_sample_exclude_from_test,0,,1
teamcrawl_v1,REC_003571,phuc,schema_5_new_timestamp,data/01_Raw_Data/02_Team_Crawled_Raw/Phuc/json-vtv24-multipage-v7/posts_Tin_tuc_VTV24.json,posts_Tin_tuc_VTV24.json,310,1518386873144864,https://www.facebook.com/reel/1518386873144864,d6e5735253ccafda,post_id:1518386873144864,Tin tức VTV24,tintucvtv24,https://www.facebook.com/tintucvtv24,10000000,10000000,1,reel,,"từ những bài học trong thời kỳ covid19, thế giới đã tăng cường đáng kể năng lực ứng phó với dịch bệnh mới.",107,23,T04. HEALTH,T04,human_verified,manual_adjudicated,Han; Nhung; Yen,,pilot_400_final,,0.0,3460,30,7,6,7,0,2,0.0,3512,3512.0,1.0,1,1,ok,120,23,1,1,1,Monday 11 May 2026 at 16:00,1778490000.0,2026-05-11 09:00:00,2026-05-11,9.0,Monday,post_created_time_unix,ok,1,1779565835,1779565835,2026-05-24 02:50:35,2026-05-24 02:50:35,1,0.0003512,1.2e-05,2.3e-06,3655,0.0003655,1,0,52,32,20,0.0085421412300683,0.0019931662870159,0.0017084282460136,0.0019931662870159,0.0,0.0005694760820045,0.99373576309795,0.0,0.0019931662870159,0.0025626423690205,0.0148063781321184,1,1,,pilot_or_calibration_sample_exclude_from_test,0,,1
teamcrawl_v1,REC_003607,phuc,schema_5_new_timestamp,data/01_Raw_Data/02_Team_Crawled_Raw/Phuc/json-vtv24-multipage-v7/posts_Tin_tuc_VTV24.json,posts_Tin_tuc_VTV24.json,346,2264280071001938,https://www.facebook.com/reel/2264280071001938,3091d0b9a740e035,post_id:2264280071001938,Tin tức VTV24,tintucvtv24,https://www.facebook.com/tintucvtv24,10000000,10000000,1,reel,,"những video tuyên truyền pháp luật giao thông của công an phường dương nội, tp. hà nội đang thu hút hàng triệu lượt xem trên mạng xã hội nhờ cách truyền tải gần gũi, dễ hiểu và hài hước. không chỉ phổ biến kiến thức pháp luật, các clip còn tạo hiệu ứng lan tỏa mạnh mẽ trong cộng đồng.",285,60,T03. CRIME_LAW_AND_JUSTICE,T03,human_verified,manual_adjudicated,Han; Nhung; Yen,,pilot_400_final,,0.0,9059,340,250,3,0,0,12,0.0,9664,9664.0,1.0,1,1,ok,165,144,1,1,1,Sunday 10 May 2026 at 09:39,1778380740.0,2026-05-10 02:39:00,2026-05-10,2.0,Sunday,post_created_time_unix,ok,1,1779566208,1779566208,2026-05-24 02:56:48,2026-05-24 02:56:48,1,0.0009664,1.65e-05,1.44e-05,9973,0.0009973,1,0,605,352,253,0.035182119205298,0.0258692052980132,0.0003104304635761,0.0,0.0,0.0012417218543046,0.972578642384106,0.0,0.0258692052980132,0.0012417218543046,0.062603476821192,1,1,,pilot_or_calibration_sample_exclude_from_test,0,,1
teamcrawl_v1,REC_003620,phuc,schema_5_new_timestamp,data/01_Raw_Data/02_Team_Crawled_Raw/Phuc/json-vtv24-multipage-v7/posts_Tin_tuc_VTV24.json,posts_Tin_tuc_VTV24.json,359,pfbid0UmRLq1DSSFcpXbdpEQk1cNMtNgzGwdEjYv3d9hLJHX9yeGnKvB3DmJ92VVMHuMrEl,https://www.facebook.com/tintucvtv24/posts/pfbid0UmRLq1DSSFcpXbdpEQk1cNMtNgzGwdEjYv3d9hLJHX9yeGnKvB3DmJ92VVMHuMrEl,924dc0feb5de8631,post_id:pfbid0UmRLq1DSSFcpXbdpEQk1cNMtNgzGwdEjYv3d9hLJHX9yeGnKvB3DmJ92VVMHuMrEl,Tin tức VTV24,tintucvtv24,https://www.facebook.com/tintucvtv24,10000000,10000000,1,post,,cảnh sát giao thông kịp thời hỗ trợ đưa nạn nhân tai nạn lao động và bé sơ sinh bị co giật đi cấp cứu,101,25,T13. HUMAN_INTEREST,T13,human_verified,manual_adjudicated,Han; Nhung; Yen,,pilot_400_final,,0.0,1652,67,2,3,0,0,13,0.0,1737,1737.0,1.0,1,1,ok,16,21,1,1,1,Saturday 9 May 2026 at 18:30,1778326200.0,2026-05-09 11:30:00,2026-05-09,11.0,Saturday,post_created_time_unix,ok,1,1779566351,1779566351,2026-05-24 02:59:11,2026-05-24 02:59:11,1,0.0001737,1.6e-06,2.1e-06,1774,0.0001774,1,0,85,80,5,0.0385722510074841,0.0011514104778353,0.001727115716753,0.0,0.0,0.0074841681059297,0.9896373056994818,0.0,0.0011514104778353,0.0074841681059297,0.0489349453080023,1,1,,pilot_or_calibration_sample_exclude_from_test,0,,1
teamcrawl_v1,REC_003677,phuc,schema_5_new_timestamp,data/01_Raw_Data/02_Team_Crawled_Raw/Phuc/json-vtv24-multipage-v7/posts_Tin_tuc_VTV24.json,posts_Tin_tuc_VTV24.json,416,2484248098685121,https://www.facebook.com/reel/2484248098685121,5a09d30f950e2ab0,post_id:2484248098685121,Tin tức VTV24,tintucvtv24,https://www.facebook.com/tintucvtv24,10000000,10000000,1,reel,,"hôm nay (15/5) là ngày đầu tiên tp. hồ chí minh triển khai thí điểm phương án đảo chiều làn xe linh hoạt trên đường cộng hòa vào giờ cao điểm. đây là một trong những trục giao thông huyết mạch kết nối khu tây bắc với trung tâm tp. hồ chí minh và sân bay tân sơn nhất, nhiều năm qua thường xuyên xảy ra ùn tắc và quá tải.",320,71,T17. TRANSPORT_INFRASTRUCTURE,T17,human_verified,manual_adjudicated,Han; Nhung; Yen,,pilot_400_final,,0.0,786,17,8,0,0,0,0,0.0,811,811.0,1.0,1,1,ok,16,25,1,1,1,Friday 15 May 2026 at 19:45,1778849100.0,2026-05-15 12:45:00,2026-05-15,12.0,Friday,post_created_time_unix,ok,1,1779571189,1779571189,2026-05-24 04:19:49,2026-05-24 04:19:49,1,8.11e-05,1.6e-06,2.5e-06,852,8.52e-05,1,0,25,17,8,0.0209617755856966,0.0098643649815043,0.0,0.0,0.0,0.0,0.9901356350184956,0.0,0.0098643649815043,0.0,0.0308261405672009,1,1,,pilot_or_calibration_sample_exclude_from_test,0,,1
teamcrawl_v1,REC_003690,phuc,schema_5_new_timestamp,data/01_Raw_Data/02_Team_Crawled_Raw/Phuc/json-vtv24-multipage-v7/posts_Tin_tuc_VTV24.json,posts_Tin_tuc_VTV24.json,429,1629798221657860,https://www.facebook.com/reel/1629798221657860,438f4020fdbfe536,post_id:1629798221657860,Tin tức VTV24,tintucvtv24,https://www.facebook.com/tintucvtv24,10000000,10000000,1,reel,,"tp. hồ chí minh đang bước vào giai đoạn chuyển mùa. những cơn mưa giông xen kẽ nắng nóng phần nào giúp giải nhiệt cho thành phố. tuy nhiên, sau những trận mưa lớn, nhiều khu vực rơi vào tình trạng ngập úng, nước chảy xiết và rác thải trôi nổi khắp nơi.",252,53,T08. WEATHER,T08,human_verified,manual_adjudicated,Han; Nhung; Yen,,pilot_100_final,,0.0,527,6,0,3,2,0,2,0.0,540,540.0,1.0,1,1,ok,9,3,1,1,1,Thursday 7 May 2026 at 12:30,1778131800.0,2026-05-07 05:30:00,2026-05-07,5.0,Thursday,post_created_time_unix,ok,1,1779571511,1779571511,2026-05-24 04:25:11,2026-05-24 04:25:11,1,5.4e-05,9e-07,3e-07,552,5.52e-05,1,0,13,8,5,0.0111111111111111,0.0,0.0055555555555555,0.0037037037037037,0.0,0.0037037037037037,0.987037037037037,0.0,0.0,0.0074074074074074,0.024074074074074,1,1,,pilot_or_calibration_sample_exclude_from_test,0,,1
teamcrawl_v1,REC_003692,phuc,schema_5_new_timestamp,data/01_Raw_Data/02_Team_Crawled_Raw/Phuc/json-vtv24-multipage-v7/posts_Tin_tuc_VTV24.json,posts_Tin_tuc_VTV24.json,431,pfbid0Pb6L7fhDRK86F4obpmLFHu66ZiSPp5VRG3E7zw59v5fbBZ2s3C8RFgYCaXr3D5nJl,https://www.facebook.com/tintucvtv24/posts/pfbid0Pb6L7fhDRK86F4obpmLFHu66ZiSPp5VRG3E7zw59v5fbBZ2s3C8RFgYCaXr3D5nJl,01a9cff37be3b370,post_id:pfbid0Pb6L7fhDRK86F4obpmLFHu66ZiSPp5VRG3E7zw59v5fbBZ2s3C8RFgYCaXr3D5nJl,Tin tức VTV24,tintucvtv24,https://www.facebook.com/tintucvtv24,10000000,10000000,1,post,,bé gái 4 tuổi ở hà nội tử vong sau khi bị cha dượng và mẹ đẻ bạo hành,69,19,T03. CRIME_LAW_AND_JUSTICE,T03,human_verified,manual_adjudicated,Han; Nhung; Yen,,pilot_400_final,,0.0,14000,45,10,68,3300,3800,180,0.0,21403,21403.0,1.0,1,1,ok,255,1500,1,1,1,Thursday 7 May 2026 at 10:56,1778126160.0,2026-05-07 03:56:00,2026-05-07,3.0,Thursday,post_created_time_unix,ok,1,1779571535,1779571535,2026-05-24 04:25:35,2026-05-24 04:25:35,1,0.0021403,2.55e-05,0.00015,23158,0.0023158,1,0,7403,225,7178,0.0021025089940662,0.0004672242209036,0.0031771247021445,0.1541839928981918,0.1775452039433724,0.008410035976265,0.6562164182591226,0.1775452039433724,0.0004672242209036,0.1625940288744568,-0.3458860907349437,1,1,,pilot_or_calibration_sample_exclude_from_test,0,,1
teamcrawl_v1,REC_003795,phuc,schema_5_new_timestamp,data/01_Raw_Data/02_Team_Crawled_Raw/Phuc/json-vtv24-multipage-v7/posts_Tin_tuc_VTV24.json,posts_Tin_tuc_VTV24.json,534,pfbid0j1hpZdBNKbYCfMp38Bpa45BELLajCVwnp1o2VyB1PyH8Kq7A5oaDAgunzmwwLgTbl,https://www.facebook.com/tintucvtv24/posts/pfbid0j1hpZdBNKbYCfMp38Bpa45BELLajCVwnp1o2VyB1PyH8Kq7A5oaDAgunzmwwLgTbl,6804ad6d9bfa1916,post_id:pfbid0j1hpZdBNKbYCfMp38Bpa45BELLajCVwnp1o2VyB1PyH8Kq7A5oaDAgunzmwwLgTbl,Tin tức VTV24,tintucvtv24,https://www.facebook.com/tintucvtv24,10000000,10000000,1,post,,"hơn 160000 trường hợp bị tước gplx, trong đó nhiều người vẫn cố tình lái xe",76,16,T03. CRIME_LAW_AND_JUSTICE,T03,human_verified,manual_adjudicated,Han; Nhung; Yen,,pilot_100_additional_final,,0.0,4119,14,42,27,3,0,2,0.0,4207,4207.0,1.0,1,1,ok,25,24000,1,1,1,Sunday 3 May 2026 at 18:00,1777806000.0,2026-05-03 11:00:00,2026-05-03,11.0,Sunday,post_created_time_unix,ok,1,1779592308,1779592308,2026-05-24 10:11:48,2026-05-24 10:11:48,1,0.0004207,2.5e-06,0.0024,28232,0.0028232,1,0,88,16,72,0.0033277870216306,0.0099833610648918,0.0064178749702876,0.0007130972189208,0.0,0.0004753981459472,0.9824102685999524,0.0,0.0099833610648918,0.001188495364868,-0.0209175184216781,1,1,,pilot_or_calibration_sample_exclude_from_test,0,,1
teamcrawl_v1,REC_003817,phuc,schema_5_new_timestamp,data/01_Raw_Data/02_Team_Crawled_Raw/Phuc/json-vtv24-multipage-v7/posts_Tin_tuc_VTV24.json,posts_Tin_tuc_VTV24.json,556,972997358461691,https://www.facebook.com/reel/972997358461691,4e0fe8db0b755230,post_id:972997358461691,Tin tức VTV24,tintucvtv24,https://www.facebook.com/tintucvtv24,10000000,10000000,1,reel,,apple maps cho phép người dùng tìm kiếm theo cả địa chỉ cũ hoặc mới tại việt nam. thông tin hiển thị được cập nhật theo địa giới hành chính mới.,144,31,T06. SCIENCE_AND_TECHNOLOGY,T06,human_verified,manual_adjudicated,Han; Nhung; Yen,,pilot_400_final,,0.0,12591,89,19,8,2,3,0,0.0,12712,12712.0,1.0,1,1,ok,274,82,1,1,1,Saturday 2 May 2026 at 17:31,1777717860.0,2026-05-02 10:31:00,2026-05-02,10.0,Saturday,post_created_time_unix,ok,1,1779592561,1779592561,2026-05-24 10:16:01,2026-05-24 10:16:01,1,0.0012712,2.74e-05,8.2e-06,13068,0.0013068,1,0,121,89,32,0.007001258653241,0.0014946507237256,0.000629326620516,0.000157331655129,0.0002359974826935,0.0,0.9974826935179358,0.0002359974826935,0.0014946507237256,0.000157331655129,0.0095185651353052,1,1,,pilot_or_calibration_sample_exclude_from_test,0,,1
teamcrawl_v1,REC_003820,phuc,schema_5_new_timestamp,data/01_Raw_Data/02_Team_Crawled_Raw/Phuc/json-vtv24-multipage-v7/posts_Tin_tuc_VTV24.json,posts_Tin_tuc_VTV24.json,559,pfbid02M4CnmrgBL6BiWPhQMRBAfxMJaQk2edP5wRkbjZYpXpPQ1SmNvqjUed7umsjgEHuPl,https://www.facebook.com/tintucvtv24/posts/pfbid02M4CnmrgBL6BiWPhQMRBAfxMJaQk2edP5wRkbjZYpXpPQ1SmNvqjUed7umsjgEHuPl,8f81654b61311a97,post_id:pfbid02M4CnmrgBL6BiWPhQMRBAfxMJaQk2edP5wRkbjZYpXpPQ1SmNvqjUed7umsjgEHuPl,Tin tức VTV24,tintucvtv24,https://www.facebook.com/tintucvtv24,10000000,10000000,1,post,,bộ tài chính đề xuất: nợ thuế từ 1 triệu đồng có thể tạm hoãn xuất cảnh,71,17,T01. POLITICS,T01,human_verified,manual_adjudicated,Han; Nhung; Yen,,pilot_400_final,,0.0,3471,20,820,50,12,16,5,0.0,4394,4394.0,1.0,1,1,ok,65,129,1,1,1,Saturday 2 May 2026 at 16:00,1777712400.0,2026-05-02 09:00:00,2026-05-02,9.0,Saturday,post_created_time_unix,ok,1,1779592595,1779592595,2026-05-24 10:16:35,2026-05-24 10:16:35,1,0.0004394,6.5e-06,1.29e-05,4588,0.0004588,1,0,923,25,898,0.004551661356395,0.1866181156121984,0.0113791533909877,0.002730996813837,0.003641329085116,0.0011379153390987,0.794492489758762,0.003641329085116,0.1866181156121984,0.0038689121529358,-0.2100591715976331,1,1,,pilot_or_calibration_sample_exclude_from_test,0,,1
teamcrawl_v1,REC_003874,phuc,schema_5_new_timestamp,data/01_Raw_Data/02_Team_Crawled_Raw/Phuc/json-vtv24-multipage-v7/posts_Tin_tuc_VTV24.json,posts_Tin_tuc_VTV24.json,613,1425171066027107,https://www.facebook.com/reel/1425171066027107,e358ed378fc1fce8,post_id:1425171066027107,Tin tức VTV24,tintucvtv24,https://www.facebook.com/tintucvtv24,10000000,10000000,1,reel,,"nhiều phụ huynh chọn sữa cho con theo xu hướng hoặc thành phần dinh dưỡng, nhưng trẻ vẫn gặp tình trạng đầy bụng, nôn trớ, khó tiêu khi sử dụng. theo các chuyên gia, nguyên nhân có thể đến từ việc chưa phù hợp với cấu trúc đạm trong sữa. việc lựa chọn loại đạm phù hợp với thể trạng và hệ tiêu hóa của trẻ là yếu tố quan trọng giúp giảm nguy cơ rối loạn tiêu hóa và trong một số trường hợp cũng đang giảm các triệu chứng kích ứng về da. bsckii nguyễn trần nam sẽ cung cấp thêm thông tin để phụ huynh nhận biết và lựa chọn sản phẩm phù hợp.",589,120,T04. HEALTH,T04,human_verified,manual_adjudicated,Han; Nhung; Yen,,pilot_400_final,,0.0,328,4,0,0,0,0,0,0.0,332,332.0,1.0,1,1,ok,24,5,1,1,1,Wednesday 29 April 2026 at 20:56,1777470960.0,2026-04-29 13:56:00,2026-04-29,13.0,Wednesday,post_created_time_unix,ok,1,1779611531,1779611531,2026-05-24 15:32:11,2026-05-24 15:32:11,1,3.32e-05,2.4e-06,5e-07,361,3.61e-05,1,0,4,4,0,0.0120481927710843,0.0,0.0,0.0,0.0,0.0,1.0,0.0,0.0,0.0,0.0120481927710843,1,1,,pilot_or_calibration_sample_exclude_from_test,0,,1
teamcrawl_v1,REC_003935,phuc,schema_5_new_timestamp,data/01_Raw_Data/02_Team_Crawled_Raw/Phuc/json-vtv24-multipage-v7/posts_Tin_tuc_VTV24.json,posts_Tin_tuc_VTV24.json,674,1142064598068208,https://www.facebook.com/reel/1142064598068208,043207b6fc133ca6,post_id:1142064598068208,Tin tức VTV24,tintucvtv24,https://www.facebook.com/tintucvtv24,10000000,10000000,1,reel,,"ở nhiều nước, các quy định về vi phạm tiếng ồn chủ yếu được quản lý ở cấp địa phương thông qua các sắc lệnh hạn chế ô nhiễm tiếng ồn tùy theo từng khu vực, thời gian trong ngày và mức độ âm thanh.",196,45,T07. ENVIRONMENT,T07,human_verified,manual_adjudicated,Han; Nhung; Yen,,pilot_100_final,,1.0,1399,11,4,3,0,0,0,0.0,1417,1417.0,1.0,1,1,ok,11,25,1,1,1,Sunday 26 April 2026 at 21:01,1777212060.0,2026-04-26 14:01:00,2026-04-26,14.0,Sunday,post_created_time_unix,ok,1,1779612218,1779612218,2026-05-24 15:43:38,2026-05-24 15:43:38,1,0.0001417,1.1e-06,2.5e-06,1453,0.0001453,1,0,18,11,7,0.0077628793225123,0.0028228652081863,0.0021171489061397,0.0,0.0,0.0,0.995059985885674,0.0,0.0028228652081863,0.0,0.0127028934368383,1,1,,pilot_or_calibration_sample_exclude_from_test,0,,1
teamcrawl_v1,REC_003951,phuc,schema_5_new_timestamp,data/01_Raw_Data/02_Team_Crawled_Raw/Phuc/json-vtv24-multipage-v7/posts_Tin_tuc_VTV24.json,posts_Tin_tuc_VTV24.json,690,2542348239543164,https://www.facebook.com/tintucvtv24/videos/2542348239543164,ad1a7a9ddf935489,post_id:2542348239543164,Tin tức VTV24,tintucvtv24,https://www.facebook.com/tintucvtv24,10000000,10000000,1,video,,"bạn nghĩ mình đang xem phim ""miễn phí"", nhưng thực chất cái giá phải trả là gì? tại sao các mô hình đa cấp lại ""mọc lên như nấm"" trong môi trường số? và định danh điện tử đất đai sẽ thay đổi cuộc sống của chúng ta thế nào? cùng thảo luận về 3 chủ đề nóng hổi trong livestream hôm nay: xem web lậu: rẻ tiền nhưng “đắt giá”. cảnh báo mất dữ liệu và tài khoản ngân hàng. đa cấp biến tướng 40: nhận diện những chiêu trò ""việc nhẹ lương cao"" trên mạng xã hội. định danh điện tử đất đai: bước tiến mới để minh bạch thị trường và bảo vệ quyền lợi chủ sở hữu. đừng để mình trở thành nạn nhân tiếp theo của tội phạm mạng. đặt câu hỏi ngay dưới bình luận để được giải đáp!",743,150,T03. CRIME_LAW_AND_JUSTICE,T03,human_verified,manual_adjudicated,Han; Nhung; Yen,,pilot_400_final,,0.0,156,13,0,0,0,0,0,0.0,169,169.0,1.0,1,1,ok,17,247,1,1,1,Sunday 26 April 2026 at 08:59,1777168740.0,2026-04-26 01:59:00,2026-04-26,1.0,Sunday,post_created_time_unix,ok,1,1779612418,1779612418,2026-05-24 15:46:58,2026-05-24 15:46:58,1,1.69e-05,1.7e-06,2.47e-05,433,4.33e-05,1,0,13,13,0,0.0769230769230769,0.0,0.0,0.0,0.0,0.0,1.0,0.0,0.0,0.0,0.0769230769230769,1,1,,pilot_or_calibration_sample_exclude_from_test,0,,1
teamcrawl_v1,REC_003955,phuc,schema_5_new_timestamp,data/01_Raw_Data/02_Team_Crawled_Raw/Phuc/json-vtv24-multipage-v7/posts_Tin_tuc_VTV24.json,posts_Tin_tuc_VTV24.json,694,1643175080139949,https://www.facebook.com/reel/1643175080139949,84e0f637d4d782c5,post_id:1643175080139949,Tin tức VTV24,tintucvtv24,https://www.facebook.com/tintucvtv24,10000000,10000000,1,reel,,"hà nội: cháy dữ dội kèm tiếng nổ tại xưởng nghi chứa hóa chất ở đông anh khoảng 18h36, phòng cảnh sát phòng cháy, chữa cháy và cứu nạn, cứu hộ, công an tp. hà nội nhận tin báo cháy tại nhà dân nghi được sử dụng làm xưởng tái chế, có chứa nhiều hóa chất, dung môi tại xóm lò, thôn lộc hà, đông anh. ngay lập tức, đơn vị đã khẩn trương điều động nhiều cán bộ và phương tiện đến tham gia chữa cháy. theo người dân sống tại khu vực, đám cháy bốc lên nhanh chóng và dữ dội, kèm theo cả tiếng nổ. hiện lực lượng cứu hỏa vẫn đang nỗ lực khống chế đám cháy. nguyên nhân vụ cháy vẫn chưa được xác định. nguồn: báo nhân dân",613,134,T09. DISASTER_ACCIDENT_AND_EMERGENCY_INCIDENT,T09,human_verified,manual_adjudicated,Han; Nhung; Yen,,pilot_400_final,,0.0,7200,20,5,166,1100,2,85,0.0,8578,8578.0,1.0,1,1,ok,165,420,1,1,1,Saturday 25 April 2026 at 22:02,1777129320.0,2026-04-25 15:02:00,2026-04-25,15.0,Saturday,post_created_time_unix,ok,1,1779612465,1779612465,2026-05-24 15:47:45,2026-05-24 15:47:45,1,0.0008578,1.65e-05,4.2e-05,9163,0.0009163,1,0,1378,105,1273,0.0023315458148752,0.0005828864537188,0.0193518302634646,0.1282350198181394,0.0002331545814875,0.0099090697132198,0.8416880391699697,0.0002331545814875,0.0005828864537188,0.1381440895313593,-0.1606435066449055,1,1,,pilot_or_calibration_sample_exclude_from_test,0,,1
teamcrawl_v1,REC_004059,phuc,schema_5_new_timestamp,data/01_Raw_Data/02_Team_Crawled_Raw/Phuc/json-vtv24-multipage-v7/posts_Tin_tuc_VTV24.json,posts_Tin_tuc_VTV24.json,798,984596894505893,https://www.facebook.com/reel/984596894505893,b34be9cac1445fd0,post_id:984596894505893,Tin tức VTV24,tintucvtv24,https://www.facebook.com/tintucvtv24,10000000,10000000,1,reel,,"người dùng cần sớm cập nhật, xác thực thông tin thuê bao, bao gồm nhận diện khuôn mặt để không bị gián đoạn liên lạc.",117,25,T06. SCIENCE_AND_TECHNOLOGY,T06,human_verified,manual_adjudicated,Han; Nhung; Yen,,pilot_400_final,,0.0,102115,617,110,53,19,46,45,0.0,103005,103005.0,1.0,1,1,ok,13000,2800,1,1,1,Sunday 12 April 2026 at 15:01,1775980860.0,2026-04-12 08:01:00,2026-04-12,8.0,Sunday,post_created_time_unix,ok,1,1779642793,1779642793,2026-05-25 00:13:13,2026-05-25 00:13:13,1,0.0103005,0.0013,0.00028,118805,0.0118805,1,0,890,662,228,0.0059900004854133,0.00106790932479,0.000514538129217,0.000184457065191,0.000446580263094,0.000436871996505,0.9973496432212028,0.000446580263094,0.00106790932479,0.000621329061696,0.0086403572642104,1,0,,pilot_or_calibration_sample_exclude_from_test,1,total_reactions >= 100000,0
teamcrawl_v1,REC_004076,phuc,schema_5_new_timestamp,data/01_Raw_Data/02_Team_Crawled_Raw/Phuc/json-vtv24-multipage-v7/posts_Tin_tuc_VTV24.json,posts_Tin_tuc_VTV24.json,815,956914960037354,https://www.facebook.com/reel/956914960037354,3161f4c2af9a288f,post_id:956914960037354,Tin tức VTV24,tintucvtv24,https://www.facebook.com/tintucvtv24,10000000,10000000,1,reel,,"mùa hè - khoảng thời gian mà trẻ nhỏ mong chờ nhất sau một năm học dài, nhưng lại là lúc nhiều bậc phụ huynh bắt đầu… “đau đầu”. nỗi lo con lệ thuộc thiết bị điện tử, thiếu vận động hay không có môi trường vui chơi an toàn khiến nhiều gia đình phải tìm đủ cách xoay xở.",269,60,T12. SOCIETY,T12,human_verified,manual_adjudicated,Han; Nhung; Yen,,pilot_400_final,,0.0,792,5,0,0,0,0,0,0.0,797,797.0,1.0,1,1,ok,30,4,1,1,1,Wednesday 29 April 2026 at 21:30,1777473000.0,2026-04-29 14:30:00,2026-04-29,14.0,Wednesday,post_created_time_unix,ok,1,1779643925,1779643925,2026-05-25 00:32:05,2026-05-25 00:32:05,1,7.97e-05,3e-06,4e-07,831,8.31e-05,1,0,5,5,0,0.0062735257214554,0.0,0.0,0.0,0.0,0.0,1.0,0.0,0.0,0.0,0.0062735257214554,1,1,,pilot_or_calibration_sample_exclude_from_test,0,,1
teamcrawl_v1,REC_004101,phuc,schema_5_new_timestamp,data/01_Raw_Data/02_Team_Crawled_Raw/Phuc/json-vtv24-multipage-v7/posts_Tin_tuc_VTV24.json,posts_Tin_tuc_VTV24.json,840,pfbid0zQ4UtrkwsCFBQ29sAkkrR3cqP1e4eQbQ39z3iNDLb17u6pkLCKeHAVSZZLLHrspHl,https://www.facebook.com/tintucvtv24/posts/pfbid0zQ4UtrkwsCFBQ29sAkkrR3cqP1e4eQbQ39z3iNDLb17u6pkLCKeHAVSZZLLHrspHl,75ed5c2b985307e4,post_id:pfbid0zQ4UtrkwsCFBQ29sAkkrR3cqP1e4eQbQ39z3iNDLb17u6pkLCKeHAVSZZLLHrspHl,Tin tức VTV24,tintucvtv24,https://www.facebook.com/tintucvtv24,10000000,10000000,1,post,,"như một hòn bi xanh, trái đất này xoay tròn hôm nay là ngày trái đất",68,16,T07. ENVIRONMENT,T07,human_verified,manual_adjudicated,Han; Nhung; Yen,,pilot_100_additional_final,,0.0,6175,677,14,7,0,0,32,0.0,6905,6905.0,1.0,1,1,ok,104,24000,1,1,1,Wednesday 22 April 2026 at 07:39,1776818340.0,2026-04-22 00:39:00,2026-04-22,0.0,Wednesday,post_created_time_unix,ok,1,1779645277,1779645277,2026-05-25 00:54:37,2026-05-25 00:54:37,1,0.0006905,1.04e-05,0.0024,31009,0.0031009,1,0,730,709,21,0.0980448950036205,0.0020275162925416,0.0010137581462708,0.0,0.0,0.0046343229543808,0.9923244026068068,0.0,0.0020275162925416,0.0046343229543808,0.1057204923968139,1,1,,pilot_or_calibration_sample_exclude_from_test,0,,1
teamcrawl_v1,REC_004120,phuc,schema_5_new_timestamp,data/01_Raw_Data/02_Team_Crawled_Raw/Phuc/json-vtv24-multipage-v7/posts_Tin_tuc_VTV24.json,posts_Tin_tuc_VTV24.json,859,1242699074280177,https://www.facebook.com/reel/1242699074280177,3656c54044164571,post_id:1242699074280177,Tin tức VTV24,tintucvtv24,https://www.facebook.com/tintucvtv24,10000000,10000000,1,reel,,"tư lệnh lục quân pakistan - asim munir, ngày 15/4 đã có mặt tại tehran, mang theo thông điệp mới từ washington trong nỗ lực ngăn chặn xung đột tái bùng phát giữa mỹ và iran.",173,36,T16. WORLD_INTERNATIONAL,T16,human_verified,manual_adjudicated,Han; Nhung; Yen,,pilot_100_final,,0.0,3179,37,23,4,0,0,2,0.0,3245,3245.0,1.0,1,1,ok,42,16,1,1,1,Thursday 16 April 2026 at 13:33,1776321180.0,2026-04-16 06:33:00,2026-04-16,6.0,Thursday,post_created_time_unix,ok,1,1779645556,1779645556,2026-05-25 00:59:16,2026-05-25 00:59:16,1,0.0003245,4.2e-06,1.6e-06,3303,0.0003303,1,0,66,39,27,0.011402157164869,0.0070878274268104,0.0012326656394453,0.0,0.0,0.0006163328197226,0.9910631741140216,0.0,0.0070878274268104,0.0006163328197226,0.0203389830508474,1,1,,pilot_or_calibration_sample_exclude_from_test,0,,1
teamcrawl_v1,REC_004153,phuc,schema_5_new_timestamp,data/01_Raw_Data/02_Team_Crawled_Raw/Phuc/json-vtv24-multipage-v7/posts_Tin_tuc_VTV24.json,posts_Tin_tuc_VTV24.json,892,pfbid0PGduHtRWCvgFrsCSqUBgTjgr5irWvUuCKRrg5gA5MexkhtxhT8C4TBbAWf2mLCw2l,https://www.facebook.com/tintucvtv24/posts/pfbid0PGduHtRWCvgFrsCSqUBgTjgr5irWvUuCKRrg5gA5MexkhtxhT8C4TBbAWf2mLCw2l,a876190e6aa7af18,post_id:pfbid0PGduHtRWCvgFrsCSqUBgTjgr5irWvUuCKRrg5gA5MexkhtxhT8C4TBbAWf2mLCw2l,Tin tức VTV24,tintucvtv24,https://www.facebook.com/tintucvtv24,10000000,10000000,1,post,,"tối 06/4, mạng xã hội lan truyền đoạn clip ghi lại cảnh hai nữ nhân viên gác chắn bị hành hung khi đang làm nhiệm vụ tại km 788+515, phường thanh khê (đà nẵng). theo nội dung clip, khoảng 20h10, hai nữ nhân viên gác chắn đang thực hiện nhiệm vụ đón tàu, hệ thống cảnh báo đã hoạt động đúng quy định: đèn đỏ bật, cần chắn hạ. tuy nhiên, một phụ nữ trung niên điều khiển xe máy vẫn cố tình lạng lách, vượt đèn đỏ, áp sát khu vực đường ray dù tàu đang đi đến. khi được nhân viên gác chắn cảnh báo, ngăn chặn, người này không chấp hành mà còn lao vào hành hung. sáng 07/4, ông tạ quang sơn, giám đốc công ty cp đường sắt quảng nam – đà nẵng cho biết, đơn vị đã báo cáo tổng công ty đường sắt việt nam về vụ việc trên. theo ông sơn, ngay sau khi vụ việc xảy ra, lãnh đạo công ty đã có mặt tại hiện trường, phối hợp với công an phường thanh khê làm việc, đồng thời đưa hai nhân viên bị đánh đi cấp cứu tại bệnh viện đà nẵng. hiện sức khỏe của hai nạn nhân đang được theo dõi, song có biểu hiện hoảng loạn tâm lý, đau đầu, chóng mặt. lãnh đạo công an phường thanh khê xác nhận đã tiếp nhận thông tin, đang tiến hành xác minh, làm rõ vụ việc để xử lý theo quy định.",1157,254,T03. CRIME_LAW_AND_JUSTICE,T03,human_verified,manual_adjudicated,Han; Nhung; Yen,,pilot_400_final,,0.0,3183,22,27,10,12,36,2,0.0,3292,3292.0,1.0,1,1,ok,11,106,1,1,1,Tuesday 7 April 2026 at 17:30,1775557800.0,2026-04-07 10:30:00,2026-04-07,10.0,Tuesday,post_created_time_unix,ok,1,1779646196,1779646196,2026-05-25 01:09:56,2026-05-25 01:09:56,1,0.0003292,1.1e-06,1.06e-05,3409,0.0003409,1,0,109,24,85,0.0066828675577156,0.0082017010935601,0.0030376670716889,0.0036452004860267,0.0109356014580801,0.0006075334143377,0.9735722964763062,0.0109356014580801,0.0082017010935601,0.0042527339003645,-0.0331105710814094,1,1,,pilot_or_calibration_sample_exclude_from_test,0,,1
teamcrawl_v1,REC_004178,phuc,schema_5_new_timestamp,data/01_Raw_Data/02_Team_Crawled_Raw/Phuc/json-vtv24-multipage-v7/posts_Tin_tuc_VTV24.json,posts_Tin_tuc_VTV24.json,917,pfbid02QVQNSkxCX1ySKppnDi8gu4PMvrwh34xvx8XRNNWQxrtBnUX6FXjS483wazbzseMil,https://www.facebook.com/tintucvtv24/posts/pfbid02QVQNSkxCX1ySKppnDi8gu4PMvrwh34xvx8XRNNWQxrtBnUX6FXjS483wazbzseMil,f6a717074e3788b4,post_id:pfbid02QVQNSkxCX1ySKppnDi8gu4PMvrwh34xvx8XRNNWQxrtBnUX6FXjS483wazbzseMil,Tin tức VTV24,tintucvtv24,https://www.facebook.com/tintucvtv24,10000000,10000000,1,post,,bé trai đá bóng ra đường gây tai nạn khiến người đi xe máy ngã tử vong,70,17,T09. DISASTER_ACCIDENT_AND_EMERGENCY_INCIDENT,T09,human_verified,manual_adjudicated,Han; Nhung; Yen,,pilot_100_final,,0.0,8600,24,7,74,2200,116,90,0.0,11111,11111.0,1.0,1,1,ok,151,723,1,1,1,Wednesday 22 April 2026 at 09:00,1776823200.0,2026-04-22 02:00:00,2026-04-22,2.0,Wednesday,post_created_time_unix,ok,1,1779647533,1779647533,2026-05-25 01:32:13,2026-05-25 01:32:13,1,0.0011111,1.51e-05,7.23e-05,11985,0.0011985,1,0,2511,114,2397,0.002160021600216,0.000630006300063,0.006660066600666,0.1980019800198002,0.010440104401044,0.00810008100081,0.7761677616776168,0.010440104401044,0.000630006300063,0.2061020610206102,-0.2259922599225992,1,1,,pilot_or_calibration_sample_exclude_from_test,0,,1
teamcrawl_v1,REC_004195,phuc,schema_5_new_timestamp,data/01_Raw_Data/02_Team_Crawled_Raw/Phuc/json-vtv24-multipage-v7/posts_Tin_tuc_VTV24.json,posts_Tin_tuc_VTV24.json,934,1866536520724654,https://www.facebook.com/reel/1866536520724654,2253e8be0fe5371e,post_id:1866536520724654,Tin tức VTV24,tintucvtv24,https://www.facebook.com/tintucvtv24,10000000,10000000,1,reel,,"ubnd phường thanh liệt (hà nội) phối hợp cùng các cơ quan chức năng đã tiến hành cưỡng chế, tháo dỡ sân pickleball rộng hơn 6000 m² do xây dựng trái phép trên đất nông nghiệp.",176,36,T03. CRIME_LAW_AND_JUSTICE,T03,human_verified,manual_adjudicated,Han; Nhung; Yen,,pilot_400_final,,0.0,5563,29,85,19,5,2,0,0.0,5703,5703.0,1.0,1,1,ok,87,280,1,1,1,Thursday 16 April 2026 at 11:30,1776313800.0,2026-04-16 04:30:00,2026-04-16,4.0,Thursday,post_created_time_unix,ok,1,1779647811,1779647811,2026-05-25 01:36:51,2026-05-25 01:36:51,1,0.0005703,8.7e-06,2.8e-05,6070,0.000607,1,0,140,29,111,0.0050850429598456,0.0149044362616166,0.0033315798702437,0.0008767315448009,0.0003506926179203,0.0,0.9805365597054182,0.0003506926179203,0.0149044362616166,0.0008767315448009,-0.0245484832544274,1,1,,pilot_or_calibration_sample_exclude_from_test,0,,1
teamcrawl_v1,REC_004208,phuc,schema_5_new_timestamp,data/01_Raw_Data/02_Team_Crawled_Raw/Phuc/json-vtv24-multipage-v7/posts_Tin_tuc_VTV24.json,posts_Tin_tuc_VTV24.json,947,pfbid02yWBfA8ijd5K3fpV3EVmfEGQVtkndhjtSfiwtdEN1jYCvtXjqomeTiBf6if2jp2YZl,https://www.facebook.com/tintucvtv24/posts/pfbid02yWBfA8ijd5K3fpV3EVmfEGQVtkndhjtSfiwtdEN1jYCvtXjqomeTiBf6if2jp2YZl,15976823c0c739e6,post_id:pfbid02yWBfA8ijd5K3fpV3EVmfEGQVtkndhjtSfiwtdEN1jYCvtXjqomeTiBf6if2jp2YZl,Tin tức VTV24,tintucvtv24,https://www.facebook.com/tintucvtv24,10000000,10000000,1,post,,"tiêm 30 lọ huyết thanh, cứu chủ trang trại rắn bị rắn mình nuôi cắn",67,15,T04. HEALTH,T04,human_verified,manual_adjudicated,Han; Nhung; Yen,,pilot_100_final,,0.0,23493,157,253,324,151,4,43,0.0,24425,24425.0,1.0,1,1,ok,215,796,1,1,1,Friday 24 April 2026 at 15:30,1777019400.0,2026-04-24 08:30:00,2026-04-24,8.0,Friday,post_created_time_unix,ok,1,1779648919,1779648919,2026-05-25 01:55:19,2026-05-25 01:55:19,1,0.0024425,2.15e-05,7.96e-05,25436,0.0025436,1,0,932,200,732,0.0064278403275332,0.0103582395087001,0.013265097236438,0.0061821903787103,0.0001637666325486,0.0017604912998976,0.9682702149437052,0.0001637666325486,0.0103582395087001,0.0079426816786079,-0.038157625383828,1,1,,pilot_or_calibration_sample_exclude_from_test,0,,1
teamcrawl_v1,REC_004217,phuc,schema_5_new_timestamp,data/01_Raw_Data/02_Team_Crawled_Raw/Phuc/json-vtv24-multipage-v7/posts_Tin_tuc_VTV24.json,posts_Tin_tuc_VTV24.json,956,800437056119110,https://www.facebook.com/reel/800437056119110,0d04a334ab527e37,post_id:800437056119110,Tin tức VTV24,tintucvtv24,https://www.facebook.com/tintucvtv24,10000000,10000000,1,reel,,"câu chuyện về những bất cập trong công tác tổ chức suất ăn bán trú tại trường tiểu học đinh tiên hoàng, phường hoa lư, tỉnh ninh bình sau khi phát sóng trên chuyển động 24h đã thu hút sự quan tâm đặc biệt của dư luận. sự việc không chỉ dừng lại ở một vài gam thịt hay một vài miếng đậu trong suất ăn của các em học sinh có đầy đủ hay không, mà đằng sau đó là yêu cầu về sự minh bạch đến từng suất ăn để bữa ăn được bảo đảm chất lượng, đầy đủ dinh dưỡng.",453,103,T05. EDUCATION,T05,human_verified,manual_adjudicated,Han; Nhung; Yen,,pilot_400_final,,0.0,4503,27,96,10,9,36,3,0.0,4684,4684.0,1.0,1,1,ok,145,221,1,1,1,Saturday 18 April 2026 at 20:02,1776517320.0,2026-04-18 13:02:00,2026-04-18,13.0,Saturday,post_created_time_unix,ok,1,1779649096,1779649096,2026-05-25 01:58:16,2026-05-25 01:58:16,1,0.0004684,1.45e-05,2.21e-05,5050,0.000505,1,0,181,30,151,0.0057643040136635,0.0204953031596925,0.0021349274124679,0.0019214346712211,0.0076857386848847,0.0006404782237403,0.9671221178479932,0.0076857386848847,0.0204953031596925,0.0025619128949615,-0.0386421861656703,1,1,,pilot_or_calibration_sample_exclude_from_test,0,,1
teamcrawl_v1,REC_004255,phuc,schema_5_new_timestamp,data/01_Raw_Data/02_Team_Crawled_Raw/Phuc/json-vtv24-multipage-v7/posts_Tin_tuc_VTV24.json,posts_Tin_tuc_VTV24.json,994,pfbid0k2TcWfE7nQsRFDtr522MXVGWcKZdVKnfzrq4Q3tgb6xjC8rRQjWNTLv3bF4gfMtal,https://www.facebook.com/tintucvtv24/posts/pfbid0k2TcWfE7nQsRFDtr522MXVGWcKZdVKnfzrq4Q3tgb6xjC8rRQjWNTLv3bF4gfMtal,980c9e22b5ebc32a,post_id:pfbid0k2TcWfE7nQsRFDtr522MXVGWcKZdVKnfzrq4Q3tgb6xjC8rRQjWNTLv3bF4gfMtal,Tin tức VTV24,tintucvtv24,https://www.facebook.com/tintucvtv24,10000000,10000000,1,post,,việt nam sắp có sân bay đầu tiên xây trên mặt biển,50,12,T17. TRANSPORT_INFRASTRUCTURE,T17,human_verified,manual_adjudicated,Han; Nhung; Yen,,pilot_100_final,,0.0,8754,268,188,53,9,0,16,0.0,9288,9288.0,1.0,1,1,ok,112,209,1,1,1,Wednesday 22 April 2026 at 14:00,1776841200.0,2026-04-22 07:00:00,2026-04-22,7.0,Wednesday,post_created_time_unix,ok,1,1779652676,1779652676,2026-05-25 02:57:56,2026-05-25 02:57:56,1,0.0009288,1.12e-05,2.09e-05,9609,0.0009609,1,0,534,284,250,0.02885443583118,0.0202411714039621,0.0057062876830318,0.000968992248062,0.0,0.0017226528854435,0.9713608957795004,0.0,0.0202411714039621,0.0026916451335055,0.0574935400516795,1,1,,pilot_or_calibration_sample_exclude_from_test,0,,1
teamcrawl_v1,REC_004267,phuc,schema_5_new_timestamp,data/01_Raw_Data/02_Team_Crawled_Raw/Phuc/json-yannews-chunk-v1/posts_YAN_News.json,posts_YAN_News.json,6,1343420437677189,https://www.facebook.com/reel/1343420437677189,82b7886ec00623d0,post_id:1343420437677189,YAN News,yannews,https://www.facebook.com/yannews,21000000,21000000,1,reel,,tóp tóp cơ méo miệng vì tắm khuya nay lên clip cảnh tỉnh hội chị em,67,16,T10. ARTS_CULTURE_ENTERTAINMENT_AND_MEDIA,T10,human_verified,manual_adjudicated,Han; Nhung; Yen,,pilot_400_final,,0.0,121,0,0,0,0,0,0,0.0,121,121.0,1.0,1,1,ok,12,19,1,1,1,Thursday 21 May 2026 at 23:15,1779380100.0,2026-05-21 16:15:00,2026-05-21,16.0,Thursday,post_created_time_unix,ok,1,1779398463,1779398463,2026-05-22 04:21:03,2026-05-22 04:21:03,1,5.761904761904762e-06,5.714285714285714e-07,9.047619047619048e-07,152,7.238095238095238e-06,1,0,0,0,0,0.0,0.0,0.0,0.0,0.0,0.0,1.0,0.0,0.0,0.0,0.0,1,1,,pilot_or_calibration_sample_exclude_from_test,0,,1
teamcrawl_v1,REC_004277,phuc,schema_5_new_timestamp,data/01_Raw_Data/02_Team_Crawled_Raw/Phuc/json-yannews-chunk-v1/posts_YAN_News.json,posts_YAN_News.json,16,999510015874802,https://www.facebook.com/reel/999510015874802,0c3f634551bfbf69,post_id:999510015874802,YAN News,yannews,https://www.facebook.com/yannews,21000000,21000000,1,reel,,"long nhật phủ nhận tin chuyển giới, nói rõ không hợp với hình ảnh phụ nữ",72,16,T10. ARTS_CULTURE_ENTERTAINMENT_AND_MEDIA,T10,human_verified,manual_adjudicated,Han; Nhung; Yen,,pilot_400_final,,0.0,234,0,8,0,0,0,0,0.0,242,242.0,1.0,1,1,ok,8,9,1,1,1,Thursday 21 May 2026 at 21:01,1779372060.0,2026-05-21 14:01:00,2026-05-21,14.0,Thursday,post_created_time_unix,ok,1,1779398522,1779398522,2026-05-22 04:22:02,2026-05-22 04:22:02,1,1.1523809523809524e-05,3.80952380952381e-07,4.285714285714286e-07,259,1.2333333333333333e-05,1,0,8,0,8,0.0,0.0330578512396694,0.0,0.0,0.0,0.0,0.9669421487603306,0.0,0.0330578512396694,0.0,-0.0330578512396694,1,1,,pilot_or_calibration_sample_exclude_from_test,0,,1
teamcrawl_v1,REC_004278,phuc,schema_5_new_timestamp,data/01_Raw_Data/02_Team_Crawled_Raw/Phuc/json-yannews-chunk-v1/posts_YAN_News.json,posts_YAN_News.json,17,4427851687361313,https://www.facebook.com/reel/4427851687361313,8e05c613fa545a94,post_id:4427851687361313,YAN News,yannews,https://www.facebook.com/yannews,21000000,21000000,1,reel,,long nhật còn từng sở hữu mức cátxê thuộc hàng top showbiz,59,12,T10. ARTS_CULTURE_ENTERTAINMENT_AND_MEDIA,T10,human_verified,manual_adjudicated,Han; Nhung; Yen,,pilot_400_final,,0.0,351,0,3,0,0,0,0,0.0,354,354.0,1.0,1,1,ok,1,9,1,1,1,Thursday 21 May 2026 at 20:45,1779371100.0,2026-05-21 13:45:00,2026-05-21,13.0,Thursday,post_created_time_unix,ok,1,1779398529,1779398529,2026-05-22 04:22:09,2026-05-22 04:22:09,1,1.6857142857142858e-05,4.7619047619047627e-08,4.285714285714286e-07,364,1.7333333333333332e-05,1,0,3,0,3,0.0,0.0084745762711864,0.0,0.0,0.0,0.0,0.9915254237288136,0.0,0.0084745762711864,0.0,-0.0084745762711864,1,1,,pilot_or_calibration_sample_exclude_from_test,0,,1
teamcrawl_v1,REC_004305,phuc,schema_5_new_timestamp,data/01_Raw_Data/02_Team_Crawled_Raw/Phuc/json-yannews-chunk-v1/posts_YAN_News.json,posts_YAN_News.json,44,1653711032588364,https://www.facebook.com/reel/1653711032588364,217bf7f5930fefbd,post_id:1653711032588364,YAN News,yannews,https://www.facebook.com/yannews,21000000,21000000,1,reel,,hồng thanh bị nói làm content nhưng lười biếng,46,9,T10. ARTS_CULTURE_ENTERTAINMENT_AND_MEDIA,T10,human_verified,manual_adjudicated,Han; Nhung; Yen,,pilot_400_final,,0.0,520,6,10,0,0,0,0,0.0,536,536.0,1.0,1,1,ok,4,22,1,1,1,Thursday 21 May 2026 at 14:10,1779347400.0,2026-05-21 07:10:00,2026-05-21,7.0,Thursday,post_created_time_unix,ok,1,1779398693,1779398693,2026-05-22 04:24:53,2026-05-22 04:24:53,1,2.5523809523809524e-05,1.904761904761905e-07,1.0476190476190476e-06,562,2.6761904761904763e-05,1,0,16,6,10,0.0111940298507462,0.0186567164179104,0.0,0.0,0.0,0.0,0.9813432835820896,0.0,0.0186567164179104,0.0,-0.0298507462686567,1,1,,pilot_or_calibration_sample_exclude_from_test,0,,1
teamcrawl_v1,REC_004307,phuc,schema_5_new_timestamp,data/01_Raw_Data/02_Team_Crawled_Raw/Phuc/json-yannews-chunk-v1/posts_YAN_News.json,posts_YAN_News.json,46,1005903461999383,https://www.facebook.com/reel/1005903461999383,b9238c643240f5fb,post_id:1005903461999383,YAN News,yannews,https://www.facebook.com/yannews,21000000,21000000,1,reel,,"bạn thân hà môi tuyển trợ lý mới, nữ trợ lý cũ biến mất bí ẩn khiến cđm thắc mắc",80,20,T10. ARTS_CULTURE_ENTERTAINMENT_AND_MEDIA,T10,human_verified,manual_adjudicated,Han; Nhung; Yen,,pilot_400_final,,0.0,2295,17,16,2,0,0,0,0.0,2330,2330.0,1.0,1,1,ok,4,9,1,1,1,Thursday 21 May 2026 at 12:25,1779341100.0,2026-05-21 05:25:00,2026-05-21,5.0,Thursday,post_created_time_unix,ok,1,1779398706,1779398706,2026-05-22 04:25:06,2026-05-22 04:25:06,1,0.0001109523809523,1.904761904761905e-07,4.285714285714286e-07,2343,0.0001115714285714,1,0,35,17,18,0.0072961373390557,0.0068669527896995,0.0008583690987124,0.0,0.0,0.0,0.992274678111588,0.0,0.0068669527896995,0.0,-0.0150214592274678,1,1,,pilot_or_calibration_sample_exclude_from_test,0,,1
teamcrawl_v1,REC_004314,phuc,schema_5_new_timestamp,data/01_Raw_Data/02_Team_Crawled_Raw/Phuc/json-yannews-chunk-v1/posts_YAN_News.json,posts_YAN_News.json,53,1513730060147735,https://www.facebook.com/reel/1513730060147735,da08d25a410de0f9,post_id:1513730060147735,YAN News,yannews,https://www.facebook.com/yannews,21000000,21000000,1,reel,,"chu thanh huyền mukbang vải, cđm ai cũng thấy chua lè nhưng vẫn khen tới tấp",76,16,T10. ARTS_CULTURE_ENTERTAINMENT_AND_MEDIA,T10,human_verified,manual_adjudicated,Han; Nhung; Yen,,pilot_400_final,,0.0,1859,23,24,0,0,2,0,0.0,1908,1908.0,1.0,1,1,ok,2,184,1,1,1,Thursday 21 May 2026 at 10:10,1779333000.0,2026-05-21 03:10:00,2026-05-21,3.0,Thursday,post_created_time_unix,ok,1,1779398789,1779398789,2026-05-22 04:26:29,2026-05-22 04:26:29,1,9.085714285714284e-05,9.523809523809525e-08,8.761904761904761e-06,2094,9.971428571428571e-05,1,0,49,23,26,0.0120545073375262,0.0125786163522012,0.0,0.0,0.0010482180293501,0.0,0.9863731656184488,0.0010482180293501,0.0125786163522012,0.0,-0.0256813417190775,1,1,,pilot_or_calibration_sample_exclude_from_test,0,,1
teamcrawl_v1,REC_004318,phuc,schema_5_new_timestamp,data/01_Raw_Data/02_Team_Crawled_Raw/Phuc/json-yannews-chunk-v1/posts_YAN_News.json,posts_YAN_News.json,57,1684555082736812,https://www.facebook.com/reel/1684555082736812,8c4ef9bc16115b13,post_id:1684555082736812,YAN News,yannews,https://www.facebook.com/yannews,21000000,21000000,1,reel,,"219k cho burger chay “tí hon”, dân mạng tranh cãi",49,10,T13. HUMAN_INTEREST,T13,human_verified,manual_adjudicated,Han; Nhung; Yen,,pilot_400_final,,0.0,1158,15,86,0,2,0,0,0.0,1261,1261.0,1.0,1,1,ok,3,1000,1,1,1,Thursday 21 May 2026 at 00:00,1779296400.0,2026-05-20 17:00:00,2026-05-20,17.0,Wednesday,post_created_time_unix,ok,1,1779398814,1779398814,2026-05-22 04:26:54,2026-05-22 04:26:54,1,6.004761904761905e-05,1.4285714285714285e-07,4.761904761904762e-05,2264,0.0001078095238095,1,0,103,15,88,0.0118953211736716,0.0681998413957176,0.0,0.0015860428231562,0.0,0.0,0.930214115781126,0.0,0.0681998413957176,0.0015860428231562,-0.0816812053925456,1,1,,pilot_or_calibration_sample_exclude_from_test,0,,1
teamcrawl_v1,REC_004324,phuc,schema_5_new_timestamp,data/01_Raw_Data/02_Team_Crawled_Raw/Phuc/json-yannews-chunk-v1/posts_YAN_News.json,posts_YAN_News.json,63,2066762630883231,https://www.facebook.com/reel/2066762630883231,2b94661e60e4420e,post_id:2066762630883231,YAN News,yannews,https://www.facebook.com/yannews,21000000,21000000,1,reel,,màn ăn uống của nữ tóp tóp cơ đang gây tranh luận,49,12,T10. ARTS_CULTURE_ENTERTAINMENT_AND_MEDIA,T10,human_verified,manual_adjudicated,Han; Nhung; Yen,,pilot_100_final,,0.0,690,0,106,0,0,0,0,0.0,796,796.0,1.0,1,1,ok,5,90,1,1,1,Wednesday 20 May 2026 at 22:45,1779291900.0,2026-05-20 15:45:00,2026-05-20,15.0,Wednesday,post_created_time_unix,ok,1,1779398948,1779398948,2026-05-22 04:29:08,2026-05-22 04:29:08,1,3.790476190476191e-05,2.380952380952381e-07,4.2857142857142855e-06,891,4.242857142857143e-05,1,0,106,0,106,0.0,0.1331658291457286,0.0,0.0,0.0,0.0,0.8668341708542714,0.0,0.1331658291457286,0.0,-0.1331658291457286,1,1,,pilot_or_calibration_sample_exclude_from_test,0,,1
teamcrawl_v1,REC_004334,phuc,schema_5_new_timestamp,data/01_Raw_Data/02_Team_Crawled_Raw/Phuc/json-yannews-chunk-v1/posts_YAN_News.json,posts_YAN_News.json,73,1912058153102435,https://www.facebook.com/reel/1912058153102435,4777ff6302ca2843,post_id:1912058153102435,YAN News,yannews,https://www.facebook.com/yannews,21000000,21000000,1,reel,,hieuthuhai nói chuyện giống babyboo,35,5,T10. ARTS_CULTURE_ENTERTAINMENT_AND_MEDIA,T10,human_verified,manual_adjudicated,Han; Nhung; Yen,,pilot_100_final,,0.0,0,0,0,0,0,0,0,0.0,4000,0.0,0.0,1,1,sum_mismatch,43,13,1,1,1,Wednesday 20 May 2026 at 20:26,1779283560.0,2026-05-20 13:26:00,2026-05-20,13.0,Wednesday,post_created_time_unix,ok,1,1779399115,1779399115,2026-05-22 04:31:55,2026-05-22 04:31:55,1,0.0001904761904761,2.0476190476190475e-06,6.190476190476191e-07,4056,0.0001931428571428,1,0,0,0,0,,,,,,,,,,,,0,0,,pilot_or_calibration_sample_exclude_from_test,0,,0
teamcrawl_v1,REC_004346,phuc,schema_5_new_timestamp,data/01_Raw_Data/02_Team_Crawled_Raw/Phuc/json-yannews-chunk-v1/posts_YAN_News.json,posts_YAN_News.json,85,4459718150966490,https://www.facebook.com/reel/4459718150966490,4648dfea2037aea4,post_id:4459718150966490,YAN News,yannews,https://www.facebook.com/yannews,21000000,21000000,1,reel,,chu thanh huyền tươi tắn còn doãn hải my bị soi biểu cảm gượng gạo,66,15,T10. ARTS_CULTURE_ENTERTAINMENT_AND_MEDIA,T10,human_verified,manual_adjudicated,Han; Nhung; Yen,,pilot_400_final,,0.0,162,0,0,0,0,0,0,0.0,162,162.0,1.0,1,1,ok,2,1,1,1,1,Wednesday 20 May 2026 at 18:30,1779276600.0,2026-05-20 11:30:00,2026-05-20,11.0,Wednesday,post_created_time_unix,ok,1,1779399203,1779399203,2026-05-22 04:33:23,2026-05-22 04:33:23,1,7.714285714285714e-06,9.523809523809525e-08,4.7619047619047627e-08,165,7.857142857142858e-06,1,0,0,0,0,0.0,0.0,0.0,0.0,0.0,0.0,1.0,0.0,0.0,0.0,0.0,1,1,,pilot_or_calibration_sample_exclude_from_test,0,,1
teamcrawl_v1,REC_004364,phuc,schema_5_new_timestamp,data/01_Raw_Data/02_Team_Crawled_Raw/Phuc/json-yannews-chunk-v1/posts_YAN_News.json,posts_YAN_News.json,103,1830215591716694,https://www.facebook.com/reel/1830215591716694,bb1c2f94817c5c8b,post_id:1830215591716694,YAN News,yannews,https://www.facebook.com/yannews,21000000,21000000,1,reel,,"thì ra đây là lý do long nhật sống bung xõa, không gò bó điều gì",74,16,T10. ARTS_CULTURE_ENTERTAINMENT_AND_MEDIA,T10,human_verified,manual_adjudicated,Han; Nhung; Yen,,pilot_400_final,,0.0,46541,217,573,72,24,20,32,0.0,47479,47479.0,1.0,1,1,ok,293,1900,1,1,1,Wednesday 20 May 2026 at 14:11,1779261060.0,2026-05-20 07:11:00,2026-05-20,7.0,Wednesday,post_created_time_unix,ok,1,1779399455,1779399455,2026-05-22 04:37:35,2026-05-22 04:37:35,1,0.0022609047619047,1.3952380952380951e-05,9.047619047619048e-05,49672,0.0023653333333333,1,0,938,249,689,0.0045704416689483,0.0120684934392047,0.0015164599085911,0.000505486636197,0.0004212388634975,0.000673982181596,0.9848143389709134,0.0004212388634975,0.0120684934392047,0.0011794688177931,-0.0197561026980349,1,1,,pilot_or_calibration_sample_exclude_from_test,0,,1
teamcrawl_v1,REC_004397,phuc,schema_5_new_timestamp,data/01_Raw_Data/02_Team_Crawled_Raw/Phuc/json-yannews-chunk-v1/posts_YAN_News.json,posts_YAN_News.json,136,1838421543785837,https://www.facebook.com/reel/1838421543785837,279dd71f8cea5cfa,post_id:1838421543785837,YAN News,yannews,https://www.facebook.com/yannews,21000000,21000000,1,reel,,"học đại học rồi bán nước, cô gái bật khóc vì bị bố ngăn cản",59,15,T13. HUMAN_INTEREST,T13,human_verified,manual_adjudicated,Han; Nhung; Yen,,pilot_400_final,,0.0,2027,34,62,5,9,0,10,0.0,2147,2147.0,1.0,1,1,ok,73,450,1,1,1,Tuesday 19 May 2026 at 18:30,1779190200.0,2026-05-19 11:30:00,2026-05-19,11.0,Tuesday,post_created_time_unix,ok,1,1779400072,1779400072,2026-05-22 04:47:52,2026-05-22 04:47:52,1,0.000102238095238,3.476190476190476e-06,2.1428571428571428e-05,2670,0.0001271428571428,1,0,120,44,76,0.015836050302748,0.0288775034932463,0.0023288309268747,0.0041918956683744,0.0,0.0046576618537494,0.959944108057755,0.0,0.0288775034932463,0.0088495575221238,-0.055891942244993,1,1,,pilot_or_calibration_sample_exclude_from_test,0,,1
teamcrawl_v1,REC_004426,phuc,schema_5_new_timestamp,data/01_Raw_Data/02_Team_Crawled_Raw/Phuc/json-yannews-chunk-v1/posts_YAN_News.json,posts_YAN_News.json,165,1438736728059358,https://www.facebook.com/reel/1438736728059358,4cd51e991a45d3ed,post_id:1438736728059358,YAN News,yannews,https://www.facebook.com/yannews,21000000,21000000,1,reel,,việt phương thoa giờ sống khổ vì đám cưới bạn thân,50,11,T10. ARTS_CULTURE_ENTERTAINMENT_AND_MEDIA,T10,human_verified,manual_adjudicated,Han; Nhung; Yen,,pilot_400_final,,0.0,613,9,113,0,0,0,0,0.0,735,735.0,1.0,1,1,ok,1,8,1,1,1,Tuesday 19 May 2026 at 09:24,1779157440.0,2026-05-19 02:24:00,2026-05-19,2.0,Tuesday,post_created_time_unix,ok,1,1779400586,1779400586,2026-05-22 04:56:26,2026-05-22 04:56:26,1,3.5e-05,4.7619047619047627e-08,3.80952380952381e-07,744,3.5428571428571426e-05,1,0,122,9,113,0.0122448979591836,0.1537414965986394,0.0,0.0,0.0,0.0,0.8462585034013606,0.0,0.1537414965986394,0.0,-0.1659863945578231,1,1,,pilot_or_calibration_sample_exclude_from_test,0,,1
teamcrawl_v1,REC_004428,phuc,schema_5_new_timestamp,data/01_Raw_Data/02_Team_Crawled_Raw/Phuc/json-yannews-chunk-v1/posts_YAN_News.json,posts_YAN_News.json,167,1518307042970680,https://www.facebook.com/reel/1518307042970680,3f4c96f2d152c4c2,post_id:1518307042970680,YAN News,yannews,https://www.facebook.com/yannews,21000000,21000000,1,reel,,"quốc trường - quốc huy đóng phim bị soi nhiều lỗi, lời thoại giả trân",69,15,T10. ARTS_CULTURE_ENTERTAINMENT_AND_MEDIA,T10,human_verified,manual_adjudicated,Han; Nhung; Yen,,pilot_400_final,,0.0,390,2,366,2,0,0,0,0.0,760,760.0,1.0,1,1,ok,26,69,1,1,1,Monday 18 May 2026 at 23:55,1779123300.0,2026-05-18 16:55:00,2026-05-18,16.0,Monday,post_created_time_unix,ok,1,1779400627,1779400627,2026-05-22 04:57:07,2026-05-22 04:57:07,1,3.619047619047619e-05,1.2380952380952382e-06,3.2857142857142857e-06,855,4.071428571428572e-05,1,0,370,2,368,0.0026315789473684,0.481578947368421,0.0026315789473684,0.0,0.0,0.0,0.5157894736842106,0.0,0.481578947368421,0.0,-0.4868421052631579,1,1,,pilot_or_calibration_sample_exclude_from_test,0,,1
teamcrawl_v1,REC_004449,phuc,schema_5_new_timestamp,data/01_Raw_Data/02_Team_Crawled_Raw/Phuc/json-yannews-chunk-v1/posts_YAN_News.json,posts_YAN_News.json,188,2206865166726933,https://www.facebook.com/reel/2206865166726933,31b81dcc254cfa53,post_id:2206865166726933,YAN News,yannews,https://www.facebook.com/yannews,21000000,21000000,1,reel,,"học đại học rồi mở xe bán nước, cô gái bật khóc vì bố ngăn cản vì cho là mất mặt",80,21,T13. HUMAN_INTEREST,T13,human_verified,manual_adjudicated,Han; Nhung; Yen,,pilot_100_final,,0.0,1449,26,17,3,9,0,9,0.0,1513,1513.0,1.0,1,1,ok,69,225,1,1,1,Monday 18 May 2026 at 20:41,1779111660.0,2026-05-18 13:41:00,2026-05-18,13.0,Monday,post_created_time_unix,ok,1,1779401232,1779401232,2026-05-22 05:07:12,2026-05-22 05:07:12,1,7.204761904761904e-05,3.2857142857142857e-06,1.0714285714285714e-05,1807,8.604761904761904e-05,1,0,64,35,29,0.0171844018506278,0.0112359550561797,0.0019828155981493,0.0059484467944481,0.0,0.0059484467944481,0.9748843357567746,0.0,0.0112359550561797,0.0118968935888962,0.0423000660938532,1,1,,pilot_or_calibration_sample_exclude_from_test,0,,1
teamcrawl_v1,REC_004501,phuc,schema_5_new_timestamp,data/01_Raw_Data/02_Team_Crawled_Raw/Phuc/json-yannews-chunk-v1/posts_YAN_News.json,posts_YAN_News.json,240,pfbid02W1H8NfenC5WPcnArDgQKUK3dffmuvgNys2LF6Bovn1Ka7b9ccZHzo5mePixdEcgTl,https://www.facebook.com/yannews/posts/pfbid02W1H8NfenC5WPcnArDgQKUK3dffmuvgNys2LF6Bovn1Ka7b9ccZHzo5mePixdEcgTl,ef4bb5926c89d9b6,post_id:pfbid02W1H8NfenC5WPcnArDgQKUK3dffmuvgNys2LF6Bovn1Ka7b9ccZHzo5mePixdEcgTl,YAN News,yannews,https://www.facebook.com/yannews,21000000,21000000,1,post,,"“lẩu băng chuyền” phiên bản miền tây khiến dân mạng xem mà trầm trồ, khách ngồi quanh hồ, món ăn tự “trôi” tới tay",114,24,T15. LIFESTYLE_AND_LEISURE,T15,human_verified,manual_adjudicated,Han; Nhung; Yen,,pilot_400_final,,0.0,128,2,14,0,0,0,0,0.0,144,144.0,1.0,1,1,ok,6,5,1,1,1,Sunday 17 May 2026 at 20:20,1779024000.0,2026-05-17 13:20:00,2026-05-17,13.0,Sunday,post_created_time_unix,ok,1,1779403328,1779403328,2026-05-22 05:42:08,2026-05-22 05:42:08,1,6.857142857142857e-06,2.857142857142857e-07,2.380952380952381e-07,155,7.380952380952381e-06,1,0,16,2,14,0.0138888888888888,0.0972222222222222,0.0,0.0,0.0,0.0,0.9027777777777778,0.0,0.0972222222222222,0.0,-0.1111111111111111,1,1,,pilot_or_calibration_sample_exclude_from_test,0,,1
teamcrawl_v1,REC_004514,phuc,schema_5_new_timestamp,data/01_Raw_Data/02_Team_Crawled_Raw/Phuc/json-yannews-chunk-v1/posts_YAN_News.json,posts_YAN_News.json,253,1996227060987619,https://www.facebook.com/reel/1996227060987619,2e3d7e024ecc0525,post_id:1996227060987619,YAN News,yannews,https://www.facebook.com/yannews,21000000,21000000,1,reel,,thói quen mua sắm khi du lịch của anh đức - trấn thành,54,13,T10. ARTS_CULTURE_ENTERTAINMENT_AND_MEDIA,T10,human_verified,manual_adjudicated,Han; Nhung; Yen,,pilot_400_final,,0.0,1676,25,34,2,0,0,2,0.0,1739,1739.0,1.0,1,1,ok,8,25,1,1,1,Sunday 17 May 2026 at 17:10,1779012600.0,2026-05-17 10:10:00,2026-05-17,10.0,Sunday,post_created_time_unix,ok,1,1779404043,1779404043,2026-05-22 05:54:03,2026-05-22 05:54:03,1,8.28095238095238e-05,3.80952380952381e-07,1.1904761904761904e-06,1772,8.438095238095238e-05,1,0,63,27,36,0.0143760782058654,0.019551466359977,0.0011500862564692,0.0,0.0,0.0011500862564692,0.9781483611270846,0.0,0.019551466359977,0.0011500862564692,-0.0362277170787809,1,1,,pilot_or_calibration_sample_exclude_from_test,0,,1
teamcrawl_v1,REC_004522,phuc,schema_5_new_timestamp,data/01_Raw_Data/02_Team_Crawled_Raw/Phuc/json-yannews-chunk-v1/posts_YAN_News.json,posts_YAN_News.json,261,2091280451818369,https://www.facebook.com/reel/2091280451818369,2ca16f89488a506c,post_id:2091280451818369,YAN News,yannews,https://www.facebook.com/yannews,21000000,21000000,1,reel,,tranh cãi việc mẹ chồng để con dâu đứng tên căn hộ 70 tỷ,56,14,T13. HUMAN_INTEREST,T13,human_verified,manual_adjudicated,Han; Nhung; Yen,,pilot_400_final,,0.0,177,2,0,0,0,0,0,0.0,179,179.0,1.0,1,1,ok,1,4,1,1,1,Friday 22 May 2026 at 20:52,1779457920.0,2026-05-22 13:52:00,2026-05-22,13.0,Friday,post_created_time_unix,ok,1,1779460088,1779460088,2026-05-22 21:28:08,2026-05-22 21:28:08,1,8.523809523809524e-06,4.7619047619047627e-08,1.904761904761905e-07,184,8.761904761904761e-06,1,0,2,2,0,0.0111731843575419,0.0,0.0,0.0,0.0,0.0,1.0,0.0,0.0,0.0,0.0111731843575419,1,1,,pilot_or_calibration_sample_exclude_from_test,0,,1
teamcrawl_v1,REC_004525,phuc,schema_5_new_timestamp,data/01_Raw_Data/02_Team_Crawled_Raw/Phuc/json-yannews-chunk-v1/posts_YAN_News.json,posts_YAN_News.json,264,1676696126698635,https://www.facebook.com/reel/1676696126698635,f161dbf5de42bbfb,post_id:1676696126698635,YAN News,yannews,https://www.facebook.com/yannews,21000000,21000000,1,reel,,"tuyển trợ lý mới, bạn thân hà môi khiến cđm hỏi về người cũ",59,14,T10. ARTS_CULTURE_ENTERTAINMENT_AND_MEDIA,T10,human_verified,manual_adjudicated,Han; Nhung; Yen,,pilot_400_final,,0.0,153,0,3,0,0,0,0,0.0,156,156.0,1.0,1,1,ok,1,1,1,1,1,Friday 22 May 2026 at 20:30,1779456600.0,2026-05-22 13:30:00,2026-05-22,13.0,Friday,post_created_time_unix,ok,1,1779460103,1779460103,2026-05-22 21:28:23,2026-05-22 21:28:23,1,7.428571428571428e-06,4.7619047619047627e-08,4.7619047619047627e-08,158,7.5238095238095236e-06,1,0,3,0,3,0.0,0.0192307692307692,0.0,0.0,0.0,0.0,0.9807692307692308,0.0,0.0192307692307692,0.0,-0.0192307692307692,1,1,,pilot_or_calibration_sample_exclude_from_test,0,,1
teamcrawl_v1,REC_004531,phuc,schema_5_new_timestamp,data/01_Raw_Data/02_Team_Crawled_Raw/Phuc/json-yannews-chunk-v1/posts_YAN_News.json,posts_YAN_News.json,270,1018195174002113,https://www.facebook.com/reel/1018195174002113,194048cf7a5c4442,post_id:1018195174002113,YAN News,yannews,https://www.facebook.com/yannews,21000000,21000000,1,reel,,pháo lộ dấu hiệu muốn thi hoa hậu từ khoảnh khắc này,52,12,T10. ARTS_CULTURE_ENTERTAINMENT_AND_MEDIA,T10,human_verified,manual_adjudicated,Han; Nhung; Yen,,pilot_400_final,,0.0,277,4,2,0,0,0,0,0.0,283,283.0,1.0,1,1,ok,5,3,1,1,1,Friday 22 May 2026 at 19:30,1779453000.0,2026-05-22 12:30:00,2026-05-22,12.0,Friday,post_created_time_unix,ok,1,1779460136,1779460136,2026-05-22 21:28:56,2026-05-22 21:28:56,1,1.3476190476190475e-05,2.380952380952381e-07,1.4285714285714285e-07,291,1.3857142857142858e-05,1,0,6,4,2,0.0141342756183745,0.0070671378091872,0.0,0.0,0.0,0.0,0.9929328621908128,0.0,0.0070671378091872,0.0,0.0212014134275618,1,1,,pilot_or_calibration_sample_exclude_from_test,0,,1
teamcrawl_v1,REC_004558,phuc,schema_5_new_timestamp,data/01_Raw_Data/02_Team_Crawled_Raw/Phuc/json-yannews-chunk-v1/posts_YAN_News.json,posts_YAN_News.json,297,1817296122575102,https://www.facebook.com/reel/1817296122575102,4582706e1638c3f7,post_id:1817296122575102,YAN News,yannews,https://www.facebook.com/yannews,21000000,21000000,1,reel,,bạn thân ciin bị soi cách nấu ăn bầy hầy,40,10,T10. ARTS_CULTURE_ENTERTAINMENT_AND_MEDIA,T10,human_verified,manual_adjudicated,Han; Nhung; Yen,,pilot_400_final,,0.0,865,15,16,0,0,0,0,0.0,896,896.0,1.0,1,1,ok,1,34,1,1,1,Friday 22 May 2026 at 11:24,1779423840.0,2026-05-22 04:24:00,2026-05-22,4.0,Friday,post_created_time_unix,ok,1,1779460310,1779460310,2026-05-22 21:31:50,2026-05-22 21:31:50,1,4.266666666666667e-05,4.7619047619047627e-08,1.619047619047619e-06,931,4.433333333333333e-05,1,0,31,15,16,0.0167410714285714,0.0178571428571428,0.0,0.0,0.0,0.0,0.9821428571428572,0.0,0.0178571428571428,0.0,-0.0345982142857142,1,1,,pilot_or_calibration_sample_exclude_from_test,0,,1
teamcrawl_v1,REC_004566,phuc,schema_5_new_timestamp,data/01_Raw_Data/02_Team_Crawled_Raw/Phuc/json-yannews-chunk-v1/posts_YAN_News.json,posts_YAN_News.json,305,2047882056146583,https://www.facebook.com/reel/2047882056146583,49260d5550c4660e,post_id:2047882056146583,YAN News,yannews,https://www.facebook.com/yannews,21000000,21000000,1,reel,,chồng chị gái minh vy bị nói bỏ bê vợ con khi đi du lịch,56,15,T10. ARTS_CULTURE_ENTERTAINMENT_AND_MEDIA,T10,human_verified,manual_adjudicated,Han; Nhung; Yen,,pilot_400_final,,0.0,729,17,6,0,0,0,0,0.0,752,752.0,1.0,1,1,ok,1,9,1,1,1,Wednesday 20 May 2026 at 23:40,1779295200.0,2026-05-20 16:40:00,2026-05-20,16.0,Wednesday,post_created_time_unix,ok,1,1779460450,1779460450,2026-05-22 21:34:10,2026-05-22 21:34:10,1,3.580952380952381e-05,4.7619047619047627e-08,4.285714285714286e-07,762,3.6285714285714285e-05,1,0,23,17,6,0.0226063829787234,0.0079787234042553,0.0,0.0,0.0,0.0,0.9920212765957448,0.0,0.0079787234042553,0.0,0.0305851063829787,1,1,,pilot_or_calibration_sample_exclude_from_test,0,,1
teamcrawl_v1,REC_004569,phuc,schema_5_new_timestamp,data/01_Raw_Data/02_Team_Crawled_Raw/Phuc/json-yannews-chunk-v1/posts_YAN_News.json,posts_YAN_News.json,308,1311053917652185,https://www.facebook.com/reel/1311053917652185,1fa3a2602f4974d5,post_id:1311053917652185,YAN News,yannews,https://www.facebook.com/yannews,21000000,21000000,1,reel,,nữ tóp tóp cơ gây chú ý vì màn makeup khó hiểu,46,12,T10. ARTS_CULTURE_ENTERTAINMENT_AND_MEDIA,T10,human_verified,manual_adjudicated,Han; Nhung; Yen,,pilot_100_additional_final,,0.0,204,5,7,0,0,0,0,0.0,216,216.0,1.0,1,1,ok,0,2,1,1,1,Tuesday 19 May 2026 at 19:45,1779194700.0,2026-05-19 12:45:00,2026-05-19,12.0,Tuesday,post_created_time_unix,ok,1,1779460590,1779460590,2026-05-22 21:36:30,2026-05-22 21:36:30,1,1.0285714285714286e-05,0.0,9.523809523809525e-08,218,1.0380952380952382e-05,1,0,12,5,7,0.0231481481481481,0.0324074074074074,0.0,0.0,0.0,0.0,0.9675925925925926,0.0,0.0324074074074074,0.0,-0.0555555555555555,1,1,,pilot_or_calibration_sample_exclude_from_test,0,,1
teamcrawl_v1,REC_004570,phuc,schema_5_new_timestamp,data/01_Raw_Data/02_Team_Crawled_Raw/Phuc/json-yannews-chunk-v1/posts_YAN_News.json,posts_YAN_News.json,309,1641452250486153,https://www.facebook.com/reel/1641452250486153,23c28907a1ca5c16,post_id:1641452250486153,YAN News,yannews,https://www.facebook.com/yannews,21000000,21000000,1,reel,,chuyện mua đồ khi du lịch của anh đức - trấn thành,50,12,T10. ARTS_CULTURE_ENTERTAINMENT_AND_MEDIA,T10,human_verified,manual_adjudicated,Han; Nhung; Yen,,pilot_400_final,,0.0,275,5,9,0,0,0,0,0.0,289,289.0,1.0,1,1,ok,0,3,1,1,1,Monday 18 May 2026 at 20:45,1779111900.0,2026-05-18 13:45:00,2026-05-18,13.0,Monday,post_created_time_unix,ok,1,1779460681,1779460681,2026-05-22 21:38:01,2026-05-22 21:38:01,1,1.3761904761904764e-05,0.0,1.4285714285714285e-07,292,1.3904761904761905e-05,1,0,14,5,9,0.0173010380622837,0.0311418685121107,0.0,0.0,0.0,0.0,0.9688581314878892,0.0,0.0311418685121107,0.0,-0.0484429065743944,1,1,,pilot_or_calibration_sample_exclude_from_test,0,,1
teamcrawl_v1,REC_004599,phuc,schema_5_new_timestamp,data/01_Raw_Data/02_Team_Crawled_Raw/Phuc/json-yannews-chunk-v1/posts_YAN_News.json,posts_YAN_News.json,338,2127178544805163,https://www.facebook.com/reel/2127178544805163,de242923cff1fee8,post_id:2127178544805163,YAN News,yannews,https://www.facebook.com/yannews,21000000,21000000,1,reel,,miu lê họn “ngậm đắng nuốt cay” dù oan ức vì không muốn ồn ào trên mạng xã hội,70,17,T10. ARTS_CULTURE_ENTERTAINMENT_AND_MEDIA,T10,human_verified,manual_adjudicated,Han; Nhung; Yen,,pilot_400_final,,0.0,189,5,7,0,0,2,0,0.0,203,203.0,1.0,1,1,ok,1,21,1,1,1,Saturday 16 May 2026 at 22:15,1778944500.0,2026-05-16 15:15:00,2026-05-16,15.0,Saturday,post_created_time_unix,ok,1,1779463028,1779463028,2026-05-22 22:17:08,2026-05-22 22:17:08,1,9.666666666666668e-06,4.7619047619047627e-08,1e-06,225,1.0714285714285714e-05,1,0,14,5,9,0.0246305418719211,0.0344827586206896,0.0,0.0,0.0098522167487684,0.0,0.955665024630542,0.0098522167487684,0.0344827586206896,0.0,-0.0689655172413793,1,1,,pilot_or_calibration_sample_exclude_from_test,0,,1
teamcrawl_v1,REC_004602,phuc,schema_5_new_timestamp,data/01_Raw_Data/02_Team_Crawled_Raw/Phuc/json-yannews-chunk-v1/posts_YAN_News.json,posts_YAN_News.json,341,27327688776823302,https://www.facebook.com/reel/27327688776823302,8adef759beb1f309,post_id:27327688776823302,YAN News,yannews,https://www.facebook.com/yannews,21000000,21000000,1,reel,,ngọc trinh nói thẳng: không chồng con vẫn sống tốt,50,10,T10. ARTS_CULTURE_ENTERTAINMENT_AND_MEDIA,T10,human_verified,manual_adjudicated,Han; Nhung; Yen,,pilot_400_final,,0.0,241,5,6,0,0,0,0,0.0,252,252.0,1.0,1,1,ok,5,97,1,1,1,Saturday 16 May 2026 at 21:30,1778941800.0,2026-05-16 14:30:00,2026-05-16,14.0,Saturday,post_created_time_unix,ok,1,1779463048,1779463048,2026-05-22 22:17:28,2026-05-22 22:17:28,1,1.2e-05,2.380952380952381e-07,4.619047619047619e-06,354,1.6857142857142858e-05,1,0,11,5,6,0.0198412698412698,0.0238095238095238,0.0,0.0,0.0,0.0,0.9761904761904762,0.0,0.0238095238095238,0.0,-0.0436507936507936,1,1,,pilot_or_calibration_sample_exclude_from_test,0,,1
teamcrawl_v1,REC_004637,phuc,schema_5_new_timestamp,data/01_Raw_Data/02_Team_Crawled_Raw/Phuc/json-yannews-chunk-v1/posts_YAN_News.json,posts_YAN_News.json,376,3310569665812792,https://www.facebook.com/reel/3310569665812792,30dc0c7be6870b52,post_id:3310569665812792,YAN News,yannews,https://www.facebook.com/yannews,21000000,21000000,1,reel,,cđm phán tu 10 kiếp mới có được bạn như sĩ thanh: đi du lịch với hội chị em lo tất tần tật,90,23,T10. ARTS_CULTURE_ENTERTAINMENT_AND_MEDIA,T10,human_verified,manual_adjudicated,Han; Nhung; Yen,,pilot_400_final,,0.0,5759,176,55,4,0,0,12,0.0,6006,6006.0,1.0,1,1,ok,75,100,1,1,1,Saturday 16 May 2026 at 13:25,1778912700.0,2026-05-16 06:25:00,2026-05-16,6.0,Saturday,post_created_time_unix,ok,1,1779463339,1779463339,2026-05-22 22:22:19,2026-05-22 22:22:19,1,0.000286,3.571428571428572e-06,4.7619047619047615e-06,6181,0.0002943333333333,1,0,247,188,59,0.0293040293040293,0.0091575091575091,0.0006660006660006,0.0,0.0,0.0019980019980019,0.9881784881784882,0.0,0.0091575091575091,0.0019980019980019,0.0411255411255411,1,1,,pilot_or_calibration_sample_exclude_from_test,0,,1
teamcrawl_v1,REC_004644,phuc,schema_5_new_timestamp,data/01_Raw_Data/02_Team_Crawled_Raw/Phuc/json-yannews-chunk-v1/posts_YAN_News.json,posts_YAN_News.json,383,1753829202268887,https://www.facebook.com/reel/1753829202268887,861cb1804ebdf0e0,post_id:1753829202268887,YAN News,yannews,https://www.facebook.com/yannews,21000000,21000000,1,reel,,ở cữ kiểu tây: linda ngô mới sinh đã ăn đồ sống dù đang cho con uống sữa mẹ,75,19,T10. ARTS_CULTURE_ENTERTAINMENT_AND_MEDIA,T10,human_verified,manual_adjudicated,Han; Nhung; Yen,,pilot_400_final,,0.0,323,5,0,0,0,0,0,0.0,328,328.0,1.0,1,1,ok,1,34,1,1,1,Saturday 16 May 2026 at 11:26,1778905560.0,2026-05-16 04:26:00,2026-05-16,4.0,Saturday,post_created_time_unix,ok,1,1779463388,1779463388,2026-05-22 22:23:08,2026-05-22 22:23:08,1,1.561904761904762e-05,4.7619047619047627e-08,1.619047619047619e-06,363,1.7285714285714287e-05,1,0,5,5,0,0.0152439024390243,0.0,0.0,0.0,0.0,0.0,1.0,0.0,0.0,0.0,0.0152439024390243,1,1,,pilot_or_calibration_sample_exclude_from_test,0,,1
teamcrawl_v1,REC_004668,phuc,schema_5_new_timestamp,data/01_Raw_Data/02_Team_Crawled_Raw/Phuc/json-yannews-chunk-v1/posts_YAN_News.json,posts_YAN_News.json,407,pfbid02ZAkavPFFhE8fiECwGHN6N6wewdi5ZUWchH8zyUfA16pFpmPnKhG3s8dNd1HMn9Y9l,https://www.facebook.com/yannews/posts/pfbid02ZAkavPFFhE8fiECwGHN6N6wewdi5ZUWchH8zyUfA16pFpmPnKhG3s8dNd1HMn9Y9l,0568552d5cba9663,post_id:pfbid02ZAkavPFFhE8fiECwGHN6N6wewdi5ZUWchH8zyUfA16pFpmPnKhG3s8dNd1HMn9Y9l,YAN News,yannews,https://www.facebook.com/yannews,21000000,21000000,1,post,,"con gái rủ mẹ u50 leo núi bà đen, “tìm lại thanh xuân” theo cách đặc biệt",73,17,T13. HUMAN_INTEREST,T13,human_verified,manual_adjudicated,Han; Nhung; Yen,,pilot_100_additional_final,,0.0,253,14,3,0,0,0,3,0.0,273,273.0,1.0,1,1,ok,3,18,1,1,1,Friday 15 May 2026 at 22:25,1778858700.0,2026-05-15 15:25:00,2026-05-15,15.0,Friday,post_created_time_unix,ok,1,1779463594,1779463594,2026-05-22 22:26:34,2026-05-22 22:26:34,1,1.3e-05,1.4285714285714285e-07,8.571428571428571e-07,294,1.4e-05,1,0,20,17,3,0.0512820512820512,0.0109890109890109,0.0,0.0,0.0,0.0109890109890109,0.978021978021978,0.0,0.0109890109890109,0.0109890109890109,0.0732600732600732,1,1,,pilot_or_calibration_sample_exclude_from_test,0,,1
teamcrawl_v1,REC_004722,phuc,schema_5_new_timestamp,data/01_Raw_Data/02_Team_Crawled_Raw/Phuc/json-yannews-chunk-v1/posts_YAN_News.json,posts_YAN_News.json,461,1519074232955797,https://www.facebook.com/reel/1519074232955797,5c355a416ffc36cb,post_id:1519074232955797,YAN News,yannews,https://www.facebook.com/yannews,21000000,21000000,1,reel,,"visual vợ vũ văn thanh qua cam thường, cộng hẳn chục tuổi vì sai tone make up",77,17,T10. ARTS_CULTURE_ENTERTAINMENT_AND_MEDIA,T10,human_verified,manual_adjudicated,Han; Nhung; Yen,,pilot_400_final,,0.0,326,2,5,0,0,0,0,0.0,333,333.0,1.0,1,1,ok,1,8,1,1,1,Thursday 14 May 2026 at 22:35,1778772900.0,2026-05-14 15:35:00,2026-05-14,15.0,Thursday,post_created_time_unix,ok,1,1779465027,1779465027,2026-05-22 22:50:27,2026-05-22 22:50:27,1,1.5857142857142857e-05,4.7619047619047627e-08,3.80952380952381e-07,342,1.6285714285714287e-05,1,0,7,2,5,0.006006006006006,0.015015015015015,0.0,0.0,0.0,0.0,0.984984984984985,0.0,0.015015015015015,0.0,-0.021021021021021,1,1,,pilot_or_calibration_sample_exclude_from_test,0,,1
teamcrawl_v1,REC_004725,phuc,schema_5_new_timestamp,data/01_Raw_Data/02_Team_Crawled_Raw/Phuc/json-yannews-chunk-v1/posts_YAN_News.json,posts_YAN_News.json,464,1180487820806158,https://www.facebook.com/reel/1180487820806158,9a8866545f1c6b17,post_id:1180487820806158,YAN News,yannews,https://www.facebook.com/yannews,21000000,21000000,1,reel,,vũ thuý quỳnh đăng clip nằm rũ rượi trên giường hát hò,54,12,T10. ARTS_CULTURE_ENTERTAINMENT_AND_MEDIA,T10,human_verified,manual_adjudicated,Han; Nhung; Yen,,pilot_400_final,,0.0,257,2,40,0,0,0,0,0.0,299,299.0,1.0,1,1,ok,0,8,1,1,1,Thursday 14 May 2026 at 22:00,1778770800.0,2026-05-14 15:00:00,2026-05-14,15.0,Thursday,post_created_time_unix,ok,1,1779465048,1779465048,2026-05-22 22:50:48,2026-05-22 22:50:48,1,1.423809523809524e-05,0.0,3.80952380952381e-07,307,1.461904761904762e-05,1,0,42,2,40,0.0066889632107023,0.1337792642140468,0.0,0.0,0.0,0.0,0.8662207357859532,0.0,0.1337792642140468,0.0,-0.1404682274247491,1,1,,pilot_or_calibration_sample_exclude_from_test,0,,1
teamcrawl_v1,REC_004747,phuc,schema_5_new_timestamp,data/01_Raw_Data/02_Team_Crawled_Raw/Phuc/json-yannews-chunk-v1/posts_YAN_News.json,posts_YAN_News.json,486,760078470427784,https://www.facebook.com/reel/760078470427784,df1be9583cf7f82b,post_id:760078470427784,YAN News,yannews,https://www.facebook.com/yannews,21000000,21000000,1,reel,,"thu nhi eat clean đi sự kiện mang giày hở mỏ, dù mới tậu nhà sang như resort view biển ở tphcm",103,22,T10. ARTS_CULTURE_ENTERTAINMENT_AND_MEDIA,T10,human_verified,manual_adjudicated,Han; Nhung; Yen,,pilot_100_final,,1.0,10078,82,368,0,0,0,2,0.0,10530,10530.0,1.0,1,1,ok,68,76,1,1,1,Thursday 14 May 2026 at 18:40,1778758800.0,2026-05-14 11:40:00,2026-05-14,11.0,Thursday,post_created_time_unix,ok,1,1779465218,1779465218,2026-05-22 22:53:38,2026-05-22 22:53:38,1,0.0005014285714285,3.238095238095238e-06,3.619047619047619e-06,10674,0.0005082857142857,1,0,452,84,368,0.0077872744539411,0.0349477682811016,0.0,0.0,0.0,0.0001899335232668,0.9648622981956316,0.0,0.0349477682811016,0.0001899335232668,-0.0429249762583095,1,1,,pilot_or_calibration_sample_exclude_from_test,0,,1
teamcrawl_v1,REC_004756,phuc,schema_5_new_timestamp,data/01_Raw_Data/02_Team_Crawled_Raw/Phuc/json-yannews-chunk-v1/posts_YAN_News.json,posts_YAN_News.json,495,1483653686841468,https://www.facebook.com/reel/1483653686841468,e09bfddeac98524e,post_id:1483653686841468,YAN News,yannews,https://www.facebook.com/yannews,21000000,21000000,1,reel,,"con gái hồ ngọc hà 6 tuổi đã thành thạo kỹ năng phối đồ, thuộc lòng cách ăn giữ dáng",84,20,T10. ARTS_CULTURE_ENTERTAINMENT_AND_MEDIA,T10,human_verified,manual_adjudicated,Han; Nhung; Yen,,pilot_400_final,,0.0,716,17,2,0,0,0,0,0.0,735,735.0,1.0,1,1,ok,5,6,1,1,1,Thursday 14 May 2026 at 17:10,1778753400.0,2026-05-14 10:10:00,2026-05-14,10.0,Thursday,post_created_time_unix,ok,1,1779465302,1779465302,2026-05-22 22:55:02,2026-05-22 22:55:02,1,3.5e-05,2.380952380952381e-07,2.857142857142857e-07,746,3.552380952380952e-05,1,0,19,17,2,0.0231292517006802,0.0027210884353741,0.0,0.0,0.0,0.0,0.997278911564626,0.0,0.0027210884353741,0.0,0.0258503401360544,1,1,,pilot_or_calibration_sample_exclude_from_test,0,,1
teamcrawl_v1,REC_004757,phuc,schema_5_new_timestamp,data/01_Raw_Data/02_Team_Crawled_Raw/Phuc/json-yannews-chunk-v1/posts_YAN_News.json,posts_YAN_News.json,496,832273249933362,https://www.facebook.com/reel/832273249933362,6d5454fe1cc630f6,post_id:832273249933362,YAN News,yannews,https://www.facebook.com/yannews,21000000,21000000,1,reel,,đám cưới cặp đôi đài loan - 2k5 gây sốt vì ngoại hình và ánh mắt,64,16,T13. HUMAN_INTEREST,T13,human_verified,manual_adjudicated,Han; Nhung; Yen,,pilot_400_final,,0.0,846,22,19,0,0,0,0,0.0,887,887.0,1.0,1,1,ok,2,63,1,1,1,Thursday 14 May 2026 at 17:00,1778752800.0,2026-05-14 10:00:00,2026-05-14,10.0,Thursday,post_created_time_unix,ok,1,1779465309,1779465309,2026-05-22 22:55:09,2026-05-22 22:55:09,1,4.223809523809524e-05,9.523809523809525e-08,3e-06,952,4.5333333333333335e-05,1,0,41,22,19,0.0248027057497181,0.0214205186020293,0.0,0.0,0.0,0.0,0.9785794813979708,0.0,0.0214205186020293,0.0,0.0462232243517474,1,1,,pilot_or_calibration_sample_exclude_from_test,0,,1
teamcrawl_v1,REC_004788,phuc,schema_5_new_timestamp,data/01_Raw_Data/02_Team_Crawled_Raw/Phuc/json-yannews-chunk-v1/posts_YAN_News.json,posts_YAN_News.json,527,921902797560070,https://www.facebook.com/reel/921902797560070,1a8a75a1f1d0616a,post_id:921902797560070,YAN News,yannews,https://www.facebook.com/yannews,21000000,21000000,1,reel,,những biểu hiện lạ của miu lê bất ngờ bị đào lại,48,12,T10. ARTS_CULTURE_ENTERTAINMENT_AND_MEDIA,T10,human_verified,manual_adjudicated,Han; Nhung; Yen,,pilot_400_final,,0.0,2231,22,171,0,9,2,4,0.0,2439,2439.0,1.0,1,1,ok,37,165,1,1,1,Wednesday 13 May 2026 at 20:45,1778679900.0,2026-05-13 13:45:00,2026-05-13,13.0,Wednesday,post_created_time_unix,ok,1,1779465653,1779465653,2026-05-22 23:00:53,2026-05-22 23:00:53,1,0.0001161428571428,1.761904761904762e-06,7.857142857142858e-06,2641,0.0001257619047619,1,0,208,26,182,0.009020090200902,0.070110701107011,0.0,0.003690036900369,0.000820008200082,0.001640016400164,0.923739237392374,0.000820008200082,0.070110701107011,0.005330053300533,-0.085280852808528,1,1,,pilot_or_calibration_sample_exclude_from_test,0,,1
teamcrawl_v1,REC_004797,phuc,schema_5_new_timestamp,data/01_Raw_Data/02_Team_Crawled_Raw/Phuc/json-yannews-chunk-v1/posts_YAN_News.json,posts_YAN_News.json,536,840803591882354,https://www.facebook.com/reel/840803591882354,174e289e565f46ae,post_id:840803591882354,YAN News,yannews,https://www.facebook.com/yannews,21000000,21000000,1,reel,,"cùng liên bỉnh phát nấu ăn, miu lê lộ loạt dấu hiệu khó hiểu",60,14,T10. ARTS_CULTURE_ENTERTAINMENT_AND_MEDIA,T10,human_verified,manual_adjudicated,Han; Nhung; Yen,,pilot_400_final,,0.0,302,3,33,0,2,0,2,0.0,342,342.0,1.0,1,1,ok,3,34,1,1,1,Wednesday 13 May 2026 at 19:30,1778675400.0,2026-05-13 12:30:00,2026-05-13,12.0,Wednesday,post_created_time_unix,ok,1,1779465756,1779465756,2026-05-22 23:02:36,2026-05-22 23:02:36,1,1.6285714285714287e-05,1.4285714285714285e-07,1.619047619047619e-06,379,1.804761904761905e-05,1,0,40,5,35,0.0087719298245614,0.0964912280701754,0.0,0.0058479532163742,0.0,0.0058479532163742,0.8918128654970761,0.0,0.0964912280701754,0.0116959064327485,-0.1169590643274853,1,1,,pilot_or_calibration_sample_exclude_from_test,0,,1
teamcrawl_v1,REC_004813,phuc,schema_5_new_timestamp,data/01_Raw_Data/02_Team_Crawled_Raw/Phuc/json-yannews-chunk-v1/posts_YAN_News.json,posts_YAN_News.json,552,1574218134158338,https://www.facebook.com/reel/1574218134158338,5473d806f8d48022,post_id:1574218134158338,YAN News,yannews,https://www.facebook.com/yannews,21000000,21000000,1,reel,,"miu lê từng được karik xem như “bạn đời”, tình bạn đẹp hiếm hoi của showbiz",75,16,T10. ARTS_CULTURE_ENTERTAINMENT_AND_MEDIA,T10,human_verified,manual_adjudicated,Han; Nhung; Yen,,pilot_100_additional_final,,0.0,354,12,0,0,2,0,3,0.0,371,371.0,1.0,1,1,ok,2,3,1,1,1,Wednesday 13 May 2026 at 16:11,1778663460.0,2026-05-13 09:11:00,2026-05-13,9.0,Wednesday,post_created_time_unix,ok,1,1779466495,1779466495,2026-05-22 23:14:55,2026-05-22 23:14:55,1,1.7666666666666668e-05,9.523809523809525e-08,1.4285714285714285e-07,376,1.7904761904761904e-05,1,0,17,15,2,0.0323450134770889,0.0,0.0,0.0053908355795148,0.0,0.0080862533692722,0.9865229110512128,0.0,0.0,0.013477088948787,0.045822102425876,1,1,,pilot_or_calibration_sample_exclude_from_test,0,,1
teamcrawl_v1,REC_004818,phuc,schema_5_new_timestamp,data/01_Raw_Data/02_Team_Crawled_Raw/Phuc/json-yannews-chunk-v1/posts_YAN_News.json,posts_YAN_News.json,557,1527199878850910,https://www.facebook.com/reel/1527199878850910,3b6667271d9fb6bd,post_id:1527199878850910,YAN News,yannews,https://www.facebook.com/yannews,21000000,21000000,1,reel,,hòa minzy và mẹ chồng có nét giống nhau,39,9,T10. ARTS_CULTURE_ENTERTAINMENT_AND_MEDIA,T10,human_verified,manual_adjudicated,Han; Nhung; Yen,,pilot_100_additional_final,,0.0,11742,346,39,2,3,0,14,0.0,12146,12146.0,1.0,1,1,ok,14,39,1,1,1,Wednesday 13 May 2026 at 14:23,1778656980.0,2026-05-13 07:23:00,2026-05-13,7.0,Wednesday,post_created_time_unix,ok,1,1779466531,1779466531,2026-05-22 23:15:31,2026-05-22 23:15:31,1,0.0005783809523809,6.666666666666667e-07,1.857142857142857e-06,12199,0.0005809047619047,1,0,404,360,44,0.0284867446072781,0.0032109336407047,0.0001646632636258,0.0002469948954388,0.0,0.0011526428453811,0.9952247653548494,0.0,0.0032109336407047,0.00139963774082,0.0332619792524287,1,1,,pilot_or_calibration_sample_exclude_from_test,0,,1
teamcrawl_v1,REC_004883,phuc,schema_5_new_timestamp,data/01_Raw_Data/02_Team_Crawled_Raw/Phuc/json-yannews-chunk-v1/posts_YAN_News.json,posts_YAN_News.json,622,1925055121478779,https://www.facebook.com/reel/1925055121478779,2bccaa4fc66b84d0,post_id:1925055121478779,YAN News,yannews,https://www.facebook.com/yannews,21000000,21000000,1,reel,,dân tình soi biểu cảm lạ của miu lê,35,9,T10. ARTS_CULTURE_ENTERTAINMENT_AND_MEDIA,T10,human_verified,manual_adjudicated,Han; Nhung; Yen,,pilot_100_final,,0.0,13000,65,2000,14,15,7,7,0.0,15108,15108.0,1.0,1,1,ok,207,644,1,1,1,Tuesday 12 May 2026 at 08:57,1778551020.0,2026-05-12 01:57:00,2026-05-12,1.0,Tuesday,post_created_time_unix,ok,1,1779467280,1779467280,2026-05-22 23:28:00,2026-05-22 23:28:00,1,0.0007194285714285,9.857142857142855e-06,3.066666666666667e-05,15959,0.0007599523809523,1,0,2108,72,2036,0.0043023563674874,0.1323801959226899,0.0009266613714588,0.0009928514694201,0.0004633306857294,0.0004633306857294,0.8647736298649722,0.0004633306857294,0.1323801959226899,0.0014561821551495,-0.1395287265025152,1,1,,pilot_or_calibration_sample_exclude_from_test,0,,1
teamcrawl_v1,REC_004902,phuc,schema_5_new_timestamp,data/01_Raw_Data/02_Team_Crawled_Raw/Phuc/json-yannews-chunk-v1/posts_YAN_News.json,posts_YAN_News.json,641,1711404046707407,https://www.facebook.com/reel/1711404046707407,7374c794a7aea873,post_id:1711404046707407,YAN News,yannews,https://www.facebook.com/yannews,21000000,21000000,1,reel,,nàng dâu liên tục than thở về mẹ chồng dù quá khứ từng khoe được cưng chiều,75,17,T13. HUMAN_INTEREST,T13,human_verified,manual_adjudicated,Han; Nhung; Yen,,pilot_400_final,,0.0,234,0,5,0,0,0,0,0.0,239,239.0,1.0,1,1,ok,8,3,1,1,1,Monday 11 May 2026 at 21:18,1778509080.0,2026-05-11 14:18:00,2026-05-11,14.0,Monday,post_created_time_unix,ok,1,1779468366,1779468366,2026-05-22 23:46:06,2026-05-22 23:46:06,1,1.138095238095238e-05,3.80952380952381e-07,1.4285714285714285e-07,250,1.1904761904761903e-05,1,0,5,0,5,0.0,0.0209205020920502,0.0,0.0,0.0,0.0,0.9790794979079498,0.0,0.0209205020920502,0.0,-0.0209205020920502,1,1,,pilot_or_calibration_sample_exclude_from_test,0,,1
teamcrawl_v1,REC_004910,phuc,schema_5_new_timestamp,data/01_Raw_Data/02_Team_Crawled_Raw/Phuc/json-yannews-chunk-v1/posts_YAN_News.json,posts_YAN_News.json,649,1681492889541957,https://www.facebook.com/reel/1681492889541957,d15c6e5842e7694c,post_id:1681492889541957,YAN News,yannews,https://www.facebook.com/yannews,21000000,21000000,1,reel,,hoà minzy gây tranh cãi vì có hành động kém duyên,49,11,T10. ARTS_CULTURE_ENTERTAINMENT_AND_MEDIA,T10,human_verified,manual_adjudicated,Han; Nhung; Yen,,pilot_100_additional_final,,0.0,243,2,22,0,0,0,0,0.0,267,267.0,1.0,1,1,ok,2,22,1,1,1,Monday 11 May 2026 at 19:42,1778503320.0,2026-05-11 12:42:00,2026-05-11,12.0,Monday,post_created_time_unix,ok,1,1779468430,1779468430,2026-05-22 23:47:10,2026-05-22 23:47:10,1,1.2714285714285714e-05,9.523809523809525e-08,1.0476190476190476e-06,291,1.3857142857142858e-05,1,0,24,2,22,0.0074906367041198,0.0823970037453183,0.0,0.0,0.0,0.0,0.9176029962546816,0.0,0.0823970037453183,0.0,-0.0898876404494382,1,1,,pilot_or_calibration_sample_exclude_from_test,0,,1
teamcrawl_v1,REC_004938,phuc,schema_5_new_timestamp,data/01_Raw_Data/02_Team_Crawled_Raw/Phuc/json-yannews-chunk-v1/posts_YAN_News.json,posts_YAN_News.json,677,1640184600568403,https://www.facebook.com/reel/1640184600568403,3c5f50466b2def94,post_id:1640184600568403,YAN News,yannews,https://www.facebook.com/yannews,21000000,21000000,1,reel,,"trước hàng nghìn người, gil lê nhắc xoài non khiến ai cũng “rén”",64,13,T10. ARTS_CULTURE_ENTERTAINMENT_AND_MEDIA,T10,human_verified,manual_adjudicated,Han; Nhung; Yen,,pilot_400_final,,0.0,0,0,0,0,0,0,0,0.0,19300,0.0,0.0,1,1,sum_mismatch,146,216,1,1,1,Sunday 10 May 2026 at 23:55,1778432100.0,2026-05-10 16:55:00,2026-05-10,16.0,Sunday,post_created_time_unix,ok,1,1779468667,1779468667,2026-05-22 23:51:07,2026-05-22 23:51:07,1,0.0009190476190476,6.952380952380952e-06,1.0285714285714286e-05,19662,0.0009362857142857,1,0,0,0,0,,,,,,,,,,,,0,0,,pilot_or_calibration_sample_exclude_from_test,0,,0
teamcrawl_v1,REC_004940,phuc,schema_5_new_timestamp,data/01_Raw_Data/02_Team_Crawled_Raw/Phuc/json-yannews-chunk-v1/posts_YAN_News.json,posts_YAN_News.json,679,2868955056813853,https://www.facebook.com/reel/2868955056813853,9ac19a03e3a0d0cb,post_id:2868955056813853,YAN News,yannews,https://www.facebook.com/yannews,21000000,21000000,1,reel,,"dùng muỗng riêng ăn hột vịt dữa, phương linh vẫn bị bàn tán",59,13,T10. ARTS_CULTURE_ENTERTAINMENT_AND_MEDIA,T10,human_verified,manual_adjudicated,Han; Nhung; Yen,,pilot_100_additional_final,,0.0,261,2,6,0,0,0,0,0.0,269,269.0,1.0,1,1,ok,5,35,1,1,1,Sunday 10 May 2026 at 23:40,1778431200.0,2026-05-10 16:40:00,2026-05-10,16.0,Sunday,post_created_time_unix,ok,1,1779468687,1779468687,2026-05-22 23:51:27,2026-05-22 23:51:27,1,1.2809523809523809e-05,2.380952380952381e-07,1.6666666666666669e-06,309,1.4714285714285716e-05,1,0,8,2,6,0.0074349442379182,0.0223048327137546,0.0,0.0,0.0,0.0,0.9776951672862454,0.0,0.0223048327137546,0.0,-0.0297397769516728,1,1,,pilot_or_calibration_sample_exclude_from_test,0,,1
teamcrawl_v1,REC_004949,phuc,schema_5_new_timestamp,data/01_Raw_Data/02_Team_Crawled_Raw/Phuc/json-yannews-chunk-v1/posts_YAN_News.json,posts_YAN_News.json,688,1346559557532099,https://www.facebook.com/reel/1346559557532099,9c1f6f64245c8c41,post_id:1346559557532099,YAN News,yannews,https://www.facebook.com/yannews,21000000,21000000,1,reel,,cđm nghi chồng bà nhân gặp vấn đề tâm lý,40,10,T10. ARTS_CULTURE_ENTERTAINMENT_AND_MEDIA,T10,human_verified,manual_adjudicated,Han; Nhung; Yen,,pilot_400_final,,0.0,8640,48,193,9,2,2,5,0.0,8899,8899.0,1.0,1,1,ok,63,221,1,1,1,Sunday 10 May 2026 at 21:45,1778424300.0,2026-05-10 14:45:00,2026-05-10,14.0,Sunday,post_created_time_unix,ok,1,1779468904,1779468904,2026-05-22 23:55:04,2026-05-22 23:55:04,1,0.0004237619047619,3e-06,1.0523809523809524e-05,9183,0.0004372857142857,1,0,259,53,206,0.0053938644791549,0.0216878300932689,0.0010113495898415,0.0002247443532981,0.0002247443532981,0.0005618608832453,0.976289470727048,0.0002247443532981,0.0216878300932689,0.0007866052365434,-0.0291043937521069,1,1,,pilot_or_calibration_sample_exclude_from_test,0,,1
teamcrawl_v1,REC_005048,phuc,schema_5_new_timestamp,data/01_Raw_Data/02_Team_Crawled_Raw/Phuc/json-yannews-chunk-v1/posts_YAN_News.json,posts_YAN_News.json,787,1959401977996379,https://www.facebook.com/reel/1959401977996379,b5dc377629fde5fd,post_id:1959401977996379,YAN News,yannews,https://www.facebook.com/yannews,21000000,21000000,1,reel,,"cđm tranh cãi khi khán giả ôm ngọc trinh nhắc đến tỷ phú, nếu không là tỷ phú đừng lấy chồng",92,21,T10. ARTS_CULTURE_ENTERTAINMENT_AND_MEDIA,T10,human_verified,manual_adjudicated,Han; Nhung; Yen,,pilot_400_final,,0.0,243,6,2,0,0,0,0,0.0,251,251.0,1.0,1,1,ok,1,7,1,1,1,Saturday 9 May 2026 at 12:40,1778305200.0,2026-05-09 05:40:00,2026-05-09,5.0,Saturday,post_created_time_unix,ok,1,1779482617,1779482617,2026-05-23 03:43:37,2026-05-23 03:43:37,1,1.1952380952380952e-05,4.7619047619047627e-08,3.3333333333333335e-07,259,1.2333333333333333e-05,1,0,8,6,2,0.0239043824701195,0.0079681274900398,0.0,0.0,0.0,0.0,0.9920318725099602,0.0,0.0079681274900398,0.0,0.0318725099601593,1,1,,pilot_or_calibration_sample_exclude_from_test,0,,1
teamcrawl_v1,REC_005050,phuc,schema_5_new_timestamp,data/01_Raw_Data/02_Team_Crawled_Raw/Phuc/json-yannews-chunk-v1/posts_YAN_News.json,posts_YAN_News.json,789,1865331684153671,https://www.facebook.com/reel/1865331684153671,748065c87eb12a16,post_id:1865331684153671,YAN News,yannews,https://www.facebook.com/yannews,21000000,21000000,1,reel,,không chỉ trang điểm xu: cô dâu tiếp tục tố thợ makeup tự ý xẻo ngang tóc mái,77,18,T13. HUMAN_INTEREST,T13,human_verified,manual_adjudicated,Han; Nhung; Yen,,pilot_400_final,,0.0,1826,27,15,0,0,0,2,0.0,1870,1870.0,1.0,1,1,ok,15,54,1,1,1,Saturday 9 May 2026 at 11:26,1778300760.0,2026-05-09 04:26:00,2026-05-09,4.0,Saturday,post_created_time_unix,ok,1,1779482631,1779482631,2026-05-23 03:43:51,2026-05-23 03:43:51,1,8.904761904761905e-05,7.142857142857143e-07,2.571428571428572e-06,1939,9.233333333333332e-05,1,0,44,29,15,0.0144385026737967,0.0080213903743315,0.0,0.0,0.0,0.0010695187165775,0.990909090909091,0.0,0.0080213903743315,0.0010695187165775,0.0235294117647058,1,1,,pilot_or_calibration_sample_exclude_from_test,0,,1
teamcrawl_v1,REC_005080,phuc,schema_5_new_timestamp,data/01_Raw_Data/02_Team_Crawled_Raw/Phuc/json-yannews-chunk-v1/posts_YAN_News.json,posts_YAN_News.json,819,1326333522743042,https://www.facebook.com/reel/1326333522743042,a00193b8a73ce8fa,post_id:1326333522743042,YAN News,yannews,https://www.facebook.com/yannews,21000000,21000000,1,reel,,mc khánh vy tháp tùng chị cả nhận hàm pgs sau 15 năm làm giảng viên,67,16,T05. EDUCATION,T05,human_verified,manual_adjudicated,Han; Nhung; Yen,,pilot_400_final,,0.0,0,0,0,0,0,0,0,0.0,1600,0.0,0.0,1,1,sum_mismatch,16,16,1,1,1,Friday 8 May 2026 at 15:55,1778230500.0,2026-05-08 08:55:00,2026-05-08,8.0,Friday,post_created_time_unix,ok,1,1779483401,1779483401,2026-05-23 03:56:41,2026-05-23 03:56:41,1,7.619047619047618e-05,7.619047619047619e-07,7.619047619047619e-07,1632,7.771428571428571e-05,1,0,0,0,0,,,,,,,,,,,,0,0,,pilot_or_calibration_sample_exclude_from_test,0,,0
teamcrawl_v1,REC_005087,phuc,schema_5_new_timestamp,data/01_Raw_Data/02_Team_Crawled_Raw/Phuc/json-yannews-chunk-v1/posts_YAN_News.json,posts_YAN_News.json,826,pfbid0YNEHKGdRdxntUuDQaydWBXoWUuUVnXWeKXijSnRHLhpyn6zeGFSictDRHFaWnBvxl,https://www.facebook.com/yannews/posts/pfbid0YNEHKGdRdxntUuDQaydWBXoWUuUVnXWeKXijSnRHLhpyn6zeGFSictDRHFaWnBvxl,9af3606f6a9b4b6c,post_id:pfbid0YNEHKGdRdxntUuDQaydWBXoWUuUVnXWeKXijSnRHLhpyn6zeGFSictDRHFaWnBvxl,YAN News,yannews,https://www.facebook.com/yannews,21000000,21000000,1,post,,"điện thoại sập nguồn giữa phố đức, cô gái việt đánh liều nhờ người lạ và cái kết ""vớ"" được chồng như ý",102,23,T13. HUMAN_INTEREST,T13,human_verified,manual_adjudicated,Han; Nhung; Yen,,pilot_400_final,,0.0,0,0,0,0,0,0,0,0.0,1500,0.0,0.0,1,1,sum_mismatch,16,115,1,1,1,Friday 8 May 2026 at 13:15,1778220900.0,2026-05-08 06:15:00,2026-05-08,6.0,Friday,post_created_time_unix,ok,1,1779484366,1779484366,2026-05-23 04:12:46,2026-05-23 04:12:46,1,7.142857142857143e-05,7.619047619047619e-07,5.4761904761904765e-06,1631,7.766666666666667e-05,1,0,0,0,0,,,,,,,,,,,,0,0,,pilot_or_calibration_sample_exclude_from_test,0,,0
teamcrawl_v1,REC_005090,phuc,schema_5_new_timestamp,data/01_Raw_Data/02_Team_Crawled_Raw/Phuc/json-yannews-chunk-v1/posts_YAN_News.json,posts_YAN_News.json,829,1620411175886395,https://www.facebook.com/reel/1620411175886395,fc5afd0b9cdb2400,post_id:1620411175886395,YAN News,yannews,https://www.facebook.com/yannews,21000000,21000000,1,reel,,bỏ tiền sang dubai nhưng bữa ăn 500k của bạn thân ciin lại bị nói khắc khổ thấy thương,86,19,T10. ARTS_CULTURE_ENTERTAINMENT_AND_MEDIA,T10,human_verified,manual_adjudicated,Han; Nhung; Yen,,pilot_100_additional_final,,0.0,0,0,0,0,0,0,0,0.0,2000,0.0,0.0,1,1,sum_mismatch,12,42,1,1,1,Friday 8 May 2026 at 12:10,1778217000.0,2026-05-08 05:10:00,2026-05-08,5.0,Friday,post_created_time_unix,ok,1,1779484456,1779484456,2026-05-23 04:14:16,2026-05-23 04:14:16,1,9.523809523809524e-05,5.714285714285714e-07,2e-06,2054,9.78095238095238e-05,1,0,0,0,0,,,,,,,,,,,,0,0,,pilot_or_calibration_sample_exclude_from_test,0,,0
teamcrawl_v1,REC_005154,phuc,schema_5_new_timestamp,data/01_Raw_Data/02_Team_Crawled_Raw/Phuc/json-yannews-chunk-v1/posts_YAN_News.json,posts_YAN_News.json,893,983534060705693,https://www.facebook.com/reel/983534060705693,009301fc77479762,post_id:983534060705693,YAN News,yannews,https://www.facebook.com/yannews,21000000,21000000,1,reel,,cô gái vô tư ngậm đũa rồi tiếp tục chấm vào hũ gia vị chung tại quán ăn,71,18,T13. HUMAN_INTEREST,T13,human_verified,manual_adjudicated,Han; Nhung; Yen,,pilot_100_additional_final,,0.0,7523,37,532,102,19,130,2,0.0,8345,8345.0,1.0,1,1,ok,106,1700,1,1,1,Thursday 7 May 2026 at 12:39,1778132340.0,2026-05-07 05:39:00,2026-05-07,5.0,Thursday,post_created_time_unix,ok,1,1779508600,1779508600,2026-05-23 10:56:40,2026-05-23 10:56:40,1,0.0003973809523809,5.047619047619048e-06,8.095238095238095e-05,10151,0.0004833809523809,1,0,822,39,783,0.0044337926902336,0.0637507489514679,0.0122228879568603,0.0022768124625524,0.0155781905332534,0.0002396644697423,0.9059316956261234,0.0155781905332534,0.0637507489514679,0.0025164769322947,-0.0985020970641102,1,1,,pilot_or_calibration_sample_exclude_from_test,0,,1
teamcrawl_v1,REC_005187,phuc,schema_5_new_timestamp,data/01_Raw_Data/02_Team_Crawled_Raw/Phuc/json-yannews-chunk-v1/posts_YAN_News.json,posts_YAN_News.json,926,1522447702815181,https://www.facebook.com/reel/1522447702815181,450746e2781e4257,post_id:1522447702815181,YAN News,yannews,https://www.facebook.com/yannews,21000000,21000000,1,reel,,anh ba ngọc sơn bịt mắt chơi bóng khoe phản xạ nhạy bị cđm “nói dối”,68,16,T10. ARTS_CULTURE_ENTERTAINMENT_AND_MEDIA,T10,human_verified,manual_adjudicated,Han; Nhung; Yen,,pilot_400_final,,0.0,377,3,92,2,0,0,0,0.0,474,474.0,1.0,1,1,ok,3,40,1,1,1,Wednesday 6 May 2026 at 18:28,1778066880.0,2026-05-06 11:28:00,2026-05-06,11.0,Wednesday,post_created_time_unix,ok,1,1779510944,1779510944,2026-05-23 11:35:44,2026-05-23 11:35:44,1,2.257142857142857e-05,1.4285714285714285e-07,1.9047619047619047e-06,517,2.461904761904762e-05,1,0,97,3,94,0.0063291139240506,0.1940928270042194,0.0042194092827004,0.0,0.0,0.0,0.8016877637130801,0.0,0.1940928270042194,0.0,-0.2046413502109704,1,1,,pilot_or_calibration_sample_exclude_from_test,0,,1
teamcrawl_v1,REC_005194,phuc,schema_5_new_timestamp,data/01_Raw_Data/02_Team_Crawled_Raw/Phuc/json-yannews-chunk-v1/posts_YAN_News.json,posts_YAN_News.json,933,917603684593679,https://www.facebook.com/reel/917603684593679,ff797bcb42c9318a,post_id:917603684593679,YAN News,yannews,https://www.facebook.com/yannews,21000000,21000000,1,reel,,"“tóp tóp cơ” công chúa đi học nghề mà nết cà dẹo, đang học thì nhớ chồng",72,17,T10. ARTS_CULTURE_ENTERTAINMENT_AND_MEDIA,T10,human_verified,manual_adjudicated,Han; Nhung; Yen,,pilot_100_final,,0.0,313,3,56,0,0,0,0,0.0,372,372.0,1.0,1,1,ok,2,19,1,1,1,Wednesday 6 May 2026 at 15:55,1778057700.0,2026-05-06 08:55:00,2026-05-06,8.0,Wednesday,post_created_time_unix,ok,1,1779511076,1779511076,2026-05-23 11:37:56,2026-05-23 11:37:56,1,1.7714285714285713e-05,9.523809523809525e-08,9.047619047619048e-07,393,1.871428571428572e-05,1,0,59,3,56,0.0080645161290322,0.1505376344086021,0.0,0.0,0.0,0.0,0.8494623655913979,0.0,0.1505376344086021,0.0,-0.1586021505376344,1,1,,pilot_or_calibration_sample_exclude_from_test,0,,1
teamcrawl_v1,REC_005221,phuc,schema_5_new_timestamp,data/01_Raw_Data/02_Team_Crawled_Raw/Phuc/json-yannews-chunk-v1/posts_YAN_News.json,posts_YAN_News.json,960,993594336453538,https://www.facebook.com/reel/993594336453538,3c9e6c1d698a1231,post_id:993594336453538,YAN News,yannews,https://www.facebook.com/yannews,21000000,21000000,1,reel,,"linda ngô sinh non tuần 35, vừa đẻ xong đã gội đầu, làm móng",60,14,T10. ARTS_CULTURE_ENTERTAINMENT_AND_MEDIA,T10,human_verified,manual_adjudicated,Han; Nhung; Yen,,pilot_400_final,,0.0,65,0,0,0,0,0,0,0.0,65,65.0,1.0,1,1,ok,0,3,1,1,1,Wednesday 6 May 2026 at 08:30,1778031000.0,2026-05-06 01:30:00,2026-05-06,1.0,Wednesday,post_created_time_unix,ok,1,1779511608,1779511608,2026-05-23 11:46:48,2026-05-23 11:46:48,1,3.095238095238096e-06,0.0,1.4285714285714285e-07,68,3.238095238095238e-06,1,0,0,0,0,0.0,0.0,0.0,0.0,0.0,0.0,1.0,0.0,0.0,0.0,0.0,1,1,,pilot_or_calibration_sample_exclude_from_test,0,,1
teamcrawl_v1,REC_005235,phuc,schema_5_new_timestamp,data/01_Raw_Data/02_Team_Crawled_Raw/Phuc/json-yannews-chunk-v1/posts_YAN_News.json,posts_YAN_News.json,974,1668909320915969,https://www.facebook.com/reel/1668909320915969,a44ca4de9fdb298e,post_id:1668909320915969,YAN News,yannews,https://www.facebook.com/yannews,21000000,21000000,1,reel,,khánh huyền 2k4 có gan mặc hở lại sợ kẻ gian dòm ngó,52,13,T10. ARTS_CULTURE_ENTERTAINMENT_AND_MEDIA,T10,human_verified,manual_adjudicated,Han; Nhung; Yen,,pilot_400_final,,0.0,108,2,4,0,0,0,0,0.0,114,114.0,1.0,1,1,ok,0,11,1,1,1,Tuesday 5 May 2026 at 20:10,1777986600.0,2026-05-05 13:10:00,2026-05-05,13.0,Tuesday,post_created_time_unix,ok,1,1779511886,1779511886,2026-05-23 11:51:26,2026-05-23 11:51:26,1,5.428571428571429e-06,0.0,5.238095238095238e-07,125,5.9523809523809525e-06,1,0,6,2,4,0.0175438596491228,0.0350877192982456,0.0,0.0,0.0,0.0,0.9649122807017544,0.0,0.0350877192982456,0.0,-0.0526315789473684,1,1,,pilot_or_calibration_sample_exclude_from_test,0,,1
teamcrawl_v1,REC_005251,phuc,schema_5_new_timestamp,data/01_Raw_Data/02_Team_Crawled_Raw/Phuc/json-yannews-chunk-v1/posts_YAN_News.json,posts_YAN_News.json,990,3389469661211341,https://www.facebook.com/reel/3389469661211341,eae99cd49d34e146,post_id:3389469661211341,YAN News,yannews,https://www.facebook.com/yannews,21000000,21000000,1,reel,,xót xa cảnh người mẹ đưa tiễn con trai trong vụ cháy ô tô ở đà nẵng,67,17,T13. HUMAN_INTEREST,T13,human_verified,manual_adjudicated,Han; Nhung; Yen,,pilot_100_final,,0.0,89,0,0,0,15,0,5,0.0,109,109.0,1.0,1,1,ok,13,7,1,1,1,Tuesday 5 May 2026 at 16:45,1777974300.0,2026-05-05 09:45:00,2026-05-05,9.0,Tuesday,post_created_time_unix,ok,1,1779512289,1779512289,2026-05-23 11:58:09,2026-05-23 11:58:09,1,5.190476190476191e-06,6.190476190476191e-07,3.3333333333333335e-07,129,6.142857142857143e-06,1,0,20,5,15,0.0,0.0,0.0,0.1376146788990825,0.0,0.0458715596330275,0.8165137614678899,0.0,0.0,0.1834862385321101,-0.1834862385321101,1,1,,pilot_or_calibration_sample_exclude_from_test,0,,1
teamcrawl_v1,REC_005341,yen,schema_5_new_timestamp,data/01_Raw_Data/02_Team_Crawled_Raw/Yen/json-yen-cafebiz-v9-3-2/posts_CafeBiz.json,posts_CafeBiz.json,78,pfbid02ZEuMmnqzVKy6yKbercQHpPohXeGqtXNkhBBEKN6zabQoDTFvuoKLGkeAbWL9QPRel,https://www.facebook.com/cafebiz.vn/posts/pfbid02ZEuMmnqzVKy6yKbercQHpPohXeGqtXNkhBBEKN6zabQoDTFvuoKLGkeAbWL9QPRel,2a6e1b4a1a6a1271,post_id:pfbid02ZEuMmnqzVKy6yKbercQHpPohXeGqtXNkhBBEKN6zabQoDTFvuoKLGkeAbWL9QPRel,CafeBiz,cafebiz.vn,https://www.facebook.com/cafebiz.vn,1900000,1900000,1,post,,viral: con dâu ông trump diện sườn xám trung quốc chụp ảnh cùng ông tập,71,15,T16. WORLD_INTERNATIONAL,T16,human_verified,manual_adjudicated,Han; Nhung; Yen,,pilot_100_additional_final,,0.0,300,7,9,0,0,0,0,0.0,316,316.0,1.0,1,1,ok,4,20,1,1,1,Saturday 16 May 2026 at 09:42,1778899320.0,2026-05-16 02:42:00,2026-05-16,2.0,Saturday,post_created_time_unix,ok,1,1779672396,1779672396,2026-05-25 08:26:36,2026-05-25 08:26:36,1,0.0001663157894736,2.1052631578947366e-06,1.0526315789473684e-05,340,0.000178947368421,1,0,16,7,9,0.0221518987341772,0.0284810126582278,0.0,0.0,0.0,0.0,0.971518987341772,0.0,0.0284810126582278,0.0,-0.050632911392405,1,1,,pilot_or_calibration_sample_exclude_from_test,0,,1
teamcrawl_v1,REC_005346,yen,schema_5_new_timestamp,data/01_Raw_Data/02_Team_Crawled_Raw/Yen/json-yen-cafebiz-v9-3-2/posts_CafeBiz.json,posts_CafeBiz.json,83,pfbid02G7CbdiWfFgpJPGSxcHswrTDefKwhVYrsGcArjmpbSDJQGby8LWvivCgSBmyEJoyNl,https://www.facebook.com/cafebiz.vn/posts/pfbid02G7CbdiWfFgpJPGSxcHswrTDefKwhVYrsGcArjmpbSDJQGby8LWvivCgSBmyEJoyNl,66602053c5151b61,post_id:pfbid02G7CbdiWfFgpJPGSxcHswrTDefKwhVYrsGcArjmpbSDJQGby8LWvivCgSBmyEJoyNl,CafeBiz,cafebiz.vn,https://www.facebook.com/cafebiz.vn,1900000,1900000,1,post,,apple và samsung đang tụt hậu về pin điện thoại với các hãng trung quốc,71,15,T06. SCIENCE_AND_TECHNOLOGY,T06,human_verified,manual_adjudicated,Han; Nhung; Yen,,pilot_400_final,,0.0,53,0,0,3,0,0,0,0.0,56,56.0,1.0,1,1,ok,0,6,1,1,1,Sunday 24 May 2026 at 13:11,1779603060.0,2026-05-24 06:11:00,2026-05-24,6.0,Sunday,post_created_time_unix,ok,1,1779675790,1779675790,2026-05-25 09:23:10,2026-05-25 09:23:10,1,2.947368421052632e-05,0.0,3.157894736842105e-06,62,3.263157894736842e-05,1,0,3,0,3,0.0,0.0,0.0535714285714285,0.0,0.0,0.0,0.9464285714285714,0.0,0.0,0.0,-0.0535714285714285,1,1,,pilot_or_calibration_sample_exclude_from_test,0,,1
teamcrawl_v1,REC_005371,yen,schema_5_new_timestamp,data/01_Raw_Data/02_Team_Crawled_Raw/Yen/json-yen-cafebiz-v9-3-2/posts_CafeBiz.json,posts_CafeBiz.json,108,pfbid0PQpy162bqJ86yqcXgMCaeqk9PVMinDSdcqYc5xmkLi6wHkrQG1SWvo2VFA7rT49Nl,https://www.facebook.com/cafebiz.vn/posts/pfbid0PQpy162bqJ86yqcXgMCaeqk9PVMinDSdcqYc5xmkLi6wHkrQG1SWvo2VFA7rT49Nl,16b66e307cdc87c7,post_id:pfbid0PQpy162bqJ86yqcXgMCaeqk9PVMinDSdcqYc5xmkLi6wHkrQG1SWvo2VFA7rT49Nl,CafeBiz,cafebiz.vn,https://www.facebook.com/cafebiz.vn,1900000,1900000,1,post,,"long nhật trước khi bị bắt: sở hữu khối tài sản khủng, biệt thự rộng như resort, sống trong căn nhà trăm tỷ giữa lòng tphcm",124,26,T03. CRIME_LAW_AND_JUSTICE,T03,human_verified,manual_adjudicated,Han; Nhung; Yen,,pilot_400_final,,0.0,540,7,39,19,3,0,0,0.0,608,608.0,1.0,1,1,ok,14,57,1,1,1,Wednesday 20 May 2026 at 12:56,1779256560.0,2026-05-20 05:56:00,2026-05-20,5.0,Wednesday,post_created_time_unix,ok,1,1779676054,1779676054,2026-05-25 09:27:34,2026-05-25 09:27:34,1,0.00032,7.368421052631579e-06,3e-05,679,0.0003573684210526,1,0,68,7,61,0.0115131578947368,0.0641447368421052,0.03125,0.0049342105263157,0.0,0.0,0.899671052631579,0.0,0.0641447368421052,0.0049342105263157,-0.1118421052631579,1,1,,pilot_or_calibration_sample_exclude_from_test,0,,1
teamcrawl_v1,REC_005388,yen,schema_5_new_timestamp,data/01_Raw_Data/02_Team_Crawled_Raw/Yen/json-yen-cafebiz-v9-3-2/posts_CafeBiz.json,posts_CafeBiz.json,125,pfbid0Sfyn27EFmdCkQjMtPJjdamuh4paKGurEDoX8qGXTeGzYZ8vJfVUnVSB5Qf4ioRRml,https://www.facebook.com/cafebiz.vn/posts/pfbid0Sfyn27EFmdCkQjMtPJjdamuh4paKGurEDoX8qGXTeGzYZ8vJfVUnVSB5Qf4ioRRml,505f22d9087557e9,post_id:pfbid0Sfyn27EFmdCkQjMtPJjdamuh4paKGurEDoX8qGXTeGzYZ8vJfVUnVSB5Qf4ioRRml,CafeBiz,cafebiz.vn,https://www.facebook.com/cafebiz.vn,1900000,1900000,1,post,,5 học sinh đuối nước trên sông lô,33,8,T09. DISASTER_ACCIDENT_AND_EMERGENCY_INCIDENT,T09,human_verified,manual_adjudicated,Han; Nhung; Yen,,pilot_400_final,,0.0,55,0,0,0,51,0,11,0.0,117,117.0,1.0,1,1,ok,3,8,1,1,1,Monday 18 May 2026 at 19:35,1779107700.0,2026-05-18 12:35:00,2026-05-18,12.0,Monday,post_created_time_unix,ok,1,1779676154,1779676154,2026-05-25 09:29:14,2026-05-25 09:29:14,1,6.157894736842106e-05,1.5789473684210526e-06,4.210526315789473e-06,128,6.736842105263157e-05,1,0,62,11,51,0.0,0.0,0.0,0.4358974358974359,0.0,0.094017094017094,0.4700854700854701,0.0,0.0,0.5299145299145299,-0.5299145299145299,1,1,,pilot_or_calibration_sample_exclude_from_test,0,,1
teamcrawl_v1,REC_005391,yen,schema_5_new_timestamp,data/01_Raw_Data/02_Team_Crawled_Raw/Yen/json-yen-cafebiz-v9-3-2/posts_CafeBiz.json,posts_CafeBiz.json,128,pfbid0VATt316zAJVDQJhZYdSHhxbYD9iAUyB8W3Lv3Xxn8kiFpHZhRNVmgGDy4agK2RW8l,https://www.facebook.com/cafebiz.vn/posts/pfbid0VATt316zAJVDQJhZYdSHhxbYD9iAUyB8W3Lv3Xxn8kiFpHZhRNVmgGDy4agK2RW8l,e901f2a1ff73db25,post_id:pfbid0VATt316zAJVDQJhZYdSHhxbYD9iAUyB8W3Lv3Xxn8kiFpHZhRNVmgGDy4agK2RW8l,CafeBiz,cafebiz.vn,https://www.facebook.com/cafebiz.vn,1900000,1900000,1,post,,hàng triệu gia đình có nguy cơ bị theo dõi vì camera an ninh giá rẻ tràn lan,76,18,T06. SCIENCE_AND_TECHNOLOGY,T06,human_verified,manual_adjudicated,Han; Nhung; Yen,,pilot_100_final,,0.0,49,0,7,0,0,0,0,0.0,56,56.0,1.0,1,1,ok,14,9,1,1,1,Monday 18 May 2026 at 12:02,1779080520.0,2026-05-18 05:02:00,2026-05-18,5.0,Monday,post_created_time_unix,ok,1,1779676177,1779676177,2026-05-25 09:29:37,2026-05-25 09:29:37,1,2.947368421052632e-05,7.368421052631579e-06,4.736842105263158e-06,79,4.157894736842105e-05,1,0,7,0,7,0.0,0.125,0.0,0.0,0.0,0.0,0.875,0.0,0.125,0.0,-0.125,1,1,,pilot_or_calibration_sample_exclude_from_test,0,,1
teamcrawl_v1,REC_005402,yen,schema_5_new_timestamp,data/01_Raw_Data/02_Team_Crawled_Raw/Yen/json-yen-cafebiz-v9-3-2/posts_CafeBiz.json,posts_CafeBiz.json,139,pfbid0Z7b1ACY9t2kWwGaJbeTM6p2wkiV16bTpYvC7gvHTveCAsLxwTpsT8BjJsyMXTZT7l,https://www.facebook.com/cafebiz.vn/posts/pfbid0Z7b1ACY9t2kWwGaJbeTM6p2wkiV16bTpYvC7gvHTveCAsLxwTpsT8BjJsyMXTZT7l,48e3cec2f9e60b18,post_id:pfbid0Z7b1ACY9t2kWwGaJbeTM6p2wkiV16bTpYvC7gvHTveCAsLxwTpsT8BjJsyMXTZT7l,CafeBiz,cafebiz.vn,https://www.facebook.com/cafebiz.vn,1900000,1900000,1,post,,công bố chứng cứ quan trọng tại hiện trường làm căn cứ khởi tố ca sĩ miu lê,75,18,T03. CRIME_LAW_AND_JUSTICE,T03,human_verified,manual_adjudicated,Han; Nhung; Yen,,pilot_400_final,,0.0,173,0,5,0,0,0,0,0.0,178,178.0,1.0,1,1,ok,2,18,1,1,1,Saturday 16 May 2026 at 22:03,1778943780.0,2026-05-16 15:03:00,2026-05-16,15.0,Saturday,post_created_time_unix,ok,1,1779676257,1779676257,2026-05-25 09:30:57,2026-05-25 09:30:57,1,9.36842105263158e-05,1.0526315789473683e-06,9.473684210526315e-06,198,0.0001042105263157,1,0,5,0,5,0.0,0.0280898876404494,0.0,0.0,0.0,0.0,0.9719101123595506,0.0,0.0280898876404494,0.0,-0.0280898876404494,1,1,,pilot_or_calibration_sample_exclude_from_test,0,,1
teamcrawl_v1,REC_005413,yen,schema_5_new_timestamp,data/01_Raw_Data/02_Team_Crawled_Raw/Yen/json-yen-cafebiz-v9-3-2/posts_CafeBiz.json,posts_CafeBiz.json,150,pfbid02W6jupWJp8RFTYyxA8sQU3ocAP2aoCPUS5n9Lb2UyhN4ssSToKWdiZBxYsNNdNHb9l,https://www.facebook.com/cafebiz.vn/posts/pfbid02W6jupWJp8RFTYyxA8sQU3ocAP2aoCPUS5n9Lb2UyhN4ssSToKWdiZBxYsNNdNHb9l,488035d7c72a586d,post_id:pfbid02W6jupWJp8RFTYyxA8sQU3ocAP2aoCPUS5n9Lb2UyhN4ssSToKWdiZBxYsNNdNHb9l,CafeBiz,cafebiz.vn,https://www.facebook.com/cafebiz.vn,1900000,1900000,1,post,,"chấn động bên mỹ: musk đang vi vu bên trung, nhưng spacex của ông sắp ipo vốn hóa nghìn tỷ usd",94,21,T02. ECONOMY_BUSINESS_AND_FINANCE,T02,human_verified,manual_adjudicated,Han; Nhung; Yen,,pilot_400_final,,0.0,444,5,35,2,0,0,0,0.0,486,486.0,1.0,1,1,ok,8,11,1,1,1,Friday 15 May 2026 at 14:51,1778831460.0,2026-05-15 07:51:00,2026-05-15,7.0,Friday,post_created_time_unix,ok,1,1779676337,1779676337,2026-05-25 09:32:17,2026-05-25 09:32:17,1,0.0002557894736842,4.210526315789473e-06,5.789473684210527e-06,505,0.0002657894736842,1,0,42,5,37,0.0102880658436214,0.0720164609053498,0.0041152263374485,0.0,0.0,0.0,0.9238683127572016,0.0,0.0720164609053498,0.0,-0.0864197530864197,1,1,,pilot_or_calibration_sample_exclude_from_test,0,,1
teamcrawl_v1,REC_005450,yen,schema_5_new_timestamp,data/01_Raw_Data/02_Team_Crawled_Raw/Yen/json-yen-cafebiz-v9-3-2/posts_CafeBiz.json,posts_CafeBiz.json,187,pfbid02NidvfHPNkz6RfCEZ58m3vzhqQz9q8Ww5kVeLzJtLE7enWtyaan2gEdcx3q1V5bQFl,https://www.facebook.com/cafebiz.vn/posts/pfbid02NidvfHPNkz6RfCEZ58m3vzhqQz9q8Ww5kVeLzJtLE7enWtyaan2gEdcx3q1V5bQFl,b46cb32a4e3595f8,post_id:pfbid02NidvfHPNkz6RfCEZ58m3vzhqQz9q8Ww5kVeLzJtLE7enWtyaan2gEdcx3q1V5bQFl,CafeBiz,cafebiz.vn,https://www.facebook.com/cafebiz.vn,1900000,1900000,1,post,,nợ xấu nhiều ngân hàng tăng vọt,31,7,T02. ECONOMY_BUSINESS_AND_FINANCE,T02,human_verified,manual_adjudicated,Han; Nhung; Yen,,pilot_400_final,,0.0,179,0,18,3,0,0,0,0.0,200,200.0,1.0,1,1,ok,13,20,1,1,1,Monday 18 May 2026 at 12:50,1779083400.0,2026-05-18 05:50:00,2026-05-18,5.0,Monday,post_created_time_unix,ok,1,1779679268,1779679268,2026-05-25 10:21:08,2026-05-25 10:21:08,1,0.0001052631578947,6.842105263157895e-06,1.0526315789473684e-05,233,0.0001226315789473,1,0,21,0,21,0.0,0.09,0.015,0.0,0.0,0.0,0.895,0.0,0.09,0.0,-0.105,1,1,,pilot_or_calibration_sample_exclude_from_test,0,,1
teamcrawl_v1,REC_005460,yen,schema_5_new_timestamp,data/01_Raw_Data/02_Team_Crawled_Raw/Yen/json-yen-cafebiz-v9-3-2/posts_CafeBiz.json,posts_CafeBiz.json,197,pfbid05dEDbTANcYQdsqzBQD62o4PPgihw1pJrE9KxcJa8mB98tphhcJ1ttpUPcKxpUkCRl,https://www.facebook.com/cafebiz.vn/posts/pfbid05dEDbTANcYQdsqzBQD62o4PPgihw1pJrE9KxcJa8mB98tphhcJ1ttpUPcKxpUkCRl,cc918a086aaf25fa,post_id:pfbid05dEDbTANcYQdsqzBQD62o4PPgihw1pJrE9KxcJa8mB98tphhcJ1ttpUPcKxpUkCRl,CafeBiz,cafebiz.vn,https://www.facebook.com/cafebiz.vn,1900000,1900000,1,post,,"shark phú: nếu tôi lao vào bất động sản, giờ cũng ‘số má’, nhưng thấy quá vô nghĩa nên chọn sản xuất",100,22,T02. ECONOMY_BUSINESS_AND_FINANCE,T02,human_verified,manual_adjudicated,Han; Nhung; Yen,,pilot_100_final,,0.0,792,56,83,0,0,0,7,0.0,938,938.0,1.0,1,1,ok,21,94,1,1,1,Saturday 16 May 2026 at 15:07,1778918820.0,2026-05-16 08:07:00,2026-05-16,8.0,Saturday,post_created_time_unix,ok,1,1779679345,1779679345,2026-05-25 10:22:25,2026-05-25 10:22:25,1,0.0004936842105263,1.1052631578947368e-05,4.947368421052632e-05,1053,0.0005542105263157,1,0,146,63,83,0.0597014925373134,0.0884861407249466,0.0,0.0,0.0,0.0074626865671641,0.9040511727078892,0.0,0.0884861407249466,0.0074626865671641,-0.1556503198294243,1,1,,pilot_or_calibration_sample_exclude_from_test,0,,1
teamcrawl_v1,REC_005481,yen,schema_5_new_timestamp,data/01_Raw_Data/02_Team_Crawled_Raw/Yen/json-yen-cafebiz-v9-3-2/posts_CafeBiz.json,posts_CafeBiz.json,218,pfbid032eM77RFuynEpwkyj4LxpFLtkBj5EbXWCqjJ311dcpLzuQEuXHQ1afUjQozW96rd4l,https://www.facebook.com/cafebiz.vn/posts/pfbid032eM77RFuynEpwkyj4LxpFLtkBj5EbXWCqjJ311dcpLzuQEuXHQ1afUjQozW96rd4l,ee24ff183f609d0c,post_id:pfbid032eM77RFuynEpwkyj4LxpFLtkBj5EbXWCqjJ311dcpLzuQEuXHQ1afUjQozW96rd4l,CafeBiz,cafebiz.vn,https://www.facebook.com/cafebiz.vn,1900000,1900000,1,post,,trường đại học 'lò đào tạo tinh hoa' do phạm nhật vượng sáng lập vừa đạt kỷ lục chưa từng có trong lịch sử tại việt nam,119,27,T05. EDUCATION,T05,human_verified,manual_adjudicated,Han; Nhung; Yen,,pilot_400_final,,0.0,171,5,29,0,0,0,0,0.0,205,205.0,1.0,1,1,ok,7,10,1,1,1,Thursday 14 May 2026 at 11:47,1778734020.0,2026-05-14 04:47:00,2026-05-14,4.0,Thursday,post_created_time_unix,ok,1,1779679488,1779679488,2026-05-25 10:24:48,2026-05-25 10:24:48,1,0.0001078947368421,3.6842105263157896e-06,5.263157894736842e-06,222,0.0001168421052631,1,0,34,5,29,0.024390243902439,0.1414634146341463,0.0,0.0,0.0,0.0,0.8585365853658536,0.0,0.1414634146341463,0.0,-0.1658536585365853,1,1,,pilot_or_calibration_sample_exclude_from_test,0,,1
teamcrawl_v1,REC_005492,yen,schema_5_new_timestamp,data/01_Raw_Data/02_Team_Crawled_Raw/Yen/json-yen-cafebiz-v9-3-2/posts_CafeBiz.json,posts_CafeBiz.json,229,pfbid02aiR2WUoXQKvtNEFcN6wv4XgvVoReV4oerHEccNcE3Bj97C4g4HuJquqXCUnBRtcRl,https://www.facebook.com/cafebiz.vn/posts/pfbid02aiR2WUoXQKvtNEFcN6wv4XgvVoReV4oerHEccNcE3Bj97C4g4HuJquqXCUnBRtcRl,205d1ae1eca0b15e,post_id:pfbid02aiR2WUoXQKvtNEFcN6wv4XgvVoReV4oerHEccNcE3Bj97C4g4HuJquqXCUnBRtcRl,CafeBiz,cafebiz.vn,https://www.facebook.com/cafebiz.vn,1900000,1900000,1,post,,tạm giữ sơn tùng,16,4,T03. CRIME_LAW_AND_JUSTICE,T03,human_verified,manual_adjudicated,Han; Nhung; Yen,,pilot_100_final,,0.0,482,0,130,8,0,7,2,0.0,629,629.0,1.0,1,1,ok,10,83,1,1,1,Wednesday 13 May 2026 at 12:51,1778651460.0,2026-05-13 05:51:00,2026-05-13,5.0,Wednesday,post_created_time_unix,ok,1,1779679562,1779679562,2026-05-25 10:26:02,2026-05-25 10:26:02,1,0.0003310526315789,5.263157894736842e-06,4.368421052631579e-05,722,0.00038,1,0,147,2,145,0.0,0.2066772655007949,0.012718600953895,0.0,0.0111287758346581,0.0031796502384737,0.766295707472178,0.0111287758346581,0.2066772655007949,0.0031796502384737,-0.2337042925278219,1,1,,pilot_or_calibration_sample_exclude_from_test,0,,1
teamcrawl_v1,REC_005498,yen,schema_5_new_timestamp,data/01_Raw_Data/02_Team_Crawled_Raw/Yen/json-yen-cafebiz-v9-3-2/posts_CafeBiz.json,posts_CafeBiz.json,235,pfbid0z1Ze37HNd2hMREb9mbcrKAVJ8sBDqdtNBkBGwFbuLvB6AG5HYepjUV9QigTxYG93l,https://www.facebook.com/cafebiz.vn/posts/pfbid0z1Ze37HNd2hMREb9mbcrKAVJ8sBDqdtNBkBGwFbuLvB6AG5HYepjUV9QigTxYG93l,ce4eadf5459c3fa8,post_id:pfbid0z1Ze37HNd2hMREb9mbcrKAVJ8sBDqdtNBkBGwFbuLvB6AG5HYepjUV9QigTxYG93l,CafeBiz,cafebiz.vn,https://www.facebook.com/cafebiz.vn,1900000,1900000,1,post,,quá giỏi: chàng trai việt 26 tuổi nhận học bổng toàn phần tiến sĩ đại học top 8 thế giới,88,20,T05. EDUCATION,T05,human_verified,manual_adjudicated,Han; Nhung; Yen,,pilot_400_final,,0.0,75,6,0,0,0,0,0,0.0,81,81.0,1.0,1,1,ok,3,2,1,1,1,Tuesday 12 May 2026 at 22:35,1778600100.0,2026-05-12 15:35:00,2026-05-12,15.0,Tuesday,post_created_time_unix,ok,1,1779679603,1779679603,2026-05-25 10:26:43,2026-05-25 10:26:43,1,4.263157894736842e-05,1.5789473684210526e-06,1.0526315789473683e-06,86,4.526315789473684e-05,1,0,6,6,0,0.074074074074074,0.0,0.0,0.0,0.0,0.0,1.0,0.0,0.0,0.0,0.074074074074074,1,1,,pilot_or_calibration_sample_exclude_from_test,0,,1
teamcrawl_v1,REC_005507,yen,schema_5_new_timestamp,data/01_Raw_Data/02_Team_Crawled_Raw/Yen/json-yen-cafebiz-v9-3-2/posts_CafeBiz.json,posts_CafeBiz.json,244,pfbid0n4BtcNUGQMUEtkG2YVsV6z8SXMZvjFsKf22Nm1nqtQkZuRnH8QgUKWB8gjS9EbLql,https://www.facebook.com/cafebiz.vn/posts/pfbid0n4BtcNUGQMUEtkG2YVsV6z8SXMZvjFsKf22Nm1nqtQkZuRnH8QgUKWB8gjS9EbLql,799f670bda9fec40,post_id:pfbid0n4BtcNUGQMUEtkG2YVsV6z8SXMZvjFsKf22Nm1nqtQkZuRnH8QgUKWB8gjS9EbLql,CafeBiz,cafebiz.vn,https://www.facebook.com/cafebiz.vn,1900000,1900000,1,post,,robot ngã bật ngửa khiến công ty bảo hiểm phải chi trả tới 23 triệu đồng!,73,16,T06. SCIENCE_AND_TECHNOLOGY,T06,human_verified,manual_adjudicated,Han; Nhung; Yen,,pilot_100_final,,0.0,38,0,12,2,0,0,0,0.0,52,52.0,1.0,1,1,ok,2,3,1,1,1,Tuesday 19 May 2026 at 18:16,1779189360.0,2026-05-19 11:16:00,2026-05-19,11.0,Tuesday,post_created_time_unix,ok,1,1779682673,1779682673,2026-05-25 11:17:53,2026-05-25 11:17:53,1,2.736842105263158e-05,1.0526315789473683e-06,1.5789473684210526e-06,57,3e-05,1,0,14,0,14,0.0,0.2307692307692307,0.0384615384615384,0.0,0.0,0.0,0.7307692307692307,0.0,0.2307692307692307,0.0,-0.2692307692307692,1,1,,pilot_or_calibration_sample_exclude_from_test,0,,1
teamcrawl_v1,REC_005523,yen,schema_5_new_timestamp,data/01_Raw_Data/02_Team_Crawled_Raw/Yen/json-yen-cafebiz-v9-3-2/posts_CafeBiz.json,posts_CafeBiz.json,260,pfbid0cHc8cvuW2EnSn8NRoBwLGWGowCuBetVgB6128g3AzuXzU5C5LKerNXxpAPmfHLmLl,https://www.facebook.com/cafebiz.vn/posts/pfbid0cHc8cvuW2EnSn8NRoBwLGWGowCuBetVgB6128g3AzuXzU5C5LKerNXxpAPmfHLmLl,d4471a76f08ad7be,post_id:pfbid0cHc8cvuW2EnSn8NRoBwLGWGowCuBetVgB6128g3AzuXzU5C5LKerNXxpAPmfHLmLl,CafeBiz,cafebiz.vn,https://www.facebook.com/cafebiz.vn,1900000,1900000,1,post,,"sau màn háy mắt với ceo xiaomi hôm qua, dân mạng đang hỏi tỷ phú elon musk rốt cuộc dùng điện thoại gì?",103,23,T10. ARTS_CULTURE_ENTERTAINMENT_AND_MEDIA,T10,human_verified,manual_adjudicated,Han; Nhung; Yen,,pilot_400_final,,0.0,125,2,29,0,0,0,0,0.0,156,156.0,1.0,1,1,ok,5,19,1,1,1,Friday 15 May 2026 at 10:16,1778814960.0,2026-05-15 03:16:00,2026-05-15,3.0,Friday,post_created_time_unix,ok,1,1779682828,1779682828,2026-05-25 11:20:28,2026-05-25 11:20:28,1,8.210526315789474e-05,2.631578947368421e-06,1e-05,180,9.473684210526316e-05,1,0,31,2,29,0.0128205128205128,0.1858974358974359,0.0,0.0,0.0,0.0,0.8141025641025641,0.0,0.1858974358974359,0.0,-0.1987179487179487,1,1,,pilot_or_calibration_sample_exclude_from_test,0,,1
teamcrawl_v1,REC_005526,yen,schema_5_new_timestamp,data/01_Raw_Data/02_Team_Crawled_Raw/Yen/json-yen-cafebiz-v9-3-2/posts_CafeBiz.json,posts_CafeBiz.json,263,pfbid0QtmwqMN8cwXg7DoodSyNkU64dvGGqJuLoVvHZPdGLmfMLUcJDwrDmeKMH8akaX9Rl,https://www.facebook.com/cafebiz.vn/posts/pfbid0QtmwqMN8cwXg7DoodSyNkU64dvGGqJuLoVvHZPdGLmfMLUcJDwrDmeKMH8akaX9Rl,0db45d81fdfc66a9,post_id:pfbid0QtmwqMN8cwXg7DoodSyNkU64dvGGqJuLoVvHZPdGLmfMLUcJDwrDmeKMH8akaX9Rl,CafeBiz,cafebiz.vn,https://www.facebook.com/cafebiz.vn,1900000,1900000,1,post,,"viral - lôi quân (ceo của xiaomi) chụp hình với elon musk bằng điện thoại xiaomi - hoá ra tổng tài thì lúc selfie cũng nháy mắt cute như ai thôi cư dân mạng trung quốc còn khen không hổ danh lôi tổng tài, marketing khéo cỡ này luôn.",232,49,T10. ARTS_CULTURE_ENTERTAINMENT_AND_MEDIA,T10,human_verified,manual_adjudicated,Han; Nhung; Yen,,pilot_400_final,,0.0,1015,26,240,2,0,0,5,0.0,1288,1288.0,1.0,1,1,ok,35,56,1,1,1,Thursday 14 May 2026 at 20:20,1778764800.0,2026-05-14 13:20:00,2026-05-14,13.0,Thursday,post_created_time_unix,ok,1,1779682848,1779682848,2026-05-25 11:20:48,2026-05-25 11:20:48,1,0.0006778947368421,1.8421052631578947e-05,2.947368421052632e-05,1379,0.0007257894736842,1,0,273,31,242,0.0201863354037267,0.186335403726708,0.0015527950310559,0.0,0.0,0.0038819875776397,0.8082298136645962,0.0,0.186335403726708,0.0038819875776397,-0.2119565217391304,1,1,,pilot_or_calibration_sample_exclude_from_test,0,,1
teamcrawl_v1,REC_005533,yen,schema_5_new_timestamp,data/01_Raw_Data/02_Team_Crawled_Raw/Yen/json-yen-cafebiz-v9-3-2/posts_CafeBiz.json,posts_CafeBiz.json,270,pfbid0rg5edWqRhGEFydJCWbuNtUszx4cndEhBCR7dmQG7XnJrpzaGESLoybvkAHf2MfMCl,https://www.facebook.com/cafebiz.vn/posts/pfbid0rg5edWqRhGEFydJCWbuNtUszx4cndEhBCR7dmQG7XnJrpzaGESLoybvkAHf2MfMCl,a5a9df0128cd774a,post_id:pfbid0rg5edWqRhGEFydJCWbuNtUszx4cndEhBCR7dmQG7XnJrpzaGESLoybvkAHf2MfMCl,CafeBiz,cafebiz.vn,https://www.facebook.com/cafebiz.vn,1900000,1900000,1,post,,"choáng trước áp lực giáo dục ở nước tỷ dân: trẻ 5 tuổi phải diễn thuyết bằng tiếng anh, 18 tuổi thành thạo 3 ngoại ngữ",118,26,T05. EDUCATION,T05,human_verified,manual_adjudicated,Han; Nhung; Yen,,pilot_400_final,,0.0,118,0,0,7,3,0,0,0.0,128,128.0,1.0,1,1,ok,12,13,1,1,1,Thursday 14 May 2026 at 08:33,1778722380.0,2026-05-14 01:33:00,2026-05-14,1.0,Thursday,post_created_time_unix,ok,1,1779682898,1779682898,2026-05-25 11:21:38,2026-05-25 11:21:38,1,6.736842105263157e-05,6.31578947368421e-06,6.842105263157895e-06,153,8.052631578947368e-05,1,0,10,0,10,0.0,0.0,0.0546875,0.0234375,0.0,0.0,0.921875,0.0,0.0,0.0234375,-0.078125,1,1,,pilot_or_calibration_sample_exclude_from_test,0,,1
teamcrawl_v1,REC_005564,yen,schema_5_new_timestamp,data/01_Raw_Data/02_Team_Crawled_Raw/Yen/json-yen-cafebiz-v9-3-2/posts_CafeBiz.json,posts_CafeBiz.json,301,pfbid02diPPKL6WJCe9WdMZEG2bTrGv6gTRNstCRbcHJgno5rkBdqwx3JMgNeGZNUDFa6Bkl,https://www.facebook.com/cafebiz.vn/posts/pfbid02diPPKL6WJCe9WdMZEG2bTrGv6gTRNstCRbcHJgno5rkBdqwx3JMgNeGZNUDFa6Bkl,5299bf296b159e18,post_id:pfbid02diPPKL6WJCe9WdMZEG2bTrGv6gTRNstCRbcHJgno5rkBdqwx3JMgNeGZNUDFa6Bkl,CafeBiz,cafebiz.vn,https://www.facebook.com/cafebiz.vn,1900000,1900000,1,post,,"đề nghị tạm dừng một loạt cơ sở hát cho nhau nghe, karaoke để cho học sinh ôn thi",81,19,T05. EDUCATION,T05,human_verified,manual_adjudicated,Han; Nhung; Yen,,pilot_400_final,,0.0,165,2,66,0,0,0,0,0.0,233,233.0,1.0,1,1,ok,2,19,1,1,1,Monday 11 May 2026 at 10:27,1778470020.0,2026-05-11 03:27:00,2026-05-11,3.0,Monday,post_created_time_unix,ok,1,1779683111,1779683111,2026-05-25 11:25:11,2026-05-25 11:25:11,1,0.0001226315789473,1.0526315789473683e-06,1e-05,254,0.0001336842105263,1,0,68,2,66,0.0085836909871244,0.2832618025751073,0.0,0.0,0.0,0.0,0.7167381974248928,0.0,0.2832618025751073,0.0,-0.2918454935622318,1,1,,pilot_or_calibration_sample_exclude_from_test,0,,1
teamcrawl_v1,REC_005573,yen,schema_5_new_timestamp,data/01_Raw_Data/02_Team_Crawled_Raw/Yen/json-yen-cafebiz-v9-3-2/posts_CafeBiz.json,posts_CafeBiz.json,310,pfbid0ny3dtTmBjawRzft6fG6gQoktyYA1ZWXSijvEhJi47tPRyCRYYRkAJsBwtKWAkpETl,https://www.facebook.com/cafebiz.vn/posts/pfbid0ny3dtTmBjawRzft6fG6gQoktyYA1ZWXSijvEhJi47tPRyCRYYRkAJsBwtKWAkpETl,e14dd801aaf3c25b,post_id:pfbid0ny3dtTmBjawRzft6fG6gQoktyYA1ZWXSijvEhJi47tPRyCRYYRkAJsBwtKWAkpETl,CafeBiz,cafebiz.vn,https://www.facebook.com/cafebiz.vn,1900000,1900000,1,post,,"niềm vui của mọi nhà: sắp có siêu pin nước 300 năm không hỏng, cân tất mọi thiết bị",83,19,T06. SCIENCE_AND_TECHNOLOGY,T06,human_verified,manual_adjudicated,Han; Nhung; Yen,,pilot_100_additional_final,,0.0,204,6,6,5,0,0,0,0.0,221,221.0,1.0,1,1,ok,7,8,1,1,1,Saturday 9 May 2026 at 18:49,1778327340.0,2026-05-09 11:49:00,2026-05-09,11.0,Saturday,post_created_time_unix,ok,1,1779683185,1779683185,2026-05-25 11:26:25,2026-05-25 11:26:25,1,0.0001163157894736,3.6842105263157896e-06,4.210526315789473e-06,236,0.0001242105263157,1,0,17,6,11,0.0271493212669683,0.0271493212669683,0.0226244343891402,0.0,0.0,0.0,0.9502262443438914,0.0,0.0271493212669683,0.0,-0.0769230769230769,1,1,,pilot_or_calibration_sample_exclude_from_test,0,,1
teamcrawl_v1,REC_005575,yen,schema_5_new_timestamp,data/01_Raw_Data/02_Team_Crawled_Raw/Yen/json-yen-cafebiz-v9-3-2/posts_CafeBiz.json,posts_CafeBiz.json,312,pfbid0V2VWXSeYEEyQhqdzAGsNaQWxcj95ewjv5PB4jDgox8anPWgmcozv8qXygTRmNUPUl,https://www.facebook.com/cafebiz.vn/posts/pfbid0V2VWXSeYEEyQhqdzAGsNaQWxcj95ewjv5PB4jDgox8anPWgmcozv8qXygTRmNUPUl,a6fa1d1e2e9af4e9,post_id:pfbid0V2VWXSeYEEyQhqdzAGsNaQWxcj95ewjv5PB4jDgox8anPWgmcozv8qXygTRmNUPUl,CafeBiz,cafebiz.vn,https://www.facebook.com/cafebiz.vn,1900000,1900000,1,post,,chấn động: ai đã biết tự hack máy tính và nhân bản chính mình!,62,14,T06. SCIENCE_AND_TECHNOLOGY,T06,human_verified,manual_adjudicated,Han; Nhung; Yen,,pilot_400_final,,0.0,263,2,30,28,5,0,0,0.0,328,328.0,1.0,1,1,ok,27,21,1,1,1,Saturday 9 May 2026 at 15:34,1778315640.0,2026-05-09 08:34:00,2026-05-09,8.0,Saturday,post_created_time_unix,ok,1,1779683200,1779683200,2026-05-25 11:26:40,2026-05-25 11:26:40,1,0.0001726315789473,1.4210526315789472e-05,1.1052631578947368e-05,376,0.0001978947368421,1,0,65,2,63,0.0060975609756097,0.0914634146341463,0.0853658536585365,0.0152439024390243,0.0,0.0,0.8079268292682927,0.0,0.0914634146341463,0.0152439024390243,-0.198170731707317,1,1,,pilot_or_calibration_sample_exclude_from_test,0,,1
teamcrawl_v1,REC_005587,yen,schema_5_new_timestamp,data/01_Raw_Data/02_Team_Crawled_Raw/Yen/json-yen-cafebiz-v9-3-2/posts_CafeBiz.json,posts_CafeBiz.json,324,pfbid0oL1oPNfuz1UnRxfEE4kp3AKTMuUUJskGHZuZhJexYJfh8DvAVzR42c2VbqbDykcyl,https://www.facebook.com/cafebiz.vn/posts/pfbid0oL1oPNfuz1UnRxfEE4kp3AKTMuUUJskGHZuZhJexYJfh8DvAVzR42c2VbqbDykcyl,c62e62ca8306ba31,post_id:pfbid0oL1oPNfuz1UnRxfEE4kp3AKTMuUUJskGHZuZhJexYJfh8DvAVzR42c2VbqbDykcyl,CafeBiz,cafebiz.vn,https://www.facebook.com/cafebiz.vn,1900000,1900000,1,post,,"một trường đại học ở hà nội gửi thư đích danh ""săn"" học sinh giỏi quốc gia, trải thảm đỏ hút nhân tài",101,23,T02. ECONOMY_BUSINESS_AND_FINANCE,T02,human_verified,manual_adjudicated,Han; Nhung; Yen,,pilot_400_final,,0.0,0,0,0,0,0,0,0,0.0,96,0.0,0.0,1,1,sum_mismatch,1,4,1,1,1,Friday 15 May 2026 at 22:35,1778859300.0,2026-05-15 15:35:00,2026-05-15,15.0,Friday,post_created_time_unix,ok,1,1779688382,1779688382,2026-05-25 12:53:02,2026-05-25 12:53:02,1,5.052631578947368e-05,5.263157894736842e-07,2.1052631578947366e-06,101,5.31578947368421e-05,1,0,0,0,0,,,,,,,,,,,,0,0,,pilot_or_calibration_sample_exclude_from_test,0,,0
teamcrawl_v1,REC_005615,yen,schema_5_new_timestamp,data/01_Raw_Data/02_Team_Crawled_Raw/Yen/json-yen-cafebiz-v9-3-2/posts_CafeBiz.json,posts_CafeBiz.json,352,pfbid0DwAyupooWXDFeJGRE4mGP5t9cdkFdbh9MdiqtssJoFTpQDD3BbTGLmdbz7kBetG2l,https://www.facebook.com/cafebiz.vn/posts/pfbid0DwAyupooWXDFeJGRE4mGP5t9cdkFdbh9MdiqtssJoFTpQDD3BbTGLmdbz7kBetG2l,cf813f11660ceb13,post_id:pfbid0DwAyupooWXDFeJGRE4mGP5t9cdkFdbh9MdiqtssJoFTpQDD3BbTGLmdbz7kBetG2l,CafeBiz,cafebiz.vn,https://www.facebook.com/cafebiz.vn,1900000,1900000,1,post,,may hết phần thiên hạ: banker gen vậy thức tới 4 giờ sáng vì trúng vietlott hơn 23 tỷ đồng,88,20,T13. HUMAN_INTEREST,T13,human_verified,manual_adjudicated,Han; Nhung; Yen,,pilot_400_final,,0.0,0,0,0,0,0,0,0,0.0,391,0.0,0.0,1,1,sum_mismatch,6,81,1,1,1,Tuesday 12 May 2026 at 13:32,1778567520.0,2026-05-12 06:32:00,2026-05-12,6.0,Tuesday,post_created_time_unix,ok,1,1779688899,1779688899,2026-05-25 13:01:39,2026-05-25 13:01:39,1,0.0002057894736842,3.157894736842105e-06,4.263157894736842e-05,478,0.0002515789473684,1,0,0,0,0,,,,,,,,,,,,0,0,,pilot_or_calibration_sample_exclude_from_test,0,,0
teamcrawl_v1,REC_005638,yen,schema_5_new_timestamp,data/01_Raw_Data/02_Team_Crawled_Raw/Yen/json-yen-cafebiz-v9-3-2/posts_CafeBiz.json,posts_CafeBiz.json,375,pfbid02oxi2YFN2Ux8BUaHVvqa5vLNkjv9AHM1SECGVCK5jUqBMHAmtdR7M5S9hhP9khMADl,https://www.facebook.com/cafebiz.vn/posts/pfbid02oxi2YFN2Ux8BUaHVvqa5vLNkjv9AHM1SECGVCK5jUqBMHAmtdR7M5S9hhP9khMADl,483471f9b1c1d700,post_id:pfbid02oxi2YFN2Ux8BUaHVvqa5vLNkjv9AHM1SECGVCK5jUqBMHAmtdR7M5S9hhP9khMADl,CafeBiz,cafebiz.vn,https://www.facebook.com/cafebiz.vn,1900000,1900000,1,post,,"trưa thứ 7 hôm nay: hà nội nhiều tuyến đường tắc đỏ rực, dân mạng than 'còn chưa đến tết mà?!'",94,21,T17. TRANSPORT_INFRASTRUCTURE,T17,human_verified,manual_adjudicated,Han; Nhung; Yen,,pilot_400_final,,0.0,0,0,0,0,0,0,0,0.0,100,0.0,0.0,1,1,sum_mismatch,1,12,1,1,1,Saturday 9 May 2026 at 16:02,1778317320.0,2026-05-09 09:02:00,2026-05-09,9.0,Saturday,post_created_time_unix,ok,1,1779689330,1779689330,2026-05-25 13:08:50,2026-05-25 13:08:50,1,5.263157894736842e-05,5.263157894736842e-07,6.31578947368421e-06,113,5.947368421052632e-05,1,0,0,0,0,,,,,,,,,,,,0,0,,pilot_or_calibration_sample_exclude_from_test,0,,0
teamcrawl_v1,REC_005662,yen,schema_5_new_timestamp,data/01_Raw_Data/02_Team_Crawled_Raw/Yen/json-yen-cafebiz-v9-3-2/posts_CafeBiz.json,posts_CafeBiz.json,399,pfbid031G5UkTXZdTUGEm8kANavd3q3rwwb2yk4KVS8rsKUPcnMmwcgj14Pt5NNXRWKzcg3l,https://www.facebook.com/cafebiz.vn/posts/pfbid031G5UkTXZdTUGEm8kANavd3q3rwwb2yk4KVS8rsKUPcnMmwcgj14Pt5NNXRWKzcg3l,9be99f3b6c317949,post_id:pfbid031G5UkTXZdTUGEm8kANavd3q3rwwb2yk4KVS8rsKUPcnMmwcgj14Pt5NNXRWKzcg3l,CafeBiz,cafebiz.vn,https://www.facebook.com/cafebiz.vn,1900000,1900000,1,post,,thêm nhiều ca nghi mắc mới virus hanta lây nhiễm từ chuột,57,12,T04. HEALTH,T04,human_verified,manual_adjudicated,Han; Nhung; Yen,,pilot_400_final,,0.0,0,0,0,0,0,0,0,0.0,174,0.0,0.0,1,1,sum_mismatch,16,22,1,1,1,Wednesday 6 May 2026 at 10:50,1778039400.0,2026-05-06 03:50:00,2026-05-06,3.0,Wednesday,post_created_time_unix,ok,1,1779689794,1779689794,2026-05-25 13:16:34,2026-05-25 13:16:34,1,9.157894736842104e-05,8.421052631578947e-06,1.1578947368421052e-05,212,0.0001115789473684,1,0,0,0,0,,,,,,,,,,,,0,0,,pilot_or_calibration_sample_exclude_from_test,0,,0
teamcrawl_v1,REC_005674,yen,schema_5_new_timestamp,data/01_Raw_Data/02_Team_Crawled_Raw/Yen/json-yen-cafebiz-v9-3-2/posts_CafeBiz.json,posts_CafeBiz.json,411,pfbid0991oudVpx8aiRxjPQyd3zVaSu3Ff3QUnzTESWvZQDW37tvHU3Ec4QjXxUuME7W3Al,https://www.facebook.com/cafebiz.vn/posts/pfbid0991oudVpx8aiRxjPQyd3zVaSu3Ff3QUnzTESWvZQDW37tvHU3Ec4QjXxUuME7W3Al,ada40d5911a13097,post_id:pfbid0991oudVpx8aiRxjPQyd3zVaSu3Ff3QUnzTESWvZQDW37tvHU3Ec4QjXxUuME7W3Al,CafeBiz,cafebiz.vn,https://www.facebook.com/cafebiz.vn,1900000,1900000,1,post,,"cháy quán karaoke ở hà nội, cột khối bốc cao hàng chục mét",58,13,T09. DISASTER_ACCIDENT_AND_EMERGENCY_INCIDENT,T09,human_verified,manual_adjudicated,Han; Nhung; Yen,,pilot_100_final,,0.0,0,0,0,0,0,0,0,0.0,63,0.0,0.0,1,1,sum_mismatch,1,3,1,1,1,Monday 11 May 2026 at 13:11,1778479860.0,2026-05-11 06:11:00,2026-05-11,6.0,Monday,post_created_time_unix,ok,1,1779698995,1779698995,2026-05-25 15:49:55,2026-05-25 15:49:55,1,3.3157894736842106e-05,5.263157894736842e-07,1.5789473684210526e-06,67,3.526315789473684e-05,1,0,0,0,0,,,,,,,,,,,,0,0,,pilot_or_calibration_sample_exclude_from_test,0,,0
teamcrawl_v1,REC_005694,yen,schema_5_new_timestamp,data/01_Raw_Data/02_Team_Crawled_Raw/Yen/json-yen-cafebiz-v9-3-2/posts_CafeBiz.json,posts_CafeBiz.json,431,pfbid02sS6GRy6SPxLCsJyNJNUVndP4mKFmTkeXtapucexhEJswzXwMQNYjjHFe4LjUEPA9l,https://www.facebook.com/cafebiz.vn/posts/pfbid02sS6GRy6SPxLCsJyNJNUVndP4mKFmTkeXtapucexhEJswzXwMQNYjjHFe4LjUEPA9l,4af0a12f4df45e2d,post_id:pfbid02sS6GRy6SPxLCsJyNJNUVndP4mKFmTkeXtapucexhEJswzXwMQNYjjHFe4LjUEPA9l,CafeBiz,cafebiz.vn,https://www.facebook.com/cafebiz.vn,1900000,1900000,1,post,,chủ tịch acb trần hùng huy và hai con khoe ảnh đi du lịch kazakhstan cùng đại gia đình: nhà gì toàn người đẹp thế này!,118,26,T10. ARTS_CULTURE_ENTERTAINMENT_AND_MEDIA,T10,human_verified,manual_adjudicated,Han; Nhung; Yen,,pilot_100_additional_final,,0.0,0,0,0,0,0,0,0,0.0,569,0.0,0.0,1,1,sum_mismatch,5,21,1,1,1,Thursday 7 May 2026 at 18:00,1778151600.0,2026-05-07 11:00:00,2026-05-07,11.0,Thursday,post_created_time_unix,ok,1,1779699371,1779699371,2026-05-25 15:56:11,2026-05-25 15:56:11,1,0.0002994736842105,2.631578947368421e-06,1.1052631578947368e-05,595,0.0003131578947368,1,0,0,0,0,,,,,,,,,,,,0,0,,pilot_or_calibration_sample_exclude_from_test,0,,0
teamcrawl_v1,REC_005698,yen,schema_5_new_timestamp,data/01_Raw_Data/02_Team_Crawled_Raw/Yen/json-yen-cafebiz-v9-3-2/posts_CafeBiz.json,posts_CafeBiz.json,435,pfbid04Q8iFz7HvYHiurZW92Ah7cpoSJAztJJxaTJLK7ErPvuzBp1RFYYC5Mx7bhB1n5yel,https://www.facebook.com/cafebiz.vn/posts/pfbid04Q8iFz7HvYHiurZW92Ah7cpoSJAztJJxaTJLK7ErPvuzBp1RFYYC5Mx7bhB1n5yel,5b755d3bd85c1b72,post_id:pfbid04Q8iFz7HvYHiurZW92Ah7cpoSJAztJJxaTJLK7ErPvuzBp1RFYYC5Mx7bhB1n5yel,CafeBiz,cafebiz.vn,https://www.facebook.com/cafebiz.vn,1900000,1900000,1,post,,"máy bay lao thẳng vào chung cư, nhiều người tử vong",51,11,T09. DISASTER_ACCIDENT_AND_EMERGENCY_INCIDENT,T09,human_verified,manual_adjudicated,Han; Nhung; Yen,,pilot_400_final,,0.0,0,0,0,0,0,0,0,0.0,188,0.0,0.0,1,1,sum_mismatch,2,11,1,1,1,Thursday 7 May 2026 at 10:30,1778124600.0,2026-05-07 03:30:00,2026-05-07,3.0,Thursday,post_created_time_unix,ok,1,1779699450,1779699450,2026-05-25 15:57:30,2026-05-25 15:57:30,1,9.894736842105264e-05,1.0526315789473683e-06,5.789473684210527e-06,201,0.0001057894736842,1,0,0,0,0,,,,,,,,,,,,0,0,,pilot_or_calibration_sample_exclude_from_test,0,,0
teamcrawl_v1,REC_005705,yen,schema_5_new_timestamp,data/01_Raw_Data/02_Team_Crawled_Raw/Yen/json-yen-cafebiz-v9-3-2/posts_CafeBiz.json,posts_CafeBiz.json,442,pfbid0w3ZJ7uaLSUPzdxrMsDta79TB5i4SY6fXkfVhcVaaPH2pgzFUxjZGsMRjhvBFo5KQl,https://www.facebook.com/cafebiz.vn/posts/pfbid0w3ZJ7uaLSUPzdxrMsDta79TB5i4SY6fXkfVhcVaaPH2pgzFUxjZGsMRjhvBFo5KQl,1372cda9da7ef1d2,post_id:pfbid0w3ZJ7uaLSUPzdxrMsDta79TB5i4SY6fXkfVhcVaaPH2pgzFUxjZGsMRjhvBFo5KQl,CafeBiz,cafebiz.vn,https://www.facebook.com/cafebiz.vn,1900000,1900000,1,post,,tùng dương “chốt đơn” 2 chung cư tại dự án vài chục tỷ/căn ở hà nội,67,16,T10. ARTS_CULTURE_ENTERTAINMENT_AND_MEDIA,T10,human_verified,manual_adjudicated,Han; Nhung; Yen,,pilot_400_final,,0.0,0,0,0,0,0,0,0,0.0,325,0.0,0.0,1,1,sum_mismatch,54,48,1,1,1,Tuesday 5 May 2026 at 23:00,1777996800.0,2026-05-05 16:00:00,2026-05-05,16.0,Tuesday,post_created_time_unix,ok,1,1779699586,1779699586,2026-05-25 15:59:46,2026-05-25 15:59:46,1,0.0001710526315789,2.8421052631578943e-05,2.526315789473684e-05,427,0.0002247368421052,1,0,0,0,0,,,,,,,,,,,,0,0,,pilot_or_calibration_sample_exclude_from_test,0,,0
teamcrawl_v1,REC_005715,yen,schema_5_new_timestamp,data/01_Raw_Data/02_Team_Crawled_Raw/Yen/json-yen-cafebiz-v9-3-2/posts_CafeBiz.json,posts_CafeBiz.json,452,pfbid02o11bJtSy1kLu8Ra3RgHhpTeTQX7i2QKXBN97bhXxb8xkaJm5x4sjw8DKRKWFvjJrl,https://www.facebook.com/cafebiz.vn/posts/pfbid02o11bJtSy1kLu8Ra3RgHhpTeTQX7i2QKXBN97bhXxb8xkaJm5x4sjw8DKRKWFvjJrl,b447743c576a19aa,post_id:pfbid02o11bJtSy1kLu8Ra3RgHhpTeTQX7i2QKXBN97bhXxb8xkaJm5x4sjw8DKRKWFvjJrl,CafeBiz,cafebiz.vn,https://www.facebook.com/cafebiz.vn,1900000,1900000,1,post,,"chính phủ nâng ngưỡng miễn thuế, misa tiếp tục miễn phí phần mềm trọn đời cho hộ kinh doanh",91,19,T02. ECONOMY_BUSINESS_AND_FINANCE,T02,human_verified,manual_adjudicated,Han; Nhung; Yen,,pilot_400_final,,0.0,0,0,0,0,0,0,0,0.0,1100,0.0,0.0,1,1,sum_mismatch,10,4,1,1,1,Monday 4 May 2026 at 10:10,1777864200.0,2026-05-04 03:10:00,2026-05-04,3.0,Monday,post_created_time_unix,ok,1,1779699779,1779699779,2026-05-25 16:02:59,2026-05-25 16:02:59,1,0.000578947368421,5.263157894736842e-06,2.1052631578947366e-06,1114,0.0005863157894736,1,0,0,0,0,,,,,,,,,,,,0,0,,pilot_or_calibration_sample_exclude_from_test,0,,0
teamcrawl_v1,REC_005742,yen,schema_5_new_timestamp,data/01_Raw_Data/02_Team_Crawled_Raw/Yen/json-yen-cafebiz-v9-3-2/posts_CafeBiz.json,posts_CafeBiz.json,479,pfbid0JinWSEz1GCZQNRo4zs4S286DGg6aqvvMnuq4HtL9GXhgXBbAoryLiW9G51TJ6rfkl,https://www.facebook.com/cafebiz.vn/posts/pfbid0JinWSEz1GCZQNRo4zs4S286DGg6aqvvMnuq4HtL9GXhgXBbAoryLiW9G51TJ6rfkl,d4b9bc676c3f5799,post_id:pfbid0JinWSEz1GCZQNRo4zs4S286DGg6aqvvMnuq4HtL9GXhgXBbAoryLiW9G51TJ6rfkl,CafeBiz,cafebiz.vn,https://www.facebook.com/cafebiz.vn,1900000,1900000,1,post,,"các nhà khoa học sắp ""bay màu"": lần đầu tiên trong lịch sử, ai hoàn thành dự án khoa học từ đầu đến cuối!",105,24,T06. SCIENCE_AND_TECHNOLOGY,T06,human_verified,manual_adjudicated,Han; Nhung; Yen,,pilot_400_final,,0.0,0,0,0,0,0,0,0,0.0,89,0.0,0.0,1,1,sum_mismatch,17,7,1,1,1,Wednesday 29 April 2026 at 10:32,1777433520.0,2026-04-29 03:32:00,2026-04-29,3.0,Wednesday,post_created_time_unix,ok,1,1779700320,1779700320,2026-05-25 16:12:00,2026-05-25 16:12:00,1,4.684210526315789e-05,8.947368421052632e-06,3.6842105263157896e-06,113,5.947368421052632e-05,1,0,0,0,0,,,,,,,,,,,,0,0,,pilot_or_calibration_sample_exclude_from_test,0,,0
teamcrawl_v1,REC_005770,yen,schema_5_new_timestamp,data/01_Raw_Data/02_Team_Crawled_Raw/Yen/json-yen-cafebiz-v9-3-2/posts_CafeBiz.json,posts_CafeBiz.json,507,pfbid0kCwihMKakCKeLYKfeTNzwsY2EfV4xSMoRqvALfMm7kqFXJuT5rkPH3qihkSWdE3ml,https://www.facebook.com/cafebiz.vn/posts/pfbid0kCwihMKakCKeLYKfeTNzwsY2EfV4xSMoRqvALfMm7kqFXJuT5rkPH3qihkSWdE3ml,57ef6f5d9814ede1,post_id:pfbid0kCwihMKakCKeLYKfeTNzwsY2EfV4xSMoRqvALfMm7kqFXJuT5rkPH3qihkSWdE3ml,CafeBiz,cafebiz.vn,https://www.facebook.com/cafebiz.vn,1900000,1900000,1,post,,"đắng lòng: từng khen con ai do mình 'đẻ' ra là quá xịn, giờ elon musk phải thừa nhận grok chỉ là hạt cát trên đại dương",119,27,T06. SCIENCE_AND_TECHNOLOGY,T06,human_verified,manual_adjudicated,Han; Nhung; Yen,,pilot_100_final,,0.0,0,0,0,0,0,0,0,0.0,150,0.0,0.0,1,1,sum_mismatch,3,7,1,1,1,Tuesday 12 May 2026 at 16:24,1778577840.0,2026-05-12 09:24:00,2026-05-12,9.0,Tuesday,post_created_time_unix,ok,1,1779708702,1779708702,2026-05-25 18:31:42,2026-05-25 18:31:42,1,7.894736842105263e-05,1.5789473684210526e-06,3.6842105263157896e-06,160,8.421052631578948e-05,1,0,0,0,0,,,,,,,,,,,,0,0,,pilot_or_calibration_sample_exclude_from_test,0,,0
teamcrawl_v1,REC_005774,yen,schema_5_new_timestamp,data/01_Raw_Data/02_Team_Crawled_Raw/Yen/json-yen-cafebiz-v9-3-2/posts_CafeBiz.json,posts_CafeBiz.json,511,pfbid022mStTpDRkpJvwg1X2o63hFUiCfTTZf5JKFnvYMasbGrgy9zqHVXQadXr2vLLwSvCl,https://www.facebook.com/cafebiz.vn/posts/pfbid022mStTpDRkpJvwg1X2o63hFUiCfTTZf5JKFnvYMasbGrgy9zqHVXQadXr2vLLwSvCl,09f23b48a8669675,post_id:pfbid022mStTpDRkpJvwg1X2o63hFUiCfTTZf5JKFnvYMasbGrgy9zqHVXQadXr2vLLwSvCl,CafeBiz,cafebiz.vn,https://www.facebook.com/cafebiz.vn,1900000,1900000,1,post,,"chỉ còn 5 ngày nữa chủ tịch fed sẽ rời ghế, tương lai tỷ giá sẽ ra sao ?!!",74,19,T02. ECONOMY_BUSINESS_AND_FINANCE,T02,human_verified,manual_adjudicated,Han; Nhung; Yen,,pilot_100_additional_final,,0.0,0,0,0,0,0,0,0,0.0,82,0.0,0.0,1,1,sum_mismatch,4,6,1,1,1,Tuesday 12 May 2026 at 10:44,1778557440.0,2026-05-12 03:44:00,2026-05-12,3.0,Tuesday,post_created_time_unix,ok,1,1779708774,1779708774,2026-05-25 18:32:54,2026-05-25 18:32:54,1,4.3157894736842105e-05,2.1052631578947366e-06,3.157894736842105e-06,92,4.842105263157895e-05,1,0,0,0,0,,,,,,,,,,,,0,0,,pilot_or_calibration_sample_exclude_from_test,0,,0
teamcrawl_v1,REC_005790,yen,schema_5_new_timestamp,data/01_Raw_Data/02_Team_Crawled_Raw/Yen/json-yen-cafebiz-v9-3-2/posts_CafeBiz.json,posts_CafeBiz.json,527,pfbid022fSWQfhphK8RtkVviYJBkqyubenJtHpS4hRQ3nzNmAbwJps6TUbwkMYfGB94eUYRl,https://www.facebook.com/cafebiz.vn/posts/pfbid022fSWQfhphK8RtkVviYJBkqyubenJtHpS4hRQ3nzNmAbwJps6TUbwkMYfGB94eUYRl,3c7c827b984300a5,post_id:pfbid022fSWQfhphK8RtkVviYJBkqyubenJtHpS4hRQ3nzNmAbwJps6TUbwkMYfGB94eUYRl,CafeBiz,cafebiz.vn,https://www.facebook.com/cafebiz.vn,1900000,1900000,1,post,,"nhật bản sẽ xây 22000 căn hộ giá rẻ tại việt nam, giá chỉ từ 1,2 tỷ đồng/căn. anh em chưa có nhà hóng ngay đi còn gì",117,28,T02. ECONOMY_BUSINESS_AND_FINANCE,T02,human_verified,manual_adjudicated,Han; Nhung; Yen,,pilot_400_final,,0.0,0,0,0,0,0,0,0,0.0,303,0.0,0.0,1,1,sum_mismatch,18,28,1,1,1,Tuesday 5 May 2026 at 10:07,1777950420.0,2026-05-05 03:07:00,2026-05-05,3.0,Tuesday,post_created_time_unix,ok,1,1779709156,1779709156,2026-05-25 18:39:16,2026-05-25 18:39:16,1,0.0001594736842105,9.473684210526315e-06,1.473684210526316e-05,349,0.0001836842105263,1,0,0,0,0,,,,,,,,,,,,0,0,,pilot_or_calibration_sample_exclude_from_test,0,,0
teamcrawl_v1,REC_005792,yen,schema_5_new_timestamp,data/01_Raw_Data/02_Team_Crawled_Raw/Yen/json-yen-cafebiz-v9-3-2/posts_CafeBiz.json,posts_CafeBiz.json,529,pfbid02SSse3oQEmqTag9Yq83c8SMD1KqQ2biM2EfrthJ8n3n3oomKJtXmQ49n8C9Gnya5vl,https://www.facebook.com/cafebiz.vn/posts/pfbid02SSse3oQEmqTag9Yq83c8SMD1KqQ2biM2EfrthJ8n3n3oomKJtXmQ49n8C9Gnya5vl,1b7bed7f9079340c,post_id:pfbid02SSse3oQEmqTag9Yq83c8SMD1KqQ2biM2EfrthJ8n3n3oomKJtXmQ49n8C9Gnya5vl,CafeBiz,cafebiz.vn,https://www.facebook.com/cafebiz.vn,1900000,1900000,1,post,,lời khuyên đến ai mua bán bất động sản trong thời gian này: hết sức cảnh giác!,78,17,T02. ECONOMY_BUSINESS_AND_FINANCE,T02,human_verified,manual_adjudicated,Han; Nhung; Yen,,pilot_400_final,,0.0,0,0,0,0,0,0,0,0.0,187,0.0,0.0,1,1,sum_mismatch,17,7,1,1,1,Monday 4 May 2026 at 17:50,1777891800.0,2026-05-04 10:50:00,2026-05-04,10.0,Monday,post_created_time_unix,ok,1,1779709194,1779709194,2026-05-25 18:39:54,2026-05-25 18:39:54,1,9.842105263157894e-05,8.947368421052632e-06,3.6842105263157896e-06,211,0.0001110526315789,1,0,0,0,0,,,,,,,,,,,,0,0,,pilot_or_calibration_sample_exclude_from_test,0,,0
teamcrawl_v1,REC_005799,yen,schema_5_new_timestamp,data/01_Raw_Data/02_Team_Crawled_Raw/Yen/json-yen-cafebiz-v9-3-2/posts_CafeBiz.json,posts_CafeBiz.json,536,pfbid0cdUvradP9Uk46aQGtghUCYdChPVLASDJgwfsB4gxKAvinhhXsu8oi6VzdE7d7vT8l,https://www.facebook.com/cafebiz.vn/posts/pfbid0cdUvradP9Uk46aQGtghUCYdChPVLASDJgwfsB4gxKAvinhhXsu8oi6VzdE7d7vT8l,8171d67cec751bd1,post_id:pfbid0cdUvradP9Uk46aQGtghUCYdChPVLASDJgwfsB4gxKAvinhhXsu8oi6VzdE7d7vT8l,CafeBiz,cafebiz.vn,https://www.facebook.com/cafebiz.vn,1900000,1900000,1,post,,ceo bất động sản ở tphcm đột ngột qua đời dù còn rất trẻ,56,14,T13. HUMAN_INTEREST,T13,human_verified,manual_adjudicated,Han; Nhung; Yen,,pilot_400_final,,0.0,0,0,0,0,0,0,0,0.0,516,0.0,0.0,1,1,sum_mismatch,22,68,1,1,1,Sunday 3 May 2026 at 13:26,1777789560.0,2026-05-03 06:26:00,2026-05-03,6.0,Sunday,post_created_time_unix,ok,1,1779709332,1779709332,2026-05-25 18:42:12,2026-05-25 18:42:12,1,0.0002715789473684,1.1578947368421052e-05,3.578947368421053e-05,606,0.000318947368421,1,0,0,0,0,,,,,,,,,,,,0,0,,pilot_or_calibration_sample_exclude_from_test,0,,0
teamcrawl_v1,REC_005865,yen,schema_5_new_timestamp,data/01_Raw_Data/02_Team_Crawled_Raw/Yen/json-yen-cafebiz-v9-3-2/posts_CafeBiz.json,posts_CafeBiz.json,602,pfbid033XTWGGUSTVBX4jbTCq1m1RhWo7iGTHVCuMACWV5inrpVqodbhLz2HLdqKe1uP4bsl,https://www.facebook.com/cafebiz.vn/posts/pfbid033XTWGGUSTVBX4jbTCq1m1RhWo7iGTHVCuMACWV5inrpVqodbhLz2HLdqKe1uP4bsl,996b3365b0c7f07f,post_id:pfbid033XTWGGUSTVBX4jbTCq1m1RhWo7iGTHVCuMACWV5inrpVqodbhLz2HLdqKe1uP4bsl,CafeBiz,cafebiz.vn,https://www.facebook.com/cafebiz.vn,1900000,1900000,1,post,,hà nội cho phép xe bán tải đi vào nội đô cả ngày thay vì ngoài giờ cao điểm,75,19,T17. TRANSPORT_INFRASTRUCTURE,T17,human_verified,manual_adjudicated,Han; Nhung; Yen,,pilot_100_final,,0.0,51,0,21,0,0,0,0,0.0,72,72.0,1.0,1,1,ok,1,9,1,1,1,Friday 1 May 2026 at 09:18,1777601880.0,2026-05-01 02:18:00,2026-05-01,2.0,Friday,post_created_time_unix,ok,1,1779723176,1779723176,2026-05-25 22:32:56,2026-05-25 22:32:56,1,3.789473684210526e-05,5.263157894736842e-07,4.736842105263158e-06,82,4.3157894736842105e-05,1,0,21,0,21,0.0,0.2916666666666667,0.0,0.0,0.0,0.0,0.7083333333333334,0.0,0.2916666666666667,0.0,-0.2916666666666667,1,1,,pilot_or_calibration_sample_exclude_from_test,0,,1
teamcrawl_v1,REC_005889,yen,schema_5_new_timestamp,data/01_Raw_Data/02_Team_Crawled_Raw/Yen/json-yen-cafebiz-v9-3-2/posts_CafeBiz.json,posts_CafeBiz.json,626,pfbid0DgeasLhyiMxtiyTd9wmRyTk5MEdCgxr1BHougZPxaxpey3WHDuwk4hgfcWpetMEGl,https://www.facebook.com/cafebiz.vn/posts/pfbid0DgeasLhyiMxtiyTd9wmRyTk5MEdCgxr1BHougZPxaxpey3WHDuwk4hgfcWpetMEGl,a2c81658c018e619,post_id:pfbid0DgeasLhyiMxtiyTd9wmRyTk5MEdCgxr1BHougZPxaxpey3WHDuwk4hgfcWpetMEGl,CafeBiz,cafebiz.vn,https://www.facebook.com/cafebiz.vn,1900000,1900000,1,post,,"trại cai nghiện điện thoại: nơi những đứa trẻ từng quên tắm vì mải ""cắm mặt"" vào internet!",90,18,T12. SOCIETY,T12,human_verified,manual_adjudicated,Han; Nhung; Yen,,pilot_400_final,,0.0,79,0,2,0,0,0,0,0.0,81,81.0,1.0,1,1,ok,19,7,1,1,1,Sunday 26 April 2026 at 10:40,1777174800.0,2026-04-26 03:40:00,2026-04-26,3.0,Sunday,post_created_time_unix,ok,1,1779723397,1779723397,2026-05-25 22:36:37,2026-05-25 22:36:37,1,4.263157894736842e-05,1e-05,3.6842105263157896e-06,107,5.631578947368421e-05,1,0,2,0,2,0.0,0.0246913580246913,0.0,0.0,0.0,0.0,0.9753086419753086,0.0,0.0246913580246913,0.0,-0.0246913580246913,1,1,,pilot_or_calibration_sample_exclude_from_test,0,,1
teamcrawl_v1,REC_005891,yen,schema_5_new_timestamp,data/01_Raw_Data/02_Team_Crawled_Raw/Yen/json-yen-cafebiz-v9-3-2/posts_CafeBiz.json,posts_CafeBiz.json,628,pfbid02wnoaEwYveJf2z3y8zKRfoyjAX8Uem9sXrJ23bBt5wMxxXTVXp5Djh7tkdMYh9cQpl,https://www.facebook.com/cafebiz.vn/posts/pfbid02wnoaEwYveJf2z3y8zKRfoyjAX8Uem9sXrJ23bBt5wMxxXTVXp5Djh7tkdMYh9cQpl,e35804f9aefc9474,post_id:pfbid02wnoaEwYveJf2z3y8zKRfoyjAX8Uem9sXrJ23bBt5wMxxXTVXp5Djh7tkdMYh9cQpl,CafeBiz,cafebiz.vn,https://www.facebook.com/cafebiz.vn,1900000,1900000,1,post,,elon musk khiến cả phố wall run sợ: chi tiền tấn biến tesla từ hãng ô tô thành công ty công nghệ!!,98,22,T02. ECONOMY_BUSINESS_AND_FINANCE,T02,human_verified,manual_adjudicated,Han; Nhung; Yen,,pilot_400_final,,0.0,181,0,0,0,0,0,0,0.0,181,181.0,1.0,1,1,ok,7,5,1,1,1,Saturday 25 April 2026 at 11:20,1777090800.0,2026-04-25 04:20:00,2026-04-25,4.0,Saturday,post_created_time_unix,ok,1,1779723434,1779723434,2026-05-25 22:37:14,2026-05-25 22:37:14,1,9.526315789473684e-05,3.6842105263157896e-06,2.631578947368421e-06,193,0.0001015789473684,1,0,0,0,0,0.0,0.0,0.0,0.0,0.0,0.0,1.0,0.0,0.0,0.0,0.0,1,1,,pilot_or_calibration_sample_exclude_from_test,0,,1
teamcrawl_v1,REC_005894,yen,schema_5_new_timestamp,data/01_Raw_Data/02_Team_Crawled_Raw/Yen/json-yen-cafebiz-v9-3-2/posts_CafeBiz.json,posts_CafeBiz.json,631,pfbid0fwUTG76H4b3FpFUGmdnS3v2FAMzkGXTjZ4Pdn8i3kXcF6iAKe9qbUcxUMw3Ef8tDl,https://www.facebook.com/cafebiz.vn/posts/pfbid0fwUTG76H4b3FpFUGmdnS3v2FAMzkGXTjZ4Pdn8i3kXcF6iAKe9qbUcxUMw3Ef8tDl,742e4d96a35a8d4e,post_id:pfbid0fwUTG76H4b3FpFUGmdnS3v2FAMzkGXTjZ4Pdn8i3kXcF6iAKe9qbUcxUMw3Ef8tDl,CafeBiz,cafebiz.vn,https://www.facebook.com/cafebiz.vn,1900000,1900000,1,post,,"hồ sơ chấn động: elon musk lợi dụng spacex như 'két sắt riêng', hưởng lãi suất cho vay 1% suốt 10 năm",101,22,T02. ECONOMY_BUSINESS_AND_FINANCE,T02,human_verified,manual_adjudicated,Han; Nhung; Yen,,pilot_400_final,,0.0,237,5,19,6,0,0,0,0.0,267,267.0,1.0,1,1,ok,11,12,1,1,1,Friday 24 April 2026 at 22:30,1777044600.0,2026-04-24 15:30:00,2026-04-24,15.0,Friday,post_created_time_unix,ok,1,1779723462,1779723462,2026-05-25 22:37:42,2026-05-25 22:37:42,1,0.0001405263157894,5.789473684210527e-06,6.31578947368421e-06,290,0.0001526315789473,1,0,30,5,25,0.0187265917602996,0.0711610486891385,0.0224719101123595,0.0,0.0,0.0,0.906367041198502,0.0,0.0711610486891385,0.0,-0.1123595505617977,1,1,,pilot_or_calibration_sample_exclude_from_test,0,,1
teamcrawl_v1,REC_005897,yen,schema_5_new_timestamp,data/01_Raw_Data/02_Team_Crawled_Raw/Yen/json-yen-cafebiz-v9-3-2/posts_CafeBiz.json,posts_CafeBiz.json,634,pfbid02ANKzqz5barb41YrkxEtq4B9GRdSeySmxJLHeYsCDgxKAanpNy9c4srVNb3q3AJbWl,https://www.facebook.com/cafebiz.vn/posts/pfbid02ANKzqz5barb41YrkxEtq4B9GRdSeySmxJLHeYsCDgxKAanpNy9c4srVNb3q3AJbWl,5d23f2e278cccf41,post_id:pfbid02ANKzqz5barb41YrkxEtq4B9GRdSeySmxJLHeYsCDgxKAanpNy9c4srVNb3q3AJbWl,CafeBiz,cafebiz.vn,https://www.facebook.com/cafebiz.vn,1900000,1900000,1,post,,không chạy theo lợi nhuận từ bất động sản - chủ tịch vietcombank giải thích lý do,81,17,T02. ECONOMY_BUSINESS_AND_FINANCE,T02,human_verified,manual_adjudicated,Han; Nhung; Yen,,pilot_100_final,,0.0,149,9,11,0,0,0,0,0.0,169,169.0,1.0,1,1,ok,5,4,1,1,1,Friday 24 April 2026 at 16:18,1777022280.0,2026-04-24 09:18:00,2026-04-24,9.0,Friday,post_created_time_unix,ok,1,1779723490,1779723490,2026-05-25 22:38:10,2026-05-25 22:38:10,1,8.894736842105263e-05,2.631578947368421e-06,2.1052631578947366e-06,178,9.36842105263158e-05,1,0,20,9,11,0.0532544378698224,0.0650887573964497,0.0,0.0,0.0,0.0,0.9349112426035504,0.0,0.0650887573964497,0.0,-0.1183431952662721,1,1,,pilot_or_calibration_sample_exclude_from_test,0,,1
teamcrawl_v1,REC_005901,yen,schema_5_new_timestamp,data/01_Raw_Data/02_Team_Crawled_Raw/Yen/json-yen-cafebiz-v9-3-2/posts_CafeBiz.json,posts_CafeBiz.json,638,pfbid02sbGN2E8cDnziz5GHKszN7P5jvudRX8cSEG4c34wm1RMD5nC2Y3u7i693Zz7ZWLN8l,https://www.facebook.com/cafebiz.vn/posts/pfbid02sbGN2E8cDnziz5GHKszN7P5jvudRX8cSEG4c34wm1RMD5nC2Y3u7i693Zz7ZWLN8l,a11f51279d5f4b0a,post_id:pfbid02sbGN2E8cDnziz5GHKszN7P5jvudRX8cSEG4c34wm1RMD5nC2Y3u7i693Zz7ZWLN8l,CafeBiz,cafebiz.vn,https://www.facebook.com/cafebiz.vn,1900000,1900000,1,post,,trái đất đã thay đổi quá nhiều trong 58 năm: những bức ảnh từ artemis khiến các phi hành gia cũng bất ngờ,105,23,T06. SCIENCE_AND_TECHNOLOGY,T06,human_verified,manual_adjudicated,Han; Nhung; Yen,,pilot_100_additional_final,,0.0,102,3,5,0,0,0,0,0.0,110,110.0,1.0,1,1,ok,3,7,1,1,1,Thursday 23 April 2026 at 23:24,1776961440.0,2026-04-23 16:24:00,2026-04-23,16.0,Thursday,post_created_time_unix,ok,1,1779723529,1779723529,2026-05-25 22:38:49,2026-05-25 22:38:49,1,5.789473684210526e-05,1.5789473684210526e-06,3.6842105263157896e-06,120,6.31578947368421e-05,1,0,8,3,5,0.0272727272727272,0.0454545454545454,0.0,0.0,0.0,0.0,0.9545454545454546,0.0,0.0454545454545454,0.0,-0.0727272727272727,1,1,,pilot_or_calibration_sample_exclude_from_test,0,,1
teamcrawl_v1,REC_005910,yen,schema_5_new_timestamp,data/01_Raw_Data/02_Team_Crawled_Raw/Yen/json-yen-cafebiz-v9-3-2/posts_CafeBiz.json,posts_CafeBiz.json,647,pfbid034QgEoKSjs1Yh5Ns3FTEMB6sVSPAgg1eqFJpc6BuW7siTYG3wCahWn7RWSN9LdHVcl,https://www.facebook.com/cafebiz.vn/posts/pfbid034QgEoKSjs1Yh5Ns3FTEMB6sVSPAgg1eqFJpc6BuW7siTYG3wCahWn7RWSN9LdHVcl,c56217d8781394aa,post_id:pfbid034QgEoKSjs1Yh5Ns3FTEMB6sVSPAgg1eqFJpc6BuW7siTYG3wCahWn7RWSN9LdHVcl,CafeBiz,cafebiz.vn,https://www.facebook.com/cafebiz.vn,1900000,1900000,1,post,,"‘nghiện’ khoe trên mạng xã hội, một hot tiktoker bị phạt 73 tỷ vì tội trốn thuế",79,17,T03. CRIME_LAW_AND_JUSTICE,T03,human_verified,manual_adjudicated,Han; Nhung; Yen,,pilot_400_final,,0.0,136,0,50,0,0,0,0,0.0,186,186.0,1.0,1,1,ok,15,8,1,1,1,Friday 8 May 2026 at 18:09,1778238540.0,2026-05-08 11:09:00,2026-05-08,11.0,Friday,post_created_time_unix,ok,1,1779740087,1779740087,2026-05-26 03:14:47,2026-05-26 03:14:47,1,9.789473684210526e-05,7.894736842105263e-06,4.210526315789473e-06,209,0.00011,1,0,50,0,50,0.0,0.2688172043010752,0.0,0.0,0.0,0.0,0.7311827956989247,0.0,0.2688172043010752,0.0,-0.2688172043010752,1,1,,pilot_or_calibration_sample_exclude_from_test,0,,1
teamcrawl_v1,REC_005952,yen,schema_5_new_timestamp,data/01_Raw_Data/02_Team_Crawled_Raw/Yen/json-yen-cafebiz-v9-3-2/posts_CafeBiz.json,posts_CafeBiz.json,689,pfbid0bWinHdi8Tt8HUbgk8SA4vdagGxMmgemkLomgvcDQh7rTXkU8tQQEzUoEnSR7yPFgl,https://www.facebook.com/cafebiz.vn/posts/pfbid0bWinHdi8Tt8HUbgk8SA4vdagGxMmgemkLomgvcDQh7rTXkU8tQQEzUoEnSR7yPFgl,f344da142b63b7fb,post_id:pfbid0bWinHdi8Tt8HUbgk8SA4vdagGxMmgemkLomgvcDQh7rTXkU8tQQEzUoEnSR7yPFgl,CafeBiz,cafebiz.vn,https://www.facebook.com/cafebiz.vn,1900000,1900000,1,post,,"tin lời ai, chuyên gia công nghệ mất hơn 3 tỷ, vợ bỏ, phải vào viện tâm thần",76,18,T13. HUMAN_INTEREST,T13,human_verified,manual_adjudicated,Han; Nhung; Yen,,pilot_100_final,,0.0,55,0,14,0,0,0,0,0.0,69,69.0,1.0,1,1,ok,9,5,1,1,1,Saturday 25 April 2026 at 11:40,1777092000.0,2026-04-25 04:40:00,2026-04-25,4.0,Saturday,post_created_time_unix,ok,1,1779744950,1779744950,2026-05-26 04:35:50,2026-05-26 04:35:50,1,3.631578947368421e-05,4.736842105263158e-06,2.631578947368421e-06,83,4.368421052631579e-05,1,0,14,0,14,0.0,0.2028985507246377,0.0,0.0,0.0,0.0,0.7971014492753623,0.0,0.2028985507246377,0.0,-0.2028985507246377,1,1,,pilot_or_calibration_sample_exclude_from_test,0,,1
teamcrawl_v1,REC_006012,yen,schema_5_new_timestamp,data/01_Raw_Data/02_Team_Crawled_Raw/Yen/json-yen-schannel-v9-3-2/posts_Schannel 2.json,posts_Schannel 2.json,17,pfbid0RGHnFH3jWXRnwqBZxdKEJrQQJkdtMVWFaG4iTXVG4L9B8c2Gp9h3YVMhpATnkTo6l,https://www.facebook.com/schannel.vn/posts/pfbid0RGHnFH3jWXRnwqBZxdKEJrQQJkdtMVWFaG4iTXVG4L9B8c2Gp9h3YVMhpATnkTo6l,4c8ff7d58b437ec9,post_id:pfbid0RGHnFH3jWXRnwqBZxdKEJrQQJkdtMVWFaG4iTXVG4L9B8c2Gp9h3YVMhpATnkTo6l,Schannel,schannel.vn,https://www.facebook.com/schannel.vn,1200000,1200000,1,post,,"tác hại của việc hóng drama với dân văn phòng: - tâm lí hồi hộp, thấp thỏm sợ idol mình bị gọi tên - mất giấc ngủ trưa - đờ đẫn, mệt mỏi vì thiếu ngủ => thèm trà sữa, tốn tiền order - làm việc kém hiệu quả, dễ sai => bị sếp mắng, bị phạt đấy, ví dụ sương sương tác hại của việc thiếu ngủ vì hóng drama thôi mà đã thế này rồi… còn chơi dăm ba cái kia nữa thì cỡ nào???",367,87,T13. HUMAN_INTEREST,T13,human_verified,manual_adjudicated,Han; Nhung; Yen,,pilot_100_additional_final,,0.0,1010,7,764,2,4,0,2,0.0,1789,1789.0,1.0,1,1,ok,20,51,1,1,1,Friday 22 May 2026 at 11:43,1779424980.0,2026-05-22 04:43:00,2026-05-22,4.0,Friday,post_created_time_unix,ok,1,1779666779,1779666779,2026-05-25 06:52:59,2026-05-25 06:52:59,1,0.0014908333333333,1.6666666666666667e-05,4.25e-05,1860,0.00155,1,0,779,9,770,0.0039128004471771,0.427054220234768,0.0011179429849077,0.0022358859698155,0.0,0.0011179429849077,0.5684740078256009,0.0,0.427054220234768,0.0033538289547233,-0.4354387926215763,1,1,,pilot_or_calibration_sample_exclude_from_test,0,,1
teamcrawl_v1,REC_006024,yen,schema_5_new_timestamp,data/01_Raw_Data/02_Team_Crawled_Raw/Yen/json-yen-schannel-v9-3-2/posts_Schannel 2.json,posts_Schannel 2.json,29,4463056853905777,https://www.facebook.com/reel/4463056853905777,100fb3aace8a14e1,post_id:4463056853905777,Schannel,schannel.vn,https://www.facebook.com/schannel.vn,1200000,1200000,1,reel,,"“trong lòng mình có 1 cái mặc cảm tội lỗi… tụi bay đừng có bày chơi mấy cái này nữa, anh không thích chút nào”. và người không thích ấy đã bị khởi tố!!!",152,34,T03. CRIME_LAW_AND_JUSTICE,T03,human_verified,manual_adjudicated,Han; Nhung; Yen,,pilot_400_final,,0.0,878,2,205,3,2,0,2,0.0,1092,1092.0,1.0,1,1,ok,23,54,1,1,1,Wednesday 20 May 2026 at 13:03,1779256980.0,2026-05-20 06:03:00,2026-05-20,6.0,Wednesday,post_created_time_unix,ok,1,1779666846,1779666846,2026-05-25 06:54:06,2026-05-25 06:54:06,1,0.00091,1.9166666666666667e-05,4.5e-05,1169,0.0009741666666666,1,0,214,4,210,0.0018315018315018,0.1877289377289377,0.0027472527472527,0.0018315018315018,0.0,0.0018315018315018,0.8058608058608059,0.0,0.1877289377289377,0.0036630036630036,-0.1959706959706959,1,1,,pilot_or_calibration_sample_exclude_from_test,0,,1
teamcrawl_v1,REC_006033,yen,schema_5_new_timestamp,data/01_Raw_Data/02_Team_Crawled_Raw/Yen/json-yen-schannel-v9-3-2/posts_Schannel 2.json,posts_Schannel 2.json,38,pfbid0yhyoyF8ZKDVW4Rbs2djDWj5m6zUZxqRybAqQG3WpsbTKCqGurggj4WntQqGgaCFzl,https://www.facebook.com/schannel.vn/posts/pfbid0yhyoyF8ZKDVW4Rbs2djDWj5m6zUZxqRybAqQG3WpsbTKCqGurggj4WntQqGgaCFzl,90511ab6066fe119,post_id:pfbid0yhyoyF8ZKDVW4Rbs2djDWj5m6zUZxqRybAqQG3WpsbTKCqGurggj4WntQqGgaCFzl,Schannel,schannel.vn,https://www.facebook.com/schannel.vn,1200000,1200000,1,post,,cẩm phả - quảng ninh sáng nay!!! nhiều nhà đã phải chạy đồ vì nước dâng quá nhanh!! tổng hợp!,93,20,T09. DISASTER_ACCIDENT_AND_EMERGENCY_INCIDENT,T09,human_verified,manual_adjudicated,Han; Nhung; Yen,,pilot_400_final,,0.0,750,7,2,12,84,0,3,0.0,858,858.0,1.0,1,1,ok,10,28,1,1,1,Tuesday 19 May 2026 at 09:03,1779156180.0,2026-05-19 02:03:00,2026-05-19,2.0,Tuesday,post_created_time_unix,ok,1,1779666903,1779666903,2026-05-25 06:55:03,2026-05-25 06:55:03,1,0.000715,8.333333333333334e-06,2.333333333333333e-05,896,0.0007466666666666,1,0,108,10,98,0.0081585081585081,0.0023310023310023,0.0139860139860139,0.0979020979020979,0.0,0.0034965034965034,0.8822843822843823,0.0,0.0023310023310023,0.1013986013986013,-0.1258741258741259,1,1,,pilot_or_calibration_sample_exclude_from_test,0,,1
teamcrawl_v1,REC_006049,yen,schema_5_new_timestamp,data/01_Raw_Data/02_Team_Crawled_Raw/Yen/json-yen-schannel-v9-3-2/posts_Schannel 2.json,posts_Schannel 2.json,54,pfbid09JjaQuJsR42VURj65EBfC69MpmZRqVfRbxZzkzgmBiBF5dR7Pjpo8EjBFEKsLLFgl,https://www.facebook.com/schannel.vn/posts/pfbid09JjaQuJsR42VURj65EBfC69MpmZRqVfRbxZzkzgmBiBF5dR7Pjpo8EjBFEKsLLFgl,335479c9e6e6c1b1,post_id:pfbid09JjaQuJsR42VURj65EBfC69MpmZRqVfRbxZzkzgmBiBF5dR7Pjpo8EjBFEKsLLFgl,Schannel,schannel.vn,https://www.facebook.com/schannel.vn,1200000,1200000,1,post,,"trốn sang việt nam là xác định nhé!!! bị interpol truy nã đỏ vì liên quan đường dây lừa đảo tài chính xuyên quốc gia, joo young su trốn trong khu nghỉ dưỡng cao cấp ven biển đà nẵng trước khi bị bắt giữ. ngày 15/5, phòng cảnh sát hình sự công an tp đà nẵng cho biết đã phối hợp cục quản lý xuất nhập cảnh (bộ công an) áp giải joo young su ra sân bay để bàn giao cho cơ quan chức năng hàn quốc điều tra hành vi lừa đảo. theo: vnexpress",434,96,T03. CRIME_LAW_AND_JUSTICE,T03,human_verified,manual_adjudicated,Han; Nhung; Yen,,pilot_100_additional_final,,0.0,702,3,80,0,0,0,0,0.0,785,785.0,1.0,1,1,ok,1,24,1,1,1,Saturday 16 May 2026 at 12:39,1778909940.0,2026-05-16 05:39:00,2026-05-16,5.0,Saturday,post_created_time_unix,ok,1,1779667014,1779667014,2026-05-25 06:56:54,2026-05-25 06:56:54,1,0.0006541666666666,8.333333333333333e-07,2e-05,810,0.000675,1,0,83,3,80,0.0038216560509554,0.1019108280254777,0.0,0.0,0.0,0.0,0.8980891719745223,0.0,0.1019108280254777,0.0,-0.1057324840764331,1,1,,pilot_or_calibration_sample_exclude_from_test,0,,1
teamcrawl_v1,REC_006065,yen,schema_5_new_timestamp,data/01_Raw_Data/02_Team_Crawled_Raw/Yen/json-yen-schannel-v9-3-2/posts_Schannel 2.json,posts_Schannel 2.json,70,pfbid02jyjDuc6gz1Gaanfajg8aLNQBQG8Ne98YWDhdpiemL5ztmENvFWiXY6cEi2bDZoLCl,https://www.facebook.com/schannel.vn/posts/pfbid02jyjDuc6gz1Gaanfajg8aLNQBQG8Ne98YWDhdpiemL5ztmENvFWiXY6cEi2bDZoLCl,fa0f88f0ecb90dc5,post_id:pfbid02jyjDuc6gz1Gaanfajg8aLNQBQG8Ne98YWDhdpiemL5ztmENvFWiXY6cEi2bDZoLCl,Schannel,schannel.vn,https://www.facebook.com/schannel.vn,1200000,1200000,1,post,,"liên quan đến sự việc con gái mang cha đi bỏ chùa hôm 10/5, công an xã lạc phượng điều tra và xác minh người đàn ông bị bỏ lại ở cổng chùa sinh năm 1955, hộ khẩu tại quận ba đình (cũ), hà nội. người phụ nữ đi cùng là con gái ông, sinh năm 1997. gia đình đang thuê trọ tại xã gia lâm, hà nội. người đàn ông cho biết sức yếu, tuổi cao nên không còn khả năng lao động. con gái ông mới sinh cháu, lại suy thận nặng, con rể là công nhân, thu nhập thấp, kinh tế gia đình khó khăn. ""ông bàn với con gái và con rể đưa vào chùa để xin được cưu mang"", báo cáo của công an xã lạc phượng nêu. làm việc với công an, người con gái nói sợ không được trụ trì tiếp nhận, chị để cha ở cổng và đi về. theo: vnexpress",697,159,T13. HUMAN_INTEREST,T13,human_verified,manual_adjudicated,Han; Nhung; Yen,,pilot_100_final,,0.0,536,10,0,0,13,0,4,0.0,563,563.0,1.0,1,1,ok,1,16,1,1,1,Thursday 14 May 2026 at 08:17,1778721420.0,2026-05-14 01:17:00,2026-05-14,1.0,Thursday,post_created_time_unix,ok,1,1779667159,1779667159,2026-05-25 06:59:19,2026-05-25 06:59:19,1,0.0004691666666666,8.333333333333333e-07,1.3333333333333332e-05,580,0.0004833333333333,1,0,27,14,13,0.0177619893428063,0.0,0.0,0.0230905861456483,0.0,0.0071047957371225,0.9698046181172292,0.0,0.0,0.0301953818827708,0.0479573712255772,1,1,,pilot_or_calibration_sample_exclude_from_test,0,,1
teamcrawl_v1,REC_006070,yen,schema_5_new_timestamp,data/01_Raw_Data/02_Team_Crawled_Raw/Yen/json-yen-schannel-v9-3-2/posts_Schannel 2.json,posts_Schannel 2.json,75,1334716065217037,https://www.facebook.com/schannel.vn/videos/1334716065217037,4edd596c4a43a06d,post_id:1334716065217037,Schannel,schannel.vn,https://www.facebook.com/schannel.vn,1200000,1200000,1,video,,chưa vào nhà chung đâu mà sáng tác nhạc đã cỡ này rồi… mew amazing tung nhạc phẩm giả trân để cho các bạn k26 học dần và hát trong ktx =))) cre: anh tài xả kho nhạc ế,166,39,T10. ARTS_CULTURE_ENTERTAINMENT_AND_MEDIA,T10,human_verified,manual_adjudicated,Han; Nhung; Yen,,pilot_400_final,,0.0,67,0,39,0,0,0,0,0.0,106,106.0,1.0,1,1,ok,4,4,1,1,1,Wednesday 13 May 2026 at 12:42,1778650920.0,2026-05-13 05:42:00,2026-05-13,5.0,Wednesday,post_created_time_unix,ok,1,1779667206,1779667206,2026-05-25 07:00:06,2026-05-25 07:00:06,1,8.833333333333333e-05,3.3333333333333333e-06,3.3333333333333333e-06,114,9.5e-05,1,0,39,0,39,0.0,0.3679245283018867,0.0,0.0,0.0,0.0,0.6320754716981132,0.0,0.3679245283018867,0.0,-0.3679245283018867,1,1,,pilot_or_calibration_sample_exclude_from_test,0,,1
teamcrawl_v1,REC_006080,yen,schema_5_new_timestamp,data/01_Raw_Data/02_Team_Crawled_Raw/Yen/json-yen-schannel-v9-3-2/posts_Schannel 2.json,posts_Schannel 2.json,85,pfbid02t8iaqMrbkTFeUiGHo33LUpQPJe5jNPVUA2K3hnhgqhc1Vhz5XQFeXh5Vui1WADBQl,https://www.facebook.com/schannel.vn/posts/pfbid02t8iaqMrbkTFeUiGHo33LUpQPJe5jNPVUA2K3hnhgqhc1Vhz5XQFeXh5Vui1WADBQl,56ff506edc9bbb59,post_id:pfbid02t8iaqMrbkTFeUiGHo33LUpQPJe5jNPVUA2K3hnhgqhc1Vhz5XQFeXh5Vui1WADBQl,Schannel,schannel.vn,https://www.facebook.com/schannel.vn,1200000,1200000,1,post,,"bà cố nội của khái niệm ""ending fairy"" - tiên tử kết màn của kpop: diễn viên jung chaeyeon trở lại với vai trò idol trong lần comeback sau 10 năm cùng nhóm io.i vẫn tiến thẳng lên các hot topic bên hàn vì vẻ đẹp thanh thuần y chang thời còn thi produce 101",258,55,T10. ARTS_CULTURE_ENTERTAINMENT_AND_MEDIA,T10,human_verified,manual_adjudicated,Han; Nhung; Yen,,pilot_400_final,,0.0,1347,584,4,0,0,0,12,0.0,1947,1947.0,1.0,1,1,ok,9,5,1,1,1,Friday 22 May 2026 at 23:07,1779466020.0,2026-05-22 16:07:00,2026-05-22,16.0,Friday,post_created_time_unix,ok,1,1779667828,1779667828,2026-05-25 07:10:28,2026-05-25 07:10:28,1,0.0016225,7.5e-06,4.166666666666667e-06,1961,0.0016341666666666,1,0,600,596,4,0.2999486389316897,0.0020544427324088,0.0,0.0,0.0,0.0061633281972265,0.9917822290703646,0.0,0.0020544427324088,0.0061633281972265,0.3081664098613251,1,1,,pilot_or_calibration_sample_exclude_from_test,0,,1
teamcrawl_v1,REC_006090,yen,schema_5_new_timestamp,data/01_Raw_Data/02_Team_Crawled_Raw/Yen/json-yen-schannel-v9-3-2/posts_Schannel 2.json,posts_Schannel 2.json,95,pfbid032hQTq6PbyZNzDUjoYaJL6Jnr2VHcPyXpCiPro6s2NgAK24KsiQTHg9yrV4fWip5hl,https://www.facebook.com/schannel.vn/posts/pfbid032hQTq6PbyZNzDUjoYaJL6Jnr2VHcPyXpCiPro6s2NgAK24KsiQTHg9yrV4fWip5hl,1c599957fb189431,post_id:pfbid032hQTq6PbyZNzDUjoYaJL6Jnr2VHcPyXpCiPro6s2NgAK24KsiQTHg9yrV4fWip5hl,Schannel,schannel.vn,https://www.facebook.com/schannel.vn,1200000,1200000,1,post,,"trao huân chương nhà nước palestine tặng nguyên phó chủ tịch nước nguyễn thị bình sáng 22/5, tại hà nội, văn phòng chủ tịch nước phối hợp với bộ ngoại giao và đại sứ quán palestine tại việt nam tổ chức lễ trao huân chương ngôi sao công trạng của nhà nước palestine tặng nguyên phó chủ tịch nước nguyễn thị bình nhằm ghi nhận những đóng góp to lớn của bà đối với sự nghiệp đấu tranh vì hòa bình, công lý, quyền con người và tình đoàn kết với nhân dân palestine. theo ttxvn",471,96,T01. POLITICS,T01,human_verified,manual_adjudicated,Han; Nhung; Yen,,pilot_400_final,,0.0,309,136,0,0,0,0,7,0.0,452,452.0,1.0,1,1,ok,1,2,1,1,1,Friday 22 May 2026 at 15:20,1779438000.0,2026-05-22 08:20:00,2026-05-22,8.0,Friday,post_created_time_unix,ok,1,1779668182,1779668182,2026-05-25 07:16:22,2026-05-25 07:16:22,1,0.0003766666666666,8.333333333333333e-07,1.6666666666666669e-06,455,0.0003791666666666,1,0,143,143,0,0.3008849557522124,0.0,0.0,0.0,0.0,0.0154867256637168,0.9845132743362832,0.0,0.0,0.0154867256637168,0.3163716814159292,1,1,,pilot_or_calibration_sample_exclude_from_test,0,,1
teamcrawl_v1,REC_006114,yen,schema_5_new_timestamp,data/01_Raw_Data/02_Team_Crawled_Raw/Yen/json-yen-schannel-v9-3-2/posts_Schannel 2.json,posts_Schannel 2.json,119,pfbid08CX3tVtHhG3fS6b5D5hRS4Vby1wve5BamcdjFYQYY4u8gp9bH9WDXp8y4cAebigrl,https://www.facebook.com/schannel.vn/posts/pfbid08CX3tVtHhG3fS6b5D5hRS4Vby1wve5BamcdjFYQYY4u8gp9bH9WDXp8y4cAebigrl,8da7df2da03c6051,post_id:pfbid08CX3tVtHhG3fS6b5D5hRS4Vby1wve5BamcdjFYQYY4u8gp9bH9WDXp8y4cAebigrl,Schannel,schannel.vn,https://www.facebook.com/schannel.vn,1200000,1200000,1,post,,google drive thay áo mới và thứ làm nhiều người liên tưởng tới đó là =>,71,16,T06. SCIENCE_AND_TECHNOLOGY,T06,human_verified,manual_adjudicated,Han; Nhung; Yen,,pilot_100_additional_final,,0.0,982,17,557,3,4,0,6,0.0,1569,1569.0,1.0,1,1,ok,34,23,1,1,1,Wednesday 20 May 2026 at 21:35,1779287700.0,2026-05-20 14:35:00,2026-05-20,14.0,Wednesday,post_created_time_unix,ok,1,1779670010,1779670010,2026-05-25 07:46:50,2026-05-25 07:46:50,1,0.0013075,2.833333333333333e-05,1.9166666666666667e-05,1626,0.001355,1,0,587,23,564,0.0108349267049075,0.3550031867431485,0.0019120458891013,0.0025493945188017,0.0,0.0038240917782026,0.6367112810707457,0.0,0.3550031867431485,0.0063734862970044,-0.3741236456341619,1,1,,pilot_or_calibration_sample_exclude_from_test,0,,1
teamcrawl_v1,REC_006125,yen,schema_5_new_timestamp,data/01_Raw_Data/02_Team_Crawled_Raw/Yen/json-yen-schannel-v9-3-2/posts_Schannel 2.json,posts_Schannel 2.json,130,pfbid02cBAMZkUdpLi3ETdR49pcMzf1MtqDqM4r4Cjf82r3M7Am9JdJmv9FENyx6XG5iU6tl,https://www.facebook.com/schannel.vn/posts/pfbid02cBAMZkUdpLi3ETdR49pcMzf1MtqDqM4r4Cjf82r3M7Am9JdJmv9FENyx6XG5iU6tl,89cbe13fe4c1795e,post_id:pfbid02cBAMZkUdpLi3ETdR49pcMzf1MtqDqM4r4Cjf82r3M7Am9JdJmv9FENyx6XG5iU6tl,Schannel,schannel.vn,https://www.facebook.com/schannel.vn,1200000,1200000,1,post,,"elon musk thua kiện sam altman, thất bại âm mưu ""dìm hàng"" chatgpt vì một lý do ít ai ngờ: hết thời hiệu khởi kiện ngày 18/5/2026 (giờ mỹ), tòa án vừa đưa ra phán quyết đối với yêu cầu khởi kiện của elon musk trong vụ kiện sam altman - ceo của openai, mẹ đẻ chatgpt. ông elon musk là một trong những nhà sáng lập openai năm 2015. ông cho rằng nó hình thành với mục đích phi lợi nhuận, tạo ra ai an toàn, có lợi cho loài người. nhưng sau khi ông musk rời khỏi ban điều hành vào năm 2018, openai trong khoảng năm 2019 và 2020 đã bỏ bê mô hình phi lợi nhuận, cơ cấu lại để trở thành một tổ chức thiên hẳn về lợi nhuận, làm giàu cho bản thân các đồng sáng lập và tổ chức, vi phạm thỏa thuận ban đầu. openai và ceo sam altman phản bác rằng mục tiêu của elon musk thực chất có động cơ triệt tiêu cạnh tranh, bởi ông musk đang đầu tư vào dự án xai cạnh tranh với openai. họ cũng trình bày cơ cấu vì lợi nhuận là cần thiết để cạnh tranh trong thời buổi hiện nay, toàn bộ lợi nhuận được tái đầu tư vào nghiên cứu và đảm bảo an toàn, phù hợp với mục tiêu ban đầu. kết luận của tòa án rẽ theo một hướng khiến nhiều người bất ngờ: ông elon musk hết thời hiệu khởi kiện đối với tất cả các yêu cầu. theo luật, ông musk phải khởi kiện trong thời hạn 3 năm kể từ thời điểm xảy ra vi phạm, trong thời hạn 2 năm kể từ khi xảy ra hành vi làm giàu. ông musk khởi kiện năm 2024 là hết thời hiệu khởi kiện. nếu các hành vi trên xảy ra ở khoảng năm 2020, thì ông phải khởi kiện vào năm 20222023 mới là còn thời hiệu. tổng hợp từ: cbs news, us news, cnbc",1531,338,T03. CRIME_LAW_AND_JUSTICE,T03,human_verified,manual_adjudicated,Han; Nhung; Yen,,pilot_400_final,,0.0,632,7,97,0,2,0,0,0.0,738,738.0,1.0,1,1,ok,7,7,1,1,1,Tuesday 19 May 2026 at 01:44,1779129840.0,2026-05-18 18:44:00,2026-05-18,18.0,Monday,post_created_time_unix,ok,1,1779670098,1779670098,2026-05-25 07:48:18,2026-05-25 07:48:18,1,0.000615,5.833333333333333e-06,5.833333333333333e-06,752,0.0006266666666666,1,0,106,7,99,0.0094850948509485,0.1314363143631436,0.0,0.002710027100271,0.0,0.0,0.8658536585365854,0.0,0.1314363143631436,0.002710027100271,-0.1436314363143631,1,1,,pilot_or_calibration_sample_exclude_from_test,0,,1
teamcrawl_v1,REC_006140,yen,schema_5_new_timestamp,data/01_Raw_Data/02_Team_Crawled_Raw/Yen/json-yen-schannel-v9-3-2/posts_Schannel 2.json,posts_Schannel 2.json,145,pfbid0AZo85Fazew7CV4Ln3uc4Kz9Mhujqy3NUNCmPoZzwynGXy3S2SmjrMwBk645DWKmHl,https://www.facebook.com/schannel.vn/posts/pfbid0AZo85Fazew7CV4Ln3uc4Kz9Mhujqy3NUNCmPoZzwynGXy3S2SmjrMwBk645DWKmHl,bf42c53597c980df,post_id:pfbid0AZo85Fazew7CV4Ln3uc4Kz9Mhujqy3NUNCmPoZzwynGXy3S2SmjrMwBk645DWKmHl,Schannel,schannel.vn,https://www.facebook.com/schannel.vn,1200000,1200000,1,post,,"lên mạng gây war, người đàn ông được công an mời lên làm việc =))) ngày 155, công an tỉnh đồng tháp cho biết vừa mời nm.t làm việc về hành vi sử dụng mạng xã hội đăng tải bình luận mang tính so sánh, hạ thấp sự phát triển giữa hai địa phương tiền giang (cũ) và đồng tháp. cụ thể, những bình luận của tôi có hàm ý so sánh, hạ thấp sự phát triển giữa các địa phương (cụ thể là cao lãnh và mỹ tho, tỉnh đồng tháp), đồng thời thể hiện thái độ tiêu cực về việc đưa tin lễ hội giữa các vùng miền, địa phương trong bối cảnh sắp xếp, sáp nhập đơn vị hành chính. các bình luận đã tạo ra sự đối đầu, gây bức xúc cho người đọc và làm tổn thương tình đoàn kết giữa người dân trên địa bàn tỉnh. tại cơ quan công an, tôi thừa nhận có bình luận, tranh cãi nhiều nội dung thể hiện quan điểm cá nhân của ông, trong đó có một số bình luận, tranh cãi liên quan địa giới tỉnh tiền giang cũ và tỉnh đồng tháp cũ. theo: báo tuổi trẻ",908,202,T03. CRIME_LAW_AND_JUSTICE,T03,human_verified,manual_adjudicated,Han; Nhung; Yen,,pilot_400_final,,0.0,263,0,93,2,0,0,0,0.0,358,358.0,1.0,1,1,ok,2,7500,1,1,1,Friday 15 May 2026 at 20:22,1778851320.0,2026-05-15 13:22:00,2026-05-15,13.0,Friday,post_created_time_unix,ok,1,1779670233,1779670233,2026-05-25 07:50:33,2026-05-25 07:50:33,1,0.0002983333333333,1.6666666666666669e-06,0.00625,7860,0.00655,1,0,95,0,95,0.0,0.2597765363128491,0.0055865921787709,0.0,0.0,0.0,0.7346368715083799,0.0,0.2597765363128491,0.0,-0.2653631284916201,1,1,,pilot_or_calibration_sample_exclude_from_test,0,,1
teamcrawl_v1,REC_006142,yen,schema_5_new_timestamp,data/01_Raw_Data/02_Team_Crawled_Raw/Yen/json-yen-schannel-v9-3-2/posts_Schannel 2.json,posts_Schannel 2.json,147,pfbid03686PhB3wNy5gJLgQGDLEneHSTM1GRNw8Ambtjqw2w3W48DSPQRHuSjm8XD33D97l,https://www.facebook.com/schannel.vn/posts/pfbid03686PhB3wNy5gJLgQGDLEneHSTM1GRNw8Ambtjqw2w3W48DSPQRHuSjm8XD33D97l,751918bd9966219c,post_id:pfbid03686PhB3wNy5gJLgQGDLEneHSTM1GRNw8Ambtjqw2w3W48DSPQRHuSjm8XD33D97l,Schannel,schannel.vn,https://www.facebook.com/schannel.vn,1200000,1200000,1,post,,con đường nguyễn trãi chiều thứ 6… đi làm về sớm định lượn hồ tây ngắm hoàng hôn mà lỡ mắc kẹt ở nguyễn trãi!!! dũng vũ,119,27,T17. TRANSPORT_INFRASTRUCTURE,T17,human_verified,manual_adjudicated,Han; Nhung; Yen,,pilot_400_final,,0.0,413,3,94,0,8,0,0,0.0,518,518.0,1.0,1,1,ok,3,22,1,1,1,Friday 15 May 2026 at 18:21,1778844060.0,2026-05-15 11:21:00,2026-05-15,11.0,Friday,post_created_time_unix,ok,1,1779670249,1779670249,2026-05-25 07:50:49,2026-05-25 07:50:49,1,0.0004316666666666,2.5e-06,1.8333333333333333e-05,543,0.0004525,1,0,105,3,102,0.0057915057915057,0.1814671814671814,0.0,0.0154440154440154,0.0,0.0,0.803088803088803,0.0,0.1814671814671814,0.0154440154440154,-0.2027027027027027,1,1,,pilot_or_calibration_sample_exclude_from_test,0,,1
teamcrawl_v1,REC_006183,yen,schema_5_new_timestamp,data/01_Raw_Data/02_Team_Crawled_Raw/Yen/json-yen-schannel-v9-3-2/posts_Schannel 2.json,posts_Schannel 2.json,188,pfbid0eMr564sNAF6ifd224iVmFkB2ggyQNHPNusHjTrNccni39m9hLBAJ19bM57NUwCB8l,https://www.facebook.com/schannel.vn/posts/pfbid0eMr564sNAF6ifd224iVmFkB2ggyQNHPNusHjTrNccni39m9hLBAJ19bM57NUwCB8l,da575f55302d0908,post_id:pfbid0eMr564sNAF6ifd224iVmFkB2ggyQNHPNusHjTrNccni39m9hLBAJ19bM57NUwCB8l,Schannel,schannel.vn,https://www.facebook.com/schannel.vn,1200000,1200000,1,post,,bắt đầu ồn rồi… mời cả nhà cho anh tài huỳnh ngọc lập 1 cái biệt danh ạ,71,18,T10. ARTS_CULTURE_ENTERTAINMENT_AND_MEDIA,T10,human_verified,manual_adjudicated,Han; Nhung; Yen,,pilot_100_final,,0.0,160,2,118,0,0,0,0,0.0,280,280.0,1.0,1,1,ok,8,4,1,1,1,Friday 8 May 2026 at 20:51,1778248260.0,2026-05-08 13:51:00,2026-05-08,13.0,Friday,post_created_time_unix,ok,1,1779670742,1779670742,2026-05-25 07:59:02,2026-05-25 07:59:02,1,0.0002333333333333,6.666666666666667e-06,3.3333333333333333e-06,292,0.0002433333333333,1,0,120,2,118,0.0071428571428571,0.4214285714285714,0.0,0.0,0.0,0.0,0.5785714285714286,0.0,0.4214285714285714,0.0,-0.4285714285714285,1,1,,pilot_or_calibration_sample_exclude_from_test,0,,1
teamcrawl_v1,REC_006188,yen,schema_5_new_timestamp,data/01_Raw_Data/02_Team_Crawled_Raw/Yen/json-yen-schannel-v9-3-2/posts_Schannel 2.json,posts_Schannel 2.json,193,pfbid02VmQnVsMoeUqSDY55DA97Bx6aPwj2d6onwbRLHEwq8FXEjEQFXsBfTovzcmp7ecPfl,https://www.facebook.com/schannel.vn/posts/pfbid02VmQnVsMoeUqSDY55DA97Bx6aPwj2d6onwbRLHEwq8FXEjEQFXsBfTovzcmp7ecPfl,fe83e882ef29a5a4,post_id:pfbid02VmQnVsMoeUqSDY55DA97Bx6aPwj2d6onwbRLHEwq8FXEjEQFXsBfTovzcmp7ecPfl,Schannel,schannel.vn,https://www.facebook.com/schannel.vn,1200000,1200000,1,post,,"nhiệt độ ngoài trời tại hà nội trưa nay là khoảng 43 độ c theo trung tâm dự báo khí tượng thủy văn quốc gia, do ảnh hưởng của rìa đông nam vùng áp thấp nóng phía tây phát triển và mở rộng về phía đông nam nên ngày hôm nay 24/5 và ngày mai 25/5 thành phố hà nội trời nắng nóng gay gắt và đặc biệt gay gắt. theo ghi nhận thực tế buổi trưa ngày 24/5, nhiệt độ ngoài đường đo được đạt ngưỡng trên 40 độ c. theo: vietnamplus",419,93,T08. WEATHER,T08,human_verified,manual_adjudicated,Han; Nhung; Yen,,pilot_100_additional_final,,0.0,372,4,2,2,48,0,0,0.0,428,428.0,1.0,1,1,ok,12,13,1,1,1,Sunday 24 May 2026 at 15:59,1779613140.0,2026-05-24 08:59:00,2026-05-24,8.0,Sunday,post_created_time_unix,ok,1,1779674037,1779674037,2026-05-25 08:53:57,2026-05-25 08:53:57,1,0.0003566666666666,1e-05,1.0833333333333334e-05,453,0.0003775,1,0,56,4,52,0.0093457943925233,0.0046728971962616,0.0046728971962616,0.1121495327102803,0.0,0.0,0.8785046728971962,0.0,0.0046728971962616,0.1121495327102803,-0.1308411214953271,1,1,,pilot_or_calibration_sample_exclude_from_test,0,,1
teamcrawl_v1,REC_006270,yen,schema_5_new_timestamp,data/01_Raw_Data/02_Team_Crawled_Raw/Yen/json-yen-schannel-v9-3-2/posts_Schannel 2.json,posts_Schannel 2.json,275,pfbid031TeuKwXg32m9mXNCzDRK3KY9uDo6eZ1G8fuZ85Jm2WpNKdGScgECwbQ5uZv5F5oil,https://www.facebook.com/schannel.vn/posts/pfbid031TeuKwXg32m9mXNCzDRK3KY9uDo6eZ1G8fuZ85Jm2WpNKdGScgECwbQ5uZv5F5oil,760cec7be2212f46,post_id:pfbid031TeuKwXg32m9mXNCzDRK3KY9uDo6eZ1G8fuZ85Jm2WpNKdGScgECwbQ5uZv5F5oil,Schannel,schannel.vn,https://www.facebook.com/schannel.vn,1200000,1200000,1,post,,"bạn gái khánh là triệu nguyễn hoài thương bị đề nghị từ 15 đến 18 tháng tù nhưng cho hưởng án treo, thời gian thử thách từ 30 đến 36 tháng về tội che giấu tội phạm. theo: vnexpress",180,39,T03. CRIME_LAW_AND_JUSTICE,T03,human_verified,manual_adjudicated,Han; Nhung; Yen,,pilot_400_final,,0.0,532,5,2,0,0,0,0,0.0,539,539.0,1.0,1,1,ok,0,17,1,1,1,Friday 15 May 2026 at 11:50,1778820600.0,2026-05-15 04:50:00,2026-05-15,4.0,Friday,post_created_time_unix,ok,1,1779677771,1779677771,2026-05-25 09:56:11,2026-05-25 09:56:11,1,0.0004491666666666,0.0,1.4166666666666666e-05,556,0.0004633333333333,1,0,7,5,2,0.0092764378478664,0.0037105751391465,0.0,0.0,0.0,0.0,0.9962894248608536,0.0,0.0037105751391465,0.0,0.0129870129870129,1,1,,pilot_or_calibration_sample_exclude_from_test,0,,1
teamcrawl_v1,REC_006306,yen,schema_5_new_timestamp,data/01_Raw_Data/02_Team_Crawled_Raw/Yen/json-yen-schannel-v9-3-2/posts_Schannel 2.json,posts_Schannel 2.json,311,pfbid0233q1tDRd1iM1JudDE2AfFgsSJ2Yz1gY5gQjCcLC9TAXGrWGBazNEnrVVWgLdAmo8l,https://www.facebook.com/schannel.vn/posts/pfbid0233q1tDRd1iM1JudDE2AfFgsSJ2Yz1gY5gQjCcLC9TAXGrWGBazNEnrVVWgLdAmo8l,e23dd80f1a2ba9d3,post_id:pfbid0233q1tDRd1iM1JudDE2AfFgsSJ2Yz1gY5gQjCcLC9TAXGrWGBazNEnrVVWgLdAmo8l,Schannel,schannel.vn,https://www.facebook.com/schannel.vn,1200000,1200000,1,post,,"ngày 5/5, chính quyền tỉnh tứ xuyên xác nhận một nữ du khách 16 tuổi đã tử vong sau tai nạn tại khu du lịch thác maliuyan, thành phố hoa anh, trung quốc. theo thông tin sự cố xảy ra khi nữ du khách tham gia trò chơi xích đu vách đá. dây an toàn được cho là đã bị đứt ngay sau lúc rời bệ phóng ở độ cao lớn. sau vụ việc, khu du lịch đã bị đình chỉ hoạt động để phục vụ điều tra. cơ quan chức năng cũng đang làm rõ trách nhiệm của đơn vị vận hành do có dấu hiệu vi phạm quy định an toàn. sự việc gây phẫn nộ trên mạng xã hội trung quốc khi nhiều người cho rằng cảnh báo của du khách đã không được chú ý đúng mức. xích đu vách đá là trò chơi cảm giác mạnh hoạt động theo cơ chế con lắc, người chơi sẽ được thả từ độ cao lớn để văng ra ngoài không trung theo quỹ đạo vòng cung. theo: dân trí",786,180,T09. DISASTER_ACCIDENT_AND_EMERGENCY_INCIDENT,T09,human_verified,manual_adjudicated,Han; Nhung; Yen,,pilot_100_additional_final,,0.0,730,9,3,3,208,0,0,0.0,953,953.0,1.0,1,1,ok,7,15,1,1,1,Wednesday 6 May 2026 at 16:54,1778061240.0,2026-05-06 09:54:00,2026-05-06,9.0,Wednesday,post_created_time_unix,ok,1,1779678081,1779678081,2026-05-25 10:01:21,2026-05-25 10:01:21,1,0.0007941666666666,5.833333333333333e-06,1.25e-05,975,0.0008125,1,0,223,9,214,0.0094438614900314,0.0031479538300104,0.0031479538300104,0.2182581322140608,0.0,0.0,0.7754459601259182,0.0,0.0031479538300104,0.2182581322140608,-0.2339979013641133,1,1,,pilot_or_calibration_sample_exclude_from_test,0,,1
teamcrawl_v1,REC_006316,yen,schema_5_new_timestamp,data/01_Raw_Data/02_Team_Crawled_Raw/Yen/json-yen-schannel-v9-3-2/posts_Schannel 2.json,posts_Schannel 2.json,321,1466325444489067,https://www.facebook.com/reel/1466325444489067,4915821a477d4157,post_id:1466325444489067,Schannel,schannel.vn,https://www.facebook.com/schannel.vn,1200000,1200000,1,reel,,"mời các “nhà cá học” vào thẩm định… 1 cần thủ câu được con cá có bộ răng rất khiếp hồn, nhiều người tò mò đến xem nhưng không ai biết loại cá này tên gì… video: vũ lai vung",172,40,T13. HUMAN_INTEREST,T13,human_verified,manual_adjudicated,Han; Nhung; Yen,,pilot_100_final,,0.0,2726,8,39,22,2,0,2,0.0,2799,2799.0,1.0,1,1,ok,33,268,1,1,1,Monday 4 May 2026 at 16:59,1777888740.0,2026-05-04 09:59:00,2026-05-04,9.0,Monday,post_created_time_unix,ok,1,1779678172,1779678172,2026-05-25 10:02:52,2026-05-25 10:02:52,1,0.0023325,2.75e-05,0.0002233333333333,3100,0.0025833333333333,1,0,73,10,63,0.0028581636298678,0.0139335476956055,0.0078599499821364,0.0007145409074669,0.0,0.0007145409074669,0.976777420507324,0.0,0.0139335476956055,0.0014290818149339,-0.0260807431225437,1,1,,pilot_or_calibration_sample_exclude_from_test,0,,1
teamcrawl_v1,REC_006466,yen,schema_5_new_timestamp,data/01_Raw_Data/02_Team_Crawled_Raw/Yen/json-yen-schannel-v9-3-2/posts_Schannel 2.json,posts_Schannel 2.json,471,pfbid0wwsM3kTHHkEh8NqmUZTB4dBLssnwU8K7sMatgpjQDrdhi3Y7D2Ba6nYASs4JsrCDl,https://www.facebook.com/schannel.vn/posts/pfbid0wwsM3kTHHkEh8NqmUZTB4dBLssnwU8K7sMatgpjQDrdhi3Y7D2Ba6nYASs4JsrCDl,2640d12a8469b7fa,post_id:pfbid0wwsM3kTHHkEh8NqmUZTB4dBLssnwU8K7sMatgpjQDrdhi3Y7D2Ba6nYASs4JsrCDl,Schannel,schannel.vn,https://www.facebook.com/schannel.vn,1200000,1200000,1,post,,"thủ tướng lê minh hưng: hạn chế tối đa tâm lý găm giữ, đầu cơ vàng sáng ngày 29/4, thủ tướng chính phủ lê minh hưng chủ trì cuộc làm việc với ngân hàng nhà nước về tình hình hoạt động ngân hàng những tháng đầu năm 2026; phương hướng, nhiệm vụ trọng tâm thời gian tới, các đề xuất, kiến nghị. thủ tướng nêu rõ, trong thời gian tới, tình hình thế giới và khu vực diễn biến phức tạp, khó lường, tác động nhanh, trực tiếp tới điều hành kinh tế vĩ mô, trong đó có chính sách tiền tệ; công tác điều hành chính sách tiền tệ, tín dụng và hoạt động ngân hàng tiếp tục đối mặt với nhiều khó khăn, thách thức. trước tình hình đó, yêu cầu đặt ra đối với nhnn, từ lãnh đạo nhnn tới các đơn vị trực thuộc là rất lớn, mà trước hết là cần thay đổi tư duy, phương pháp điều hành, chuyển tư duy từ quản lý sang kiến tạo phát triển, đề xuất, hoạch định chính sách, sử dụng công cụ phù hợp để tạo môi trường ổn định, dự báo được, thì người dân và doanh nghiệp mới yên tâm hoạt động sản xuất kinh doanh. thủ tướng nêu rõ, điều hành tỷ giá, lãi suất, tín dụng với các nhiệm vụ, giải pháp phù hợp mục tiêu, yêu cầu cao hơn trong bối cảnh mới; kiên định mục tiêu tăng trưởng 2 con số trên nền tảng giữ vững ổn định kinh tế vĩ mô, kiểm soát lạm phát và an toàn hệ thống các tổ chức tín dụng với tinh thần ""ổn định kinh tế vĩ mô là móng nhà, phải gia cố vững chắc trước khi xây thêm tầng, cải tạo hay xây mới"". thủ tướng cũng yêu cầu thực hiện nghiêm túc chỉ đạo của đồng chí tổng bí thư tô lâm tại thông báo số 211tb/vptw ngày 30/5/2025 về cơ chế, chính sách quản lý hiệu quả thị trường vàng, có lộ trình phù hợp với tình hình thực tế, yêu cầu chính sách qua các thời kỳ. ""vàng là mặt hàng, tài sản người dân được quyền nắm giữ nhưng nhà nước không khuyến khích, vì không tạo ra giá trị gia tăng cho nền kinh tế, do đó chúng ta phải hạn chế tối đa tâm lý găm giữ và tâm lý đầu cơ. bài toán cuối cùng là, nếu chúng ta có nền tảng kinh tế vĩ mô vững chắc, hệ thống pháp lý công khai, minh bạch, dễ dự báo, người dân, doanh nghiệp yên tâm thì họ sẽ giảm nắm giữ những tài sản đó, mà yên tâm bỏ tiền ra sản xuất, kinh doanh hoặc ít nhất có thể tăng lượng tiền gửi cho hệ thống ngân hàng, từ đó chúng ta sẽ huy động được nguồn lực cho phát triển"", thủ tướng phát biểu. nguồn: người lao động",2261,495,T02. ECONOMY_BUSINESS_AND_FINANCE,T02,human_verified,manual_adjudicated,Han; Nhung; Yen,,pilot_400_final,,0.0,0,0,0,0,0,0,0,0.0,1000,0.0,0.0,1,1,sum_mismatch,8,20,1,1,1,Wednesday 29 April 2026 at 16:03,1777453380.0,2026-04-29 09:03:00,2026-04-29,9.0,Wednesday,post_created_time_unix,ok,1,1779685573,1779685573,2026-05-25 12:06:13,2026-05-25 12:06:13,1,0.0008333333333333,6.666666666666667e-06,1.6666666666666667e-05,1028,0.0008566666666666,1,0,0,0,0,,,,,,,,,,,,0,0,,pilot_or_calibration_sample_exclude_from_test,0,,0
teamcrawl_v1,REC_006479,yen,schema_5_new_timestamp,data/01_Raw_Data/02_Team_Crawled_Raw/Yen/json-yen-schannel-v9-3-2/posts_Schannel 2.json,posts_Schannel 2.json,484,1534533228262325,https://www.facebook.com/reel/1534533228262325,2153837edcba1659,post_id:1534533228262325,Schannel,schannel.vn,https://www.facebook.com/schannel.vn,1200000,1200000,1,reel,,"lần đầu tiên đi concert lớn, anh “will ơi will đừng đi” bị sốc với “văn hoá xé đồ”",82,19,T10. ARTS_CULTURE_ENTERTAINMENT_AND_MEDIA,T10,human_verified,manual_adjudicated,Han; Nhung; Yen,,pilot_100_additional_final,,0.0,0,0,0,0,0,0,0,0.0,688,0.0,0.0,1,1,sum_mismatch,8,20,1,1,1,Monday 27 April 2026 at 11:51,1777265460.0,2026-04-27 04:51:00,2026-04-27,4.0,Monday,post_created_time_unix,ok,1,1779685839,1779685839,2026-05-25 12:10:39,2026-05-25 12:10:39,1,0.0005733333333333,6.666666666666667e-06,1.6666666666666667e-05,716,0.0005966666666666,1,0,0,0,0,,,,,,,,,,,,0,0,,pilot_or_calibration_sample_exclude_from_test,0,,0
teamcrawl_v1,REC_006499,yen,schema_5_new_timestamp,data/01_Raw_Data/02_Team_Crawled_Raw/Yen/json-yen-schannel-v9-3-2/posts_Schannel 2.json,posts_Schannel 2.json,504,975819531498838,https://www.facebook.com/reel/975819531498838,54b82423168f5270,post_id:975819531498838,Schannel,schannel.vn,https://www.facebook.com/schannel.vn,1200000,1200000,1,reel,,hữu duyên đi dạo phố cổ gặp vợ chồng tổng thống hàn quốc đang ăn thử sầu riêng việt nam.. clip: ngọc my,103,23,T01. POLITICS,T01,human_verified,manual_adjudicated,Han; Nhung; Yen,,pilot_400_final,,0.0,0,0,0,0,0,0,0,0.0,4300,0.0,0.0,1,1,sum_mismatch,62,125,1,1,1,Friday 24 April 2026 at 10:59,1777003140.0,2026-04-24 03:59:00,2026-04-24,3.0,Friday,post_created_time_unix,ok,1,1779686279,1779686279,2026-05-25 12:17:59,2026-05-25 12:17:59,1,0.0035833333333333,5.166666666666666e-05,0.0001041666666666,4487,0.0037391666666666,1,0,0,0,0,,,,,,,,,,,,0,0,,pilot_or_calibration_sample_exclude_from_test,0,,0
teamcrawl_v1,REC_006508,yen,schema_5_new_timestamp,data/01_Raw_Data/02_Team_Crawled_Raw/Yen/json-yen-schannel-v9-3-2/posts_Schannel 2.json,posts_Schannel 2.json,513,pfbid0H9p8ZRHjw2RFY9FvBKYeGgNF34NoB6RWDmTCj5pDYfHxkhrPcqJZ7JWSMZ8VBWFjl,https://www.facebook.com/schannel.vn/posts/pfbid0H9p8ZRHjw2RFY9FvBKYeGgNF34NoB6RWDmTCj5pDYfHxkhrPcqJZ7JWSMZ8VBWFjl,694469288a7855a9,post_id:pfbid0H9p8ZRHjw2RFY9FvBKYeGgNF34NoB6RWDmTCj5pDYfHxkhrPcqJZ7JWSMZ8VBWFjl,Schannel,schannel.vn,https://www.facebook.com/schannel.vn,1200000,1200000,1,post,,"khi được nói lời sau cùng, bị cáo bùi đình khánh bày tỏ ân hận trước hành vi phạm tội của mình. bị cáo khánh cũng tiếp tục gửi lời chia buồn tới gia đình thượng úy nguyễn đăng khải hy sinh trong quá trình làm nhiệm vụ, xin lỗi tất cả các bị cáo trong vụ án vì bản thân khánh là người chỉ huy cầm đầu, không nhận thức rõ mức độ nguy hại để dẫn tới hậu quả nhiều gia đình tan nát. đây là điều hết sức buồn và đau khổ. về phần bản thân của mình, bị cáo khánh không có đề nghị gì vì tự thấy bản thân không đủ để được hưởng sự khoan hồng của pháp luật, bản án là đúng người đúng tội, không có gì sai và thích đáng đối với bị cáo. theo vtc news",638,146,T03. CRIME_LAW_AND_JUSTICE,T03,human_verified,manual_adjudicated,Han; Nhung; Yen,,pilot_400_final,,0.0,0,0,0,0,0,0,0,0.0,964,0.0,0.0,1,1,sum_mismatch,4,19,1,1,1,Friday 15 May 2026 at 17:49,1778842140.0,2026-05-15 10:49:00,2026-05-15,10.0,Friday,post_created_time_unix,ok,1,1779692379,1779692379,2026-05-25 13:59:39,2026-05-25 13:59:39,1,0.0008033333333333,3.3333333333333333e-06,1.5833333333333333e-05,987,0.0008225,1,0,0,0,0,,,,,,,,,,,,0,0,,pilot_or_calibration_sample_exclude_from_test,0,,0
teamcrawl_v1,REC_006522,yen,schema_5_new_timestamp,data/01_Raw_Data/02_Team_Crawled_Raw/Yen/json-yen-schannel-v9-3-2/posts_Schannel 2.json,posts_Schannel 2.json,527,pfbid02haA8gbYiXV8m6spy2EYxA2JD48G1Gihf3VsCjKn6qsT6FxfEAtoHbeQThHBZzWZ9l,https://www.facebook.com/schannel.vn/posts/pfbid02haA8gbYiXV8m6spy2EYxA2JD48G1Gihf3VsCjKn6qsT6FxfEAtoHbeQThHBZzWZ9l,858e5e62372d1e5a,post_id:pfbid02haA8gbYiXV8m6spy2EYxA2JD48G1Gihf3VsCjKn6qsT6FxfEAtoHbeQThHBZzWZ9l,Schannel,schannel.vn,https://www.facebook.com/schannel.vn,1200000,1200000,1,post,,"thảm đỏ met gala 2026 ghi nhận 1 gương mặt mới… dù lần đầu bước chân lên thảm đỏ này nhưng anh ấy đã đi đúng tinh thần fashion is art của năm nay, rất quý phái và cổ điển!!!",173,40,T10. ARTS_CULTURE_ENTERTAINMENT_AND_MEDIA,T10,human_verified,manual_adjudicated,Han; Nhung; Yen,,pilot_400_final,,0.0,0,0,0,0,0,0,0,0.0,592,0.0,0.0,1,1,sum_mismatch,0,7,1,1,1,Tuesday 5 May 2026 at 16:48,1777974480.0,2026-05-05 09:48:00,2026-05-05,9.0,Tuesday,post_created_time_unix,ok,1,1779692789,1779692789,2026-05-25 14:06:29,2026-05-25 14:06:29,1,0.0004933333333333,0.0,5.833333333333333e-06,599,0.0004991666666666,1,0,0,0,0,,,,,,,,,,,,0,0,,pilot_or_calibration_sample_exclude_from_test,0,,0
teamcrawl_v1,REC_006560,yen,schema_5_new_timestamp,data/01_Raw_Data/02_Team_Crawled_Raw/Yen/json-yen-schannel-v9-3-2/posts_Schannel 2.json,posts_Schannel 2.json,565,2207791356638603,https://www.facebook.com/reel/2207791356638603,c4ceaa4babbcff68,post_id:2207791356638603,Schannel,schannel.vn,https://www.facebook.com/schannel.vn,1200000,1200000,1,reel,,trốn hà nội đi huế healing mà ngờ đâu tới huế gặp nửa cái hà nội cre: _embe22tuoi_,82,18,T15. LIFESTYLE_AND_LEISURE,T15,human_verified,manual_adjudicated,Han; Nhung; Yen,,pilot_400_final,,0.0,0,0,0,0,0,0,0,0.0,658,0.0,0.0,1,1,sum_mismatch,6,16,1,1,1,Sunday 26 April 2026 at 11:20,1777177200.0,2026-04-26 04:20:00,2026-04-26,4.0,Sunday,post_created_time_unix,ok,1,1779693646,1779693646,2026-05-25 14:20:46,2026-05-25 14:20:46,1,0.0005483333333333,5e-06,1.3333333333333332e-05,680,0.0005666666666666,1,0,0,0,0,,,,,,,,,,,,0,0,,pilot_or_calibration_sample_exclude_from_test,0,,0
teamcrawl_v1,REC_006593,yen,schema_5_new_timestamp,data/01_Raw_Data/02_Team_Crawled_Raw/Yen/json-yen-schannel-v9-3-2/posts_Schannel 2.json,posts_Schannel 2.json,598,pfbid02iv8k1JRoNyMf5d2eMgToYbSpALBrQfftty9cVvCSQ2KS31BRPG3DBCQ9FhzySMJYl,https://www.facebook.com/schannel.vn/posts/pfbid02iv8k1JRoNyMf5d2eMgToYbSpALBrQfftty9cVvCSQ2KS31BRPG3DBCQ9FhzySMJYl,648f12b042634f63,post_id:pfbid02iv8k1JRoNyMf5d2eMgToYbSpALBrQfftty9cVvCSQ2KS31BRPG3DBCQ9FhzySMJYl,Schannel,schannel.vn,https://www.facebook.com/schannel.vn,1200000,1200000,1,post,,"lời khai rợn người của đối tượng nhưng mà hiệp, kẻ bạo hành bé gái 4 tuổi trong căn phòng trọ ở phú diễn, hà nội theo: hà nội online",126,28,T03. CRIME_LAW_AND_JUSTICE,T03,human_verified,manual_adjudicated,Han; Nhung; Yen,,pilot_400_final,,0.0,0,0,0,0,0,0,0,0.0,889,0.0,0.0,1,1,sum_mismatch,14,113,1,1,1,Thursday 7 May 2026 at 22:35,1778168100.0,2026-05-07 15:35:00,2026-05-07,15.0,Thursday,post_created_time_unix,ok,1,1779695062,1779695062,2026-05-25 14:44:22,2026-05-25 14:44:22,1,0.0007408333333333,1.1666666666666666e-05,9.416666666666666e-05,1016,0.0008466666666666,1,0,0,0,0,,,,,,,,,,,,0,0,,pilot_or_calibration_sample_exclude_from_test,0,,0
teamcrawl_v1,REC_006637,yen,schema_5_new_timestamp,data/01_Raw_Data/02_Team_Crawled_Raw/Yen/json-yen-schannel-v9-3-2/posts_Schannel 2.json,posts_Schannel 2.json,642,pfbid02Wj7DjEGs7eXTYgPWGURfH24J9EXnMbBVu76Q85ckE5y9Ne551gU9SXNm6MsqD5yKl,https://www.facebook.com/schannel.vn/posts/pfbid02Wj7DjEGs7eXTYgPWGURfH24J9EXnMbBVu76Q85ckE5y9Ne551gU9SXNm6MsqD5yKl,689c6a58df1f9af8,post_id:pfbid02Wj7DjEGs7eXTYgPWGURfH24J9EXnMbBVu76Q85ckE5y9Ne551gU9SXNm6MsqD5yKl,Schannel,schannel.vn,https://www.facebook.com/schannel.vn,1200000,1200000,1,post,,"dự án cảng hàng không vân phong (sân bay vân phong). mới đây, bộ xây dựng trình thủ tướng chính phủ xem xét và phê duyệt đề cương điều chỉnh quy hoạch hệ thống cảng hàng không toàn quốc thời kỳ 2021 – 2030, tầm nhìn đến năm 2050. đây là động thái nhằm định hình một mạng lưới hạ tầng hàng không đồng bộ, linh hoạt và tiệm cận xu thế phát triển của ngành hàng không quốc tế. đáng chú ý, trọng tâm của lần điều chỉnh là nghiên cứu bổ sung hai cảng hàng không mới gồm măng đen và vân phong vào quy hoạch tổng thể. đồng thời, nâng cấp cảng hàng không quảng trị từ cấp 4c lên 4e nhằm đáp ứng nhu cầu khai thác trong dài hạn. trong số đó, dự án sân bay vân phong được đề xuất xây dựng tại xã vạn thắng, tỉnh khánh hòa (thuộc khu vực huyện vạn ninh, tỉnh khánh hòa trước đây), cách tp nha trang cũ khoảng 65km. đặc biệt, sân bay vân phong được quy hoạch trên vùng mặt nước ven bờ với diện tích khoảng 497,1 ha. đây là một mô hình hạ tầng hàng không hoàn toàn mới tại việt nam. theo: nhịp sống thị trường",996,214,T17. TRANSPORT_INFRASTRUCTURE,T17,human_verified,manual_adjudicated,Han; Nhung; Yen,,pilot_100_additional_final,,0.0,0,0,0,0,0,0,0,0.0,1100,0.0,0.0,1,1,sum_mismatch,7,19,1,1,1,Monday 20 April 2026 at 14:10,1776669000.0,2026-04-20 07:10:00,2026-04-20,7.0,Monday,post_created_time_unix,ok,1,1779696127,1779696127,2026-05-25 15:02:07,2026-05-25 15:02:07,1,0.0009166666666666,5.833333333333333e-06,1.5833333333333333e-05,1126,0.0009383333333333,1,0,0,0,0,,,,,,,,,,,,0,0,,pilot_or_calibration_sample_exclude_from_test,0,,0
teamcrawl_v1,REC_007345,yen,schema_5_new_timestamp,data/01_Raw_Data/02_Team_Crawled_Raw/Yen/json-yen-schannel-v9-3-2/posts_Schannel 4.json,posts_Schannel 4.json,677,1714944096528237,https://www.facebook.com/reel/1714944096528237,ac2a7c2753cdcd21,post_id:1714944096528237,Schannel,schannel.vn,https://www.facebook.com/schannel.vn,1200000,1200000,1,reel,,in game “anh nào bản lĩnh” cùng chú bán nước mía ở đường bưởi biết là diễn để tuyên truyền rồi nhưng sao nhập vai thật thế video: cục cảnh sát giao thông,153,33,T17. TRANSPORT_INFRASTRUCTURE,T17,human_verified,manual_adjudicated,Han; Nhung; Yen,,pilot_100_final,,0.0,0,0,0,0,0,0,0,0.0,3800,0.0,0.0,1,1,sum_mismatch,52,68,1,1,1,Thursday 21 May 2026 at 10:47,1779335220.0,2026-05-21 03:47:00,2026-05-21,3.0,Thursday,post_created_time_unix,ok,1,1779703179,1779703179,2026-05-25 16:59:39,2026-05-25 16:59:39,1,0.0031666666666666,4.333333333333333e-05,5.666666666666666e-05,3920,0.0032666666666666,1,0,0,0,0,,,,,,,,,,,,0,0,,pilot_or_calibration_sample_exclude_from_test,0,,0
teamcrawl_v1,REC_007354,yen,schema_5_new_timestamp,data/01_Raw_Data/02_Team_Crawled_Raw/Yen/json-yen-schannel-v9-3-2/posts_Schannel 4.json,posts_Schannel 4.json,686,pfbid02vxkXomU6AEB26ru4HfNRuMPDciRfs4kmXMbsLzGMwwnhj83GeQ8C98nfEgtDCMV2l,https://www.facebook.com/schannel.vn/posts/pfbid02vxkXomU6AEB26ru4HfNRuMPDciRfs4kmXMbsLzGMwwnhj83GeQ8C98nfEgtDCMV2l,49b4f1177c0c7973,post_id:pfbid02vxkXomU6AEB26ru4HfNRuMPDciRfs4kmXMbsLzGMwwnhj83GeQ8C98nfEgtDCMV2l,Schannel,schannel.vn,https://www.facebook.com/schannel.vn,1200000,1200000,1,post,,"nhiều thí sinh hứng thú với các ngành khoa học, công nghệ nhưng băn khoăn vì không giỏi toán, chuyên gia nói đây không phải yếu tố quyết định hoàn toàn và 'mọi thứ vẫn có thể làm lại'. tại ngày hội tuyển sinh khối các ngành khoa học và công nghệ do báo tiền phong tổ chức ngày 17/5, một học sinh lớp 11 trường thpt mỹ đình, hà nội, đặt câu hỏi tương tự. gsts trần hồng thái, chủ tịch viện hàn lâm khoa học và công nghệ việt nam, cho rằng điểm số môn toán không phải yếu tố quyết định hoàn toàn khả năng học ngành khoa học, công nghệ. thực tế, nhiều học sinh lớp 11, 12 có điểm toán thấp, nhưng quá trình học đại học, đặc biệt khi học tập tại nước ngoài - những nơi chưa tập trung môn toán ở bậc thcs, thpt nhiều như ở việt nam, sinh viên sẽ được đào tạo bài bản lại về toán và các môn cơ bản, gắn với mục tiêu cụ thể. từ đó, trình độ sẽ dần hoàn thiện, đi lên. dù vậy, ông khuyên học sinh khi chọn ngành không chỉ dựa vào danh tiếng và xu hướng, mà phải xuất phát từ sự tương thích với bản sắc cá nhân và khả năng chịu đựng áp lực. theo: vnexpress",1064,229,T05. EDUCATION,T05,human_verified,manual_adjudicated,Han; Nhung; Yen,,pilot_100_final,,0.0,0,0,0,0,0,0,0,0.0,348,0.0,0.0,1,1,sum_mismatch,9,9,1,1,1,Monday 18 May 2026 at 08:51,1779069060.0,2026-05-18 01:51:00,2026-05-18,1.0,Monday,post_created_time_unix,ok,1,1779703380,1779703380,2026-05-25 17:03:00,2026-05-25 17:03:00,1,0.00029,7.5e-06,7.5e-06,366,0.000305,1,0,0,0,0,,,,,,,,,,,,0,0,,pilot_or_calibration_sample_exclude_from_test,0,,0
teamcrawl_v1,REC_007357,yen,schema_5_new_timestamp,data/01_Raw_Data/02_Team_Crawled_Raw/Yen/json-yen-schannel-v9-3-2/posts_Schannel 4.json,posts_Schannel 4.json,689,pfbid0HiuPYpyTEGZLwUeFbCaeN8uBJ8rW3F5DpCYSpXTtrRasqo4QmnvoK8mx1Fbq5RF9l,https://www.facebook.com/schannel.vn/posts/pfbid0HiuPYpyTEGZLwUeFbCaeN8uBJ8rW3F5DpCYSpXTtrRasqo4QmnvoK8mx1Fbq5RF9l,512fe1c52706445b,post_id:pfbid0HiuPYpyTEGZLwUeFbCaeN8uBJ8rW3F5DpCYSpXTtrRasqo4QmnvoK8mx1Fbq5RF9l,Schannel,schannel.vn,https://www.facebook.com/schannel.vn,1200000,1200000,1,post,,"sáng nay trên phố lý thường kiệt, hà nội!!! chiếc xe bus huyền thoại bốc cháy!!! ảnh: hà nội fan",96,20,T09. DISASTER_ACCIDENT_AND_EMERGENCY_INCIDENT,T09,human_verified,manual_adjudicated,Han; Nhung; Yen,,pilot_400_final,,0.0,0,0,0,0,0,0,0,0.0,275,0.0,0.0,1,1,sum_mismatch,1,31,1,1,1,Saturday 16 May 2026 at 11:20,1778905200.0,2026-05-16 04:20:00,2026-05-16,4.0,Saturday,post_created_time_unix,ok,1,1779703446,1779703446,2026-05-25 17:04:06,2026-05-25 17:04:06,1,0.0002291666666666,8.333333333333333e-07,2.583333333333333e-05,307,0.0002558333333333,1,0,0,0,0,,,,,,,,,,,,0,0,,pilot_or_calibration_sample_exclude_from_test,0,,0
teamcrawl_v1,REC_007358,yen,schema_5_new_timestamp,data/01_Raw_Data/02_Team_Crawled_Raw/Yen/json-yen-schannel-v9-3-2/posts_Schannel 4.json,posts_Schannel 4.json,690,pfbid02p6Tn9sb8EcfyqVbg5hhcdRS4eSZFeQpxiGYDevvQ5GSKDHh4AyFsHqce2C1hhNuxl,https://www.facebook.com/schannel.vn/posts/pfbid02p6Tn9sb8EcfyqVbg5hhcdRS4eSZFeQpxiGYDevvQ5GSKDHh4AyFsHqce2C1hhNuxl,acfe7ade8c49db3f,post_id:pfbid02p6Tn9sb8EcfyqVbg5hhcdRS4eSZFeQpxiGYDevvQ5GSKDHh4AyFsHqce2C1hhNuxl,Schannel,schannel.vn,https://www.facebook.com/schannel.vn,1200000,1200000,1,post,,"cháy lớn ở phú mỹ - mỹ đình, hà nội. gần 10 xe cứu hỏa đã được điều động tới hiện trường. mong không có thiệt hại về người. ảnh: vietnamnet",139,31,T09. DISASTER_ACCIDENT_AND_EMERGENCY_INCIDENT,T09,human_verified,manual_adjudicated,Han; Nhung; Yen,,pilot_400_final,,0.0,0,0,0,0,0,0,0,0.0,191,0.0,0.0,1,1,sum_mismatch,0,3,1,1,1,Monday 11 May 2026 at 11:58,1778475480.0,2026-05-11 04:58:00,2026-05-11,4.0,Monday,post_created_time_unix,ok,1,1779703700,1779703700,2026-05-25 17:08:20,2026-05-25 17:08:20,1,0.0001591666666666,0.0,2.5e-06,194,0.0001616666666666,1,0,0,0,0,,,,,,,,,,,,0,0,,pilot_or_calibration_sample_exclude_from_test,0,,0
teamcrawl_v1,REC_007368,yen,schema_5_new_timestamp,data/01_Raw_Data/02_Team_Crawled_Raw/Yen/json-yen-schannel-v9-3-2/posts_Schannel 4.json,posts_Schannel 4.json,700,pfbid028cDXvVQKZTzdJQuLZmQ1bzdZQaXrCzYD3xjs3xtuBw3G8ysCWecyiv7wWduD333el,https://www.facebook.com/schannel.vn/posts/pfbid028cDXvVQKZTzdJQuLZmQ1bzdZQaXrCzYD3xjs3xtuBw3G8ysCWecyiv7wWduD333el,6152f98995e52ae3,post_id:pfbid028cDXvVQKZTzdJQuLZmQ1bzdZQaXrCzYD3xjs3xtuBw3G8ysCWecyiv7wWduD333el,Schannel,schannel.vn,https://www.facebook.com/schannel.vn,1200000,1200000,1,post,,"những hiện vật, vũ khí trong xe tăng trục vớt ở biển quy nhơn hàng chục khẩu súng ar15, đạn pháo còn nguyên kíp nổ, cùng xư.ơng người và nhiều tư trang như giày, mũ sắt được lực lượng chức năng phát hiện khi trục vớt xe tăng dưới biển quy nhơn, tối 29/4. theo: vnexpress",273,56,T09. DISASTER_ACCIDENT_AND_EMERGENCY_INCIDENT,T09,human_verified,manual_adjudicated,Han; Nhung; Yen,,pilot_400_final,,0.0,0,0,0,0,0,0,0,0.0,1200,0.0,0.0,1,1,sum_mismatch,9,26,1,1,1,Thursday 30 April 2026 at 10:42,1777520520.0,2026-04-30 03:42:00,2026-04-30,3.0,Thursday,post_created_time_unix,ok,1,1779704218,1779704218,2026-05-25 17:16:58,2026-05-25 17:16:58,1,0.001,7.5e-06,2.1666666666666667e-05,1235,0.0010291666666666,1,0,0,0,0,,,,,,,,,,,,0,0,,pilot_or_calibration_sample_exclude_from_test,0,,0
teamcrawl_v1,REC_007370,yen,schema_5_new_timestamp,data/01_Raw_Data/02_Team_Crawled_Raw/Yen/json-yen-schannel-v9-3-2/posts_Schannel 4.json,posts_Schannel 4.json,702,pfbid0251BuEaqgfGcxiB833b1isAKNQbgn7ytoFNxMFJDCu1zAaK7KZ1gVV4qsQW1W5o2Kl,https://www.facebook.com/schannel.vn/posts/pfbid0251BuEaqgfGcxiB833b1isAKNQbgn7ytoFNxMFJDCu1zAaK7KZ1gVV4qsQW1W5o2Kl,4880c25045183160,post_id:pfbid0251BuEaqgfGcxiB833b1isAKNQbgn7ytoFNxMFJDCu1zAaK7KZ1gVV4qsQW1W5o2Kl,Schannel,schannel.vn,https://www.facebook.com/schannel.vn,1200000,1200000,1,post,,"“nếu bây giờ con không cố gắng, thì con sợ nội cũng bỏ con đi như ba mẹ con đã từng” - đó là chia sẻ của 1 cô bé 18 tuổi nhưng đã phải gồng mình làm người lớn nhiều năm, nếm đủ cảm giác mất mát trong đời... mất mẹ trong dịch covid, chứng kiến ba mất trong phòng sau đó... hiện tại em sống với ông nội và chú. khi tham gia chương trình mái ấm gia đình việt, những điều em chia sẻ đã khiến nhiều người phải nhói lòng. 1 đứa trẻ trưởng thành thì vẫn là 1 đứa trẻ, cũng cần được yêu thương! cre: mái ấm gia đình việt",512,116,T13. HUMAN_INTEREST,T13,human_verified,manual_adjudicated,Han; Nhung; Yen,,pilot_400_final,,0.0,0,0,0,0,0,0,0,0.0,368,0.0,0.0,1,1,sum_mismatch,3,0,1,1,1,Wednesday 29 April 2026 at 15:31,1777451460.0,2026-04-29 08:31:00,2026-04-29,8.0,Wednesday,post_created_time_unix,ok,1,1779704273,1779704273,2026-05-25 17:17:53,2026-05-25 17:17:53,1,0.0003066666666666,2.5e-06,0.0,371,0.0003091666666666,1,0,0,0,0,,,,,,,,,,,,0,0,,pilot_or_calibration_sample_exclude_from_test,0,,0
teamcrawl_v1,REC_007371,yen,schema_5_new_timestamp,data/01_Raw_Data/02_Team_Crawled_Raw/Yen/json-yen-schannel-v9-3-2/posts_Schannel 4.json,posts_Schannel 4.json,703,pfbid0NB5QVwAftjsNmBzC2aFsrVTH8C2RF6vgR6upqgfkPTmqXPVVfTUZHjvMjfVYPnZPl,https://www.facebook.com/schannel.vn/posts/pfbid0NB5QVwAftjsNmBzC2aFsrVTH8C2RF6vgR6upqgfkPTmqXPVVfTUZHjvMjfVYPnZPl,7896002ad264ad58,post_id:pfbid0NB5QVwAftjsNmBzC2aFsrVTH8C2RF6vgR6upqgfkPTmqXPVVfTUZHjvMjfVYPnZPl,Schannel,schannel.vn,https://www.facebook.com/schannel.vn,1200000,1200000,1,post,,"sau khi cơ quan cảnh sát điều tra bộ công an ban hành quyết định không khởi tố vụ án hình sự liên quan đến dự án ""nuôi em"", ông hoàng hoa trung lên tiếng. ông cho biết, các hoạt động của ""nuôi em"" từ đầu năm 2026 đến nay vẫn được triển khai như bình thường nhằm đảm bảo các bữa ăn cho trẻ em vùng cao. số lượng trẻ được hỗ trợ có lúc lên tới hơn 84000 em. sắp tới, ông hoàng hoa trung và đội ngũ dự kiến đăng ký dự án theo mô hình doanh nghiệp xã hội, đồng nghĩa hoạt động tài chính gắn với pháp nhân, có hệ thống kế toán, kiểm toán để tăng tính minh bạch. ""tuy nhiên, việc đi theo hướng chuyên nghiệp hơn cũng không phải dễ dàng vì sẽ phát sinh những chi phí lớn như mặt bằng, nhân sự, kiểm toán. bên cạnh đó, cộng đồng thời gian qua cũng chưa quen với việc một phần tiền ủng hộ của họ có thể được dùng cho công tác vận hành. đó cũng là lý do thời gian trước đây, chúng tôi không làm theo mô hình quỹ hay tổ chức, bởi một phần là cộng đồng chưa sẵn sàng"", ông nói thêm. người điều hành ""nuôi em"" cũng chia sẻ nếu cộng đồng có mong muốn và bản thân có thể làm được, ông và đội ngũ sẵn sàng thay đổi theo hướng tốt hơn, chuyên nghiệp hơn ""để cộng đồng yên tâm"". theo: znews",1173,258,T12. SOCIETY,T12,human_verified,manual_adjudicated,Han; Nhung; Yen,,pilot_100_additional_final,,0.0,0,0,0,0,0,0,0,0.0,651,0.0,0.0,1,1,sum_mismatch,3,22,1,1,1,Wednesday 29 April 2026 at 09:35,1777430100.0,2026-04-29 02:35:00,2026-04-29,2.0,Wednesday,post_created_time_unix,ok,1,1779704315,1779704315,2026-05-25 17:18:35,2026-05-25 17:18:35,1,0.0005425,2.5e-06,1.8333333333333333e-05,676,0.0005633333333333,1,0,0,0,0,,,,,,,,,,,,0,0,,pilot_or_calibration_sample_exclude_from_test,0,,0
teamcrawl_v1,REC_007379,yen,schema_5_new_timestamp,data/01_Raw_Data/02_Team_Crawled_Raw/Yen/json-yen-schannel-v9-3-2/posts_Schannel 4.json,posts_Schannel 4.json,711,pfbid0GJfkJDfAAWaJmefzidBy5Uwe49UYF8UXq6vfJBeDJ3vULF7PqU5shSh5wmUu96gRl,https://www.facebook.com/schannel.vn/posts/pfbid0GJfkJDfAAWaJmefzidBy5Uwe49UYF8UXq6vfJBeDJ3vULF7PqU5shSh5wmUu96gRl,4405a8967ece3f9e,post_id:pfbid0GJfkJDfAAWaJmefzidBy5Uwe49UYF8UXq6vfJBeDJ3vULF7PqU5shSh5wmUu96gRl,Schannel,schannel.vn,https://www.facebook.com/schannel.vn,1200000,1200000,1,post,,"không khí trước thềm lễ tốt nghiệp k24… thời tiết cũng hơi oi bức, các bạn xếp hàng đi đổi vòng đổi vé tham dự lễ tốt nghiệp nhớ mũ áo đầy đủ, giữ sức tối còn quẩy nhé",167,39,T05. EDUCATION,T05,human_verified,manual_adjudicated,Han; Nhung; Yen,,pilot_400_final,,0.0,0,0,0,0,0,0,0,0.0,283,0.0,0.0,1,1,sum_mismatch,0,2,1,1,1,Sunday 26 April 2026 at 11:07,1777176420.0,2026-04-26 04:07:00,2026-04-26,4.0,Sunday,post_created_time_unix,ok,1,1779704553,1779704553,2026-05-25 17:22:33,2026-05-25 17:22:33,1,0.0002358333333333,0.0,1.6666666666666669e-06,285,0.0002375,1,0,0,0,0,,,,,,,,,,,,0,0,,pilot_or_calibration_sample_exclude_from_test,0,,0
teamcrawl_v1,REC_008134,yen,schema_5_new_timestamp,data/01_Raw_Data/02_Team_Crawled_Raw/Yen/json-yen-schannel-v9-3-2/posts_Schannel.json,posts_Schannel.json,750,pfbid02VVaKzUvV2sijfw3UG2C22NVM4YyPvkHzDK97XnSskAegSM6saKuBqSAjExq257i8l,https://www.facebook.com/schannel.vn/posts/pfbid02VVaKzUvV2sijfw3UG2C22NVM4YyPvkHzDK97XnSskAegSM6saKuBqSAjExq257i8l,5c038d5e0bb29cc2,post_id:pfbid02VVaKzUvV2sijfw3UG2C22NVM4YyPvkHzDK97XnSskAegSM6saKuBqSAjExq257i8l,Schannel,schannel.vn,https://www.facebook.com/schannel.vn,1200000,1200000,1,post,,"khoảng 13h ngày 25/5, xe phun nước rửa đường khi đi qua ngã tư tràng thi - quán sứ (phường cửa nam, tp hà nội) bất ngờ bị sụt bánh trước xuống hố tại khu vực đang thi công cống thoát nước, khiến phương tiện mắc kẹt, không thể di chuyển. được biết, miệng hố rộng khoảng 0,5 m, nằm giữa ngã tư. sau sự cố, lực lượng chức năng điều xe cẩu tới hỗ trợ. tài xế phải xả bớt nước trong bồn để giảm tải trọng, phục vụ công tác cứu hộ. theo: vtcnews",439,96,T17. TRANSPORT_INFRASTRUCTURE,T17,human_verified,manual_adjudicated,Han; Nhung; Yen,,pilot_100_final,,0.0,0,0,0,0,0,0,0,0.0,103,0.0,0.0,1,1,sum_mismatch,0,0,1,1,1,Monday 25 May 2026 at 15:50,1779699000.0,2026-05-25 08:50:00,2026-05-25,8.0,Monday,post_created_time_unix,ok,1,1779712586,1779712586,2026-05-25 19:36:26,2026-05-25 19:36:26,1,8.583333333333334e-05,0.0,0.0,103,8.583333333333334e-05,1,0,0,0,0,,,,,,,,,,,,0,0,,pilot_or_calibration_sample_exclude_from_test,0,,0
teamcrawl_v1,REC_008161,yen,schema_5_new_timestamp,data/01_Raw_Data/02_Team_Crawled_Raw/Yen/json-yen-schannel-v9-3-2/posts_Schannel.json,posts_Schannel.json,777,pfbid02d9J8KvQo141o3hiyknSTKAPz8rB92EjmkPzdrz87w6Ge9MEW391TGSDxoDRhE9RCl,https://www.facebook.com/schannel.vn/posts/pfbid02d9J8KvQo141o3hiyknSTKAPz8rB92EjmkPzdrz87w6Ge9MEW391TGSDxoDRhE9RCl,508b29ad209f8b79,post_id:pfbid02d9J8KvQo141o3hiyknSTKAPz8rB92EjmkPzdrz87w6Ge9MEW391TGSDxoDRhE9RCl,Schannel,schannel.vn,https://www.facebook.com/schannel.vn,1200000,1200000,1,post,,rần rần trên x: cđm đồn thổi việc billie lên sân khấu hoàn toàn không nằm trong kế hoạch trước đó mà chính hailey đã đẩy billie lên sân khấu để trở thành one less lonely girl!!! suýt nữa thì tưởng bà fan cuồng nào phấn kích lao lên sân khấu =))),245,52,T10. ARTS_CULTURE_ENTERTAINMENT_AND_MEDIA,T10,human_verified,manual_adjudicated,Han; Nhung; Yen,,pilot_400_final,,0.0,0,0,0,0,0,0,0,0.0,2400,0.0,0.0,1,1,sum_mismatch,51,13,1,1,1,Sunday 19 April 2026 at 17:43,1776595380.0,2026-04-19 10:43:00,2026-04-19,10.0,Sunday,post_created_time_unix,ok,1,1779713750,1779713750,2026-05-25 19:55:50,2026-05-25 19:55:50,1,0.002,4.25e-05,1.0833333333333334e-05,2464,0.0020533333333333,1,0,0,0,0,,,,,,,,,,,,0,0,,pilot_or_calibration_sample_exclude_from_test,0,,0
teamcrawl_v1,REC_008173,yen,schema_5_new_timestamp,data/01_Raw_Data/02_Team_Crawled_Raw/Yen/json-yen-schannel-v9-3-2/posts_Schannel.json,posts_Schannel.json,789,pfbid02EGq6nKQB2NUp9pn3CmFZnxJ4oKd8ehvsCjKpkEB7mAWWymjZN2CFi2rrXiabTn6Wl,https://www.facebook.com/schannel.vn/posts/pfbid02EGq6nKQB2NUp9pn3CmFZnxJ4oKd8ehvsCjKpkEB7mAWWymjZN2CFi2rrXiabTn6Wl,6f0c7af675b5cbb6,post_id:pfbid02EGq6nKQB2NUp9pn3CmFZnxJ4oKd8ehvsCjKpkEB7mAWWymjZN2CFi2rrXiabTn6Wl,Schannel,schannel.vn,https://www.facebook.com/schannel.vn,1200000,1200000,1,post,,"từ hôm nay 17/4, nắng nóng trên diện rộng chính thức chấm dứt khi mưa giông xuất hiện ở nhiều tỉnh thành, tiềm ẩn nguy cơ xảy ra gió lốc, sấm sét, mưa đá!!! cre: dự báo thời tiết vtv",182,40,T08. WEATHER,T08,human_verified,manual_adjudicated,Han; Nhung; Yen,,pilot_400_final,,0.0,0,0,0,0,0,0,0,0.0,441,0.0,0.0,1,1,sum_mismatch,8,6,1,1,1,Friday 17 April 2026 at 07:37,1776386220.0,2026-04-17 00:37:00,2026-04-17,0.0,Friday,post_created_time_unix,ok,1,1779714035,1779714035,2026-05-25 20:00:35,2026-05-25 20:00:35,1,0.0003675,6.666666666666667e-06,5e-06,455,0.0003791666666666,1,0,0,0,0,,,,,,,,,,,,0,0,,pilot_or_calibration_sample_exclude_from_test,0,,0
teamcrawl_v1,REC_008177,yen,schema_5_new_timestamp,data/01_Raw_Data/02_Team_Crawled_Raw/Yen/json-yen-schannel-v9-3-2/posts_Schannel.json,posts_Schannel.json,793,pfbid0xi6iX4m77sLB6mSLvvMVTa63oi2k7RTXRZGqs8BAhYMsWyvhB1bR9b2fohwXQPN2l,https://www.facebook.com/schannel.vn/posts/pfbid0xi6iX4m77sLB6mSLvvMVTa63oi2k7RTXRZGqs8BAhYMsWyvhB1bR9b2fohwXQPN2l,9bbc55c1e9dcc008,post_id:pfbid0xi6iX4m77sLB6mSLvvMVTa63oi2k7RTXRZGqs8BAhYMsWyvhB1bR9b2fohwXQPN2l,Schannel,schannel.vn,https://www.facebook.com/schannel.vn,1200000,1200000,1,post,,"cuối tuần này, nàng bân ghé chơi… thời tiết chuyển mát mẻ!!! ảnh: vtv",69,14,T08. WEATHER,T08,human_verified,manual_adjudicated,Han; Nhung; Yen,,pilot_400_final,,0.0,0,0,0,0,0,0,0,0.0,374,0.0,0.0,1,1,sum_mismatch,2,9,1,1,1,Thursday 16 April 2026 at 13:47,1776322020.0,2026-04-16 06:47:00,2026-04-16,6.0,Thursday,post_created_time_unix,ok,1,1779714144,1779714144,2026-05-25 20:02:24,2026-05-25 20:02:24,1,0.0003116666666666,1.6666666666666669e-06,7.5e-06,385,0.0003208333333333,1,0,0,0,0,,,,,,,,,,,,0,0,,pilot_or_calibration_sample_exclude_from_test,0,,0
teamcrawl_v1,REC_008186,yen,schema_5_new_timestamp,data/01_Raw_Data/02_Team_Crawled_Raw/Yen/json-yen-schannel-v9-3-2/posts_Schannel.json,posts_Schannel.json,802,pfbid0ini5Sk1HgcoPVdiTpp4LssonL1KfhWLXDzyc8MPjBMZcdQoxsxCAUAC7FLM4wYBql,https://www.facebook.com/schannel.vn/posts/pfbid0ini5Sk1HgcoPVdiTpp4LssonL1KfhWLXDzyc8MPjBMZcdQoxsxCAUAC7FLM4wYBql,ba51b3ee104750d4,post_id:pfbid0ini5Sk1HgcoPVdiTpp4LssonL1KfhWLXDzyc8MPjBMZcdQoxsxCAUAC7FLM4wYBql,Schannel,schannel.vn,https://www.facebook.com/schannel.vn,1200000,1200000,1,post,,"15000 sinh viên đại học quốc gia hà nội sẽ lên học tập tại hòa lạc, gồm nhóm từ trường khoa học tự nhiên, trong khi học sinh thpt hes dự kiến về lại nội đô. theo: vnexpress",173,38,T05. EDUCATION,T05,human_verified,manual_adjudicated,Han; Nhung; Yen,,pilot_100_final,,0.0,0,0,0,0,0,0,0,0.0,1200,0.0,0.0,1,1,sum_mismatch,5,35,1,1,1,Tuesday 14 April 2026 at 08:37,1776130620.0,2026-04-14 01:37:00,2026-04-14,1.0,Tuesday,post_created_time_unix,ok,1,1779714393,1779714393,2026-05-25 20:06:33,2026-05-25 20:06:33,1,0.001,4.166666666666667e-06,2.9166666666666663e-05,1240,0.0010333333333333,1,0,0,0,0,,,,,,,,,,,,0,0,,pilot_or_calibration_sample_exclude_from_test,0,,0
teamcrawl_v1,REC_008211,yen,schema_5_new_timestamp,data/01_Raw_Data/02_Team_Crawled_Raw/Yen/json-yen-schannel-v9-3-2/posts_Schannel.json,posts_Schannel.json,827,2196558617842345,https://www.facebook.com/reel/2196558617842345,e1b745f81a045eaf,post_id:2196558617842345,Schannel,schannel.vn,https://www.facebook.com/schannel.vn,1200000,1200000,1,reel,,khi bạn đang than dạo này hàng hoá ế ẩm quá thì tự nhiên có vợ chồng tổng thống hàn quốc ghé vô ủng hộ cre: song thu,116,28,T13. HUMAN_INTEREST,T13,human_verified,manual_adjudicated,Han; Nhung; Yen,,pilot_400_final,,0.0,675,55,200,0,0,0,2,0.0,932,932.0,1.0,1,1,ok,10,10,1,1,1,Friday 24 April 2026 at 22:43,1777045380.0,2026-04-24 15:43:00,2026-04-24,15.0,Friday,post_created_time_unix,ok,1,1779715869,1779715869,2026-05-25 20:31:09,2026-05-25 20:31:09,1,0.0007766666666666,8.333333333333334e-06,8.333333333333334e-06,952,0.0007933333333333,1,0,257,57,200,0.0590128755364806,0.2145922746781116,0.0,0.0,0.0,0.0021459227467811,0.7832618025751072,0.0,0.2145922746781116,0.0021459227467811,-0.2757510729613734,1,1,,pilot_or_calibration_sample_exclude_from_test,0,,1
teamcrawl_v1,REC_008217,yen,schema_5_new_timestamp,data/01_Raw_Data/02_Team_Crawled_Raw/Yen/json-yen-schannel-v9-3-2/posts_Schannel.json,posts_Schannel.json,833,pfbid0tY6ADxGXrSkKM2YWmkMpNAWVtu9W5kzewxEhpnwEbh3qNLbGGXkBZvspYtkL9pB4l,https://www.facebook.com/schannel.vn/posts/pfbid0tY6ADxGXrSkKM2YWmkMpNAWVtu9W5kzewxEhpnwEbh3qNLbGGXkBZvspYtkL9pB4l,4555ce76da3f4118,post_id:pfbid0tY6ADxGXrSkKM2YWmkMpNAWVtu9W5kzewxEhpnwEbh3qNLbGGXkBZvspYtkL9pB4l,Schannel,schannel.vn,https://www.facebook.com/schannel.vn,1200000,1200000,1,post,,bigbang coachella,17,2,T10. ARTS_CULTURE_ENTERTAINMENT_AND_MEDIA,T10,human_verified,manual_adjudicated,Han; Nhung; Yen,,pilot_400_final,,0.0,913,228,0,0,0,0,7,0.0,1148,1148.0,1.0,1,1,ok,15,8,1,1,1,Monday 20 April 2026 at 12:38,1776663480.0,2026-04-20 05:38:00,2026-04-20,5.0,Monday,post_created_time_unix,ok,1,1779716018,1779716018,2026-05-25 20:33:38,2026-05-25 20:33:38,1,0.0009566666666666,1.25e-05,6.666666666666667e-06,1171,0.0009758333333333,1,0,235,235,0,0.1986062717770035,0.0,0.0,0.0,0.0,0.0060975609756097,0.9939024390243902,0.0,0.0,0.0060975609756097,0.2047038327526132,1,1,,pilot_or_calibration_sample_exclude_from_test,0,,1
teamcrawl_v1,REC_008233,yen,schema_5_new_timestamp,data/01_Raw_Data/02_Team_Crawled_Raw/Yen/json-yen-schannel-v9-3-2/posts_Schannel.json,posts_Schannel.json,849,pfbid02oNXRip8ZuUo9nZwXtRBhqSzfbBRbHTPn1rSoFKECyB92gPPc7M6U3oGNYUBKbVXal,https://www.facebook.com/schannel.vn/posts/pfbid02oNXRip8ZuUo9nZwXtRBhqSzfbBRbHTPn1rSoFKECyB92gPPc7M6U3oGNYUBKbVXal,a4a4ab9e96e09712,post_id:pfbid02oNXRip8ZuUo9nZwXtRBhqSzfbBRbHTPn1rSoFKECyB92gPPc7M6U3oGNYUBKbVXal,Schannel,schannel.vn,https://www.facebook.com/schannel.vn,1200000,1200000,1,post,,"trung bình nhà có cậu con zai học giỏi, phụ huynh kiểu. cau mày thế thôi chứ tay vẫn chụp ảnh toanh toách tí về post facebook đấy!!! ảnh: nhà phú ông long7su đỉnh nóc kịch trần bay phấp phới",184,40,T13. HUMAN_INTEREST,T13,human_verified,manual_adjudicated,Han; Nhung; Yen,,pilot_400_final,,0.0,0,0,0,0,0,0,0,0.0,2200,0.0,0.0,1,1,sum_mismatch,11,26,1,1,1,Wednesday 15 April 2026 at 22:35,1776267300.0,2026-04-15 15:35:00,2026-04-15,15.0,Wednesday,post_created_time_unix,ok,1,1779716287,1779716287,2026-05-25 20:38:07,2026-05-25 20:38:07,1,0.0018333333333333,9.166666666666666e-06,2.1666666666666667e-05,2237,0.0018641666666666,1,0,0,0,0,,,,,,,,,,,,0,0,,pilot_or_calibration_sample_exclude_from_test,0,,0
teamcrawl_v1,REC_008239,yen,schema_5_new_timestamp,data/01_Raw_Data/02_Team_Crawled_Raw/Yen/json-yen-schannel-v9-3-2/posts_Schannel.json,posts_Schannel.json,855,pfbid0hdetQJbffVPVJS65hpEgbtWvHGjyrGoxTSZ5iWtiUTKT3hYhfHQkFpsNvd1ji43bl,https://www.facebook.com/schannel.vn/posts/pfbid0hdetQJbffVPVJS65hpEgbtWvHGjyrGoxTSZ5iWtiUTKT3hYhfHQkFpsNvd1ji43bl,cfdafa97939f18eb,post_id:pfbid0hdetQJbffVPVJS65hpEgbtWvHGjyrGoxTSZ5iWtiUTKT3hYhfHQkFpsNvd1ji43bl,Schannel,schannel.vn,https://www.facebook.com/schannel.vn,1200000,1200000,1,post,,"hế lô thpt trần văn giàu, techtalk cập bến rồi nè!!! điểm đến tiếp theo trong chuỗi sự kiện ""học bổng công nghệ s – ươm mầm tương lai"" là trường thpt trần văn giàu, phường long an, tỉnh tây ninh. và người bạn đồng hành lần này sẽ là ngọc ánh. với chủ đề ""khi giao tiếp trở thành lợi thế"" cô tân cử nhân ngoại giao sẽ chia sẻ những gì, các bạn ở trường thpt trần văn giàu chờ đợi nhé. hẹn mọi người vào thứ năm ngày 16/4/2026. và đừng quên hành trình techtalk của chúng mình còn đặt chân đến nhiều trường ở nhiều tỉnh thành khác nhau trên cả nước, mọi người hãy dõi theo cùng chúng mình nhé.",590,125,T05. EDUCATION,T05,human_verified,manual_adjudicated,Han; Nhung; Yen,,pilot_400_final,,0.0,0,0,0,0,0,0,0,0.0,409,0.0,0.0,1,1,sum_mismatch,3,0,1,1,1,Tuesday 14 April 2026 at 11:00,1776139200.0,2026-04-14 04:00:00,2026-04-14,4.0,Tuesday,post_created_time_unix,ok,1,1779716438,1779716438,2026-05-25 20:40:38,2026-05-25 20:40:38,1,0.0003408333333333,2.5e-06,0.0,412,0.0003433333333333,1,0,0,0,0,,,,,,,,,,,,0,0,,pilot_or_calibration_sample_exclude_from_test,0,,0
teamcrawl_v1,REC_008260,yen,schema_5_new_timestamp,data/01_Raw_Data/02_Team_Crawled_Raw/Yen/json-yen-schannel-v9-3-2/posts_Schannel.json,posts_Schannel.json,876,pfbid029cs1vZLPw3A81QzUvgL7wc864T24ZfvVqeQS2VF3RE29rky4By2yA75RbiLnYejel,https://www.facebook.com/schannel.vn/posts/pfbid029cs1vZLPw3A81QzUvgL7wc864T24ZfvVqeQS2VF3RE29rky4By2yA75RbiLnYejel,f652186128460d35,post_id:pfbid029cs1vZLPw3A81QzUvgL7wc864T24ZfvVqeQS2VF3RE29rky4By2yA75RbiLnYejel,Schannel,schannel.vn,https://www.facebook.com/schannel.vn,1200000,1200000,1,post,,"mưa rơi ướt áo ướt quần, làm sao ướt được tinh thần dân chơi… biển army bomb sáng rực chào đón sự trở lại của bts!!!",116,26,T10. ARTS_CULTURE_ENTERTAINMENT_AND_MEDIA,T10,human_verified,manual_adjudicated,Han; Nhung; Yen,,pilot_100_additional_final,,0.0,0,0,0,0,0,0,0,0.0,1900,0.0,0.0,1,1,sum_mismatch,13,12,1,1,1,Thursday 9 April 2026 at 17:29,1775730540.0,2026-04-09 10:29:00,2026-04-09,10.0,Thursday,post_created_time_unix,ok,1,1779716961,1779716961,2026-05-25 20:49:21,2026-05-25 20:49:21,1,0.0015833333333333,1.0833333333333334e-05,1e-05,1925,0.0016041666666666,1,0,0,0,0,,,,,,,,,,,,0,0,,pilot_or_calibration_sample_exclude_from_test,0,,0
teamcrawl_v1,REC_008295,yen,schema_5_new_timestamp,data/01_Raw_Data/02_Team_Crawled_Raw/Yen/json-yen-schannel-v9-3-2/posts_Schannel.json,posts_Schannel.json,911,pfbid0QT7SJxeCHxTn84Tskqx4gH7vTsvsvDTBkQ8MLP9mukpMpfpXGBbQXLhQv1gQQHoil,https://www.facebook.com/schannel.vn/posts/pfbid0QT7SJxeCHxTn84Tskqx4gH7vTsvsvDTBkQ8MLP9mukpMpfpXGBbQXLhQv1gQQHoil,b703d89d19d0da5d,post_id:pfbid0QT7SJxeCHxTn84Tskqx4gH7vTsvsvDTBkQ8MLP9mukpMpfpXGBbQXLhQv1gQQHoil,Schannel,schannel.vn,https://www.facebook.com/schannel.vn,1200000,1200000,1,post,,cụ ông “có nhiêu chơi nhiêu” và cái kết làm con cháu hú hồn cre: noiverse,73,16,T13. HUMAN_INTEREST,T13,human_verified,manual_adjudicated,Han; Nhung; Yen,,pilot_100_additional_final,,0.0,759,6,645,0,5,0,2,0.0,1417,1417.0,1.0,1,1,ok,4,35,1,1,1,Monday 4 May 2026 at 22:15,1777907700.0,2026-05-04 15:15:00,2026-05-04,15.0,Monday,post_created_time_unix,ok,1,1779718804,1779718804,2026-05-25 21:20:04,2026-05-25 21:20:04,1,0.0011808333333333,3.3333333333333333e-06,2.9166666666666663e-05,1456,0.0012133333333333,1,0,658,8,650,0.0042342978122794,0.4551870148200423,0.0,0.0035285815102328,0.0,0.0014114326040931,0.5398729710656316,0.0,0.4551870148200423,0.004940014114326,-0.4643613267466479,1,1,,pilot_or_calibration_sample_exclude_from_test,0,,1
teamcrawl_v1,REC_008343,yen,schema_5_new_timestamp,data/01_Raw_Data/02_Team_Crawled_Raw/Yen/json-yen-schannel-v9-3-2/posts_Schannel.json,posts_Schannel.json,959,pfbid02NrPeqfyNg4DSS2udyQngeQU5zQdgHPzmKk6mmirnaRKoju7DWzQ25znsRybTa8GMl,https://www.facebook.com/schannel.vn/posts/pfbid02NrPeqfyNg4DSS2udyQngeQU5zQdgHPzmKk6mmirnaRKoju7DWzQ25znsRybTa8GMl,a50d503585d6918f,post_id:pfbid02NrPeqfyNg4DSS2udyQngeQU5zQdgHPzmKk6mmirnaRKoju7DWzQ25znsRybTa8GMl,Schannel,schannel.vn,https://www.facebook.com/schannel.vn,1200000,1200000,1,post,,sát giờ g ông trump đồng ý ngừng bắn với iran trong 2 tuần,58,14,T16. WORLD_INTERNATIONAL,T16,human_verified,manual_adjudicated,Han; Nhung; Yen,,pilot_100_additional_final,,0.0,733,6,342,3,0,0,0,0.0,1084,1084.0,1.0,1,1,ok,4,82,1,1,1,Wednesday 8 April 2026 at 06:31,1775604660.0,2026-04-07 23:31:00,2026-04-07,23.0,Tuesday,post_created_time_unix,ok,1,1779720355,1779720355,2026-05-25 21:45:55,2026-05-25 21:45:55,1,0.0009033333333333,3.3333333333333333e-06,6.833333333333333e-05,1170,0.000975,1,0,351,6,345,0.0055350553505535,0.3154981549815498,0.0027675276752767,0.0,0.0,0.0,0.6817343173431735,0.0,0.3154981549815498,0.0,-0.3238007380073801,1,1,,pilot_or_calibration_sample_exclude_from_test,0,,1
teamcrawl_v1,REC_008378,yen,schema_5_new_timestamp,data/01_Raw_Data/02_Team_Crawled_Raw/Yen/json-yen-schannel-v9-3-2/posts_Schannel.json,posts_Schannel.json,994,pfbid0VH1xSQ2Zhqfbz8ckTnZ8fh1z5wUo63LrZXt4YS5ZbZPtuteDVNZFkJfompTFs7Vml,https://www.facebook.com/schannel.vn/posts/pfbid0VH1xSQ2Zhqfbz8ckTnZ8fh1z5wUo63LrZXt4YS5ZbZPtuteDVNZFkJfompTFs7Vml,16701aee75c23323,post_id:pfbid0VH1xSQ2Zhqfbz8ckTnZ8fh1z5wUo63LrZXt4YS5ZbZPtuteDVNZFkJfompTFs7Vml,Schannel,schannel.vn,https://www.facebook.com/schannel.vn,1200000,1200000,1,post,,"trong bối cảnh các cuộc đàm phán theo thỏa thuận ngừng chiến giữa mỹ và iran sẽ được khởi động cuối tuần này, ngày 94, lãnh đạo hai nước vẫn đưa ra những tuyên bố cứng rắn cho thấy sự mâu thuẫn trong mục tiêu đàm phán giữa hai bên. lãnh đạo tối cao mới của iran, ông mojtaba khamenei, khẳng định nước cộng hòa hồi giáo không muốn chiến tranh với mỹ và israel nhưng sẽ bảo vệ các quyền hợp pháp của mình với tư cách là một quốc gia. về phía mỹ, tổng thống mỹ donald trump cáo buộc iran vi phạm các điều khoản của thỏa thuận ngừng bắn 2 tuần, nhất là việc chưa mở lại eo biển chiến lược hormuz cho tàu thuyền lưu thông. theo ttxvn",629,133,T16. WORLD_INTERNATIONAL,T16,human_verified,manual_adjudicated,Han; Nhung; Yen,,pilot_400_final,,0.0,265,6,3,0,0,0,0,0.0,274,274.0,1.0,1,1,ok,2,3,1,1,1,Friday 10 April 2026 at 10:56,1775793360.0,2026-04-10 03:56:00,2026-04-10,3.0,Friday,post_created_time_unix,ok,1,1779735100,1779735100,2026-05-26 01:51:40,2026-05-26 01:51:40,1,0.0002283333333333,1.6666666666666669e-06,2.5e-06,279,0.0002325,1,0,9,6,3,0.0218978102189781,0.010948905109489,0.0,0.0,0.0,0.0,0.9890510948905108,0.0,0.010948905109489,0.0,0.0328467153284671,1,1,,pilot_or_calibration_sample_exclude_from_test,0,,1
teamcrawl_v1,REC_008400,yen,schema_5_new_timestamp,data/01_Raw_Data/02_Team_Crawled_Raw/Yen/json-yen-vietnamnet-v9-3-2/posts_Vietnamnet_vn.json,posts_Vietnamnet_vn.json,16,pfbid03614xemx5GAuRH5vxTa7mkcofT9EFMWGFiXEP9aiejrfPGRQ9Zsm6mXBCBfkghaQZl,https://www.facebook.com/vietnamnet.vn/posts/pfbid03614xemx5GAuRH5vxTa7mkcofT9EFMWGFiXEP9aiejrfPGRQ9Zsm6mXBCBfkghaQZl,356712e7e682b739,post_id:pfbid03614xemx5GAuRH5vxTa7mkcofT9EFMWGFiXEP9aiejrfPGRQ9Zsm6mXBCBfkghaQZl,Vietnamnet.vn,vietnamnet.vn,https://www.facebook.com/vietnamnet.vn,2500000,2500000,1,post,,sĩ quan quân đội nghỉ hưu sớm có thể được hỗ trợ 5 tháng tiền lương,81,18,T14. LABOR,T14,human_verified,manual_adjudicated,Han; Nhung; Yen,,pilot_400_final,,0.0,114,4,0,0,0,0,0,0.0,118,118.0,1.0,1,1,ok,2,0,1,1,1,Friday 22 May 2026 at 10:36,1779420960.0,2026-05-22 03:36:00,2026-05-22,3.0,Friday,post_created_time_unix,ok,1,1779670905,1779670905,2026-05-25 08:01:45,2026-05-25 08:01:45,1,4.72e-05,8e-07,0.0,120,4.8e-05,1,0,4,4,0,0.0338983050847457,0.0,0.0,0.0,0.0,0.0,1.0,0.0,0.0,0.0,0.0338983050847457,1,1,,pilot_or_calibration_sample_exclude_from_test,0,,1
teamcrawl_v1,REC_008454,yen,schema_5_new_timestamp,data/01_Raw_Data/02_Team_Crawled_Raw/Yen/json-yen-vietnamnet-v9-3-2/posts_Vietnamnet_vn.json,posts_Vietnamnet_vn.json,70,pfbid02NmFvQursCk1k87bbKLYWa33g4t6creNAzonD9EaWtrBGoDN26u8hphPT1J3USRTAl,https://www.facebook.com/vietnamnet.vn/posts/pfbid02NmFvQursCk1k87bbKLYWa33g4t6creNAzonD9EaWtrBGoDN26u8hphPT1J3USRTAl,9b059b9628f00f1a,post_id:pfbid02NmFvQursCk1k87bbKLYWa33g4t6creNAzonD9EaWtrBGoDN26u8hphPT1J3USRTAl,Vietnamnet.vn,vietnamnet.vn,https://www.facebook.com/vietnamnet.vn,2500000,2500000,1,post,,hà nội: từ 'quay lưng ra sông' đến cơ hội thực hiện cuộc chuyển mình mang tính lịch sử với dự án trục đại lộ cảnh quan sông hồng,140,31,T17. TRANSPORT_INFRASTRUCTURE,T17,human_verified,manual_adjudicated,Han; Nhung; Yen,,pilot_400_final,,0.0,54,0,0,0,0,0,0,0.0,54,54.0,1.0,1,1,ok,1,3,1,1,1,Friday 15 May 2026 at 08:30,1778808600.0,2026-05-15 01:30:00,2026-05-15,1.0,Friday,post_created_time_unix,ok,1,1779671373,1779671373,2026-05-25 08:09:33,2026-05-25 08:09:33,1,2.16e-05,4e-07,1.2e-06,58,2.32e-05,1,0,0,0,0,0.0,0.0,0.0,0.0,0.0,0.0,1.0,0.0,0.0,0.0,0.0,1,1,,pilot_or_calibration_sample_exclude_from_test,0,,1
teamcrawl_v1,REC_008458,yen,schema_5_new_timestamp,data/01_Raw_Data/02_Team_Crawled_Raw/Yen/json-yen-vietnamnet-v9-3-2/posts_Vietnamnet_vn.json,posts_Vietnamnet_vn.json,74,pfbid031ccHHKn6KoobR5NvrAMu7yGSK8EBhyGNtQgAPej8AJQCYh29rQeYzRQEMcginQGol,https://www.facebook.com/vietnamnet.vn/posts/pfbid031ccHHKn6KoobR5NvrAMu7yGSK8EBhyGNtQgAPej8AJQCYh29rQeYzRQEMcginQGol,252e4113ddf68950,post_id:pfbid031ccHHKn6KoobR5NvrAMu7yGSK8EBhyGNtQgAPej8AJQCYh29rQeYzRQEMcginQGol,Vietnamnet.vn,vietnamnet.vn,https://www.facebook.com/vietnamnet.vn,2500000,2500000,1,post,,"việt nam lên tiếng trước hoạt động của philippines và trung quốc tại đá hoài ân chiều 14/5, tại họp báo thường kỳ, báo chí đề nghị người phát ngôn bộ ngoại giao cho biết phản ứng của việt nam về việc vừa qua philippines và trung quốc cho người lên cắm cờ khẳng định chủ quyền tại đá hoài ân, quần đảo trường sa.",325,67,T01. POLITICS,T01,human_verified,manual_adjudicated,Han; Nhung; Yen,,pilot_400_final,,0.0,213,2,23,2,0,6,0,0.0,246,246.0,1.0,1,1,ok,7,0,1,1,1,Thursday 14 May 2026 at 17:24,1778754240.0,2026-05-14 10:24:00,2026-05-14,10.0,Thursday,post_created_time_unix,ok,1,1779671414,1779671414,2026-05-25 08:10:14,2026-05-25 08:10:14,1,9.84e-05,2.8e-06,0.0,253,0.0001012,1,0,33,2,31,0.008130081300813,0.0934959349593495,0.008130081300813,0.0,0.024390243902439,0.0,0.8739837398373984,0.024390243902439,0.0934959349593495,0.0,-0.1341463414634146,1,1,,pilot_or_calibration_sample_exclude_from_test,0,,1
teamcrawl_v1,REC_008503,yen,schema_5_new_timestamp,data/01_Raw_Data/02_Team_Crawled_Raw/Yen/json-yen-vietnamnet-v9-3-2/posts_Vietnamnet_vn.json,posts_Vietnamnet_vn.json,119,pfbid0f4oNCqFkTSv3U3VqhmXVWia4wtduKixt4751J7nn71oSyruRGGyf8uMiPjWXVCial,https://www.facebook.com/vietnamnet.vn/posts/pfbid0f4oNCqFkTSv3U3VqhmXVWia4wtduKixt4751J7nn71oSyruRGGyf8uMiPjWXVCial,a4e9b789621d7240,post_id:pfbid0f4oNCqFkTSv3U3VqhmXVWia4wtduKixt4751J7nn71oSyruRGGyf8uMiPjWXVCial,Vietnamnet.vn,vietnamnet.vn,https://www.facebook.com/vietnamnet.vn,2500000,2500000,1,post,,"bảng lương công chức từ ngày 1/7, cao nhất 25,3 triệu đồng/tháng",78,14,T14. LABOR,T14,human_verified,manual_adjudicated,Han; Nhung; Yen,,pilot_400_final,,0.0,84,2,13,0,0,0,0,0.0,99,99.0,1.0,1,1,ok,1,0,1,1,1,Sunday 17 May 2026 at 21:30,1779028200.0,2026-05-17 14:30:00,2026-05-17,14.0,Sunday,post_created_time_unix,ok,1,1779675320,1779675320,2026-05-25 09:15:20,2026-05-25 09:15:20,1,3.96e-05,4e-07,0.0,100,4e-05,1,0,15,2,13,0.0202020202020202,0.1313131313131313,0.0,0.0,0.0,0.0,0.8686868686868687,0.0,0.1313131313131313,0.0,-0.1515151515151515,1,1,,pilot_or_calibration_sample_exclude_from_test,0,,1
teamcrawl_v1,REC_008522,yen,schema_5_new_timestamp,data/01_Raw_Data/02_Team_Crawled_Raw/Yen/json-yen-vietnamnet-v9-3-2/posts_Vietnamnet_vn.json,posts_Vietnamnet_vn.json,138,2092843288244555,https://www.facebook.com/reel/2092843288244555,7e4c184b3145e19f,post_id:2092843288244555,Vietnamnet.vn,vietnamnet.vn,https://www.facebook.com/vietnamnet.vn,2500000,2500000,1,reel,,"nước giếng của người dân ở thanh hóa đổi màu tím bất thường, doanh nghiệp bị phạt hơn 1,5 tỷ đồng!",122,24,T03. CRIME_LAW_AND_JUSTICE,T03,human_verified,manual_adjudicated,Han; Nhung; Yen,,pilot_100_final,,0.0,70,2,2,0,6,0,0,0.0,80,80.0,1.0,1,1,ok,2,8,1,1,1,Thursday 14 May 2026 at 18:36,1778758560.0,2026-05-14 11:36:00,2026-05-14,11.0,Thursday,post_created_time_unix,ok,1,1779675498,1779675498,2026-05-25 09:18:18,2026-05-25 09:18:18,1,3.2e-05,8e-07,3.2e-06,90,3.6e-05,1,0,10,2,8,0.025,0.025,0.0,0.075,0.0,0.0,0.9,0.0,0.025,0.075,-0.125,1,1,,pilot_or_calibration_sample_exclude_from_test,0,,1
teamcrawl_v1,REC_008538,yen,schema_5_new_timestamp,data/01_Raw_Data/02_Team_Crawled_Raw/Yen/json-yen-vietnamnet-v9-3-2/posts_Vietnamnet_vn.json,posts_Vietnamnet_vn.json,154,pfbid02JiM7SD4k7mC7CmNKCBEQPf5VH75FoFVhFy37hMYmMajuQxY2FgWE3tApDDZLZxFbl,https://www.facebook.com/vietnamnet.vn/posts/pfbid02JiM7SD4k7mC7CmNKCBEQPf5VH75FoFVhFy37hMYmMajuQxY2FgWE3tApDDZLZxFbl,66ddd6459162f4ef,post_id:pfbid02JiM7SD4k7mC7CmNKCBEQPf5VH75FoFVhFy37hMYmMajuQxY2FgWE3tApDDZLZxFbl,Vietnamnet.vn,vietnamnet.vn,https://www.facebook.com/vietnamnet.vn,2500000,2500000,1,post,,hiệp thương cử 397 nhân sự tham gia ủy ban trung ương mttq việt nam khóa mới,90,19,T01. POLITICS,T01,human_verified,manual_adjudicated,Han; Nhung; Yen,,pilot_400_final,,0.0,48,5,0,0,0,0,0,0.0,53,53.0,1.0,1,1,ok,3,0,1,1,1,Tuesday 12 May 2026 at 21:00,1778594400.0,2026-05-12 14:00:00,2026-05-12,14.0,Tuesday,post_created_time_unix,ok,1,1779675662,1779675662,2026-05-25 09:21:02,2026-05-25 09:21:02,1,2.12e-05,1.2e-06,0.0,56,2.24e-05,1,0,5,5,0,0.0943396226415094,0.0,0.0,0.0,0.0,0.0,1.0,0.0,0.0,0.0,0.0943396226415094,1,1,,pilot_or_calibration_sample_exclude_from_test,0,,1
teamcrawl_v1,REC_008540,yen,schema_5_new_timestamp,data/01_Raw_Data/02_Team_Crawled_Raw/Yen/json-yen-vietnamnet-v9-3-2/posts_Vietnamnet_vn.json,posts_Vietnamnet_vn.json,156,1008112371771258,https://www.facebook.com/reel/1008112371771258,0374a38d83632455,post_id:1008112371771258,Vietnamnet.vn,vietnamnet.vn,https://www.facebook.com/vietnamnet.vn,2500000,2500000,1,reel,,"thấy anh trai bị lập biên bản với mức nồng độ cồn “khủng”, người em đã dùng ghế nhựa tấn công lực lượng csgt nhằm cản trở việc xử lý và giúp anh trai lái xe bỏ chạy.",189,41,T03. CRIME_LAW_AND_JUSTICE,T03,human_verified,manual_adjudicated,Han; Nhung; Yen,,pilot_400_final,,0.0,121,4,10,0,0,6,0,0.0,141,141.0,1.0,1,1,ok,1,15,1,1,1,Tuesday 12 May 2026 at 17:27,1778581620.0,2026-05-12 10:27:00,2026-05-12,10.0,Tuesday,post_created_time_unix,ok,1,1779675685,1779675685,2026-05-25 09:21:25,2026-05-25 09:21:25,1,5.64e-05,4e-07,6e-06,157,6.28e-05,1,0,20,4,16,0.0283687943262411,0.0709219858156028,0.0,0.0,0.0425531914893617,0.0,0.8865248226950354,0.0425531914893617,0.0709219858156028,0.0,-0.1418439716312056,1,1,,pilot_or_calibration_sample_exclude_from_test,0,,1
teamcrawl_v1,REC_008543,yen,schema_5_new_timestamp,data/01_Raw_Data/02_Team_Crawled_Raw/Yen/json-yen-vietnamnet-v9-3-2/posts_Vietnamnet_vn.json,posts_Vietnamnet_vn.json,159,pfbid033KzR4zE6ykuc9v6fWpUtffkAGTi8dSHqgCJdA3tck1JPNvpHcUSjACfDGmZq6mvRl,https://www.facebook.com/vietnamnet.vn/posts/pfbid033KzR4zE6ykuc9v6fWpUtffkAGTi8dSHqgCJdA3tck1JPNvpHcUSjACfDGmZq6mvRl,817128447cc8ec5b,post_id:pfbid033KzR4zE6ykuc9v6fWpUtffkAGTi8dSHqgCJdA3tck1JPNvpHcUSjACfDGmZq6mvRl,Vietnamnet.vn,vietnamnet.vn,https://www.facebook.com/vietnamnet.vn,2500000,2500000,1,post,,"tổng bí thư, chủ tịch nước tô lâm dự đại hội mặt trận tổ quốc việt nam",84,19,T01. POLITICS,T01,human_verified,manual_adjudicated,Han; Nhung; Yen,,pilot_400_final,,0.0,143,9,0,0,0,0,0,0.0,152,152.0,1.0,1,1,ok,2,0,1,1,1,Tuesday 12 May 2026 at 09:30,1778553000.0,2026-05-12 02:30:00,2026-05-12,2.0,Tuesday,post_created_time_unix,ok,1,1779675723,1779675723,2026-05-25 09:22:03,2026-05-25 09:22:03,1,6.08e-05,8e-07,0.0,154,6.16e-05,1,0,9,9,0,0.0592105263157894,0.0,0.0,0.0,0.0,0.0,1.0,0.0,0.0,0.0,0.0592105263157894,1,1,,pilot_or_calibration_sample_exclude_from_test,0,,1
teamcrawl_v1,REC_008557,yen,schema_5_new_timestamp,data/01_Raw_Data/02_Team_Crawled_Raw/Yen/json-yen-vietnamnet-v9-3-2/posts_Vietnamnet_vn.json,posts_Vietnamnet_vn.json,173,pfbid0sZjhG9BiyaMRbW4iUhMwc7rgTHdKjrVC7o95AAPEeQeSDBoZm6jziJY6zk5UyzKNl,https://www.facebook.com/vietnamnet.vn/posts/pfbid0sZjhG9BiyaMRbW4iUhMwc7rgTHdKjrVC7o95AAPEeQeSDBoZm6jziJY6zk5UyzKNl,b79fe35b7525c9b1,post_id:pfbid0sZjhG9BiyaMRbW4iUhMwc7rgTHdKjrVC7o95AAPEeQeSDBoZm6jziJY6zk5UyzKNl,Vietnamnet.vn,vietnamnet.vn,https://www.facebook.com/vietnamnet.vn,2500000,2500000,1,post,,"sự nghiệp ồn ào của ca sĩ long nhật trước khi sụp đổ vì vướng vào matuy ca sĩ long nhật từng vướng tin đồn liên quan mại d*m nam tại hà nội (cuối thập niên 1990), chủ động tạo scandal đồng tính năm 2012 để lấy lại tên tuổi và nhiều lần bị nghi ngờ dùng matuy nhưng đều phủ nhận...",299,64,T10. ARTS_CULTURE_ENTERTAINMENT_AND_MEDIA,T10,human_verified,manual_adjudicated,Han; Nhung; Yen,,pilot_400_final,,0.0,198,2,18,5,3,0,0,0.0,226,226.0,1.0,1,1,ok,6,18,1,1,1,Wednesday 20 May 2026 at 13:54,1779260040.0,2026-05-20 06:54:00,2026-05-20,6.0,Wednesday,post_created_time_unix,ok,1,1779678573,1779678573,2026-05-25 10:09:33,2026-05-25 10:09:33,1,9.04e-05,2.4e-06,7.2e-06,250,0.0001,1,0,28,2,26,0.0088495575221238,0.079646017699115,0.0221238938053097,0.0132743362831858,0.0,0.0,0.8849557522123894,0.0,0.079646017699115,0.0132743362831858,-0.1238938053097345,1,1,,pilot_or_calibration_sample_exclude_from_test,0,,1
teamcrawl_v1,REC_008587,yen,schema_5_new_timestamp,data/01_Raw_Data/02_Team_Crawled_Raw/Yen/json-yen-vietnamnet-v9-3-2/posts_Vietnamnet_vn.json,posts_Vietnamnet_vn.json,203,pfbid02MqCXMpuXVwFoPd53Wt6FEbnMeZJQvf5ATe4UAxCvRWsziaQ4NFVYDjAdoyWZat3al,https://www.facebook.com/vietnamnet.vn/posts/pfbid02MqCXMpuXVwFoPd53Wt6FEbnMeZJQvf5ATe4UAxCvRWsziaQ4NFVYDjAdoyWZat3al,7a23a924f6e64ed4,post_id:pfbid02MqCXMpuXVwFoPd53Wt6FEbnMeZJQvf5ATe4UAxCvRWsziaQ4NFVYDjAdoyWZat3al,Vietnamnet.vn,vietnamnet.vn,https://www.facebook.com/vietnamnet.vn,2500000,2500000,1,post,,nhạc sĩ nguyễn hiệp 'nhịp điệu tuổi thơ'' qua đời,68,12,T10. ARTS_CULTURE_ENTERTAINMENT_AND_MEDIA,T10,human_verified,manual_adjudicated,Han; Nhung; Yen,,pilot_100_final,,0.0,34,2,0,0,13,0,7,0.0,56,56.0,1.0,1,1,ok,1,7,1,1,1,Friday 15 May 2026 at 22:12,1778857920.0,2026-05-15 15:12:00,2026-05-15,15.0,Friday,post_created_time_unix,ok,1,1779678754,1779678754,2026-05-25 10:12:34,2026-05-25 10:12:34,1,2.24e-05,4e-07,2.8e-06,64,2.56e-05,1,0,22,9,13,0.0357142857142857,0.0,0.0,0.2321428571428571,0.0,0.125,0.6428571428571429,0.0,0.0,0.3571428571428571,-0.3928571428571428,1,1,,pilot_or_calibration_sample_exclude_from_test,0,,1
teamcrawl_v1,REC_008591,yen,schema_5_new_timestamp,data/01_Raw_Data/02_Team_Crawled_Raw/Yen/json-yen-vietnamnet-v9-3-2/posts_Vietnamnet_vn.json,posts_Vietnamnet_vn.json,207,pfbid0gQ7yEKcBk2bMgYLS2189TV8TVo5JYTpHmCSr7M5nbwfknBLaQaE7XJFq7pzdTNvql,https://www.facebook.com/vietnamnet.vn/posts/pfbid0gQ7yEKcBk2bMgYLS2189TV8TVo5JYTpHmCSr7M5nbwfknBLaQaE7XJFq7pzdTNvql,71f40eff8faced2f,post_id:pfbid0gQ7yEKcBk2bMgYLS2189TV8TVo5JYTpHmCSr7M5nbwfknBLaQaE7XJFq7pzdTNvql,Vietnamnet.vn,vietnamnet.vn,https://www.facebook.com/vietnamnet.vn,2500000,2500000,1,post,,"từ hôm nay, kol, influencer hay người nổi tiếng có thể bị phạt tới 100 triệu đồng khi chưa sử dụng hoặc chưa hiểu rõ sản phẩm nhưng vẫn quảng cáo trên mạng xã hội",166,35,T03. CRIME_LAW_AND_JUSTICE,T03,human_verified,manual_adjudicated,Han; Nhung; Yen,,pilot_100_final,,0.0,148,4,6,0,0,0,0,0.0,158,158.0,1.0,1,1,ok,9,11,1,1,1,Friday 15 May 2026 at 12:22,1778822520.0,2026-05-15 05:22:00,2026-05-15,5.0,Friday,post_created_time_unix,ok,1,1779678782,1779678782,2026-05-25 10:13:02,2026-05-25 10:13:02,1,6.32e-05,3.6e-06,4.4e-06,178,7.12e-05,1,0,10,4,6,0.0253164556962025,0.0379746835443038,0.0,0.0,0.0,0.0,0.9620253164556962,0.0,0.0379746835443038,0.0,-0.0632911392405063,1,1,,pilot_or_calibration_sample_exclude_from_test,0,,1
teamcrawl_v1,REC_008617,yen,schema_5_new_timestamp,data/01_Raw_Data/02_Team_Crawled_Raw/Yen/json-yen-vietnamnet-v9-3-2/posts_Vietnamnet_vn.json,posts_Vietnamnet_vn.json,233,pfbid02qwAEHQgjaET7A8ZmQaqKRLNTTXdjRiNqov1o8h9fAPjUDBW2XscN4DTJYYnJuRrEl,https://www.facebook.com/vietnamnet.vn/posts/pfbid02qwAEHQgjaET7A8ZmQaqKRLNTTXdjRiNqov1o8h9fAPjUDBW2XscN4DTJYYnJuRrEl,31c1d89ea85d4d1d,post_id:pfbid02qwAEHQgjaET7A8ZmQaqKRLNTTXdjRiNqov1o8h9fAPjUDBW2XscN4DTJYYnJuRrEl,Vietnamnet.vn,vietnamnet.vn,https://www.facebook.com/vietnamnet.vn,2500000,2500000,1,post,,cục trưởng cục điện ảnh: xem xét phim có miu lê đóng chính đang chiếu tại rạp,96,19,T10. ARTS_CULTURE_ENTERTAINMENT_AND_MEDIA,T10,human_verified,manual_adjudicated,Han; Nhung; Yen,,pilot_400_final,,0.0,133,3,32,2,0,0,0,0.0,170,170.0,1.0,1,1,ok,4,12,1,1,1,Tuesday 12 May 2026 at 11:11,1778559060.0,2026-05-12 04:11:00,2026-05-12,4.0,Tuesday,post_created_time_unix,ok,1,1779678983,1779678983,2026-05-25 10:16:23,2026-05-25 10:16:23,1,6.8e-05,1.6e-06,4.8e-06,186,7.44e-05,1,0,37,3,34,0.0176470588235294,0.188235294117647,0.0117647058823529,0.0,0.0,0.0,0.8,0.0,0.188235294117647,0.0,-0.2176470588235294,1,1,,pilot_or_calibration_sample_exclude_from_test,0,,1
teamcrawl_v1,REC_008618,yen,schema_5_new_timestamp,data/01_Raw_Data/02_Team_Crawled_Raw/Yen/json-yen-vietnamnet-v9-3-2/posts_Vietnamnet_vn.json,posts_Vietnamnet_vn.json,234,pfbid02SUQHyQKyvnNzMxZpDohENAfB1Z3ga7VrFygxNUqWDQi9Jndj13ynsK7MPPniaUk4l,https://www.facebook.com/vietnamnet.vn/posts/pfbid02SUQHyQKyvnNzMxZpDohENAfB1Z3ga7VrFygxNUqWDQi9Jndj13ynsK7MPPniaUk4l,04887488f0fca1ab,post_id:pfbid02SUQHyQKyvnNzMxZpDohENAfB1Z3ga7VrFygxNUqWDQi9Jndj13ynsK7MPPniaUk4l,Vietnamnet.vn,vietnamnet.vn,https://www.facebook.com/vietnamnet.vn,2500000,2500000,1,post,,giá bạc hôm nay 12/5/2026 tăng dựng đứng gần 6 triệu đồng/kg ngay khi mở cửa,91,18,T02. ECONOMY_BUSINESS_AND_FINANCE,T02,human_verified,manual_adjudicated,Han; Nhung; Yen,,pilot_100_final,,0.0,63,3,0,0,0,0,0,0.0,66,66.0,1.0,1,1,ok,0,2,1,1,1,Tuesday 12 May 2026 at 08:55,1778550900.0,2026-05-12 01:55:00,2026-05-12,1.0,Tuesday,post_created_time_unix,ok,1,1779678991,1779678991,2026-05-25 10:16:31,2026-05-25 10:16:31,1,2.64e-05,0.0,8e-07,68,2.72e-05,1,0,3,3,0,0.0454545454545454,0.0,0.0,0.0,0.0,0.0,1.0,0.0,0.0,0.0,0.0454545454545454,1,1,,pilot_or_calibration_sample_exclude_from_test,0,,1
teamcrawl_v1,REC_008619,yen,schema_5_new_timestamp,data/01_Raw_Data/02_Team_Crawled_Raw/Yen/json-yen-vietnamnet-v9-3-2/posts_Vietnamnet_vn.json,posts_Vietnamnet_vn.json,235,pfbid02jP7HZMr8gqp6EgnhMMJbGzH4PeAMeMeMo99L5vSW5xtfRp8fzjt1pgJkcuz3VMX5l,https://www.facebook.com/vietnamnet.vn/posts/pfbid02jP7HZMr8gqp6EgnhMMJbGzH4PeAMeMeMo99L5vSW5xtfRp8fzjt1pgJkcuz3VMX5l,43af3d9f866b4daf,post_id:pfbid02jP7HZMr8gqp6EgnhMMJbGzH4PeAMeMeMo99L5vSW5xtfRp8fzjt1pgJkcuz3VMX5l,Vietnamnet.vn,vietnamnet.vn,https://www.facebook.com/vietnamnet.vn,2500000,2500000,1,post,,dùng ghế nhựa tấn công csgt để giúp anh trai trốn đo nồng độ cồn,76,17,T03. CRIME_LAW_AND_JUSTICE,T03,human_verified,manual_adjudicated,Han; Nhung; Yen,,pilot_400_final,,0.0,185,4,43,4,0,0,0,0.0,236,236.0,1.0,1,1,ok,6,20,1,1,1,Tuesday 12 May 2026 at 07:32,1778545920.0,2026-05-12 00:32:00,2026-05-12,0.0,Tuesday,post_created_time_unix,ok,1,1779678998,1779678998,2026-05-25 10:16:38,2026-05-25 10:16:38,1,9.44e-05,2.4e-06,8e-06,262,0.0001048,1,0,51,4,47,0.0169491525423728,0.1822033898305084,0.0169491525423728,0.0,0.0,0.0,0.8008474576271186,0.0,0.1822033898305084,0.0,-0.2161016949152542,1,1,,pilot_or_calibration_sample_exclude_from_test,0,,1
teamcrawl_v1,REC_008622,yen,schema_5_new_timestamp,data/01_Raw_Data/02_Team_Crawled_Raw/Yen/json-yen-vietnamnet-v9-3-2/posts_Vietnamnet_vn.json,posts_Vietnamnet_vn.json,238,pfbid0b6UbJeAAND8Y7eCMvGD8nT1JxZBLfTQh5xkH7vbduiaECdfFsPHCCgPVQzsHonUWl,https://www.facebook.com/vietnamnet.vn/posts/pfbid0b6UbJeAAND8Y7eCMvGD8nT1JxZBLfTQh5xkH7vbduiaECdfFsPHCCgPVQzsHonUWl,ce441cead3d7e104,post_id:pfbid0b6UbJeAAND8Y7eCMvGD8nT1JxZBLfTQh5xkH7vbduiaECdfFsPHCCgPVQzsHonUWl,Vietnamnet.vn,vietnamnet.vn,https://www.facebook.com/vietnamnet.vn,2500000,2500000,1,post,,"phim có vân sơn, miu lê nguy cơ thua lỗ chục tỷ",66,14,T10. ARTS_CULTURE_ENTERTAINMENT_AND_MEDIA,T10,human_verified,manual_adjudicated,Han; Nhung; Yen,,pilot_400_final,,0.0,323,3,90,5,2,0,0,0.0,423,423.0,1.0,1,1,ok,2,17,1,1,1,Monday 11 May 2026 at 18:00,1778497200.0,2026-05-11 11:00:00,2026-05-11,11.0,Monday,post_created_time_unix,ok,1,1779679022,1779679022,2026-05-25 10:17:02,2026-05-25 10:17:02,1,0.0001692,8e-07,6.8e-06,442,0.0001768,1,0,100,3,97,0.0070921985815602,0.2127659574468085,0.0118203309692671,0.0047281323877068,0.0,0.0,0.7706855791962175,0.0,0.2127659574468085,0.0047281323877068,-0.2364066193853428,1,1,,pilot_or_calibration_sample_exclude_from_test,0,,1
teamcrawl_v1,REC_008629,yen,schema_5_new_timestamp,data/01_Raw_Data/02_Team_Crawled_Raw/Yen/json-yen-vietnamnet-v9-3-2/posts_Vietnamnet_vn.json,posts_Vietnamnet_vn.json,245,pfbid02rFchyfEeUAHeTGnVDd4jLRu3MXTXC2sfZeWH9nUKcCrk5NcYfhkaSNpa1LJwqPtpl,https://www.facebook.com/vietnamnet.vn/posts/pfbid02rFchyfEeUAHeTGnVDd4jLRu3MXTXC2sfZeWH9nUKcCrk5NcYfhkaSNpa1LJwqPtpl,471de5c0fb51c213,post_id:pfbid02rFchyfEeUAHeTGnVDd4jLRu3MXTXC2sfZeWH9nUKcCrk5NcYfhkaSNpa1LJwqPtpl,Vietnamnet.vn,vietnamnet.vn,https://www.facebook.com/vietnamnet.vn,2500000,2500000,1,post,,"vụ 3 chị em họ chế*t đuối: gia đình nghèo quặn lòng mất cùng lúc 2 con ba chị em họ ở quảng ngãi rủ nhau ra sông trà khúc tắm rồi không may ch*t đuối. tai nạn thương tâm khiến xóm nhỏ ven sông chìm trong tang tóc, đặc biệt là gia đình nghèo cùng lúc mất hai con trai. người thân cho biết khoảng 5 năm trước, vợ chồng anh ngọc từng mất một con trai mới 24 tháng tuổi do không may rơi xuống hố nước phía sau nhà. nay, thêm hai con trai ra đi trong cùng một vụ đuối nước khiến cú sốc càng chồng chất với gia đình nhỏ. “một lúc mất hai đứa con, vợ chồng tôi đau lắm, không biết làm sao để gượng dậy”, chị lựu (vợ anh ngọc) nói.",647,142,T13. HUMAN_INTEREST,T13,human_verified,manual_adjudicated,Han; Nhung; Yen,,pilot_400_final,,0.0,108,3,0,0,65,0,28,0.0,204,204.0,1.0,1,1,ok,5,28,1,1,1,Saturday 23 May 2026 at 23:58,1779555480.0,2026-05-23 16:58:00,2026-05-23,16.0,Saturday,post_created_time_unix,ok,1,1779681885,1779681885,2026-05-25 11:04:45,2026-05-25 11:04:45,1,8.16e-05,2e-06,1.12e-05,237,9.48e-05,1,0,96,31,65,0.0147058823529411,0.0,0.0,0.3186274509803921,0.0,0.1372549019607843,0.5441176470588235,0.0,0.0,0.4558823529411764,-0.4705882352941176,1,1,,pilot_or_calibration_sample_exclude_from_test,0,,1
teamcrawl_v1,REC_008639,yen,schema_5_new_timestamp,data/01_Raw_Data/02_Team_Crawled_Raw/Yen/json-yen-vietnamnet-v9-3-2/posts_Vietnamnet_vn.json,posts_Vietnamnet_vn.json,255,pfbid0wPYRjm3zVetSfshHwMZ1ETZC2Fg51PJB1hCadHkbhhsCzaDbWWJzFKVyj9y6E1PDl,https://www.facebook.com/vietnamnet.vn/posts/pfbid0wPYRjm3zVetSfshHwMZ1ETZC2Fg51PJB1hCadHkbhhsCzaDbWWJzFKVyj9y6E1PDl,83a0020e1bd662ac,post_id:pfbid0wPYRjm3zVetSfshHwMZ1ETZC2Fg51PJB1hCadHkbhhsCzaDbWWJzFKVyj9y6E1PDl,Vietnamnet.vn,vietnamnet.vn,https://www.facebook.com/vietnamnet.vn,2500000,2500000,1,post,,"con gái sốc nhiễm trùng nguy kịch, mẹ nghèo bất lực bởi viện phí trăm triệu đồng: “tôi vay mượn mãi mới đóng được 9,6 triệu"" vừa bước ra từ phòng bệnh sau ít phút vào thăm con gái nguyễn hồ ngọc hân (sn 2010), chị nguyễn thị kim liên (sn 1989, ngụ tphcm) không giấu được vẻ căng thẳng. sau cánh cửa phòng bệnh khoa nhiễm việt anh (bệnh viện bệnh nhiệt đới tphcm) là tiếng máy monitor, máy thở vang lên đều đặn, tạo cảm giác thời gian đang trôi gấp gáp hơn trước cuộc chiến giành giật sự sống của các bệnh nhân. người mẹ nghèo chỉ biết đứng lặng ngoài hành lang phòng bệnh. hai bàn tay chị siết chặt vào nhau như muốn níu lấy đôi tay nhỏ bé của con đang chống chọi với tử thần phía bên trong phòng hồi sức. bác sĩ nguyễn trần thượng định, khoa nhiễm việt anh (bệnh viện bệnh nhiệt đới tphcm), cho biết, bệnh nhân nhập viện từ ngày 5/5 trong tình trạng đặc biệt nặng. “bệnh nhân được chuyển vào khoa trong tình trạng sốc nhiễm trùng chưa rõ nguyên nhân, viêm màng não mủ, tổn thương thận cấp, toan chuyển hóa có chỉ định lọc máu và đặt nội khí quản”, bác sĩ thông tin. hiện hân đang phải thở máy, xung quanh giường bệnh là hàng chục ống dây và thiết bị y tế khiến người mẹ đau đớn đến quặn lòng. các bác sĩ phải chạy đua với thời gian để giữ lấy từng nhịp thở cho hân. theo bác sĩ định, đây là trường hợp nhiễm trùng nặng với nguy cơ tử vong rất cao, cần điều trị kéo dài và sử dụng nhiều kỹ thuật hồi sức chuyên sâu. hiện bệnh nhân phải lọc máu liên tục, dùng nhiều loại thuốc đặc trị với chi phí lớn. dự kiến tổng chi phí điều trị trong khoảng 46 tuần tới có thể vượt quá 100 triệu đồng. gia cảnh kiệt quệ, người mẹ nghèo bật khóc khi nhắc đến khoản viện phí ngày một lớn: “tôi vay mượn mãi mới đóng được 9,6 triệu đồng. phần còn lại đều đang nợ bệnh viện. thật sự giờ tôi không biết xoay xở ở đâu thêm nữa”...",1845,386,T13. HUMAN_INTEREST,T13,human_verified,manual_adjudicated,Han; Nhung; Yen,,pilot_400_final,,0.0,142,6,0,0,50,0,38,0.0,236,236.0,1.0,1,1,ok,29,24,1,1,1,Friday 15 May 2026 at 13:00,1778824800.0,2026-05-15 06:00:00,2026-05-15,6.0,Friday,post_created_time_unix,ok,1,1779682049,1779682049,2026-05-25 11:07:29,2026-05-25 11:07:29,1,9.44e-05,1.16e-05,9.6e-06,289,0.0001156,1,0,94,44,50,0.0254237288135593,0.0,0.0,0.211864406779661,0.0,0.1610169491525423,0.6271186440677966,0.0,0.0,0.3728813559322034,-0.3983050847457627,1,1,,pilot_or_calibration_sample_exclude_from_test,0,,1
teamcrawl_v1,REC_008682,yen,schema_5_new_timestamp,data/01_Raw_Data/02_Team_Crawled_Raw/Yen/json-yen-vietnamnet-v9-3-2/posts_Vietnamnet_vn.json,posts_Vietnamnet_vn.json,298,pfbid08YishzWbScSECkHoMt8e5MpgkZVGnppK2L3NBAiApiznLcFgyJJGMhgiSGTYuHDsl,https://www.facebook.com/vietnamnet.vn/posts/pfbid08YishzWbScSECkHoMt8e5MpgkZVGnppK2L3NBAiApiznLcFgyJJGMhgiSGTYuHDsl,5d4055bc14413ff5,post_id:pfbid08YishzWbScSECkHoMt8e5MpgkZVGnppK2L3NBAiApiznLcFgyJJGMhgiSGTYuHDsl,Vietnamnet.vn,vietnamnet.vn,https://www.facebook.com/vietnamnet.vn,2500000,2500000,1,post,,"chiến dịch triệt phá web lậu: xôi lạc, rophim, motphim… lọt vào tầm ngắm?",87,16,T03. CRIME_LAW_AND_JUSTICE,T03,human_verified,manual_adjudicated,Han; Nhung; Yen,,pilot_400_final,,0.0,84,0,4,0,2,0,0,0.0,90,90.0,1.0,1,1,ok,2,7,1,1,1,Friday 8 May 2026 at 10:25,1778210700.0,2026-05-08 03:25:00,2026-05-08,3.0,Friday,post_created_time_unix,ok,1,1779682376,1779682376,2026-05-25 11:12:56,2026-05-25 11:12:56,1,3.6e-05,8e-07,2.8e-06,99,3.96e-05,1,0,6,0,6,0.0,0.0444444444444444,0.0,0.0222222222222222,0.0,0.0,0.9333333333333332,0.0,0.0444444444444444,0.0222222222222222,-0.0666666666666666,1,1,,pilot_or_calibration_sample_exclude_from_test,0,,1
teamcrawl_v1,REC_008691,yen,schema_5_new_timestamp,data/01_Raw_Data/02_Team_Crawled_Raw/Yen/json-yen-vietnamnet-v9-3-2/posts_Vietnamnet_vn.json,posts_Vietnamnet_vn.json,307,pfbid022qAFUhsmKbMyRCNkGDMBK4gM1JQyyLjtDnT7dTronXDyBhQsgZvbb7EvgFiSs1kXl,https://www.facebook.com/vietnamnet.vn/posts/pfbid022qAFUhsmKbMyRCNkGDMBK4gM1JQyyLjtDnT7dTronXDyBhQsgZvbb7EvgFiSs1kXl,059e7d4d1c78f17f,post_id:pfbid022qAFUhsmKbMyRCNkGDMBK4gM1JQyyLjtDnT7dTronXDyBhQsgZvbb7EvgFiSs1kXl,Vietnamnet.vn,vietnamnet.vn,https://www.facebook.com/vietnamnet.vn,2500000,2500000,1,post,,"chỉ đạo đặc biệt của thứ trưởng bộ công an trong vụ mường nhé 15 năm trước điện biên là tỉnh miền núi biên giới phía tây bắc với 19 dân tộc cùng sinh sống. trong đó, người mông chiếm tỷ lệ cao nhất (khoảng 3538%). bà con người mông sống nghĩa hiệp nhưng rất cả tin. bên cạnh đó, đời sống của nhiều hộ dân còn nhiều khó khăn. đầu năm 2011, một nhóm cầm đầu gieo vào lời hứa về một cái gọi là “nhà nước mông” tự trị, có đất, có tiền, có “vua”. cuối tháng 4/2011, từng tốp người mông rời bản. từ tây nguyên, nhiều tỉnh phía bắc, họ kéo về mường nhé gây nên một cảnh hỗn loạn chưa từng thấy. ngày 4/5/2011, giữa lúc tình hình tại mường nhé diễn biến phức tạp, thủ tướng nguyễn tấn dũng khi đó cùng lãnh đạo một số bộ, ngành trung ương trực tiếp lên địa bàn bằng trực thăng. trước đó, thứ trưởng bộ công an - trung tướng tô lâm (hiện là tổng bí thư, chủ tịch nước) đã có mặt tại hiện trường. công an tỉnh dưới sự chỉ đạo trực tiếp của thứ trưởng tô lâm đã xây dựng một kế hoạch hết sức tỉ mỉ, cụ thể và tính toán đến từng chi tiết nhỏ nhất. điều khiến thứ trưởng bộ công an tô lâm và lực lượng chỉ đạo lo ngại hơn cả không nằm ở yếu tố vũ khí, mà là tình trạng bên trong khu tụ tập. sau nhiều ngày, hàng nghìn người rơi vào cảnh thiếu lương thực, thiếu nước, điều kiện vệ sinh xuống cấp nghiêm trọng. nhiều người già và trẻ em có dấu hiệu suy kiệt, ốm yếu. chính vì vậy, bên cạnh việc xây dựng kế hoạch tác chiến, thứ trưởng tô lâm chỉ đạo phải xây dựng ngay phương án đưa bà con trở về quê. hàng chục xe khách được huy động, trên xe có sẵn bánh mì, nước uống, nhân viên y tế...",1588,345,T01. POLITICS,T01,human_verified,manual_adjudicated,Han; Nhung; Yen,,pilot_100_final,,0.0,216,6,0,0,0,0,0,0.0,222,222.0,1.0,1,1,ok,10,0,1,1,1,Thursday 7 May 2026 at 09:31,1778121060.0,2026-05-07 02:31:00,2026-05-07,2.0,Thursday,post_created_time_unix,ok,1,1779682455,1779682455,2026-05-25 11:14:15,2026-05-25 11:14:15,1,8.88e-05,4e-06,0.0,232,9.28e-05,1,0,6,6,0,0.027027027027027,0.0,0.0,0.0,0.0,0.0,1.0,0.0,0.0,0.0,0.027027027027027,1,1,,pilot_or_calibration_sample_exclude_from_test,0,,1
teamcrawl_v1,REC_008695,yen,schema_5_new_timestamp,data/01_Raw_Data/02_Team_Crawled_Raw/Yen/json-yen-vietnamnet-v9-3-2/posts_Vietnamnet_vn.json,posts_Vietnamnet_vn.json,311,pfbid0Js5uXeLspZdvoUzqc2C7BLvQVFnYwbEXrvQkYPpLeb3TbAU3UPx6iUt6vUrkW71dl,https://www.facebook.com/vietnamnet.vn/posts/pfbid0Js5uXeLspZdvoUzqc2C7BLvQVFnYwbEXrvQkYPpLeb3TbAU3UPx6iUt6vUrkW71dl,0fe981b71fb531b4,post_id:pfbid0Js5uXeLspZdvoUzqc2C7BLvQVFnYwbEXrvQkYPpLeb3TbAU3UPx6iUt6vUrkW71dl,Vietnamnet.vn,vietnamnet.vn,https://www.facebook.com/vietnamnet.vn,2500000,2500000,1,post,,"diễn viên lan phương không thể giấu sự sung sướng, nhảy lên ăn mừng sau khi được xử thắng kiện chồng cũ, giành quyền nuôi 2 con",146,29,T03. CRIME_LAW_AND_JUSTICE,T03,human_verified,manual_adjudicated,Han; Nhung; Yen,,pilot_400_final,,0.0,263,24,8,0,0,0,2,0.0,297,297.0,1.0,1,1,ok,0,56,1,1,1,Wednesday 6 May 2026 at 17:31,1778063460.0,2026-05-06 10:31:00,2026-05-06,10.0,Wednesday,post_created_time_unix,ok,1,1779682489,1779682489,2026-05-25 11:14:49,2026-05-25 11:14:49,1,0.0001188,0.0,2.24e-05,353,0.0001412,1,0,34,26,8,0.0808080808080808,0.0269360269360269,0.0,0.0,0.0,0.0067340067340067,0.9663299663299664,0.0,0.0269360269360269,0.0067340067340067,0.1144781144781144,1,1,,pilot_or_calibration_sample_exclude_from_test,0,,1
teamcrawl_v1,REC_008696,yen,schema_5_new_timestamp,data/01_Raw_Data/02_Team_Crawled_Raw/Yen/json-yen-vietnamnet-v9-3-2/posts_Vietnamnet_vn.json,posts_Vietnamnet_vn.json,312,2976746929188357,https://www.facebook.com/reel/2976746929188357,016159a53481e53b,post_id:2976746929188357,Vietnamnet.vn,vietnamnet.vn,https://www.facebook.com/vietnamnet.vn,2500000,2500000,1,reel,,"khi gia đình đang tổ chức tiệc, một rạp cưới ở đắk lắk bất ngờ đổ sập khiến 3 người bị thương.",118,25,T09. DISASTER_ACCIDENT_AND_EMERGENCY_INCIDENT,T09,human_verified,manual_adjudicated,Han; Nhung; Yen,,pilot_400_final,,0.0,101,0,0,2,9,0,4,0.0,116,116.0,1.0,1,1,ok,4,2,1,1,1,Wednesday 6 May 2026 at 14:28,1778052480.0,2026-05-06 07:28:00,2026-05-06,7.0,Wednesday,post_created_time_unix,ok,1,1779682497,1779682497,2026-05-25 11:14:57,2026-05-25 11:14:57,1,4.64e-05,1.6e-06,8e-07,122,4.88e-05,1,0,15,4,11,0.0,0.0,0.0172413793103448,0.0775862068965517,0.0,0.0344827586206896,0.8706896551724138,0.0,0.0,0.1120689655172413,-0.1293103448275862,1,1,,pilot_or_calibration_sample_exclude_from_test,0,,1
teamcrawl_v1,REC_008712,yen,schema_5_new_timestamp,data/01_Raw_Data/02_Team_Crawled_Raw/Yen/json-yen-vietnamnet-v9-3-2/posts_Vietnamnet_vn.json,posts_Vietnamnet_vn.json,328,pfbid0vTvLnFUefPTqRmBbJFtPmFtd9McrUXFPRce5oeSzqq9kTXnR5LihDfjQmpzEgovVl,https://www.facebook.com/vietnamnet.vn/posts/pfbid0vTvLnFUefPTqRmBbJFtPmFtd9McrUXFPRce5oeSzqq9kTXnR5LihDfjQmpzEgovVl,b4f8849e507b96e4,post_id:pfbid0vTvLnFUefPTqRmBbJFtPmFtd9McrUXFPRce5oeSzqq9kTXnR5LihDfjQmpzEgovVl,Vietnamnet.vn,vietnamnet.vn,https://www.facebook.com/vietnamnet.vn,2500000,2500000,1,post,,giám đốc sở nông nghiệp và môi trường tp huế bị đề nghị kỷ luật,75,17,T01. POLITICS,T01,human_verified,manual_adjudicated,Han; Nhung; Yen,,pilot_400_final,,0.0,0,0,0,0,0,0,0,0.0,58,0.0,0.0,1,1,sum_mismatch,2,2,1,1,1,Friday 15 May 2026 at 18:40,1778845200.0,2026-05-15 11:40:00,2026-05-15,11.0,Friday,post_created_time_unix,ok,1,1779686755,1779686755,2026-05-25 12:25:55,2026-05-25 12:25:55,1,2.32e-05,8e-07,8e-07,62,2.48e-05,1,0,0,0,0,,,,,,,,,,,,0,0,,pilot_or_calibration_sample_exclude_from_test,0,,0
teamcrawl_v1,REC_008715,yen,schema_5_new_timestamp,data/01_Raw_Data/02_Team_Crawled_Raw/Yen/json-yen-vietnamnet-v9-3-2/posts_Vietnamnet_vn.json,posts_Vietnamnet_vn.json,331,pfbid02eZe6xjUrzVCEU9nstsn4YXis3X8S7RJKZPS6PWMR6kdzp77EMrB7qkEyipEFmRmzl,https://www.facebook.com/vietnamnet.vn/posts/pfbid02eZe6xjUrzVCEU9nstsn4YXis3X8S7RJKZPS6PWMR6kdzp77EMrB7qkEyipEFmRmzl,905c4f038f829c1c,post_id:pfbid02eZe6xjUrzVCEU9nstsn4YXis3X8S7RJKZPS6PWMR6kdzp77EMrB7qkEyipEFmRmzl,Vietnamnet.vn,vietnamnet.vn,https://www.facebook.com/vietnamnet.vn,2500000,2500000,1,post,,"doanh nghiệp trở thành “giảng đường thứ hai” của sinh viên có những bài học không nằm trọn trong trang sách, mà được mở ra từ chính những trải nghiệm thực tế tại doanh nghiệp. từ showroom audi, xưởng sản xuất vinfast đến ngân hàng woori bank, bcons bình dương hay khách sạn sheraton saigon grand opera,... mỗi điểm đến đều trở thành một “giảng đường ngoài lớp học”, nơi sinh viên được quan sát quy trình vận hành, tiếp cận công nghệ - kỹ thuật hiện đại và cảm nhận nhịp độ làm việc đặc trưng của từng lĩnh vực. qua từng chuyến tham quan, sinh viên có thêm góc nhìn thực tế về yêu cầu nghề nghiệp, xu hướng thị trường và những năng lực cần chuẩn bị cho tương lai. những chia sẻ từ chuyên gia, kỹ sư, quản lý cùng đội ngũ trực tiếp làm nghề cũng giúp các bạn tích lũy kinh nghiệm, mở rộng kết nối và hiểu rõ hơn cách vận hành của môi trường làm việc chuyên nghiệp. đây cũng là cách trường đại học công nghệ tphcm (hutech) đưa doanh nghiệp đến gần hơn với giảng đường, giúp sinh viên học từ thực tiễn, hiểu nghề qua trải nghiệm và từng bước định hình hành trang nghề nghiệp vững vàng.",1082,219,T05. EDUCATION,T05,human_verified,manual_adjudicated,Han; Nhung; Yen,,pilot_400_final,,0.0,0,0,0,0,0,0,0,0.0,118,0.0,0.0,1,1,sum_mismatch,0,11,1,1,1,Thursday 14 May 2026 at 09:32,1778725920.0,2026-05-14 02:32:00,2026-05-14,2.0,Thursday,post_created_time_unix,ok,1,1779686833,1779686833,2026-05-25 12:27:13,2026-05-25 12:27:13,1,4.72e-05,0.0,4.4e-06,129,5.16e-05,1,0,0,0,0,,,,,,,,,,,,0,0,,pilot_or_calibration_sample_exclude_from_test,0,,0
teamcrawl_v1,REC_008734,yen,schema_5_new_timestamp,data/01_Raw_Data/02_Team_Crawled_Raw/Yen/json-yen-vietnamnet-v9-3-2/posts_Vietnamnet_vn.json,posts_Vietnamnet_vn.json,350,pfbid037WmK3X16kAuJ7AGRsv8DsyYmntwD4uTCnyv9paAiTtepMnSf9ESaZtxR2YUVtBjAl,https://www.facebook.com/vietnamnet.vn/posts/pfbid037WmK3X16kAuJ7AGRsv8DsyYmntwD4uTCnyv9paAiTtepMnSf9ESaZtxR2YUVtBjAl,4b5e81520ac4b5a8,post_id:pfbid037WmK3X16kAuJ7AGRsv8DsyYmntwD4uTCnyv9paAiTtepMnSf9ESaZtxR2YUVtBjAl,Vietnamnet.vn,vietnamnet.vn,https://www.facebook.com/vietnamnet.vn,2500000,2500000,1,post,,"u17 việt nam thua tiếc nuối u17 hàn quốc: giá như đừng toan tính trước một đối thủ được đánh giá mạnh hơn rất nhiều như u17 hàn quốc, u17 việt nam vẫn nhập cuộc đầy tự tin và chơi sòng phẳng trong phần lớn thời gian đầu tiên của trận đấu. phần thưởng đến ở phút 32 khi sỹ bách tận dụng tốt cơ hội ghi bàn mở tỷ số cho u17 việt nam. bàn thắng ấy không chỉ khiến người hâm mộ vỡ òa, đồng thời đưa đội bóng áo đỏ tiến rất gần tới tấm vé dự u17 world cup 2026. nhưng chỉ trong khoảng 10 phút cuối trận, hàng phòng ngự u17 việt nam liên tiếp mắc sai số và phải nhận tới 4 bàn thua. từ chỗ ở rất gần chiến thắng lịch sử, đội bóng trẻ việt nam lại rời sân với thất bại nặng nề 14. điều đáng tiếc không nằm hoàn toàn ở tỷ số, mà ở cách u17 việt nam đánh mất thế trận. khi mọi thứ tưởng như nằm trong tầm tay, các học trò hlv roland đã không thể giữ được sự tỉnh táo và bản lĩnh cần thiết để bảo vệ thành quả.",926,208,T11. SPORT,T11,human_verified,manual_adjudicated,Han; Nhung; Yen,,pilot_400_final,,0.0,0,0,0,0,0,0,0,0.0,211,0.0,0.0,1,1,sum_mismatch,1,47,1,1,1,Monday 11 May 2026 at 06:27,1778455620.0,2026-05-10 23:27:00,2026-05-10,23.0,Sunday,post_created_time_unix,ok,1,1779687196,1779687196,2026-05-25 12:33:16,2026-05-25 12:33:16,1,8.44e-05,4e-07,1.88e-05,259,0.0001036,1,0,0,0,0,,,,,,,,,,,,0,0,,pilot_or_calibration_sample_exclude_from_test,0,,0
teamcrawl_v1,REC_008745,yen,schema_5_new_timestamp,data/01_Raw_Data/02_Team_Crawled_Raw/Yen/json-yen-vietnamnet-v9-3-2/posts_Vietnamnet_vn.json,posts_Vietnamnet_vn.json,361,pfbid02JuACLGnS2XnjcHc7ekkV3BT7vKeqXZpYixCiakwsQVKDKLxfCGCSq4BDdVbA2whwl,https://www.facebook.com/vietnamnet.vn/posts/pfbid02JuACLGnS2XnjcHc7ekkV3BT7vKeqXZpYixCiakwsQVKDKLxfCGCSq4BDdVbA2whwl,2e19b0977a1e3ecd,post_id:pfbid02JuACLGnS2XnjcHc7ekkV3BT7vKeqXZpYixCiakwsQVKDKLxfCGCSq4BDdVbA2whwl,Vietnamnet.vn,vietnamnet.vn,https://www.facebook.com/vietnamnet.vn,2500000,2500000,1,post,,hơn 940 học sinh hà nội được tuyển thẳng vào lớp 10 công lập năm 2026,95,19,T05. EDUCATION,T05,human_verified,manual_adjudicated,Han; Nhung; Yen,,pilot_400_final,,0.0,0,0,0,0,0,0,0,0.0,69,0.0,0.0,1,1,sum_mismatch,2,1,1,1,1,Saturday 9 May 2026 at 09:00,1778292000.0,2026-05-09 02:00:00,2026-05-09,2.0,Saturday,post_created_time_unix,ok,1,1779687396,1779687396,2026-05-25 12:36:36,2026-05-25 12:36:36,1,2.76e-05,8e-07,4e-07,72,2.88e-05,1,0,0,0,0,,,,,,,,,,,,0,0,,pilot_or_calibration_sample_exclude_from_test,0,,0
teamcrawl_v1,REC_008768,yen,schema_5_new_timestamp,data/01_Raw_Data/02_Team_Crawled_Raw/Yen/json-yen-vietnamnet-v9-3-2/posts_Vietnamnet_vn.json,posts_Vietnamnet_vn.json,384,pfbid0Z4K17MY1sPdRHvztHa3ouCrWNeSouYgTbpCZ5oShwaZBnAZds3H2MVaEQyNLcXG7l,https://www.facebook.com/vietnamnet.vn/posts/pfbid0Z4K17MY1sPdRHvztHa3ouCrWNeSouYgTbpCZ5oShwaZBnAZds3H2MVaEQyNLcXG7l,743d486478d21228,post_id:pfbid0Z4K17MY1sPdRHvztHa3ouCrWNeSouYgTbpCZ5oShwaZBnAZds3H2MVaEQyNLcXG7l,Vietnamnet.vn,vietnamnet.vn,https://www.facebook.com/vietnamnet.vn,2500000,2500000,1,post,,"từng hái ra tiền, nhà mặt phố hà nội giờ cho thuê khó, bán cũng chật vật",88,19,T02. ECONOMY_BUSINESS_AND_FINANCE,T02,human_verified,manual_adjudicated,Han; Nhung; Yen,,pilot_400_final,,0.0,0,0,0,0,0,0,0,0.0,180,0.0,0.0,1,1,sum_mismatch,9,29,1,1,1,Wednesday 6 May 2026 at 07:38,1778027880.0,2026-05-06 00:38:00,2026-05-06,0.0,Wednesday,post_created_time_unix,ok,1,1779687851,1779687851,2026-05-25 12:44:11,2026-05-25 12:44:11,1,7.2e-05,3.6e-06,1.16e-05,218,8.72e-05,1,0,0,0,0,,,,,,,,,,,,0,0,,pilot_or_calibration_sample_exclude_from_test,0,,0
teamcrawl_v1,REC_008770,yen,schema_5_new_timestamp,data/01_Raw_Data/02_Team_Crawled_Raw/Yen/json-yen-vietnamnet-v9-3-2/posts_Vietnamnet_vn.json,posts_Vietnamnet_vn.json,386,pfbid031eFJ2N6iFSf7me1iv2kwZPbE6jMPDrQNjhMkhtzziTUGjgbJYCZEHX7GhQS11uhkl,https://www.facebook.com/vietnamnet.vn/posts/pfbid031eFJ2N6iFSf7me1iv2kwZPbE6jMPDrQNjhMkhtzziTUGjgbJYCZEHX7GhQS11uhkl,9ba634c9f1e999e9,post_id:pfbid031eFJ2N6iFSf7me1iv2kwZPbE6jMPDrQNjhMkhtzziTUGjgbJYCZEHX7GhQS11uhkl,Vietnamnet.vn,vietnamnet.vn,https://www.facebook.com/vietnamnet.vn,2500000,2500000,1,post,https://vietnamnet.vn/nhan-dinh-ban-dau-nguyen-nhan-2-thieu-nien-tu-vong-trong-vu-chay-o-to-o-cay-xang-2512804.html?fbclid=IwZXh0bgNhZW0CMTAAYnJpZBExck1WbVNqbkVDSzJSamx6WnNydGMGYXBwX2lkEDIyMjAzOTE3ODgyMDA4OTIAAR5_BhzOi6HCvF07DdpaZUMsAhKbTfBpsN0wCK6yOkBvN8D-sUHYB72yv4THpg_aem_kPVgbnnLa4aYBZ9qTKZ9Gg,"nhận định ban đầu nguyên nhân 2 thiếu niên tử vong trong vụ cháy ô tô ở cây xăng chiều 5/5, công an tp đà nẵng cho biết cơ quan cảnh sát điều tra đang tiếp tục làm rõ vụ cháy ô tô nghiêm trọng xảy ra trong lúc phương tiện vào cây xăng đổ nhiên liệu, khiến 2 thiếu niên tử vong. nguyên nhân chính thức dẫn đến cái ch*t của các nạn nhân vẫn đang chờ kết luận từ cơ quan giám định pháp y. tuy nhiên, qua khám nghiệm hiện trường và dấu vết trên thithe, cơ quan chức năng bước đầu nhận định nhiều khả năng các nạn nhân tử vong do bỏng nặng kết hợp ngạt khí trong quá trình xe cháy.",597,127,T09. DISASTER_ACCIDENT_AND_EMERGENCY_INCIDENT,T09,human_verified,manual_adjudicated,Han; Nhung; Yen,,pilot_100_additional_final,,0.0,0,0,0,0,0,0,0,0.0,76,0.0,0.0,1,1,sum_mismatch,2,12,1,1,1,Tuesday 5 May 2026 at 21:15,1777990500.0,2026-05-05 14:15:00,2026-05-05,14.0,Tuesday,post_created_time_unix,ok,1,1779687891,1779687891,2026-05-25 12:44:51,2026-05-25 12:44:51,1,3.04e-05,8e-07,4.8e-06,90,3.6e-05,1,0,0,0,0,,,,,,,,,,,,0,0,,pilot_or_calibration_sample_exclude_from_test,0,,0
teamcrawl_v1,REC_008771,yen,schema_5_new_timestamp,data/01_Raw_Data/02_Team_Crawled_Raw/Yen/json-yen-vietnamnet-v9-3-2/posts_Vietnamnet_vn.json,posts_Vietnamnet_vn.json,387,27038851095720125,https://www.facebook.com/reel/27038851095720125,1fb402ddb519ae2a,post_id:27038851095720125,Vietnamnet.vn,vietnamnet.vn,https://www.facebook.com/vietnamnet.vn,2500000,2500000,1,reel,,"chỉ 20 ngày, hơn 5000 người sập bẫy, 15 tỷ đồng bốc hơi. ít ai ngờ, cảnh trắng tay của hàng ngàn gia đình lại bắt nguồn từ kịch bản ""đơn hàng tiêm chủng"" cùng yêu cầu chuyển khoản 3000 - 5000 đồng tưởng chừng vô hại.",243,50,T03. CRIME_LAW_AND_JUSTICE,T03,human_verified,manual_adjudicated,Han; Nhung; Yen,,pilot_400_final,,0.0,0,0,0,0,0,0,0,0.0,316,0.0,0.0,1,1,sum_mismatch,87,12,1,1,1,Tuesday 5 May 2026 at 18:10,1777979400.0,2026-05-05 11:10:00,2026-05-05,11.0,Tuesday,post_created_time_unix,ok,1,1779687911,1779687911,2026-05-25 12:45:11,2026-05-25 12:45:11,1,0.0001264,3.48e-05,4.8e-06,415,0.000166,1,0,0,0,0,,,,,,,,,,,,0,0,,pilot_or_calibration_sample_exclude_from_test,0,,0
teamcrawl_v1,REC_008777,yen,schema_5_new_timestamp,data/01_Raw_Data/02_Team_Crawled_Raw/Yen/json-yen-vietnamnet-v9-3-2/posts_Vietnamnet_vn.json,posts_Vietnamnet_vn.json,393,pfbid0hN36fKftucEJUZEa6NtycWcss5NMm8AwX6eUjzn7R9n9Q8e6fvy1CsjRnFuv5DGVl,https://www.facebook.com/vietnamnet.vn/posts/pfbid0hN36fKftucEJUZEa6NtycWcss5NMm8AwX6eUjzn7R9n9Q8e6fvy1CsjRnFuv5DGVl,a47c076e24c081db,post_id:pfbid0hN36fKftucEJUZEa6NtycWcss5NMm8AwX6eUjzn7R9n9Q8e6fvy1CsjRnFuv5DGVl,Vietnamnet.vn,vietnamnet.vn,https://www.facebook.com/vietnamnet.vn,2500000,2500000,1,post,,danh sách 151 thí sinh được miễn thi tốt nghiệp thpt và tuyển thẳng đh năm 2026,101,20,T05. EDUCATION,T05,human_verified,manual_adjudicated,Han; Nhung; Yen,,pilot_400_final,,0.0,0,0,0,0,0,0,0,0.0,51,0.0,0.0,1,1,sum_mismatch,0,1,1,1,1,Tuesday 5 May 2026 at 08:57,1777946220.0,2026-05-05 01:57:00,2026-05-05,1.0,Tuesday,post_created_time_unix,ok,1,1779688033,1779688033,2026-05-25 12:47:13,2026-05-25 12:47:13,1,2.04e-05,0.0,4e-07,52,2.08e-05,1,0,0,0,0,,,,,,,,,,,,0,0,,pilot_or_calibration_sample_exclude_from_test,0,,0
teamcrawl_v1,REC_008778,yen,schema_5_new_timestamp,data/01_Raw_Data/02_Team_Crawled_Raw/Yen/json-yen-vietnamnet-v9-3-2/posts_Vietnamnet_vn.json,posts_Vietnamnet_vn.json,394,pfbid05D6MzfNBSkLk8UoVurBcJ2BDbfSQdu2X58KRgbbWxGnago6w2EzqYw7wkWdSVSuvl,https://www.facebook.com/vietnamnet.vn/posts/pfbid05D6MzfNBSkLk8UoVurBcJ2BDbfSQdu2X58KRgbbWxGnago6w2EzqYw7wkWdSVSuvl,129e2aecd7df0efd,post_id:pfbid05D6MzfNBSkLk8UoVurBcJ2BDbfSQdu2X58KRgbbWxGnago6w2EzqYw7wkWdSVSuvl,Vietnamnet.vn,vietnamnet.vn,https://www.facebook.com/vietnamnet.vn,2500000,2500000,1,post,,"việt nam là đối tác chủ chốt trong chính sách ""hành động hướng đông"" của ấn độ",92,19,T01. POLITICS,T01,human_verified,manual_adjudicated,Han; Nhung; Yen,,pilot_400_final,,0.0,0,0,0,0,0,0,0,0.0,71,0.0,0.0,1,1,sum_mismatch,1,0,1,1,1,Tuesday 5 May 2026 at 06:32,1777937520.0,2026-05-04 23:32:00,2026-05-04,23.0,Monday,post_created_time_unix,ok,1,1779688053,1779688053,2026-05-25 12:47:33,2026-05-25 12:47:33,1,2.84e-05,4e-07,0.0,72,2.88e-05,1,0,0,0,0,,,,,,,,,,,,0,0,,pilot_or_calibration_sample_exclude_from_test,0,,0
teamcrawl_v1,REC_008790,yen,schema_5_new_timestamp,data/01_Raw_Data/02_Team_Crawled_Raw/Yen/json-yen-vietnamnet-v9-3-2/posts_Vietnamnet_vn.json,posts_Vietnamnet_vn.json,406,1678086716713709,https://www.facebook.com/reel/1678086716713709,aaab430fa5e6ef16,post_id:1678086716713709,Vietnamnet.vn,vietnamnet.vn,https://www.facebook.com/vietnamnet.vn,2500000,2500000,1,reel,,"'nữ quái' có nhiều tiền án, từ đà nẵng ra huế tromcap tài sản.",82,17,T03. CRIME_LAW_AND_JUSTICE,T03,human_verified,manual_adjudicated,Han; Nhung; Yen,,pilot_100_final,,0.0,0,0,0,0,0,0,0,0.0,156,0.0,0.0,1,1,sum_mismatch,3,10,1,1,1,Tuesday 12 May 2026 at 18:37,1778585820.0,2026-05-12 11:37:00,2026-05-12,11.0,Tuesday,post_created_time_unix,ok,1,1779697106,1779697106,2026-05-25 15:18:26,2026-05-25 15:18:26,1,6.24e-05,1.2e-06,4e-06,169,6.76e-05,1,0,0,0,0,,,,,,,,,,,,0,0,,pilot_or_calibration_sample_exclude_from_test,0,,0
teamcrawl_v1,REC_008795,yen,schema_5_new_timestamp,data/01_Raw_Data/02_Team_Crawled_Raw/Yen/json-yen-vietnamnet-v9-3-2/posts_Vietnamnet_vn.json,posts_Vietnamnet_vn.json,411,pfbid022Hbfr8ku2GJNvniNEojyaCKJ2NgBq2ktPqo7gJYw2ABZjN496srVm8HvJdvEmBZ4l,https://www.facebook.com/vietnamnet.vn/posts/pfbid022Hbfr8ku2GJNvniNEojyaCKJ2NgBq2ktPqo7gJYw2ABZjN496srVm8HvJdvEmBZ4l,a06f0b5f088e8cd8,post_id:pfbid022Hbfr8ku2GJNvniNEojyaCKJ2NgBq2ktPqo7gJYw2ABZjN496srVm8HvJdvEmBZ4l,Vietnamnet.vn,vietnamnet.vn,https://www.facebook.com/vietnamnet.vn,2500000,2500000,1,post,,3 nữ nghệ sĩ việt tự huỷ danh tiếng vì liên quan đến matuy,77,16,T03. CRIME_LAW_AND_JUSTICE,T03,human_verified,manual_adjudicated,Han; Nhung; Yen,,pilot_400_final,,0.0,0,0,0,0,0,0,0,0.0,553,0.0,0.0,1,1,sum_mismatch,10,38,1,1,1,Monday 11 May 2026 at 21:45,1778510700.0,2026-05-11 14:45:00,2026-05-11,14.0,Monday,post_created_time_unix,ok,1,1779697198,1779697198,2026-05-25 15:19:58,2026-05-25 15:19:58,1,0.0002212,4e-06,1.52e-05,601,0.0002404,1,0,0,0,0,,,,,,,,,,,,0,0,,pilot_or_calibration_sample_exclude_from_test,0,,0
teamcrawl_v1,REC_008798,yen,schema_5_new_timestamp,data/01_Raw_Data/02_Team_Crawled_Raw/Yen/json-yen-vietnamnet-v9-3-2/posts_Vietnamnet_vn.json,posts_Vietnamnet_vn.json,414,pfbid0W74zsa7QBjAxy2JjBJV4urFmBr9RgxpgsuLiReJAHs6hnnWWEEQqyd9PayYpALD4l,https://www.facebook.com/vietnamnet.vn/posts/pfbid0W74zsa7QBjAxy2JjBJV4urFmBr9RgxpgsuLiReJAHs6hnnWWEEQqyd9PayYpALD4l,b9bb386a6a0ab100,post_id:pfbid0W74zsa7QBjAxy2JjBJV4urFmBr9RgxpgsuLiReJAHs6hnnWWEEQqyd9PayYpALD4l,Vietnamnet.vn,vietnamnet.vn,https://www.facebook.com/vietnamnet.vn,2500000,2500000,1,post,,"đồng nai: hiện trường vụ cháy lan rộng 9000m2, cảnh sát huy động 31 xe và robot cứu hỏa",100,21,T09. DISASTER_ACCIDENT_AND_EMERGENCY_INCIDENT,T09,human_verified,manual_adjudicated,Han; Nhung; Yen,,pilot_100_additional_final,,0.0,0,0,0,0,0,0,0,0.0,151,0.0,0.0,1,1,sum_mismatch,5,4,1,1,1,Monday 11 May 2026 at 14:59,1778486340.0,2026-05-11 07:59:00,2026-05-11,7.0,Monday,post_created_time_unix,ok,1,1779697253,1779697253,2026-05-25 15:20:53,2026-05-25 15:20:53,1,6.04e-05,2e-06,1.6e-06,160,6.4e-05,1,0,0,0,0,,,,,,,,,,,,0,0,,pilot_or_calibration_sample_exclude_from_test,0,,0
teamcrawl_v1,REC_008801,yen,schema_5_new_timestamp,data/01_Raw_Data/02_Team_Crawled_Raw/Yen/json-yen-vietnamnet-v9-3-2/posts_Vietnamnet_vn.json,posts_Vietnamnet_vn.json,417,pfbid02kVS82jPPVw5Fv6LCxSxatf9T4yJNPyhoSAf8vqtDyFBDvWcDQuGyQZiJzZsZgCZHl,https://www.facebook.com/vietnamnet.vn/posts/pfbid02kVS82jPPVw5Fv6LCxSxatf9T4yJNPyhoSAf8vqtDyFBDvWcDQuGyQZiJzZsZgCZHl,6db66a3b65b88285,post_id:pfbid02kVS82jPPVw5Fv6LCxSxatf9T4yJNPyhoSAf8vqtDyFBDvWcDQuGyQZiJzZsZgCZHl,Vietnamnet.vn,vietnamnet.vn,https://www.facebook.com/vietnamnet.vn,2500000,2500000,1,post,,"thị trường hôm nay giá vàng dự báo tăng, sjc diễn biến lạ giá bạc tăng vọt 5 triệu đồng/kg, lập đỉnh gần 2 tháng",127,27,T02. ECONOMY_BUSINESS_AND_FINANCE,T02,human_verified,manual_adjudicated,Han; Nhung; Yen,,pilot_100_final,,0.0,0,0,0,0,0,0,0,0.0,104,0.0,0.0,1,1,sum_mismatch,0,7,1,1,1,Monday 11 May 2026 at 06:57,1778457420.0,2026-05-10 23:57:00,2026-05-10,23.0,Sunday,post_created_time_unix,ok,1,1779697310,1779697310,2026-05-25 15:21:50,2026-05-25 15:21:50,1,4.16e-05,0.0,2.8e-06,111,4.44e-05,1,0,0,0,0,,,,,,,,,,,,0,0,,pilot_or_calibration_sample_exclude_from_test,0,,0
teamcrawl_v1,REC_008817,yen,schema_5_new_timestamp,data/01_Raw_Data/02_Team_Crawled_Raw/Yen/json-yen-vietnamnet-v9-3-2/posts_Vietnamnet_vn.json,posts_Vietnamnet_vn.json,433,pfbid02X7w4jb1m9QgGYc5gPwPi42WJ128HnSLsdJWtevRDDk8vUNeJj8JgCci8vinNA3T1l,https://www.facebook.com/vietnamnet.vn/posts/pfbid02X7w4jb1m9QgGYc5gPwPi42WJ128HnSLsdJWtevRDDk8vUNeJj8JgCci8vinNA3T1l,0a35bb5191af2b24,post_id:pfbid02X7w4jb1m9QgGYc5gPwPi42WJ128HnSLsdJWtevRDDk8vUNeJj8JgCci8vinNA3T1l,Vietnamnet.vn,vietnamnet.vn,https://www.facebook.com/vietnamnet.vn,2500000,2500000,1,post,,"thủ tướng sri lanka ra sân bay đón tổng bí thư, chủ tịch nước tô lâm",82,18,T01. POLITICS,T01,human_verified,manual_adjudicated,Han; Nhung; Yen,,pilot_100_final,,0.0,0,0,0,0,0,0,0,0.0,160,0.0,0.0,1,1,sum_mismatch,0,0,1,1,1,Friday 8 May 2026 at 08:48,1778204880.0,2026-05-08 01:48:00,2026-05-08,1.0,Friday,post_created_time_unix,ok,1,1779697617,1779697617,2026-05-25 15:26:57,2026-05-25 15:26:57,1,6.4e-05,0.0,0.0,160,6.4e-05,1,0,0,0,0,,,,,,,,,,,,0,0,,pilot_or_calibration_sample_exclude_from_test,0,,0
teamcrawl_v1,REC_008818,yen,schema_5_new_timestamp,data/01_Raw_Data/02_Team_Crawled_Raw/Yen/json-yen-vietnamnet-v9-3-2/posts_Vietnamnet_vn.json,posts_Vietnamnet_vn.json,434,pfbid0EHhqKALXt4zmzo3KmXHqQVK6st7JfFCnyeeT85aeeB2Ey9gM7EcYtdLUZKHmQHG3l,https://www.facebook.com/vietnamnet.vn/posts/pfbid0EHhqKALXt4zmzo3KmXHqQVK6st7JfFCnyeeT85aeeB2Ey9gM7EcYtdLUZKHmQHG3l,e5c53a8e7e4e475c,post_id:pfbid0EHhqKALXt4zmzo3KmXHqQVK6st7JfFCnyeeT85aeeB2Ey9gM7EcYtdLUZKHmQHG3l,Vietnamnet.vn,vietnamnet.vn,https://www.facebook.com/vietnamnet.vn,2500000,2500000,1,post,,"nam thanh niên lái xe ngược chiều, tông gãy chân đại úy công an ở hà nội khoảng 17h ngày 5/5, trong quá trình tuần tra, kiểm soát trên tuyến đê sông nhuệ, tổ công tác công an xã đại xuyên phát hiện phạm minh hiếu điều khiển xe máy bks 29ae582xx đi ngược chiều, không đội mũ bảo hiểm, lạng lách, đánh võng. khi tổ công tác ra hiệu lệnh dừng xe, đối tượng không chấp hành mà tăng ga bỏ chạy, đâm vào đại uý đào quang hoà khiến anh bị thương. các bác sĩ chẩn đoán đại uý hoà bị gãy hai xương cẳng chân trái và gãy đầu dưới xương quay trái.",566,119,T03. CRIME_LAW_AND_JUSTICE,T03,human_verified,manual_adjudicated,Han; Nhung; Yen,,pilot_400_final,,0.0,0,0,0,0,0,0,0,0.0,135,0.0,0.0,1,1,sum_mismatch,0,6,1,1,1,Friday 8 May 2026 at 06:36,1778196960.0,2026-05-07 23:36:00,2026-05-07,23.0,Thursday,post_created_time_unix,ok,1,1779697637,1779697637,2026-05-25 15:27:17,2026-05-25 15:27:17,1,5.4e-05,0.0,2.4e-06,141,5.64e-05,1,0,0,0,0,,,,,,,,,,,,0,0,,pilot_or_calibration_sample_exclude_from_test,0,,0
teamcrawl_v1,REC_008831,yen,schema_5_new_timestamp,data/01_Raw_Data/02_Team_Crawled_Raw/Yen/json-yen-vietnamnet-v9-3-2/posts_Vietnamnet_vn.json,posts_Vietnamnet_vn.json,447,pfbid0mKvZTwPV8DzKdnv1hWS8iRASQ5bTsw6BSnPfAvxtnf4QudzWNayG5ZMxURz6zzJol,https://www.facebook.com/vietnamnet.vn/posts/pfbid0mKvZTwPV8DzKdnv1hWS8iRASQ5bTsw6BSnPfAvxtnf4QudzWNayG5ZMxURz6zzJol,be455f9d81149fc0,post_id:pfbid0mKvZTwPV8DzKdnv1hWS8iRASQ5bTsw6BSnPfAvxtnf4QudzWNayG5ZMxURz6zzJol,Vietnamnet.vn,vietnamnet.vn,https://www.facebook.com/vietnamnet.vn,2500000,2500000,1,post,,"công an tphcm tiếp nhận nhiều người bị campuchia trục xuất vì liên quan hoạt động luadao trực tuyến, lao động trái phép…",132,25,T03. CRIME_LAW_AND_JUSTICE,T03,human_verified,manual_adjudicated,Han; Nhung; Yen,,pilot_400_final,,0.0,0,0,0,0,0,0,0,0.0,91,0.0,0.0,1,1,sum_mismatch,2,6,1,1,1,Wednesday 6 May 2026 at 13:56,1778050560.0,2026-05-06 06:56:00,2026-05-06,6.0,Wednesday,post_created_time_unix,ok,1,1779697886,1779697886,2026-05-25 15:31:26,2026-05-25 15:31:26,1,3.64e-05,8e-07,2.4e-06,99,3.96e-05,1,0,0,0,0,,,,,,,,,,,,0,0,,pilot_or_calibration_sample_exclude_from_test,0,,0
teamcrawl_v1,REC_008865,yen,schema_5_new_timestamp,data/01_Raw_Data/02_Team_Crawled_Raw/Yen/json-yen-vietnamnet-v9-3-2/posts_Vietnamnet_vn.json,posts_Vietnamnet_vn.json,481,pfbid0DQA6dW6uhA9AjLeJibgUsjnkaUHDU9cWHRTnJ23QWPexWR59dgxeuz2jyww3Kqi1l,https://www.facebook.com/vietnamnet.vn/posts/pfbid0DQA6dW6uhA9AjLeJibgUsjnkaUHDU9cWHRTnJ23QWPexWR59dgxeuz2jyww3Kqi1l,bed8202ebdcc888b,post_id:pfbid0DQA6dW6uhA9AjLeJibgUsjnkaUHDU9cWHRTnJ23QWPexWR59dgxeuz2jyww3Kqi1l,Vietnamnet.vn,vietnamnet.vn,https://www.facebook.com/vietnamnet.vn,2500000,2500000,1,post,,"con nguy kịch, chồng nhập viện cấp cứu, người phụ nữ dao sức cùng lực kiệt có những tai họa ập đến dồn dập khiến con người rơi vào tận cùng bất hạnh. đó là tình cảnh bi thương của gia đình chị phòn thị nái (tỉnh cao bằng). cùng lúc cả chồng và con gái của chị lâm vào nguy kịch, giữa thủ đô đông đúc, người phụ nữ nghèo vùng cao với khuôn mặt hốc hác, nghẹn ngào bất lực trước số phận. con gái chị nái là đặng thị duyên (sn 2012), học sinh lớp 8 trường phổ thông dân tộc bán trú thcs lương thông, tỉnh cao bằng. vì nhà cách xa trường, đường sá đi lại khó khăn nên duyên cùng em gái phải ở lại khu nội trú của trường, chỉ cuối tuần 2 chị em duyên mới về nhà. thế nhưng, một buổi tối định mệnh khiến giấc mơ đến trường của cô bé 14 tuổi có nguy cơ dang dở. khoảng 20h ngày 8/5/2026, trong lúc sinh hoạt tại trường, duyên không may trượt chân ngã từ lan can tầng 2 xuống đất. tại bệnh viện, các bác sĩ cho biết, duyên bị đa chấn thương nghiêm trọng: chấn thương sọ não, có khối máu tụ ngoài màng cứng vùng thái dương; chấn thương hàm mặt, gãy xương mũi trái; dập nhu mô phổi phải; gãy cung sau xương sườn số 12; chấn thương lách độ iii... hiện đã được phẫu thuật xương mu trái, cô bé đang tạm thời được điều trị bằng kháng sinh và theo dõi sát sao để chuẩn bị cho các đợt điều trị, phẫu thuật tiếp theo. anh đặng văn ton (sn 1993, chồng chị nái) vốn có tiền sử bệnh thần kinh không ổn định. trong lúc hoảng loạn, anh ton đi lang thang ra khỏi bệnh viện, giữa hà nội xa lạ, anh bị lạc đường. giữa lúc con gái đang nguy kịch, chị nái lại tất tả đi tìm chồng. sau nhiều giờ kiệt sức vì đói, lạnh và hoảng loạn, anh ton ngất xỉu bên đường, may mắn anh được các chiến sĩ công an phát hiện và đưa vào cấp cứu tại bệnh viện đa khoa xanh pôn. chị nái một mình tất tả chạy đi chạy lại giữa 2 bệnh viện, vừa chăm chồng vừa nghe ngóng tin con, vừa phải tranh thủ điện về nhà nhờ người thân vay mượn tiền mới được hơn 20 triệu đồng để nộp viện phí cứu chồng, cứu con. nghẹn ngào trong nước mắt, chị nái chia sẻ: “cuộc sống của chúng tôi chỉ có nương rẫy nên nghèo lắm, chẳng có tài sản gì đáng giá. giờ vay mượn số tiền lớn không biết bao giờ mới trả được. trong khi chồng và con tôi còn phải điều trị dài ngày, tôi không biết nhờ cậy vào ai”. tương lai của cô học trò nghèo đặng thị duyên đang chênh vênh trước lằn ranh sinh tử. nếu không có kinh phí tiếp tục điều trị, cô bé có thể phải mang di chứng nặng nề suốt đời. giấc mơ trở lại trường học của duyên có nguy cơ dang dở. trong khi đó, bố duyên cũng đang nằm điều trị tại bệnh viện xanh pôn. hoàn cảnh gia đình hiện vô cùng éo le, rất cần sự chung tay giúp đỡ từ cộng đồng.",2649,576,T13. HUMAN_INTEREST,T13,human_verified,manual_adjudicated,Han; Nhung; Yen,,pilot_100_additional_final,,0.0,0,0,0,0,0,0,0,0.0,136,0.0,0.0,1,1,sum_mismatch,16,19,1,1,1,Saturday 23 May 2026 at 15:01,1779523260.0,2026-05-23 08:01:00,2026-05-23,8.0,Saturday,post_created_time_unix,ok,1,1779705792,1779705792,2026-05-25 17:43:12,2026-05-25 17:43:12,1,5.44e-05,6.4e-06,7.6e-06,171,6.84e-05,1,0,0,0,0,,,,,,,,,,,,0,0,,pilot_or_calibration_sample_exclude_from_test,0,,0
teamcrawl_v1,REC_008881,yen,schema_5_new_timestamp,data/01_Raw_Data/02_Team_Crawled_Raw/Yen/json-yen-vietnamnet-v9-3-2/posts_Vietnamnet_vn.json,posts_Vietnamnet_vn.json,497,pfbid02Rr2z4gMvwaEjZRZb4JuocSm2K3qWWkftFc1oSFzymFH5uzRUpGgHbPupN2obv7UCl,https://www.facebook.com/vietnamnet.vn/posts/pfbid02Rr2z4gMvwaEjZRZb4JuocSm2K3qWWkftFc1oSFzymFH5uzRUpGgHbPupN2obv7UCl,77d72ab6d05af163,post_id:pfbid02Rr2z4gMvwaEjZRZb4JuocSm2K3qWWkftFc1oSFzymFH5uzRUpGgHbPupN2obv7UCl,Vietnamnet.vn,vietnamnet.vn,https://www.facebook.com/vietnamnet.vn,2500000,2500000,1,post,,chủ tịch hà nội vũ đại thắng được đề nghị khen thưởng huân chương lao động hạng nhì,97,20,T01. POLITICS,T01,human_verified,manual_adjudicated,Han; Nhung; Yen,,pilot_100_final,,0.0,0,0,0,0,0,0,0,0.0,226,0.0,0.0,1,1,sum_mismatch,6,0,1,1,1,Thursday 21 May 2026 at 09:27,1779330420.0,2026-05-21 02:27:00,2026-05-21,2.0,Thursday,post_created_time_unix,ok,1,1779706080,1779706080,2026-05-25 17:48:00,2026-05-25 17:48:00,1,9.04e-05,2.4e-06,0.0,232,9.28e-05,1,0,0,0,0,,,,,,,,,,,,0,0,,pilot_or_calibration_sample_exclude_from_test,0,,0
teamcrawl_v1,REC_008937,yen,schema_5_new_timestamp,data/01_Raw_Data/02_Team_Crawled_Raw/Yen/json-yen-vietnamnet-v9-3-2/posts_Vietnamnet_vn.json,posts_Vietnamnet_vn.json,553,pfbid0ZgMHSEbeESvDzwBFXDUQSdn7WFYDT6zkSk74YqrxKCs8MSyz9gVkJHG1wGK5Hk5Kl,https://www.facebook.com/vietnamnet.vn/posts/pfbid0ZgMHSEbeESvDzwBFXDUQSdn7WFYDT6zkSk74YqrxKCs8MSyz9gVkJHG1wGK5Hk5Kl,e08d42e17c32c897,post_id:pfbid0ZgMHSEbeESvDzwBFXDUQSdn7WFYDT6zkSk74YqrxKCs8MSyz9gVkJHG1wGK5Hk5Kl,Vietnamnet.vn,vietnamnet.vn,https://www.facebook.com/vietnamnet.vn,2500000,2500000,1,post,,"du khách 'tố' mua 3,2kg ghẹ về còn 1,8kg, tiểu thương ở tphcm bị xử phạt trước đó, trên mạng xã hội xuất hiện thông tin du khách phản ánh vợ chồng bán hải sản tại khu vực bãi biển xã long hải có hành vi cân thiếu khi bán ghẹ cho khách. cụ thể, người đăng tải cho biết, người này mua 3,2kg hải sản nhưng khi mang về nhà cân lại chỉ có 1,8kg. thời điểm mua, người này có ý định trả lại ghẹ do nghi ngờ cân thiếu, nhưng do sợ “có chuyện” và lại đi một mình nên đành ngậm ngùi trả tiền rồi đi về. sau khi nắm được thông tin phản ánh trên, cơ quan chức năng xã long hải đã vào cuộc xác minh, xác định người bán hải sản là bà n. .v. (47 tuổi, trú ấp hải phong 1, xã long hải) và mời lên làm việc. tại buổi làm việc, bà v. thừa nhận vào ngày 27/4, bà sử dụng chiếc cân không đảm bảo quy định (cân bị nhiễm mặn, niêm phong, kẹp chì đã bị hư) để cân hải sản, dẫn đến cân không đảm bảo trọng lượng (cân thiếu) cho khách du lịch. sau buổi làm việc, bà v. tự nguyện hủy chiếc cân không đảm bảo chất lượng và cam kết không sử dụng cân không đảm bảo chất lượng để buôn bán, kinh doanh.",1095,243,T03. CRIME_LAW_AND_JUSTICE,T03,human_verified,manual_adjudicated,Han; Nhung; Yen,,pilot_100_additional_final,,0.0,0,0,0,0,0,0,0,0.0,1600,0.0,0.0,1,1,sum_mismatch,21,159,1,1,1,Thursday 30 April 2026 at 22:19,1777562340.0,2026-04-30 15:19:00,2026-04-30,15.0,Thursday,post_created_time_unix,ok,1,1779707652,1779707652,2026-05-25 18:14:12,2026-05-25 18:14:12,1,0.00064,8.4e-06,6.36e-05,1780,0.000712,1,0,0,0,0,,,,,,,,,,,,0,0,,pilot_or_calibration_sample_exclude_from_test,0,,0
teamcrawl_v1,REC_009002,yen,schema_5_new_timestamp,data/01_Raw_Data/02_Team_Crawled_Raw/Yen/json-yen-vietnamnet-v9-3-2/posts_Vietnamnet_vn.json,posts_Vietnamnet_vn.json,618,pfbid02aHxCCKP7Hm28rgwPhWTo1mGbqpm69Z4oHckfirdaFFdA8aDGGCp3q9fZLedyN2m9l,https://www.facebook.com/vietnamnet.vn/posts/pfbid02aHxCCKP7Hm28rgwPhWTo1mGbqpm69Z4oHckfirdaFFdA8aDGGCp3q9fZLedyN2m9l,ae01dbe907f4eb7e,post_id:pfbid02aHxCCKP7Hm28rgwPhWTo1mGbqpm69Z4oHckfirdaFFdA8aDGGCp3q9fZLedyN2m9l,Vietnamnet.vn,vietnamnet.vn,https://www.facebook.com/vietnamnet.vn,2500000,2500000,1,post,,"giá vàng giảm sâu, người dân hà nội xếp hàng 'bắt đáy’, người bán vắng bóng",90,18,T02. ECONOMY_BUSINESS_AND_FINANCE,T02,human_verified,manual_adjudicated,Han; Nhung; Yen,,pilot_100_final,,0.0,675,8,35,3,0,0,0,0.0,721,721.0,1.0,1,1,ok,4,56,1,1,1,Wednesday 29 April 2026 at 13:16,1777443360.0,2026-04-29 06:16:00,2026-04-29,6.0,Wednesday,post_created_time_unix,ok,1,1779722244,1779722244,2026-05-25 22:17:24,2026-05-25 22:17:24,1,0.0002884,1.6e-06,2.24e-05,781,0.0003124,1,0,46,8,38,0.0110957004160887,0.0485436893203883,0.0041608876560332,0.0,0.0,0.0,0.9472954230235784,0.0,0.0485436893203883,0.0,-0.0638002773925104,1,1,,pilot_or_calibration_sample_exclude_from_test,0,,1
teamcrawl_v1,REC_009009,yen,schema_5_new_timestamp,data/01_Raw_Data/02_Team_Crawled_Raw/Yen/json-yen-vietnamnet-v9-3-2/posts_Vietnamnet_vn.json,posts_Vietnamnet_vn.json,625,pfbid0KkjybWLGwNjxvavhnUJ4M6tHd6sNgawETBPYsxnzTsBYPhePZSaPBrifjk8HFyhql,https://www.facebook.com/vietnamnet.vn/posts/pfbid0KkjybWLGwNjxvavhnUJ4M6tHd6sNgawETBPYsxnzTsBYPhePZSaPBrifjk8HFyhql,deb657aac001fc3b,post_id:pfbid0KkjybWLGwNjxvavhnUJ4M6tHd6sNgawETBPYsxnzTsBYPhePZSaPBrifjk8HFyhql,Vietnamnet.vn,vietnamnet.vn,https://www.facebook.com/vietnamnet.vn,2500000,2500000,1,post,,"giá vàng hôm nay 28/4/2026 giảm mạnh, về gần mốc 167 triệu/lượng",79,14,T02. ECONOMY_BUSINESS_AND_FINANCE,T02,human_verified,manual_adjudicated,Han; Nhung; Yen,,pilot_400_final,,0.0,143,4,2,2,0,0,0,0.0,151,151.0,1.0,1,1,ok,3,9,1,1,1,Tuesday 28 April 2026 at 14:40,1777362000.0,2026-04-28 07:40:00,2026-04-28,7.0,Tuesday,post_created_time_unix,ok,1,1779722315,1779722315,2026-05-25 22:18:35,2026-05-25 22:18:35,1,6.04e-05,1.2e-06,3.6e-06,163,6.52e-05,1,0,8,4,4,0.0264900662251655,0.0132450331125827,0.0132450331125827,0.0,0.0,0.0,0.9735099337748344,0.0,0.0132450331125827,0.0,0.0,1,1,,pilot_or_calibration_sample_exclude_from_test,0,,1
teamcrawl_v1,REC_009022,yen,schema_5_new_timestamp,data/01_Raw_Data/02_Team_Crawled_Raw/Yen/json-yen-vietnamnet-v9-3-2/posts_Vietnamnet_vn.json,posts_Vietnamnet_vn.json,638,pfbid02txYywN4zDQgVUEf3xsNYahbtAedRNfqwRGNcDxpFMD3KHkUHJeCZoq1RXTUV8r9kl,https://www.facebook.com/vietnamnet.vn/posts/pfbid02txYywN4zDQgVUEf3xsNYahbtAedRNfqwRGNcDxpFMD3KHkUHJeCZoq1RXTUV8r9kl,522257dd91e87784,post_id:pfbid02txYywN4zDQgVUEf3xsNYahbtAedRNfqwRGNcDxpFMD3KHkUHJeCZoq1RXTUV8r9kl,Vietnamnet.vn,vietnamnet.vn,https://www.facebook.com/vietnamnet.vn,2500000,2500000,1,post,,"khung giờ điện mới chưa áp dụng ngay, chờ điều chỉnh giá điện quy định giờ cao điểm - thấp điểm - bình thường mới đã được ban hành nhưng chưa áp dụng ngay, chỉ được triển khai khi thực hiện điều chỉnh mức giá bán lẻ điện bình quân gần nhất.",255,54,T02. ECONOMY_BUSINESS_AND_FINANCE,T02,human_verified,manual_adjudicated,Han; Nhung; Yen,,pilot_400_final,,0.0,57,0,18,0,0,6,0,0.0,81,81.0,1.0,1,1,ok,3,0,1,1,1,Saturday 25 April 2026 at 10:00,1777086000.0,2026-04-25 03:00:00,2026-04-25,3.0,Saturday,post_created_time_unix,ok,1,1779722463,1779722463,2026-05-25 22:21:03,2026-05-25 22:21:03,1,3.24e-05,1.2e-06,0.0,84,3.36e-05,1,0,24,0,24,0.0,0.2222222222222222,0.0,0.0,0.074074074074074,0.0,0.7037037037037037,0.074074074074074,0.2222222222222222,0.0,-0.2962962962962963,1,1,,pilot_or_calibration_sample_exclude_from_test,0,,1
teamcrawl_v1,REC_009033,yen,schema_5_new_timestamp,data/01_Raw_Data/02_Team_Crawled_Raw/Yen/json-yen-vietnamnet-v9-3-2/posts_Vietnamnet_vn.json,posts_Vietnamnet_vn.json,649,pfbid02XXjvBmYdXfNRdBmGzxGPKzUYXReWQKGrAU1MnS36nkYr5cuSifevgBTfNqjAPgPel,https://www.facebook.com/vietnamnet.vn/posts/pfbid02XXjvBmYdXfNRdBmGzxGPKzUYXReWQKGrAU1MnS36nkYr5cuSifevgBTfNqjAPgPel,82a7444d15035590,post_id:pfbid02XXjvBmYdXfNRdBmGzxGPKzUYXReWQKGrAU1MnS36nkYr5cuSifevgBTfNqjAPgPel,Vietnamnet.vn,vietnamnet.vn,https://www.facebook.com/vietnamnet.vn,2500000,2500000,1,post,,"giá vàng hôm nay 5/5/2026 rơi tự do, vàng trong nước lại cắm đầu đi xuống",88,18,T02. ECONOMY_BUSINESS_AND_FINANCE,T02,human_verified,manual_adjudicated,Han; Nhung; Yen,,pilot_400_final,,0.0,250,4,6,4,0,0,0,0.0,264,264.0,1.0,1,1,ok,9,12,1,1,1,Tuesday 5 May 2026 at 09:18,1777947480.0,2026-05-05 02:18:00,2026-05-05,2.0,Tuesday,post_created_time_unix,ok,1,1779738767,1779738767,2026-05-26 02:52:47,2026-05-26 02:52:47,1,0.0001056,3.6e-06,4.8e-06,285,0.000114,1,0,14,4,10,0.0151515151515151,0.0227272727272727,0.0151515151515151,0.0,0.0,0.0,0.9621212121212122,0.0,0.0227272727272727,0.0,-0.053030303030303,1,1,,pilot_or_calibration_sample_exclude_from_test,0,,1
teamcrawl_v1,REC_009054,yen,schema_5_new_timestamp,data/01_Raw_Data/02_Team_Crawled_Raw/Yen/json-yen-vietnamnet-v9-3-2/posts_Vietnamnet_vn.json,posts_Vietnamnet_vn.json,670,pfbid0rvAm1fCMTUi9xd1kNpWmnH74b8KGBdL2AomojFbTuf11JKRH7nrqK5D83eBqafgTl,https://www.facebook.com/vietnamnet.vn/posts/pfbid0rvAm1fCMTUi9xd1kNpWmnH74b8KGBdL2AomojFbTuf11JKRH7nrqK5D83eBqafgTl,8e24d77e96dd9b10,post_id:pfbid0rvAm1fCMTUi9xd1kNpWmnH74b8KGBdL2AomojFbTuf11JKRH7nrqK5D83eBqafgTl,Vietnamnet.vn,vietnamnet.vn,https://www.facebook.com/vietnamnet.vn,2500000,2500000,1,post,,bắt khẩn cấp thanh niên 23 tuổi trộm 5 cây vàng của em gái người yêu u40,84,19,T03. CRIME_LAW_AND_JUSTICE,T03,human_verified,manual_adjudicated,Han; Nhung; Yen,,pilot_400_final,,0.0,99,0,30,0,0,0,0,0.0,129,129.0,1.0,1,1,ok,6,6,1,1,1,Wednesday 29 April 2026 at 11:05,1777435500.0,2026-04-29 04:05:00,2026-04-29,4.0,Wednesday,post_created_time_unix,ok,1,1779739045,1779739045,2026-05-26 02:57:25,2026-05-26 02:57:25,1,5.16e-05,2.4e-06,2.4e-06,141,5.64e-05,1,0,30,0,30,0.0,0.2325581395348837,0.0,0.0,0.0,0.0,0.7674418604651163,0.0,0.2325581395348837,0.0,-0.2325581395348837,1,1,,pilot_or_calibration_sample_exclude_from_test,0,,1
teamcrawl_v1,REC_009055,yen,schema_5_new_timestamp,data/01_Raw_Data/02_Team_Crawled_Raw/Yen/json-yen-vietnamnet-v9-3-2/posts_Vietnamnet_vn.json,posts_Vietnamnet_vn.json,671,pfbid0898iTT8NkpnSfz63dHUJcpoF3vQfkavyjpPSHce1WGSw2oYoVdJCENTT28b2Gg37l,https://www.facebook.com/vietnamnet.vn/posts/pfbid0898iTT8NkpnSfz63dHUJcpoF3vQfkavyjpPSHce1WGSw2oYoVdJCENTT28b2Gg37l,3dfdb4fcc6028cda,post_id:pfbid0898iTT8NkpnSfz63dHUJcpoF3vQfkavyjpPSHce1WGSw2oYoVdJCENTT28b2Gg37l,Vietnamnet.vn,vietnamnet.vn,https://www.facebook.com/vietnamnet.vn,2500000,2500000,1,post,,"giá vàng hôm nay 29/4/2026 lao dốc, giảm tới 1,5 triệu đồng/lượng",80,14,T02. ECONOMY_BUSINESS_AND_FINANCE,T02,human_verified,manual_adjudicated,Han; Nhung; Yen,,pilot_400_final,,0.0,121,3,0,0,0,0,0,0.0,124,124.0,1.0,1,1,ok,1,10,1,1,1,Wednesday 29 April 2026 at 09:20,1777429200.0,2026-04-29 02:20:00,2026-04-29,2.0,Wednesday,post_created_time_unix,ok,1,1779739055,1779739055,2026-05-26 02:57:35,2026-05-26 02:57:35,1,4.96e-05,4e-07,4e-06,135,5.4e-05,1,0,3,3,0,0.0241935483870967,0.0,0.0,0.0,0.0,0.0,1.0,0.0,0.0,0.0,0.0241935483870967,1,1,,pilot_or_calibration_sample_exclude_from_test,0,,1
teamcrawl_v1,REC_009057,yen,schema_5_new_timestamp,data/01_Raw_Data/02_Team_Crawled_Raw/Yen/json-yen-vietnamnet-v9-3-2/posts_Vietnamnet_vn.json,posts_Vietnamnet_vn.json,673,pfbid09YH1t2tvXuZdFKyRQrXzadtPTyfX2oSAsSv9RnJeRvEzwZjohzx8BfwFiMkjHtNWl,https://www.facebook.com/vietnamnet.vn/posts/pfbid09YH1t2tvXuZdFKyRQrXzadtPTyfX2oSAsSv9RnJeRvEzwZjohzx8BfwFiMkjHtNWl,02699ba02d61e119,post_id:pfbid09YH1t2tvXuZdFKyRQrXzadtPTyfX2oSAsSv9RnJeRvEzwZjohzx8BfwFiMkjHtNWl,Vietnamnet.vn,vietnamnet.vn,https://www.facebook.com/vietnamnet.vn,2500000,2500000,1,post,,tuần tới sẽ có nghị định nâng ngưỡng tính thuế của hộ kinh doanh lên 1 tỷ đồng/năm,96,20,T02. ECONOMY_BUSINESS_AND_FINANCE,T02,human_verified,manual_adjudicated,Han; Nhung; Yen,,pilot_400_final,,0.0,70,0,9,0,0,0,0,0.0,79,79.0,1.0,1,1,ok,0,0,1,1,1,Tuesday 28 April 2026 at 22:01,1777388460.0,2026-04-28 15:01:00,2026-04-28,15.0,Tuesday,post_created_time_unix,ok,1,1779739077,1779739077,2026-05-26 02:57:57,2026-05-26 02:57:57,1,3.16e-05,0.0,0.0,79,3.16e-05,1,0,9,0,9,0.0,0.1139240506329113,0.0,0.0,0.0,0.0,0.8860759493670886,0.0,0.1139240506329113,0.0,-0.1139240506329113,1,1,,pilot_or_calibration_sample_exclude_from_test,0,,1
teamcrawl_v1,REC_009064,yen,schema_5_new_timestamp,data/01_Raw_Data/02_Team_Crawled_Raw/Yen/json-yen-vietnamnet-v9-3-2/posts_Vietnamnet_vn.json,posts_Vietnamnet_vn.json,680,971024961958209,https://www.facebook.com/reel/971024961958209,2e91502d848bf5c1,post_id:971024961958209,Vietnamnet.vn,vietnamnet.vn,https://www.facebook.com/vietnamnet.vn,2500000,2500000,1,reel,,"phùng thị minh hằng chỉ là nhân viên ngân hàng, không có chức năng quản lý tiền gửi tiết kiệm nhưng bịa đặt các thông tin để luadao nhiều người với số tiền hơn 88 tỷ đồng.",197,40,T03. CRIME_LAW_AND_JUSTICE,T03,human_verified,manual_adjudicated,Han; Nhung; Yen,,pilot_400_final,,0.0,8340,65,42,79,23,28,9,0.0,8586,8586.0,1.0,1,1,ok,179,484,1,1,1,Monday 27 April 2026 at 21:24,1777299840.0,2026-04-27 14:24:00,2026-04-27,14.0,Monday,post_created_time_unix,ok,1,1779739165,1779739165,2026-05-26 02:59:25,2026-05-26 02:59:25,1,0.0034344,7.16e-05,0.0001936,9249,0.0036996,1,0,246,74,172,0.0075704635453063,0.0048916841369671,0.0092010249242953,0.0026787794083391,0.0032611227579781,0.0010482180293501,0.97891917074307,0.0032611227579781,0.0048916841369671,0.0037269974376892,-0.0286512928022362,1,1,,pilot_or_calibration_sample_exclude_from_test,0,,1
teamcrawl_v1,REC_009081,yen,schema_5_new_timestamp,data/01_Raw_Data/02_Team_Crawled_Raw/Yen/json-yen-vietnamnet-v9-3-2/posts_Vietnamnet_vn.json,posts_Vietnamnet_vn.json,697,pfbid0pBhrZb5NPiZYHHivG7LaiJLpVLs2NvuS9E8BjZFJtB89Z6mPg7X9bJkf4bCFa3ual,https://www.facebook.com/vietnamnet.vn/posts/pfbid0pBhrZb5NPiZYHHivG7LaiJLpVLs2NvuS9E8BjZFJtB89Z6mPg7X9bJkf4bCFa3ual,8af9e7a0d5a1ffb9,post_id:pfbid0pBhrZb5NPiZYHHivG7LaiJLpVLs2NvuS9E8BjZFJtB89Z6mPg7X9bJkf4bCFa3ual,Vietnamnet.vn,vietnamnet.vn,https://www.facebook.com/vietnamnet.vn,2500000,2500000,1,post,,"hà nội miễn phí xe buýt, metro trong 7 ngày dịp giỗ tổ hùng vương và 30/4 - 1/5",91,21,T17. TRANSPORT_INFRASTRUCTURE,T17,human_verified,manual_adjudicated,Han; Nhung; Yen,,pilot_100_additional_final,,0.0,64,2,0,0,0,0,0,0.0,66,66.0,1.0,1,1,ok,1,3,1,1,1,Friday 24 April 2026 at 09:01,1776996060.0,2026-04-24 02:01:00,2026-04-24,2.0,Friday,post_created_time_unix,ok,1,1779739407,1779739407,2026-05-26 03:03:27,2026-05-26 03:03:27,1,2.64e-05,4e-07,1.2e-06,70,2.8e-05,1,0,2,2,0,0.0303030303030303,0.0,0.0,0.0,0.0,0.0,1.0,0.0,0.0,0.0,0.0303030303030303,1,1,,pilot_or_calibration_sample_exclude_from_test,0,,1
teamcrawl_v1,REC_009090,yen,schema_5_new_timestamp,data/01_Raw_Data/02_Team_Crawled_Raw/Yen/json-yen-vietnamnet-v9-3-2/posts_Vietnamnet_vn.json,posts_Vietnamnet_vn.json,706,pfbid0oiHyUidwNPMwc5bB5RTUgtL32uJfTM59kW3h3GyLoSnmd7cUKfeArivs7VQczzaAl,https://www.facebook.com/vietnamnet.vn/posts/pfbid0oiHyUidwNPMwc5bB5RTUgtL32uJfTM59kW3h3GyLoSnmd7cUKfeArivs7VQczzaAl,89671633d13328f0,post_id:pfbid0oiHyUidwNPMwc5bB5RTUgtL32uJfTM59kW3h3GyLoSnmd7cUKfeArivs7VQczzaAl,Vietnamnet.vn,vietnamnet.vn,https://www.facebook.com/vietnamnet.vn,2500000,2500000,1,post,,pháo caesar của ukraine bốc cháy vì đòn tấn công của fpv nga,73,15,T16. WORLD_INTERNATIONAL,T16,human_verified,manual_adjudicated,Han; Nhung; Yen,,pilot_400_final,,0.0,66,0,0,0,0,0,0,0.0,66,66.0,1.0,1,1,ok,0,0,1,1,1,Thursday 23 April 2026 at 08:28,1776907680.0,2026-04-23 01:28:00,2026-04-23,1.0,Thursday,post_created_time_unix,ok,1,1779739530,1779739530,2026-05-26 03:05:30,2026-05-26 03:05:30,1,2.64e-05,0.0,0.0,66,2.64e-05,1,0,0,0,0,0.0,0.0,0.0,0.0,0.0,0.0,1.0,0.0,0.0,0.0,0.0,1,1,,pilot_or_calibration_sample_exclude_from_test,0,,1
teamcrawl_v1,REC_009096,yen,schema_5_new_timestamp,data/01_Raw_Data/02_Team_Crawled_Raw/Yen/json-yen-vietnamnet-v9-3-2/posts_Vietnamnet_vn.json,posts_Vietnamnet_vn.json,712,3313087295537355,https://www.facebook.com/reel/3313087295537355,b5291e923451ac62,post_id:3313087295537355,Vietnamnet.vn,vietnamnet.vn,https://www.facebook.com/vietnamnet.vn,2500000,2500000,1,reel,,"tiền mất tật mang: sau khi nhận tiền, đối tượng viện lý do “về nhà lấy vàng”, liên tục nhắn tin hứa hẹn giao hàng nhằm kéo dài thời gian, trấn an nạn nhân, rồi cắt đứt liên lạc.",203,42,T03. CRIME_LAW_AND_JUSTICE,T03,human_verified,manual_adjudicated,Han; Nhung; Yen,,pilot_100_final,,0.0,58,0,0,0,0,0,0,0.0,58,58.0,1.0,1,1,ok,1,4,1,1,1,Wednesday 22 April 2026 at 11:06,1776830760.0,2026-04-22 04:06:00,2026-04-22,4.0,Wednesday,post_created_time_unix,ok,1,1779739622,1779739622,2026-05-26 03:07:02,2026-05-26 03:07:02,1,2.32e-05,4e-07,1.6e-06,63,2.52e-05,1,0,0,0,0,0.0,0.0,0.0,0.0,0.0,0.0,1.0,0.0,0.0,0.0,0.0,1,1,,pilot_or_calibration_sample_exclude_from_test,0,,1
teamcrawl_v1,REC_009124,yen,schema_5_new_timestamp,data/01_Raw_Data/02_Team_Crawled_Raw/Yen/json-yen-vietnamnet-v9-3-2/posts_Vietnamnet_vn.json,posts_Vietnamnet_vn.json,740,1962563967733822,https://www.facebook.com/reel/1962563967733822,86bba142daacf99c,post_id:1962563967733822,Vietnamnet.vn,vietnamnet.vn,https://www.facebook.com/vietnamnet.vn,2500000,2500000,1,reel,,"đối tượng sn 1994 ở tỉnh ninh bình đã sử dụng tên giả, mang vàng giả đến cửa hàng vàng cầm cố, chiếm đoạt hơn 1,6 tỷ đồng.",146,31,T03. CRIME_LAW_AND_JUSTICE,T03,human_verified,manual_adjudicated,Han; Nhung; Yen,,pilot_100_final,,0.0,88,2,0,0,0,2,0,0.0,92,92.0,1.0,1,1,ok,6,4,1,1,1,Tuesday 28 April 2026 at 10:54,1777348440.0,2026-04-28 03:54:00,2026-04-28,3.0,Tuesday,post_created_time_unix,ok,1,1779743467,1779743467,2026-05-26 04:11:07,2026-05-26 04:11:07,1,3.68e-05,2.4e-06,1.6e-06,102,4.08e-05,1,0,4,2,2,0.0217391304347826,0.0,0.0,0.0,0.0217391304347826,0.0,0.9782608695652174,0.0217391304347826,0.0,0.0,0.0,1,1,,pilot_or_calibration_sample_exclude_from_test,0,,1
teamcrawl_v1,REC_009128,yen,schema_5_new_timestamp,data/01_Raw_Data/02_Team_Crawled_Raw/Yen/json-yen-vietnamnet-v9-3-2/posts_Vietnamnet_vn.json,posts_Vietnamnet_vn.json,744,pfbid032sfsp9LREtht1rgGx6chD7U1mJmBSmZhUX3sgoeDJ29yqz1CCkFcEyjB314tkxP1l,https://www.facebook.com/vietnamnet.vn/posts/pfbid032sfsp9LREtht1rgGx6chD7U1mJmBSmZhUX3sgoeDJ29yqz1CCkFcEyjB314tkxP1l,9da4c1fea66f5b6a,post_id:pfbid032sfsp9LREtht1rgGx6chD7U1mJmBSmZhUX3sgoeDJ29yqz1CCkFcEyjB314tkxP1l,Vietnamnet.vn,vietnamnet.vn,https://www.facebook.com/vietnamnet.vn,2500000,2500000,1,post,,"xử lý đối tượng 'chặt chém' 200000 đồng phí gửi xe của du khách ở sầm sơn thông tin từ đội quản lý thị trường số 2 - chi cục quản lý thị trường tỉnh thanh hóa cho biết, đơn vị vừa phối hợp với công an phường sầm sơn vào cuộc xác minh thông tin về việc một du khách bị “chặt chém” 200000 đồng tiền gửi xe ô tô trong đêm khai mạc du lịch biển sầm sơn, diễn ra tối 25/4. trước đó, chiều 25/4, một du khách đến biển sầm sơn và đỗ xe ô tô con tại bãi trông giữ gần khu vực vòng xuyến cổng flc sầm sơn để tham dự lễ hội du lịch biển sầm sơn 2026. khi gửi xe tại đây, du khách đã bị “chặt chém” 200000 đồng cho một lượt gửi. bất bình trước hành vi “chặt chém” này, du khách đã đăng tải thông tin lên mạng xã hội. ngay sau khi nắm bắt sự việc, công an phường sầm sơn và đội quản lý thị trường số 2 đã vào cuộc. cơ quan chức năng xác định đối tượng “chặt chém” là n. . (sinh năm 1999, trú tại khu phố dũng liên, phường sầm sơn). t. là người trực tiếp trông giữ xe và thu tiền với giá 200000 đồng cho một lượt. hiện lực lượng chức năng đã lập biên bản vụ việc để hoàn thiện hồ sơ, xử lý nghiêm theo quy định của pháp luật.",1140,255,T03. CRIME_LAW_AND_JUSTICE,T03,human_verified,manual_adjudicated,Han; Nhung; Yen,,pilot_400_final,,0.0,113,0,9,0,0,0,0,0.0,122,122.0,1.0,1,1,ok,2,12,1,1,1,Monday 27 April 2026 at 11:31,1777264260.0,2026-04-27 04:31:00,2026-04-27,4.0,Monday,post_created_time_unix,ok,1,1779743509,1779743509,2026-05-26 04:11:49,2026-05-26 04:11:49,1,4.88e-05,8e-07,4.8e-06,136,5.44e-05,1,0,9,0,9,0.0,0.0737704918032786,0.0,0.0,0.0,0.0,0.9262295081967212,0.0,0.0737704918032786,0.0,-0.0737704918032786,1,1,,pilot_or_calibration_sample_exclude_from_test,0,,1
teamcrawl_v1,REC_009138,yen,schema_5_new_timestamp,data/01_Raw_Data/02_Team_Crawled_Raw/Yen/json-yen-vietnamnet-v9-3-2/posts_Vietnamnet_vn.json,posts_Vietnamnet_vn.json,754,1662732464924322,https://www.facebook.com/reel/1662732464924322,6ffd07778f93a2c5,post_id:1662732464924322,Vietnamnet.vn,vietnamnet.vn,https://www.facebook.com/vietnamnet.vn,2500000,2500000,1,reel,,"người đàn ông 40 tuổi ở quảng ngãi điều khiển xe máy tông gãy gác chắn, bị nhân viên đường sắt đá có nồng độ cồn kịch khung.",148,31,T17. TRANSPORT_INFRASTRUCTURE,T17,human_verified,manual_adjudicated,Han; Nhung; Yen,,pilot_100_additional_final,,0.0,1845,14,52,13,11,24,0,0.0,1959,1959.0,1.0,1,1,ok,15,251,1,1,1,Friday 24 April 2026 at 11:29,1777004940.0,2026-04-24 04:29:00,2026-04-24,4.0,Friday,post_created_time_unix,ok,1,1779743634,1779743634,2026-05-26 04:13:54,2026-05-26 04:13:54,1,0.0007836,6e-06,0.0001004,2225,0.00089,1,0,114,14,100,0.0071465033180193,0.0265441551812149,0.0066360387953037,0.0056151097498723,0.0122511485451761,0.0,0.9489535477284328,0.0122511485451761,0.0265441551812149,0.0056151097498723,-0.0581929555895865,1,1,,pilot_or_calibration_sample_exclude_from_test,0,,1
teamcrawl_v1,REC_009155,yen,schema_5_new_timestamp,data/01_Raw_Data/02_Team_Crawled_Raw/Yen/json-yen-vietnamnet-v9-3-2/posts_Vietnamnet_vn.json,posts_Vietnamnet_vn.json,771,pfbid02jismr3TLiuLwhhEJ7BPhWDcj9WA2VU7BbtLFiPrfs9DpMGXeM8Vz2ko5wtKQUNngl,https://www.facebook.com/vietnamnet.vn/posts/pfbid02jismr3TLiuLwhhEJ7BPhWDcj9WA2VU7BbtLFiPrfs9DpMGXeM8Vz2ko5wtKQUNngl,404c5eda50dcf3f2,post_id:pfbid02jismr3TLiuLwhhEJ7BPhWDcj9WA2VU7BbtLFiPrfs9DpMGXeM8Vz2ko5wtKQUNngl,Vietnamnet.vn,vietnamnet.vn,https://www.facebook.com/vietnamnet.vn,2500000,2500000,1,post,,"đề xuất nâng ngưỡng miễn thuế hộ kinh doanh tới 2 tỷ: giảm áp lực, tăng công bằng?",97,20,T02. ECONOMY_BUSINESS_AND_FINANCE,T02,human_verified,manual_adjudicated,Han; Nhung; Yen,,pilot_400_final,,0.0,226,6,0,0,0,0,0,0.0,232,232.0,1.0,1,1,ok,7,14,1,1,1,Wednesday 22 April 2026 at 08:00,1776819600.0,2026-04-22 01:00:00,2026-04-22,1.0,Wednesday,post_created_time_unix,ok,1,1779743826,1779743826,2026-05-26 04:17:06,2026-05-26 04:17:06,1,9.28e-05,2.8e-06,5.6e-06,253,0.0001012,1,0,6,6,0,0.0258620689655172,0.0,0.0,0.0,0.0,0.0,1.0,0.0,0.0,0.0,0.0258620689655172,1,1,,pilot_or_calibration_sample_exclude_from_test,0,,1
teamcrawl_v1,REC_009196,yen,schema_5_new_timestamp,data/01_Raw_Data/02_Team_Crawled_Raw/Yen/json-yen-vietnamnet-v9-3-2/posts_Vietnamnet_vn.json,posts_Vietnamnet_vn.json,812,2383121022189399,https://www.facebook.com/reel/2383121022189399,57ad52424bb652c6,post_id:2383121022189399,Vietnamnet.vn,vietnamnet.vn,https://www.facebook.com/vietnamnet.vn,2500000,2500000,1,reel,,"triệt phá sòng bạc do một phụ nữ cầm đầu, quy tụ toàn “quý bà”, hoạt động trong ngõ nhỏ giữa trung tâm đà nẵng.",135,28,T03. CRIME_LAW_AND_JUSTICE,T03,human_verified,manual_adjudicated,Han; Nhung; Yen,,pilot_100_final,,0.0,0,0,0,0,0,0,0,0.0,145,0.0,0.0,1,1,sum_mismatch,2,8,1,1,1,Thursday 23 April 2026 at 17:40,1776940800.0,2026-04-23 10:40:00,2026-04-23,10.0,Thursday,post_created_time_unix,ok,1,1779753901,1779753901,2026-05-26 07:05:01,2026-05-26 07:05:01,1,5.8e-05,8e-07,3.2e-06,155,6.2e-05,1,0,0,0,0,,,,,,,,,,,,0,0,,pilot_or_calibration_sample_exclude_from_test,0,,0
teamcrawl_v1,REC_009229,yen,schema_5_new_timestamp,data/01_Raw_Data/02_Team_Crawled_Raw/Yen/json-yen-vietnamnet-v9-3-2/posts_Vietnamnet_vn.json,posts_Vietnamnet_vn.json,845,pfbid07mjErxqedhjrrpsw3BHsTJEtKsjeGwnqJF5qsn5i77mT97kqk9fyL4XZck5cPYiFl,https://www.facebook.com/vietnamnet.vn/posts/pfbid07mjErxqedhjrrpsw3BHsTJEtKsjeGwnqJF5qsn5i77mT97kqk9fyL4XZck5cPYiFl,9c1efe8f41cdd55b,post_id:pfbid07mjErxqedhjrrpsw3BHsTJEtKsjeGwnqJF5qsn5i77mT97kqk9fyL4XZck5cPYiFl,Vietnamnet.vn,vietnamnet.vn,https://www.facebook.com/vietnamnet.vn,2500000,2500000,1,post,,"nam diễn viên chuyên vai đểu các phim trên vtv ngoài đời là trung tá công an. hồng quân là nghệ sĩ quen thuộc trên màn ảnh hàng chục năm qua. tuy nhiên các vai diễn của anh chủ yếu là vai phản diện thuộc tuyến phụ nên khán giả dù đã quá quen mặt nhưng ít biết tên anh. nsưt hồng quân sinh năm 1973, tốt nghiệp đại học sân khấu điện ảnh hà nội năm 1996 rồi về đầu quân cho nhà hát kịch cand từ đó. nsưt hồng quân là một trong những diễn viên gạo cội và lớn tuổi nhất nhà hát kịch cand với 30 năm công tác tại đây. anh được phong tặng danh hiệu nsưt từ 2015 và đã đủ điều kiện đề xuất tặng danh hiệu nsnd. hiện hồng quân mang hàm trung tá và là phó trưởng đoàn kịch 2.",685,151,T10. ARTS_CULTURE_ENTERTAINMENT_AND_MEDIA,T10,human_verified,manual_adjudicated,Han; Nhung; Yen,,pilot_400_final,,0.0,0,0,0,0,0,0,0,0.0,268,0.0,0.0,1,1,sum_mismatch,1,14,1,1,1,Tuesday 26 May 2026 at 07:50,1779756600.0,2026-05-26 00:50:00,2026-05-26,0.0,Tuesday,post_created_time_unix,ok,1,1779760988,1779760988,2026-05-26 09:03:08,2026-05-26 09:03:08,1,0.0001072,4e-07,5.6e-06,283,0.0001132,1,0,0,0,0,,,,,,,,,,,,0,0,,pilot_or_calibration_sample_exclude_from_test,0,,0
teamcrawl_v1,REC_009230,yen,schema_5_new_timestamp,data/01_Raw_Data/02_Team_Crawled_Raw/Yen/json-yen-vietnamnet-v9-3-2/posts_Vietnamnet_vn.json,posts_Vietnamnet_vn.json,846,pfbid027zM4kszbdy5i4Fq1wLGa5mtadS9zheQrL6aj3bQpv6V4GXGCLvA59cm2ZpmE4F7l,https://www.facebook.com/vietnamnet.vn/posts/pfbid027zM4kszbdy5i4Fq1wLGa5mtadS9zheQrL6aj3bQpv6V4GXGCLvA59cm2ZpmE4F7l,e3af09c9de713e14,post_id:pfbid027zM4kszbdy5i4Fq1wLGa5mtadS9zheQrL6aj3bQpv6V4GXGCLvA59cm2ZpmE4F7l,Vietnamnet.vn,vietnamnet.vn,https://www.facebook.com/vietnamnet.vn,2500000,2500000,1,post,,"hình ảnh ấm áp của sĩ quan hải quân canada tại trung tâm chăm sóc trẻ bất hạnh ở đà nẵng trong chuyến thăm hữu nghị đà nẵng, các sĩ quan, thủy thủ tàu hmcs charlottetown của hải quân canada đã giao lưu, sửa chữa cơ sở vật chất và mang nhiều tiếng cười đến trẻ nhỏ tại trung tâm bảo trợ nạn nhân chất độc da cam và trẻ em bất hạnh.",356,76,T01. POLITICS,T01,human_verified,manual_adjudicated,Han; Nhung; Yen,,pilot_400_final,,0.0,0,0,0,0,0,0,0,0.0,96,0.0,0.0,1,1,sum_mismatch,4,0,1,1,1,Sunday 17 May 2026 at 22:00,1779030000.0,2026-05-17 15:00:00,2026-05-17,15.0,Sunday,post_created_time_unix,ok,1,1779761132,1779761132,2026-05-26 09:05:32,2026-05-26 09:05:32,1,3.84e-05,1.6e-06,0.0,100,4e-05,1,0,0,0,0,,,,,,,,,,,,0,0,,pilot_or_calibration_sample_exclude_from_test,0,,0
teamcrawl_v1,REC_009258,yen,schema_5_new_timestamp,data/01_Raw_Data/02_Team_Crawled_Raw/Yen/json-yen-weibovietnam-v9-3-2/posts_Weibo_Vietnam.json,posts_Weibo_Vietnam.json,4,pfbid04tCaCqSGgGdbjTWRJhgeJD18rM5n8ZhBYmEip71LDoPzvUie9Fxvh9XFT4fnEFNPl,https://www.facebook.com/weibovietnam/posts/pfbid04tCaCqSGgGdbjTWRJhgeJD18rM5n8ZhBYmEip71LDoPzvUie9Fxvh9XFT4fnEFNPl,9051dfcf90936d63,post_id:pfbid04tCaCqSGgGdbjTWRJhgeJD18rM5n8ZhBYmEip71LDoPzvUie9Fxvh9XFT4fnEFNPl,Weibo Việt Nam,weibovietnam,https://www.facebook.com/weibovietnam,2300000,2300000,1,post,,khảo sát: hơn 1/3 phụ nữ hối hận về lựa chọn bạn đời,52,13,T12. SOCIETY,T12,human_verified,manual_adjudicated,Han; Nhung; Yen,,pilot_400_final,,0.0,3200,22,1300,10,41,0,2,0.0,4575,4575.0,1.0,1,1,ok,159,4000,1,1,1,Saturday 23 May 2026 at 22:58,1779551880.0,2026-05-23 15:58:00,2026-05-23,15.0,Saturday,post_created_time_unix,ok,1,1779672465,1779672465,2026-05-25 08:27:45,2026-05-25 08:27:45,1,0.0019891304347826,6.913043478260869e-05,0.0017391304347826,8734,0.0037973913043478,1,0,1375,24,1351,0.0048087431693989,0.2841530054644808,0.0021857923497267,0.0089617486338797,0.0,0.0004371584699453,0.7042622950819672,0.0,0.2841530054644808,0.0093989071038251,-0.3005464480874317,1,1,,pilot_or_calibration_sample_exclude_from_test,0,,1
teamcrawl_v1,REC_009263,yen,schema_5_new_timestamp,data/01_Raw_Data/02_Team_Crawled_Raw/Yen/json-yen-weibovietnam-v9-3-2/posts_Weibo_Vietnam.json,posts_Weibo_Vietnam.json,9,1855431001798317,https://www.facebook.com/reel/1855431001798317,2ac5f6272ca535ac,post_id:1855431001798317,Weibo Việt Nam,weibovietnam,https://www.facebook.com/weibovietnam,2300000,2300000,1,reel,,anh ba liêm =))))))))) anh ba ngọc sơn livestream đi test mai thuý giữa lúc bị cđm nghi ngờ về sự trong sạch của mình (*) video: đại gia đình ngọc sơn,150,32,T10. ARTS_CULTURE_ENTERTAINMENT_AND_MEDIA,T10,human_verified,manual_adjudicated,Han; Nhung; Yen,,pilot_400_final,,0.0,1300,17,1000,4,0,0,0,0.0,2321,2321.0,1.0,1,1,ok,34,152,1,1,1,Friday 22 May 2026 at 16:42,1779442920.0,2026-05-22 09:42:00,2026-05-22,9.0,Friday,post_created_time_unix,ok,1,1779672525,1779672525,2026-05-25 08:28:45,2026-05-25 08:28:45,1,0.0010091304347826,1.4782608695652174e-05,6.608695652173912e-05,2507,0.00109,1,0,1021,17,1004,0.0073244291253769,0.4308487720809996,0.0017233950883239,0.0,0.0,0.0,0.5674278328306764,0.0,0.4308487720809996,0.0,-0.4398965962947005,1,1,,pilot_or_calibration_sample_exclude_from_test,0,,1
teamcrawl_v1,REC_009267,yen,schema_5_new_timestamp,data/01_Raw_Data/02_Team_Crawled_Raw/Yen/json-yen-weibovietnam-v9-3-2/posts_Weibo_Vietnam.json,posts_Weibo_Vietnam.json,13,pfbid0swMs4Gd6nuZhymb6gUCmVmfkfNTeGqxernufQ5hdV3Lkx1znaApMfyqBN8DtmEr8l,https://www.facebook.com/weibovietnam/posts/pfbid0swMs4Gd6nuZhymb6gUCmVmfkfNTeGqxernufQ5hdV3Lkx1znaApMfyqBN8DtmEr8l,f511c1308ecbba0a,post_id:pfbid0swMs4Gd6nuZhymb6gUCmVmfkfNTeGqxernufQ5hdV3Lkx1znaApMfyqBN8DtmEr8l,Weibo Việt Nam,weibovietnam,https://www.facebook.com/weibovietnam,2300000,2300000,1,post,,"cháu bé ở quán bia nghi bị gia đình ""bạo hành"" được xác nhận là bị viêm da cơ địa",80,19,T04. HEALTH,T04,human_verified,manual_adjudicated,Han; Nhung; Yen,,pilot_400_final,,0.0,4000,53,1000,7,24,0,6,0.0,5090,5090.0,1.0,1,1,ok,34,269,1,1,1,Thursday 21 May 2026 at 22:08,1779376080.0,2026-05-21 15:08:00,2026-05-21,15.0,Thursday,post_created_time_unix,ok,1,1779672562,1779672562,2026-05-25 08:29:22,2026-05-25 08:29:22,1,0.0022130434782608,1.4782608695652174e-05,0.0001169565217391,5393,0.0023447826086956,1,0,1090,59,1031,0.0104125736738703,0.1964636542239685,0.0013752455795677,0.0047151277013752,0.0,0.0011787819253438,0.7962671905697446,0.0,0.1964636542239685,0.005893909626719,-0.2141453831041257,1,1,,pilot_or_calibration_sample_exclude_from_test,0,,1
teamcrawl_v1,REC_009291,yen,schema_5_new_timestamp,data/01_Raw_Data/02_Team_Crawled_Raw/Yen/json-yen-weibovietnam-v9-3-2/posts_Weibo_Vietnam.json,posts_Weibo_Vietnam.json,37,pfbid02GS6Qrn5frwtPsotZysX7jSWPzUMRYRN9kMdCC6wwofhzxjVhtwEVVNcVCdQecH2ml,https://www.facebook.com/weibovietnam/posts/pfbid02GS6Qrn5frwtPsotZysX7jSWPzUMRYRN9kMdCC6wwofhzxjVhtwEVVNcVCdQecH2ml,5a633da8acd51e2d,post_id:pfbid02GS6Qrn5frwtPsotZysX7jSWPzUMRYRN9kMdCC6wwofhzxjVhtwEVVNcVCdQecH2ml,Weibo Việt Nam,weibovietnam,https://www.facebook.com/weibovietnam,2300000,2300000,1,post,,"bts đã được guiness worlds records - kỉ lục guinness thế giới công nhận là ""icon - biểu tượng"" bts là nhóm nhạc duy nhất và là nghệ sĩ âm nhạc châu á duy nhất có tên trong danh sách này. — danh hiệu ""icon - biểu tượng"" là một sự công nhận danh giá nhằm tôn vinh những người nắm giữ kỷ lục huyền thoại và những nhân vật toàn cầu đã định hình thế giới. — guinness world records khi nói về bts: ""nếu bạn không biết bts, có lẽ bạn vẫn đang sống dưới một tảng đá.""",459,100,T10. ARTS_CULTURE_ENTERTAINMENT_AND_MEDIA,T10,human_verified,manual_adjudicated,Han; Nhung; Yen,,pilot_100_additional_final,,0.0,1147,613,8,0,2,0,15,0.0,1785,1785.0,1.0,1,1,ok,45,42,1,1,1,Monday 18 May 2026 at 12:42,1779082920.0,2026-05-18 05:42:00,2026-05-18,5.0,Monday,post_created_time_unix,ok,1,1779672829,1779672829,2026-05-25 08:33:49,2026-05-25 08:33:49,1,0.0007760869565217,1.956521739130435e-05,1.826086956521739e-05,1872,0.0008139130434782,1,0,638,628,10,0.3434173669467787,0.0044817927170868,0.0,0.0011204481792717,0.0,0.0084033613445378,0.9859943977591036,0.0,0.0044817927170868,0.0095238095238095,0.3574229691876751,1,1,,pilot_or_calibration_sample_exclude_from_test,0,,1
teamcrawl_v1,REC_009318,yen,schema_5_new_timestamp,data/01_Raw_Data/02_Team_Crawled_Raw/Yen/json-yen-weibovietnam-v9-3-2/posts_Weibo_Vietnam.json,posts_Weibo_Vietnam.json,64,1367212731900009,https://www.facebook.com/reel/1367212731900009,6bdcdc9c3dc7c71e,post_id:1367212731900009,Weibo Việt Nam,weibovietnam,https://www.facebook.com/weibovietnam,2300000,2300000,1,reel,,"chỉ với 3 giây ngắn ngủi trong mv mới, seonghyeon (cortis) khuấy đảo mạng xã hội hai ngày nay. nhiều người để lại bình luận: ""chỉ vì 3 giây này mà cày nguyên cái mv cỡ đâu 50 lần =))))"" (*)cre: luv4uesh",204,42,T10. ARTS_CULTURE_ENTERTAINMENT_AND_MEDIA,T10,human_verified,manual_adjudicated,Han; Nhung; Yen,,pilot_100_final,,0.0,2400,1800,87,5,0,0,76,0.0,4368,4368.0,1.0,1,1,ok,213,216,1,1,1,Thursday 14 May 2026 at 11:16,1778732160.0,2026-05-14 04:16:00,2026-05-14,4.0,Thursday,post_created_time_unix,ok,1,1779673200,1779673200,2026-05-25 08:40:00,2026-05-25 08:40:00,1,0.0018991304347826,9.260869565217392e-05,9.391304347826087e-05,4797,0.002085652173913,1,0,1968,1876,92,0.412087912087912,0.0199175824175824,0.0011446886446886,0.0,0.0,0.0173992673992674,0.9615384615384616,0.0,0.0199175824175824,0.0173992673992674,0.4505494505494505,1,1,,pilot_or_calibration_sample_exclude_from_test,0,,1
teamcrawl_v1,REC_009323,yen,schema_5_new_timestamp,data/01_Raw_Data/02_Team_Crawled_Raw/Yen/json-yen-weibovietnam-v9-3-2/posts_Weibo_Vietnam.json,posts_Weibo_Vietnam.json,69,26837451882580539,https://www.facebook.com/reel/26837451882580539,b3f588678abdb08b,post_id:26837451882580539,Weibo Việt Nam,weibovietnam,https://www.facebook.com/weibovietnam,2300000,2300000,1,reel,,"khoảnh khắc hai vợ chồng ở gia lai cùng 4 con cầm túi tiền mặt, giản dị đến nhận ô tô 700 triệu. được biết, gia đình làm nông và trồng cà phê (*)video: kun kun 293",163,37,T13. HUMAN_INTEREST,T13,human_verified,manual_adjudicated,Han; Nhung; Yen,,pilot_400_final,,0.0,2595,765,7,3,0,0,26,0.0,3396,3396.0,1.0,1,1,ok,24,85,1,1,1,Wednesday 13 May 2026 at 14:30,1778657400.0,2026-05-13 07:30:00,2026-05-13,7.0,Wednesday,post_created_time_unix,ok,1,1779673292,1779673292,2026-05-25 08:41:32,2026-05-25 08:41:32,1,0.0014765217391304,1.0434782608695651e-05,3.695652173913043e-05,3505,0.0015239130434782,1,0,801,791,10,0.2252650176678445,0.0020612485276796,0.0008833922261484,0.0,0.0,0.0076560659599528,0.9893992932862192,0.0,0.0020612485276796,0.0076560659599528,0.2358657243816254,1,1,,pilot_or_calibration_sample_exclude_from_test,0,,1
teamcrawl_v1,REC_009359,yen,schema_5_new_timestamp,data/01_Raw_Data/02_Team_Crawled_Raw/Yen/json-yen-weibovietnam-v9-3-2/posts_Weibo_Vietnam.json,posts_Weibo_Vietnam.json,105,pfbid07DjGq7RUwmKHc6SYWEaHWNmCMvzLUYGBNtVSjheYZrZb2745X2ieUeimBypEp2YUl,https://www.facebook.com/weibovietnam/posts/pfbid07DjGq7RUwmKHc6SYWEaHWNmCMvzLUYGBNtVSjheYZrZb2745X2ieUeimBypEp2YUl,a2dd9b7272a56a65,post_id:pfbid07DjGq7RUwmKHc6SYWEaHWNmCMvzLUYGBNtVSjheYZrZb2745X2ieUeimBypEp2YUl,Weibo Việt Nam,weibovietnam,https://www.facebook.com/weibovietnam,2300000,2300000,1,post,,"cảnh báo nội dung gây : cô gái người đài lấy kinh viết thiệp mừng tặng mẹ… mới đây một influencer người đài đã khiến cư dân mạng từ á sang âu bật ngửa với món quà mừng ngày của mẹ độc nhất vô nhị. cụ thể, cô này đã gom “bà dì” tháng này của mình vào một cái lọ và dùng cọ, lấy đó viết thiệp tặng mẹ… khi được hỏi tại sao lại nhất định phải dùng “màu vẽ” này, cô cho biết vì cô thấy màu đỏ do phụ nữ tự thân tạo ra là màu đẹp nhất thế giới, nên dùng để viết thiệp tặng mẹ là đúng rồi. toàn bộ top cmt đều sốc không nói nên lời, có ông con trai còn vào bảo, chiếu theo nguyên tắc của gái này thì chả nhẽ tôi phải dùng trung tình của mình viết thiệp tặng bố hả",657,153,T10. ARTS_CULTURE_ENTERTAINMENT_AND_MEDIA,T10,human_verified,manual_adjudicated,Han; Nhung; Yen,,pilot_400_final,,0.0,2307,9,678,45,752,14,3,0.0,3808,3808.0,1.0,1,1,ok,120,489,1,1,1,Monday 11 May 2026 at 22:10,1778512200.0,2026-05-11 15:10:00,2026-05-11,15.0,Monday,post_created_time_unix,ok,1,1779676692,1779676692,2026-05-25 09:38:12,2026-05-25 09:38:12,1,0.001655652173913,5.217391304347826e-05,0.0002126086956521,4417,0.0019204347826086,1,0,1501,12,1489,0.0023634453781512,0.1780462184873949,0.0118172268907563,0.1974789915966386,0.0036764705882352,0.0007878151260504,0.6081932773109243,0.0036764705882352,0.1780462184873949,0.198266806722689,-0.3941701680672269,1,1,,pilot_or_calibration_sample_exclude_from_test,0,,1
teamcrawl_v1,REC_009362,yen,schema_5_new_timestamp,data/01_Raw_Data/02_Team_Crawled_Raw/Yen/json-yen-weibovietnam-v9-3-2/posts_Weibo_Vietnam.json,posts_Weibo_Vietnam.json,108,pfbid02EynRLKRfAGzLEuWuJYbLLfc3syA355srqAzpPjPJ5PHc6K3oF6TDUSZL6ykmrawWl,https://www.facebook.com/weibovietnam/posts/pfbid02EynRLKRfAGzLEuWuJYbLLfc3syA355srqAzpPjPJ5PHc6K3oF6TDUSZL6ykmrawWl,8df994b358000b50,post_id:pfbid02EynRLKRfAGzLEuWuJYbLLfc3syA355srqAzpPjPJ5PHc6K3oF6TDUSZL6ykmrawWl,Weibo Việt Nam,weibovietnam,https://www.facebook.com/weibovietnam,2300000,2300000,1,post,,"hình ảnh đẹp: bé trai 2 tuổi bị mẹ và cha dượng bạo hành ở tphcm được trao giấy khai sinh. chúc con mạnh khoẻ, luôn trộm vía ở môi trường mới nghen con trai",156,34,T12. SOCIETY,T12,human_verified,manual_adjudicated,Han; Nhung; Yen,,pilot_400_final,,0.0,1246,321,0,0,2,0,32,0.0,1601,1601.0,1.0,1,1,ok,8,5,1,1,1,Monday 11 May 2026 at 17:48,1778496480.0,2026-05-11 10:48:00,2026-05-11,10.0,Monday,post_created_time_unix,ok,1,1779676711,1779676711,2026-05-25 09:38:31,2026-05-25 09:38:31,1,0.0006960869565217,3.478260869565217e-06,2.1739130434782607e-06,1614,0.0007017391304347,1,0,355,353,2,0.2004996876951905,0.0,0.0,0.0012492192379762,0.0,0.0199875078076202,0.9787632729544036,0.0,0.0,0.0212367270455965,0.221736414740787,1,1,,pilot_or_calibration_sample_exclude_from_test,0,,1
teamcrawl_v1,REC_009371,yen,schema_5_new_timestamp,data/01_Raw_Data/02_Team_Crawled_Raw/Yen/json-yen-weibovietnam-v9-3-2/posts_Weibo_Vietnam.json,posts_Weibo_Vietnam.json,117,pfbid02zy9gR3YVjTUoKo32MFiVLhrFRKLDiUu4DVpE8M5E5wtLthEHYZpG8EvepHRdoQEMl,https://www.facebook.com/weibovietnam/posts/pfbid02zy9gR3YVjTUoKo32MFiVLhrFRKLDiUu4DVpE8M5E5wtLthEHYZpG8EvepHRdoQEMl,7ce18723aeb4dfe9,post_id:pfbid02zy9gR3YVjTUoKo32MFiVLhrFRKLDiUu4DVpE8M5E5wtLthEHYZpG8EvepHRdoQEMl,Weibo Việt Nam,weibovietnam,https://www.facebook.com/weibovietnam,2300000,2300000,1,post,,"thất bại quá thì ghi tên anh vào là có thật, ngô diệc phàm lại bị tung tin giả tuy tò tội nhưng là vua content thì có thật, ai thiếu kpi cứ tìm đến anh. quả tin đồn nhà hiền triết đã ra tò sớm xong bay qua canada chỉ vỏn vẹn mấy chục like bên trung, nay được bê về việt nam làm nhiều người tin sái cổ… fan tử trung của nhà hiền triết ở trung mỗi lần thấy tin giả kiểu này vừa khóc vừa cười, vì idol đi tò mà mình còn phải đi đính chính giùm. năm ngoái 34 lần bị tung tin chớt rồi, xong có tin bị mất công cụ gây án rồi, giờ tới tin bị chuyển qua canada rồi =)))))",560,129,T10. ARTS_CULTURE_ENTERTAINMENT_AND_MEDIA,T10,human_verified,manual_adjudicated,Han; Nhung; Yen,,pilot_100_additional_final,,0.0,1700,7,1400,0,11,0,3,0.0,3121,3121.0,1.0,1,1,ok,47,342,1,1,1,Sunday 10 May 2026 at 21:11,1778422260.0,2026-05-10 14:11:00,2026-05-10,14.0,Sunday,post_created_time_unix,ok,1,1779676772,1779676772,2026-05-25 09:39:32,2026-05-25 09:39:32,1,0.0013569565217391,2.043478260869565e-05,0.0001486956521739,3510,0.0015260869565217,1,0,1421,10,1411,0.0022428708747196,0.4485741749439282,0.0,0.0035245113745594,0.0,0.0009612303748798,0.5469400833066325,0.0,0.4485741749439282,0.0044857417494392,-0.4553027875680872,1,1,,pilot_or_calibration_sample_exclude_from_test,0,,1
teamcrawl_v1,REC_009390,yen,schema_5_new_timestamp,data/01_Raw_Data/02_Team_Crawled_Raw/Yen/json-yen-weibovietnam-v9-3-2/posts_Weibo_Vietnam.json,posts_Weibo_Vietnam.json,136,pfbid0oyFjVFPxiWQPVvkbS6JnZivec7ZEwxYLKkN59RRRF8xTF8g4nhWxD1mgWCsTGkdHl,https://www.facebook.com/weibovietnam/posts/pfbid0oyFjVFPxiWQPVvkbS6JnZivec7ZEwxYLKkN59RRRF8xTF8g4nhWxD1mgWCsTGkdHl,f523d8c103103f38,post_id:pfbid0oyFjVFPxiWQPVvkbS6JnZivec7ZEwxYLKkN59RRRF8xTF8g4nhWxD1mgWCsTGkdHl,Weibo Việt Nam,weibovietnam,https://www.facebook.com/weibovietnam,2300000,2300000,1,post,,quả menu được việt hoá đậm chất miền tây khiến giang cư mận đọc xong muốn uống liền 1 ly ảnh: lucifer1111,105,22,T15. LIFESTYLE_AND_LEISURE,T15,human_verified,manual_adjudicated,Han; Nhung; Yen,,pilot_400_final,,0.0,1585,58,583,0,0,0,3,0.0,2229,2229.0,1.0,1,1,ok,58,82,1,1,1,Thursday 7 May 2026 at 20:30,1778160600.0,2026-05-07 13:30:00,2026-05-07,13.0,Thursday,post_created_time_unix,ok,1,1779676914,1779676914,2026-05-25 09:41:54,2026-05-25 09:41:54,1,0.0009691304347826,2.5217391304347827e-05,3.5652173913043475e-05,2369,0.00103,1,0,644,61,583,0.0260206370569762,0.2615522655899506,0.0,0.0,0.0,0.0013458950201884,0.737101839389861,0.0,0.2615522655899506,0.0013458950201884,-0.2889187976671153,1,1,,pilot_or_calibration_sample_exclude_from_test,0,,1
teamcrawl_v1,REC_009403,yen,schema_5_new_timestamp,data/01_Raw_Data/02_Team_Crawled_Raw/Yen/json-yen-weibovietnam-v9-3-2/posts_Weibo_Vietnam.json,posts_Weibo_Vietnam.json,149,1545095257096850,https://www.facebook.com/reel/1545095257096850,5c8522df77e6c4af,post_id:1545095257096850,Weibo Việt Nam,weibovietnam,https://www.facebook.com/weibovietnam,2300000,2300000,1,reel,,"save the date – digital trust in finance 2026 sắp diễn ra trong kỷ nguyên ai, khi mọi giao dịch đều bắt đầu từ một cú chạm, niềm tin không còn là yếu tố cảm tính, mà trở thành nền tảng cốt lõi của toàn bộ hệ sinh thái tài chính số. từ thanh toán, ngân hàng số đến các dịch vụ tài chính trực tuyến, niềm tin chính là điều kiện tiên quyết để đảm bảo sự vận hành an toàn và phát triển bền vững. với tinh thần “chạm xây kết nối, tin tạo giao dịch”, digital trust in finance 2026 hướng tới việc kết nối các chủ thể trong hệ sinh thái – từ cơ quan quản lý, tổ chức tài chính, doanh nghiệp công nghệ đến cộng đồng người dùng – cùng kiến tạo một nền tảng niềm tin vững chắc trong môi trường số. sự kiện dưới sự bảo trợ của bộ công an, ngân hàng nhà nước và bộ tài chính, do liên minh niềm tin số tổ chức, phối hợp chuyên môn cùng cục an ninh mạng và phòng, chống tội phạm sử dụng công nghệ cao, hiệp hội an ninh mạng quốc gia, đồng tổ chức momo. đây sẽ là không gian đối thoại, chia sẻ và thúc đẩy các sáng kiến hợp tác nhằm hướng tới một hệ sinh thái tài chính số an toàn, minh bạch, đáng tin cậy. hãy cùng nhau ""chung tay xây dựng niềm tin số tài chính trong kỷ nguyên ai""!",1258,261,T02. ECONOMY_BUSINESS_AND_FINANCE,T02,human_verified,manual_adjudicated,Han; Nhung; Yen,,pilot_100_final,,0.0,465,274,0,0,0,0,60,0.0,799,799.0,1.0,1,1,ok,1,1,1,1,1,Tuesday 5 May 2026 at 18:02,1777978920.0,2026-05-05 11:02:00,2026-05-05,11.0,Tuesday,post_created_time_unix,ok,1,1779677024,1779677024,2026-05-25 09:43:44,2026-05-25 09:43:44,1,0.0003473913043478,4.347826086956522e-07,4.347826086956522e-07,801,0.0003482608695652,1,0,334,334,0,0.3429286608260325,0.0,0.0,0.0,0.0,0.0750938673341677,0.9249061326658324,0.0,0.0,0.0750938673341677,0.4180225281602002,1,1,,pilot_or_calibration_sample_exclude_from_test,0,,1
teamcrawl_v1,REC_009484,yen,schema_5_new_timestamp,data/01_Raw_Data/02_Team_Crawled_Raw/Yen/json-yen-weibovietnam-v9-3-2/posts_Weibo_Vietnam.json,posts_Weibo_Vietnam.json,230,pfbid02Ak4Ub5deVLhV79iHHesxRGy1ATADgVv6LHMwpULVpoV7pmxWXzba1qzJH8A7JmgRl,https://www.facebook.com/weibovietnam/posts/pfbid02Ak4Ub5deVLhV79iHHesxRGy1ATADgVv6LHMwpULVpoV7pmxWXzba1qzJH8A7JmgRl,6613cd201c69b089,post_id:pfbid02Ak4Ub5deVLhV79iHHesxRGy1ATADgVv6LHMwpULVpoV7pmxWXzba1qzJH8A7JmgRl,Weibo Việt Nam,weibovietnam,https://www.facebook.com/weibovietnam,2300000,2300000,1,post,,"[zhihu] người già có những thói quen nào khiến bạn thấy khó chịu vô cùng? 1. bàn ăn nhà tôi làm bằng gỗ nguyên khối, mẹ tôi sợ hỏng gỗ nên dán một lớp màng bảo vệ. dán xong lại sợ lớp màng bị rách nên mua một tấm khăn trải bàn phủ lên. sợ khăn trải bàn bẩn, bà lại mua một tấm kính đặt lên trên. rồi lại sợ kính vỡ, bà cắt một tấm lót nhựa trong suốt dặt lên kính. bình thường ăn cơm ở nhà sợ nồi nóng làm hỏng miếng lót nhựa, bà mua một tấm gỗ để kê mấy cái nồi nóng. sau đó lại sợ tấm gỗ bị cháy xém, bà tự tay dùng len đan một cái vỏ bảo vệ cho tấm gỗ đó. cuối cùng, khi nhà có khách hoặc đại tiệc, bà còn phải trải thêm một lớp khăn trải bàn dùng một lần lên trên cùng nữa. 2. ngày xưa ông bà nội tôi cũng thế, kiểu điển hình mùa hè không bật điều hòa, cứ cầm cái quạt nan chịu trận, khắp người nhớp nháp mồ hôi. mà họ sống ở phúc kiến đấy nhé, nơi mùa hè cực kỳ nóng ẩm. hỏi tại sao, thì chẳng qua là để tiết kiệm tí tiền điện. kết quả một ngày nọ họ đi ra ngoài, về nhà cái là bật điều hòa ngay, thay đổi thái độ đến kinh ngạc. chúng tôi không sao hiểu nổi, hỏi lại thì mới hay, hóa ra là vừa đi thăm người ốm về. bệnh gì? sốc nhiệt. nhiệt độ 37, 38 độ mà tự nhốt mình trong nhà tôn nên bị ngất xỉu. người bệnh đó lại không mua bảo hiểm y tế, đưa vào cấp cứu riêng tiền cứu chữa đã mất 30 ngàn tệ, lại còn để lại di chứng không thể phục hồi là méo mồm, nói không rõ chữ. 30 ngàn tệ đó đủ để mua một cái điều hòa xịn nhất, bật suốt mùa hè 24/24 ở mức 25 độ c cho đến tận năm hai cụ không còn lĩnh lương hưu nữa. người dạy người không bằng việc dạy, trải qua một lần là hiểu. tham gia group weibo việt nam để đọc những bài dịch hay ho bạn nhé~",1647,385,T13. HUMAN_INTEREST,T13,human_verified,manual_adjudicated,Han; Nhung; Yen,,pilot_400_final,,0.0,959,9,180,0,0,0,0,0.0,1148,1148.0,1.0,1,1,ok,58,90,1,1,1,Tuesday 5 May 2026 at 19:45,1777985100.0,2026-05-05 12:45:00,2026-05-05,12.0,Tuesday,post_created_time_unix,ok,1,1779680284,1779680284,2026-05-25 10:38:04,2026-05-25 10:38:04,1,0.0004991304347826,2.5217391304347827e-05,3.91304347826087e-05,1296,0.0005634782608695,1,0,189,9,180,0.0078397212543554,0.156794425087108,0.0,0.0,0.0,0.0,0.8432055749128919,0.0,0.156794425087108,0.0,-0.1646341463414634,1,1,,pilot_or_calibration_sample_exclude_from_test,0,,1
teamcrawl_v1,REC_009578,yen,schema_5_new_timestamp,data/01_Raw_Data/02_Team_Crawled_Raw/Yen/json-yen-weibovietnam-v9-3-2/posts_Weibo_Vietnam.json,posts_Weibo_Vietnam.json,324,pfbid0p3x6wxrGdpVJnomxmb8Vv7Pxvc4tkfHwa7nDFDjHkFom6GinTKfGme2r1eyh2gFcl,https://www.facebook.com/weibovietnam/posts/pfbid0p3x6wxrGdpVJnomxmb8Vv7Pxvc4tkfHwa7nDFDjHkFom6GinTKfGme2r1eyh2gFcl,13780e8352e6d441,post_id:pfbid0p3x6wxrGdpVJnomxmb8Vv7Pxvc4tkfHwa7nDFDjHkFom6GinTKfGme2r1eyh2gFcl,Weibo Việt Nam,weibovietnam,https://www.facebook.com/weibovietnam,2300000,2300000,1,post,,"thật sự nể chàng trai này… trông cũng còn trẻ, ngoài 20 tuổi thôi, cậu ấy vào viện để chăm sóc bà cụ u90 (chắc không còn tỉnh táo nữa). chuyện sẽ không có gì đáng kể nếu như bà không quấy tung từ 11 giờ đêm đến tận gần 5 giờ sáng hôm sau (hình như đêm nào cũng thế, người nhà chịu thua hết lượt, còn mỗi cậu này vẫn còn trụ lại được). bạn ấy phải ngồi cả đêm ôm, giữ chặt chân bà để tránh tuột cây truyền thuốc (bà dãy rất khoẻ). bà ch—-ử—-i - mà ch—-ử——i ngoa ngoắt với chua cay lắm nha. bà dãy dụa, thùm thụp vào người thanh niên này rồi vò đầu bứt tai. lúc thì đòi đi về, lúc thì nói liên tục làm cả phòng - toàn ca nặng phải chạy máy lẫn người nhà - không ai ngủ nổi. bác sĩ còn phải bó tay. nói thật nhìn thôi đã thấy mệt thay. nhưng điều làm mình để ý nhất là cậu cháu trai đi cùng bà, suốt từng ấy thời gian… không một lần cáu. không quát bà. không nhăn nhó. không tỏ vẻ bất lực hay bực bội. cậu vẫn kiên nhẫn giữ chân bà để cây truyền thuốc không bị tuột… im lặng để bà , bà quấy, bà hành. có lúc bà quấy quá, bạn ấy còn lấy điện thoại ra dỗ bà như dỗ trẻ con. bà giữ luôn điện thoại không trả. bà còn đòi mua luôn cái điện thoại với giá 20k, bà trả 100k, bạn ấy vẫn vui vẻ cầm lấy rồi trả lại tiền thừa cho bà như thật. cả phòng lúc ấy ai cũng bật cười. mà mình tự nhiên thấy quý cậu thanh niên trẻ này vô cùng. mình tin người biết thương bà như vậy… sau này chắc chắn cũng sẽ rất thương vợ thương con. ảnh là lúc 2 thanh niên phải ngồi hẳn lên giường bệnh giữ chân bà vì bà quậy khoẻ quá. đem điện thoại dụ em bé u90 ngồi im (*)bạn hoàng trang chia sẻ trong cháo hành miễn phí",1586,360,T13. HUMAN_INTEREST,T13,human_verified,manual_adjudicated,Han; Nhung; Yen,,pilot_400_final,,0.0,0,0,0,0,0,0,0,0.0,10700,0.0,0.0,1,1,sum_mismatch,10700,99,1,1,1,Wednesday 13 May 2026 at 22:56,1778687760.0,2026-05-13 15:56:00,2026-05-13,15.0,Wednesday,post_created_time_unix,ok,1,1779690021,1779690021,2026-05-25 13:20:21,2026-05-25 13:20:21,1,0.0046521739130434,0.0046521739130434,4.304347826086957e-05,21499,0.0093473913043478,1,0,0,0,0,,,,,,,,,,,,0,0,,pilot_or_calibration_sample_exclude_from_test,0,,0
teamcrawl_v1,REC_009585,yen,schema_5_new_timestamp,data/01_Raw_Data/02_Team_Crawled_Raw/Yen/json-yen-weibovietnam-v9-3-2/posts_Weibo_Vietnam.json,posts_Weibo_Vietnam.json,331,1283847443398908,https://www.facebook.com/reel/1283847443398908,2edcbf2f5903c9bf,post_id:1283847443398908,Weibo Việt Nam,weibovietnam,https://www.facebook.com/weibovietnam,2300000,2300000,1,reel,,"đẹp như tranh: hơn 20 cá thể cá heo xuất hiện trên biển đồ sơn sự xuất hiện của đàn cá heo là tín hiệu đáng mừng, cho thấy môi trường biển đồ sơn ngày càng được cải thiện",170,39,T07. ENVIRONMENT,T07,human_verified,manual_adjudicated,Han; Nhung; Yen,,pilot_400_final,,0.0,0,0,0,0,0,0,0,0.0,1300,0.0,0.0,1,1,sum_mismatch,20,21,1,1,1,Monday 11 May 2026 at 08:15,1778462100.0,2026-05-11 01:15:00,2026-05-11,1.0,Monday,post_created_time_unix,ok,1,1779690204,1779690204,2026-05-25 13:23:24,2026-05-25 13:23:24,1,0.0005652173913043,8.695652173913043e-06,9.130434782608697e-06,1341,0.0005830434782608,1,0,0,0,0,,,,,,,,,,,,0,0,,pilot_or_calibration_sample_exclude_from_test,0,,0
teamcrawl_v1,REC_009633,yen,schema_5_new_timestamp,data/01_Raw_Data/02_Team_Crawled_Raw/Yen/json-yen-weibovietnam-v9-3-2/posts_Weibo_Vietnam.json,posts_Weibo_Vietnam.json,379,pfbid024Ym1AJZ89y5rqHx5RpgBi2rdXZdgUWYytCGYcwdp6icd18PeHHXJiX86BDc3tQoWl,https://www.facebook.com/weibovietnam/posts/pfbid024Ym1AJZ89y5rqHx5RpgBi2rdXZdgUWYytCGYcwdp6icd18PeHHXJiX86BDc3tQoWl,53299ab5dc297eb2,post_id:pfbid024Ym1AJZ89y5rqHx5RpgBi2rdXZdgUWYytCGYcwdp6icd18PeHHXJiX86BDc3tQoWl,Weibo Việt Nam,weibovietnam,https://www.facebook.com/weibovietnam,2300000,2300000,1,post,,"kiếp nạn của khoai lang thang khi bị một tài khoản ""nhét chữ vào mồm"" rồi cho rằng mình voduyen và ích kỉ mới đây, 1 tài khoản đã đăng tải bài viết cho rằng khoai lang thang voduyen và ích kỉ. theo chủ bài đăng, trong 1 video đi châu âu, khi đó là lúc anh không mua được vé cho một nửa chặng tàu, trời thì cũng không đẹp, rồi anh nói: “ước gì trời cứ xấu vậy đi cho đỡ tiếc, chứ ai mua được vé lên đó mà không thấy cảnh đẹp thì cũng tiếc tiền quá chừng”￼ tài khoản này cho rằng mình rất thích xem video của khoai nhưng đoạn đó khiến cô thấy khoai lang thang khá voduyen và ích kỉ khi chỉ nghĩ đến bản thân, đưa cảm xúc cá nhân lên video khiến chủ bài đăng thất vọng tuy nhiên, bài viết này sau khi đăng tải không nhận được ủng hộ mà còn nhận về khá nhiều phản ứng của cư dân mạng, đa số cho rằng tài khoản này nói không đúng sự thật. nguyên văn mà khoai lang thang đã nói là ""có một sự thiệt là lúc mà khoai không đi được đoàn tàu, khoai có mong ước là trời cứ mây vậy đi. nghĩ lại thấy mình cũng ác ghê. tại nếu đúng vậy, mình sẽ không bị tiếc, nhưng những ai mua vé chuyến này thì lại tiếc tiền quá chừng"". nhưng khi đăng tải thì tài khoản này chỉ nói 1 vế cắt ghép câu từ chứ không nói đúng. chính vì thế mà cư dân mạng không khỏi phẫn nộ, cho rằng tài khoản này ""nhét chữ vào mồm"". hiện bài đăng đang viral trên threads và cư dân mạng vẫn ồn ào về câu chuyện không đúng sự thật này",1385,308,T10. ARTS_CULTURE_ENTERTAINMENT_AND_MEDIA,T10,human_verified,manual_adjudicated,Han; Nhung; Yen,,pilot_400_final,,0.0,0,0,0,0,0,0,0,0.0,1600,0.0,0.0,1,1,sum_mismatch,23,198,1,1,1,Tuesday 28 April 2026 at 18:48,1777376880.0,2026-04-28 11:48:00,2026-04-28,11.0,Tuesday,post_created_time_unix,ok,1,1779691245,1779691245,2026-05-25 13:40:45,2026-05-25 13:40:45,1,0.000695652173913,1e-05,8.608695652173914e-05,1821,0.0007917391304347,1,0,0,0,0,,,,,,,,,,,,0,0,,pilot_or_calibration_sample_exclude_from_test,0,,0
teamcrawl_v1,REC_009681,yen,schema_5_new_timestamp,data/01_Raw_Data/02_Team_Crawled_Raw/Yen/json-yen-weibovietnam-v9-3-2/posts_Weibo_Vietnam.json,posts_Weibo_Vietnam.json,427,pfbid02FMWvWecouXFCKqWtA3HxNTqSoDjc4LjQtmxB57RcKdoHH37x34zJMXhjLC79HJFjl,https://www.facebook.com/weibovietnam/posts/pfbid02FMWvWecouXFCKqWtA3HxNTqSoDjc4LjQtmxB57RcKdoHH37x34zJMXhjLC79HJFjl,a4f47a29ec3b148e,post_id:pfbid02FMWvWecouXFCKqWtA3HxNTqSoDjc4LjQtmxB57RcKdoHH37x34zJMXhjLC79HJFjl,Weibo Việt Nam,weibovietnam,https://www.facebook.com/weibovietnam,2300000,2300000,1,post,,bác chủ trọ của 1 bạn trên threads chia sẻ. bác chắc là chủ trọ mơ ước của nhiều người luôn quá (*)ảnh: _thanhtranneee,118,24,T13. HUMAN_INTEREST,T13,human_verified,manual_adjudicated,Han; Nhung; Yen,,pilot_400_final,,0.0,0,0,0,0,0,0,0,0.0,3300,0.0,0.0,1,1,sum_mismatch,91,141,1,1,1,Monday 4 May 2026 at 10:57,1777867020.0,2026-05-04 03:57:00,2026-05-04,3.0,Monday,post_created_time_unix,ok,1,1779701208,1779701208,2026-05-25 16:26:48,2026-05-25 16:26:48,1,0.0014347826086956,3.956521739130435e-05,6.130434782608695e-05,3532,0.001535652173913,1,0,0,0,0,,,,,,,,,,,,0,0,,pilot_or_calibration_sample_exclude_from_test,0,,0
teamcrawl_v1,REC_009687,yen,schema_5_new_timestamp,data/01_Raw_Data/02_Team_Crawled_Raw/Yen/json-yen-weibovietnam-v9-3-2/posts_Weibo_Vietnam.json,posts_Weibo_Vietnam.json,433,pfbid05hpH7CW1SnqE89TjKqvWEa3nrBkR453mePSNh1JkyK2dBbgBmw75jfqhZ6KGciqwl,https://www.facebook.com/vitaminhaiphong/posts/pfbid05hpH7CW1SnqE89TjKqvWEa3nrBkR453mePSNh1JkyK2dBbgBmw75jfqhZ6KGciqwl,5524de8d254f80c9,post_id:pfbid05hpH7CW1SnqE89TjKqvWEa3nrBkR453mePSNh1JkyK2dBbgBmw75jfqhZ6KGciqwl,Weibo Việt Nam,weibovietnam,https://www.facebook.com/weibovietnam,2300000,2300000,1,post,,"anh hội nhà tôi bị alzheimer nên quên cả vợ. có hôm bà lý vợ anh trêu: “vợ anh đi vắng, tối nay ngủ với em nhé” liền bị anh mắng vào mặt cho là không đứng đắn. người mất trí còn giữ nề nếp thế, vậy mà nhiều anh tỉnh táo lại cứ đổ tại hoàn cảnh. (*)_thanhtungluong_",264,59,T13. HUMAN_INTEREST,T13,human_verified,manual_adjudicated,Han; Nhung; Yen,,pilot_400_final,,0.0,0,0,0,0,0,0,0,0.0,2300,0.0,0.0,1,1,sum_mismatch,68,31,1,1,1,Saturday 2 May 2026 at 09:47,1777690020.0,2026-05-02 02:47:00,2026-05-02,2.0,Saturday,post_created_time_unix,ok,1,1779701346,1779701346,2026-05-25 16:29:06,2026-05-25 16:29:06,1,0.001,2.956521739130435e-05,1.3478260869565218e-05,2399,0.0010430434782608,1,0,0,0,0,,,,,,,,,,,,0,0,,pilot_or_calibration_sample_exclude_from_test,0,,0
teamcrawl_v1,REC_009708,yen,schema_5_new_timestamp,data/01_Raw_Data/02_Team_Crawled_Raw/Yen/json-yen-weibovietnam-v9-3-2/posts_Weibo_Vietnam.json,posts_Weibo_Vietnam.json,454,983657120884359,https://www.facebook.com/reel/983657120884359,b0537ecb31142f90,post_id:983657120884359,Weibo Việt Nam,weibovietnam,https://www.facebook.com/weibovietnam,2300000,2300000,1,reel,,chúc mừng bạn nguyễn minh thuý lớp 5a8 đã hoàn thành xuất sắc ước mơ ngày còn bé (*)video được bạn thư nguyễn chia sẻ,117,25,T13. HUMAN_INTEREST,T13,human_verified,manual_adjudicated,Han; Nhung; Yen,,pilot_100_final,,0.0,0,0,0,0,0,0,0,0.0,24000,0.0,0.0,1,1,sum_mismatch,276,154,1,1,1,Monday 27 April 2026 at 16:02,1777280520.0,2026-04-27 09:02:00,2026-04-27,9.0,Monday,post_created_time_unix,ok,1,1779701763,1779701763,2026-05-25 16:36:03,2026-05-25 16:36:03,1,0.0104347826086956,0.00012,6.695652173913043e-05,24430,0.0106217391304347,1,0,0,0,0,,,,,,,,,,,,0,0,,pilot_or_calibration_sample_exclude_from_test,0,,0
teamcrawl_v1,REC_009711,yen,schema_5_new_timestamp,data/01_Raw_Data/02_Team_Crawled_Raw/Yen/json-yen-weibovietnam-v9-3-2/posts_Weibo_Vietnam.json,posts_Weibo_Vietnam.json,457,984731907587600,https://www.facebook.com/reel/984731907587600,a2961bde8f2f2049,post_id:984731907587600,Weibo Việt Nam,weibovietnam,https://www.facebook.com/weibovietnam,2300000,2300000,1,reel,,đáng yêu vô cùng: con gái đang chơi với bạn thì thấy cô giáo đang mang thai ngồi xổm xuống đất (*)video: lovemyjod123,118,23,T13. HUMAN_INTEREST,T13,human_verified,manual_adjudicated,Han; Nhung; Yen,,pilot_100_additional_final,,0.0,0,0,0,0,0,0,0,0.0,10200,0.0,0.0,1,1,sum_mismatch,70,44,1,1,1,Sunday 26 April 2026 at 21:56,1777215360.0,2026-04-26 14:56:00,2026-04-26,14.0,Sunday,post_created_time_unix,ok,1,1779701823,1779701823,2026-05-25 16:37:03,2026-05-25 16:37:03,1,0.0044347826086956,3.0434782608695653e-05,1.913043478260869e-05,10314,0.0044843478260869,1,0,0,0,0,,,,,,,,,,,,0,0,,pilot_or_calibration_sample_exclude_from_test,0,,0
teamcrawl_v1,REC_009719,yen,schema_5_new_timestamp,data/01_Raw_Data/02_Team_Crawled_Raw/Yen/json-yen-weibovietnam-v9-3-2/posts_Weibo_Vietnam.json,posts_Weibo_Vietnam.json,465,pfbid02jdk4rWyw6DQ1CDk97UZksNQt3YboXsazAqXL64iRM6aniSNMQbVP8VJjna6Bvvcfl,https://www.facebook.com/weibovietnam/posts/pfbid02jdk4rWyw6DQ1CDk97UZksNQt3YboXsazAqXL64iRM6aniSNMQbVP8VJjna6Bvvcfl,f3b65f6f04886081,post_id:pfbid02jdk4rWyw6DQ1CDk97UZksNQt3YboXsazAqXL64iRM6aniSNMQbVP8VJjna6Bvvcfl,Weibo Việt Nam,weibovietnam,https://www.facebook.com/weibovietnam,2300000,2300000,1,post,,"đang viral: anh chảng này viral khi lên mạng tìm người yêu, điều làm cđm khó tin là anh sở hữu visual "" đốn tim"" hội chị em vì trông như idol hàn quốc được biết anh chàng này tên minh kha (sn 1997), cao 1m81, 70kg, đến từ đồng tháp là nông dân hái chanh. bà nào mà đói về quê sống đơn giản lấy chồng đẹp trai thì vào ứng tuyển kìa ảnh: minh kha",344,77,T13. HUMAN_INTEREST,T13,human_verified,manual_adjudicated,Han; Nhung; Yen,,pilot_400_final,,0.0,0,0,0,0,0,0,0,0.0,9700,0.0,0.0,1,1,sum_mismatch,171,1500,1,1,1,Saturday 25 April 2026 at 08:09,1777079340.0,2026-04-25 01:09:00,2026-04-25,1.0,Saturday,post_created_time_unix,ok,1,1779701995,1779701995,2026-05-25 16:39:55,2026-05-25 16:39:55,1,0.0042173913043478,7.434782608695652e-05,0.0006521739130434,11371,0.0049439130434782,1,0,0,0,0,,,,,,,,,,,,0,0,,pilot_or_calibration_sample_exclude_from_test,0,,0
teamcrawl_v1,REC_009730,yen,schema_5_new_timestamp,data/01_Raw_Data/02_Team_Crawled_Raw/Yen/json-yen-weibovietnam-v9-3-2/posts_Weibo_Vietnam.json,posts_Weibo_Vietnam.json,476,pfbid0WuA3rLFPoF6bkWqk8Dq5biFn4vmH9UQcoo2d1JxktEisoWMyB8Dwk4ybJdmiTkTpl,https://www.facebook.com/weibovietnam/posts/pfbid0WuA3rLFPoF6bkWqk8Dq5biFn4vmH9UQcoo2d1JxktEisoWMyB8Dwk4ybJdmiTkTpl,7252314e3906b7e2,post_id:pfbid0WuA3rLFPoF6bkWqk8Dq5biFn4vmH9UQcoo2d1JxktEisoWMyB8Dwk4ybJdmiTkTpl,Weibo Việt Nam,weibovietnam,https://www.facebook.com/weibovietnam,2300000,2300000,1,post,,"đăng viral ""ancut"" lên mxh, nam tiktoker bị phạt 7,5 triệu về hành vi đăng nội dung phancam mới đây, công an xã khánh yên cho biết vừa xử phạt ca.n (sn 1993, tạm trú xã khánh yên, tỉnh lào cai) 7,5 triệu về hành vi đăng video phancam lên mạng xã hội, đi ngược lại thuần phong mỹ tục, ảnh hưởng tiêu cực đến nhận thức của cộng đồng, đặc biệt là giới trẻ. tại cơ quan, nam tiktoker đã thừa nhận mục đích đăng tải video là muốn thu hút người xem. vì sự ""sáng tạo” của mình, n. đã góp 7,5 triệu vào ngân sách nhà nước theo quy định. sự việc này cũng là bài học cảnh tỉnh cho tất cả mọi người khi tham gia mxh, không chia sẻ các nội dung phancam sai sự thật, ảnh hưởng xấu đến thuần phong mỹ tục, trật tự xã hội theo công an xã khánh yên",733,159,T03. CRIME_LAW_AND_JUSTICE,T03,human_verified,manual_adjudicated,Han; Nhung; Yen,,pilot_400_final,,0.0,0,0,0,0,0,0,0,0.0,1300,0.0,0.0,1,1,sum_mismatch,29,212,1,1,1,Thursday 23 April 2026 at 12:46,1776923160.0,2026-04-23 05:46:00,2026-04-23,5.0,Thursday,post_created_time_unix,ok,1,1779702238,1779702238,2026-05-25 16:43:58,2026-05-25 16:43:58,1,0.0005652173913043,1.2608695652173914e-05,9.217391304347828e-05,1541,0.00067,1,0,0,0,0,,,,,,,,,,,,0,0,,pilot_or_calibration_sample_exclude_from_test,0,,0
teamcrawl_v1,REC_009749,yen,schema_5_new_timestamp,data/01_Raw_Data/02_Team_Crawled_Raw/Yen/json-yen-weibovietnam-v9-3-2/posts_Weibo_Vietnam.json,posts_Weibo_Vietnam.json,495,pfbid0iiziRrLx7qT6XVUiJh9m1i6HgNMvirCr4N9GhwwwwnbmkyCxP4hAUu7J9iAVmGQZl,https://www.facebook.com/weibovietnam/posts/pfbid0iiziRrLx7qT6XVUiJh9m1i6HgNMvirCr4N9GhwwwwnbmkyCxP4hAUu7J9iAVmGQZl,9a719c5ce12dfaee,post_id:pfbid0iiziRrLx7qT6XVUiJh9m1i6HgNMvirCr4N9GhwwwwnbmkyCxP4hAUu7J9iAVmGQZl,Weibo Việt Nam,weibovietnam,https://www.facebook.com/weibovietnam,2300000,2300000,1,post,,"câu chuyện không của riêng ai nghe nói bật điều hoà 24/24 sẽ tiết kiệm điện hơn là tối tắt rồi sáng bật lại. mình đã áp dụng, kết quả thật bất ngờ. tiền điện tháng này giảm từ 700k xuống còn 1,2tr (*)ảnh: minhtect",214,45,T13. HUMAN_INTEREST,T13,human_verified,manual_adjudicated,Han; Nhung; Yen,,pilot_400_final,,0.0,0,0,0,0,0,0,0,0.0,9100,0.0,0.0,1,1,sum_mismatch,167,490,1,1,1,Monday 4 May 2026 at 09:05,1777860300.0,2026-05-04 02:05:00,2026-05-04,2.0,Monday,post_created_time_unix,ok,1,1779710591,1779710591,2026-05-25 19:03:11,2026-05-25 19:03:11,1,0.0039565217391304,7.26086956521739e-05,0.0002130434782608,9757,0.0042421739130434,1,0,0,0,0,,,,,,,,,,,,0,0,,pilot_or_calibration_sample_exclude_from_test,0,,0
teamcrawl_v1,REC_009764,yen,schema_5_new_timestamp,data/01_Raw_Data/02_Team_Crawled_Raw/Yen/json-yen-weibovietnam-v9-3-2/posts_Weibo_Vietnam.json,posts_Weibo_Vietnam.json,510,pfbid06MPGE9maeCrWKpFfigLc27Q3SFhdetLi5DNcYZDNz7k6TGTVVCLE5xLSWQoEUNXyl,https://www.facebook.com/weibovietnam/posts/pfbid06MPGE9maeCrWKpFfigLc27Q3SFhdetLi5DNcYZDNz7k6TGTVVCLE5xLSWQoEUNXyl,ed2e4aa74762128a,post_id:pfbid06MPGE9maeCrWKpFfigLc27Q3SFhdetLi5DNcYZDNz7k6TGTVVCLE5xLSWQoEUNXyl,Weibo Việt Nam,weibovietnam,https://www.facebook.com/weibovietnam,2300000,2300000,1,post,,"đỉnh cao của sự lạc quan... một tài khoản vừa chia sẻ câu chuyện khá hài của 2 mẹ con chị. theo đó, chị cho con xem bài báo về một bé gái 8 tuổi giành giải cờ vua thế giới để cho con có thêm động lực. tuy nhiên cuộc hội thoại lại trái ngược khác xa so với chị nghĩ ban đầu. nguyên văn như sau: - mẹ: bell ơi bé này giỏi quá nè? (đưa bài báo về bé gái 8 tuổi đạt giải cờ vua thế giới) - bell: kệ người ta đi mẹ, người ta có làm hại gì mình đâu, đừng quan tâm nữa mẹ. - me: ủa có đọc nhầm gì không bell, ý mẹ là bé này giải cờ vua thế giới nè? - bell: uh thì người đánh cờ chứ có đá.nh mình đâu mẹ ơi, kệ người ta đi mẹ. kệ đi nha, kệ đi bài đăng sau khi người mẹ chia sẻ nhận về vô số tán thưởng của cư dân mạng. có thể thấy bé con dù nhỏ nhưng đã biết kệ đúng với tinh thần cứ kệ nhau mà sống, miễn mình hạnh phúc là được. đúng là đỉnh cao của sự lạc quan mà (*)ảnh: ngaviet369",879,210,T13. HUMAN_INTEREST,T13,human_verified,manual_adjudicated,Han; Nhung; Yen,,pilot_400_final,,0.0,0,0,0,0,0,0,0,0.0,5300,0.0,0.0,1,1,sum_mismatch,247,101,1,1,1,Wednesday 29 April 2026 at 14:30,1777447800.0,2026-04-29 07:30:00,2026-04-29,7.0,Wednesday,post_created_time_unix,ok,1,1779710898,1779710898,2026-05-25 19:08:18,2026-05-25 19:08:18,1,0.0023043478260869,0.0001073913043478,4.391304347826087e-05,5648,0.002455652173913,1,0,0,0,0,,,,,,,,,,,,0,0,,pilot_or_calibration_sample_exclude_from_test,0,,0
teamcrawl_v1,REC_009779,yen,schema_5_new_timestamp,data/01_Raw_Data/02_Team_Crawled_Raw/Yen/json-yen-weibovietnam-v9-3-2/posts_Weibo_Vietnam.json,posts_Weibo_Vietnam.json,525,pfbid0hZwXPQwL6pa132jiSGekgew6aU39yDpqhaAsWvWbcNKiaYnLxFQ2wfnRRvfrw74Nl,https://www.facebook.com/vitaminsaigonofficial/posts/pfbid0hZwXPQwL6pa132jiSGekgew6aU39yDpqhaAsWvWbcNKiaYnLxFQ2wfnRRvfrw74Nl,7b8d582da1b29c92,post_id:pfbid0hZwXPQwL6pa132jiSGekgew6aU39yDpqhaAsWvWbcNKiaYnLxFQ2wfnRRvfrw74Nl,Weibo Việt Nam,weibovietnam,https://www.facebook.com/weibovietnam,2300000,2300000,1,post,,"sáng mở mắt ra thì lướt trúng hình ảnh này. ba em bé mất, em thì bệnh. em nhất quyết nằm trong vòng tay của ba lần cuối mặc dù có người vỗ chân em kêu đứng lên để ba đi... thương lắm, gửi cái ôm thật chặt và lời chúc bình an tới hai mẹ con",239,57,T13. HUMAN_INTEREST,T13,human_verified,manual_adjudicated,Han; Nhung; Yen,,pilot_400_final,,0.0,0,0,0,0,0,0,0,0.0,1100,0.0,0.0,1,1,sum_mismatch,8,42,1,1,1,Saturday 25 April 2026 at 08:54,1777082040.0,2026-04-25 01:54:00,2026-04-25,1.0,Saturday,post_created_time_unix,ok,1,1779711231,1779711231,2026-05-25 19:13:51,2026-05-25 19:13:51,1,0.0004782608695652,3.478260869565217e-06,1.826086956521739e-05,1150,0.0005,1,0,0,0,0,,,,,,,,,,,,0,0,,pilot_or_calibration_sample_exclude_from_test,0,,0
teamcrawl_v1,REC_009794,yen,schema_5_new_timestamp,data/01_Raw_Data/02_Team_Crawled_Raw/Yen/json-yen-weibovietnam-v9-3-2/posts_Weibo_Vietnam.json,posts_Weibo_Vietnam.json,540,2283751448817984,https://www.facebook.com/reel/2283751448817984,8c9c431efee45987,post_id:2283751448817984,Weibo Việt Nam,weibovietnam,https://www.facebook.com/weibovietnam,2300000,2300000,1,reel,,"""rất lâu rồi mình mới làm được việc tốt nên muốn khoe khoang chút. chuyện là hôm nay mình đi cafe ở hl pullman cát linh, lúc đang về đi ra cửa thì thấy 1 cô đang ngồi đó. cô ấy bảo là:"" chú có thể mua cho tôi cái bánh được không?"". thế là mình chạy vào mua bánh cho cô í, nghe bảo cô hay ngồi ở đó. nhưng họ xin đồ ăn chứ không xin tiền nên mình cũng thấy bình thường. lúc í em hơi run nên đưa bằng 1 tay. các bác thông cảm giúp em nha. cũng lâu rồi em chưa giúp đỡ ai, tự nhiên có chút tự hào "" (*)video: theuperson_",514,119,T13. HUMAN_INTEREST,T13,human_verified,manual_adjudicated,Han; Nhung; Yen,,pilot_100_final,,0.0,0,0,0,0,0,0,0,0.0,2300,0.0,0.0,1,1,sum_mismatch,17,16,1,1,1,Wednesday 22 April 2026 at 08:33,1776821580.0,2026-04-22 01:33:00,2026-04-22,1.0,Wednesday,post_created_time_unix,ok,1,1779711565,1779711565,2026-05-25 19:19:25,2026-05-25 19:19:25,1,0.001,7.391304347826087e-06,6.956521739130435e-06,2333,0.0010143478260869,1,0,0,0,0,,,,,,,,,,,,0,0,,pilot_or_calibration_sample_exclude_from_test,0,,0
teamcrawl_v1,REC_009830,yen,schema_5_new_timestamp,data/01_Raw_Data/02_Team_Crawled_Raw/Yen/json-yen-weibovietnam-v9-3-2/posts_Weibo_Vietnam.json,posts_Weibo_Vietnam.json,576,1162633279270856,https://www.facebook.com/reel/1162633279270856,4de42a5bd8788361,post_id:1162633279270856,Weibo Việt Nam,weibovietnam,https://www.facebook.com/weibovietnam,2300000,2300000,1,reel,,"giải cứu cô giáo tăng bái từ giải cứu cô hai báo ủa lộn vương mông sau khi xem tập rồi của đạp gió thì cnet nhận ra người cần được giải cứu lúc này là vương mông, nhưng đáng sợ là vương mông đang vô cùng đắm chìm cảm giác được nằm trong khu tự trị của gái đài =))))))))) cô giáo bắt vương mông 2:30 sáng dậy luyện hát lấy hơi, cấm vương mông nói quá to, đề nghị nói ít lại, xong yêu cầu đủ thứ nhưng vương mông cứ nghe giọng gái đài nũng nịu là bất chấp gật đầu dù không muốn làm cho lắm, chếcccc",496,111,T10. ARTS_CULTURE_ENTERTAINMENT_AND_MEDIA,T10,human_verified,manual_adjudicated,Han; Nhung; Yen,,pilot_400_final,,0.0,3100,11,2700,5,6,0,0,0.0,5822,5822.0,1.0,1,1,ok,161,93,1,1,1,Tuesday 28 April 2026 at 16:56,1777370160.0,2026-04-28 09:56:00,2026-04-28,9.0,Tuesday,post_created_time_unix,ok,1,1779724160,1779724160,2026-05-25 22:49:20,2026-05-25 22:49:20,1,0.002531304347826,7e-05,4.0434782608695655e-05,6076,0.0026417391304347,1,0,2722,11,2711,0.001889385091034,0.4637581587083476,0.0008588114050154,0.0010305736860185,0.0,0.0,0.5343524562006183,0.0,0.4637581587083476,0.0010305736860185,-0.4675369288904156,1,1,,pilot_or_calibration_sample_exclude_from_test,0,,1
teamcrawl_v1,REC_009851,yen,schema_5_new_timestamp,data/01_Raw_Data/02_Team_Crawled_Raw/Yen/json-yen-weibovietnam-v9-3-2/posts_Weibo_Vietnam.json,posts_Weibo_Vietnam.json,597,pfbid02zWwUYQQavbEcfbQH2XsKRsXBBEnv9NJCYdzPTmpztoohy9ZSi6m9yrs8o2W2Be7cl,https://www.facebook.com/weibovietnam/posts/pfbid02zWwUYQQavbEcfbQH2XsKRsXBBEnv9NJCYdzPTmpztoohy9ZSi6m9yrs8o2W2Be7cl,3031164dc374543a,post_id:pfbid02zWwUYQQavbEcfbQH2XsKRsXBBEnv9NJCYdzPTmpztoohy9ZSi6m9yrs8o2W2Be7cl,Weibo Việt Nam,weibovietnam,https://www.facebook.com/weibovietnam,2300000,2300000,1,post,,"“có chú thương binh chở đồ làm rớt, kính văng tung toé khắp đường. có 2 anh đi đường và 1 anh đang ngồi cafe với tui ra giúp chú bê đồ lên xe. rồi chú vẫn chưa đi vội, rút chổi quay lại quét sạch mảnh kính vỡ. rồi một anh khác tìm đâu được cái chổi ra quét chung. rồi một bạn nhân viên cầm túi và miếng hốt rác ra phụ. chắc chuyến này mất tôi tiền công chở đồ, nhưng có một bồ sự dễ thương.” (*)bạn kim oanh chia sẻ",415,95,T13. HUMAN_INTEREST,T13,human_verified,manual_adjudicated,Han; Nhung; Yen,,pilot_400_final,,0.0,4600,2200,0,0,7,0,137,0.0,6944,6944.0,1.0,1,1,ok,66,13,1,1,1,Tuesday 21 April 2026 at 23:17,1776788220.0,2026-04-21 16:17:00,2026-04-21,16.0,Tuesday,post_created_time_unix,ok,1,1779724449,1779724449,2026-05-25 22:54:09,2026-05-25 22:54:09,1,0.0030191304347826,2.8695652173913044e-05,5.652173913043479e-06,7023,0.0030534782608695,1,0,2344,2337,7,0.3168202764976958,0.0,0.0,0.001008064516129,0.0,0.019729262672811,0.97926267281106,0.0,0.0,0.02073732718894,0.3375576036866359,1,1,,pilot_or_calibration_sample_exclude_from_test,0,,1
teamcrawl_v1,REC_009866,yen,schema_5_new_timestamp,data/01_Raw_Data/02_Team_Crawled_Raw/Yen/json-yen-weibovietnam-v9-3-2/posts_Weibo_Vietnam.json,posts_Weibo_Vietnam.json,612,1374931841333273,https://www.facebook.com/reel/1374931841333273,a39d4fc800634461,post_id:1374931841333273,Weibo Việt Nam,weibovietnam,https://www.facebook.com/weibovietnam,2300000,2300000,1,reel,,"ông cụ 88 tuổi ra sân bay đón cháu gái, mặc dù cô cháu đã đứng ngay trước mắt ra hiệu nhưng ông vẫn không nhận ra.... chắc có lẽ trong kí ức của ông cô cháu ngày nào được mình bế giờ đây vẫn chỉ là 1 em bé mà thôi, chứ không thể ngờ thời gian trôi nhanh đến mức cháu mình đã lớn như thế này...",293,69,T13. HUMAN_INTEREST,T13,human_verified,manual_adjudicated,Han; Nhung; Yen,,pilot_400_final,,0.0,23000,5500,360,0,120,0,756,0.0,29736,29736.0,1.0,1,1,ok,502,154,1,1,1,Saturday 18 April 2026 at 20:07,1776517620.0,2026-04-18 13:07:00,2026-04-18,13.0,Saturday,post_created_time_unix,ok,1,1779724631,1779724631,2026-05-25 22:57:11,2026-05-25 22:57:11,1,0.0129286956521739,0.0002182608695652,6.695652173913043e-05,30392,0.0132139130434782,1,0,6736,6256,480,0.1849609900457358,0.0121065375302663,0.0,0.0040355125100887,0.0,0.0254237288135593,0.9584342211460856,0.0,0.0121065375302663,0.0294592413236481,0.2265267688996502,1,1,,pilot_or_calibration_sample_exclude_from_test,0,,1
teamcrawl_v1,REC_009881,yen,schema_5_new_timestamp,data/01_Raw_Data/02_Team_Crawled_Raw/Yen/json-yen-weibovietnam-v9-3-2/posts_Weibo_Vietnam.json,posts_Weibo_Vietnam.json,627,977082028098045,https://www.facebook.com/reel/977082028098045,30e342de9f915b2c,post_id:977082028098045,Weibo Việt Nam,weibovietnam,https://www.facebook.com/weibovietnam,2300000,2300000,1,reel,,"ôi dồi ôi đãi ngộ đu idol thời bố mẹ mình nó như này hả chúng mày ơi năm nào quả clip lê minh bị các fan xếp hàng lên hun chóc chóc dô má, có cả nam lẫn nữ, xong mặt ảnh khờ ra cũng viral lại trên douyin. top cmt: tôi đã hiểu vì sao giờ tôi đu idol mà bố mẹ nhìn tôi như nhìn đứa dở hơi, đập cả đống tiền mà đến hun idol một cái như họ còn không được",348,86,T10. ARTS_CULTURE_ENTERTAINMENT_AND_MEDIA,T10,human_verified,manual_adjudicated,Han; Nhung; Yen,,pilot_100_additional_final,,0.0,11000,415,4100,15,8,0,39,0.0,15577,15577.0,1.0,1,1,ok,542,389,1,1,1,Tuesday 14 April 2026 at 23:50,1776185400.0,2026-04-14 16:50:00,2026-04-14,16.0,Tuesday,post_created_time_unix,ok,1,1779724839,1779724839,2026-05-25 23:00:39,2026-05-25 23:00:39,1,0.0067726086956521,0.000235652173913,0.0001691304347826,16508,0.0071773913043478,1,0,4577,454,4123,0.0266418437439815,0.2632085767477691,0.0009629582076137,0.0005135777107273,0.0,0.0025036913397958,0.7328111959940938,0.0,0.2632085767477691,0.0030172690505232,-0.2938306477498876,1,1,,pilot_or_calibration_sample_exclude_from_test,0,,1
teamcrawl_v1,REC_009905,yen,schema_5_new_timestamp,data/01_Raw_Data/02_Team_Crawled_Raw/Yen/json-yen-weibovietnam-v9-3-2/posts_Weibo_Vietnam.json,posts_Weibo_Vietnam.json,651,pfbid02Kxs1cnD6ZDATgYw9Frf4bBSYtx2tbPDwWcPr7uovYadjzbfM6yqbhhsWzQ5q4SD6l,https://www.facebook.com/weibovietnam/posts/pfbid02Kxs1cnD6ZDATgYw9Frf4bBSYtx2tbPDwWcPr7uovYadjzbfM6yqbhhsWzQ5q4SD6l,6b8f315bf3a4c935,post_id:pfbid02Kxs1cnD6ZDATgYw9Frf4bBSYtx2tbPDwWcPr7uovYadjzbfM6yqbhhsWzQ5q4SD6l,Weibo Việt Nam,weibovietnam,https://www.facebook.com/weibovietnam,2300000,2300000,1,post,,"[zhihu] giả sử nhiều năm sau, cha mẹ đã mất, trên đời không còn người thân thiết nhất, bạn cũng chưa kết hôn, bạn sẽ làm gì? sau khi mất hết người thân, người độc thân nên đối mặt với cuộc sống như thế nào? 1. năm nay tôi 35 tuổi, thuộc thế hệ đầu 9x, tốt nghiệp cấp ba, sau này tự thi lấy bằng cao đẳng tại chức, đã làm qua rất nhiều nghề, luôn vật lộn ở tầng lớp đáy xã hội. 5 năm trước tôi từng trả lời về trải nghiệm đàn ông trung niên không vợ là thế nào, năm nay tròn 35 tuổi, tôi đã chọn buông xuôi để làm đội phó bảo vệ với mức lương tháng 45005000 tệ. gần đây tôi mới tậu một chiếc xe mới, mỗi ngày trôi qua với cuộc sống lặp đi lặp lại đơn giản, hiện tại tôi rất hài lòng. sống ở một huyện nhỏ, giờ tôi chỉ muốn lo hậu sự, phụng dưỡng cha mẹ già. mẹ tôi cơ bản là bảo tôi đừng tính đến chuyện kết hôn nữa, còn bố tôi vẫn hy vọng tôi có thể sống cuộc đời của một người đàn ông bình thường. cá nhân tôi xác suất cao là sẽ không kết hôn, với môi trường việc làm hiện tại và thị trường hôn nhân biến dạng của xã hội, đàn ông bình thường ở tầng đáy tốt nhất đừng tính đến chuyện vợ con, cứ sống tốt cuộc đời mình là được. nói thật lòng, nếu cha mẹ trăm tuổi già yếu qua đời, tôi chắc chắn sẽ càng cô độc hơn, nhưng vốn dĩ đời người là cô độc, nền tảng của cuộc đời là nỗi buồn lạnh lẽo.. vậy nên tôi muốn nói với người bạn đặt câu hỏi này rằng: anh bạn à, hãy kịp thời hưởng lạc, việc gì cần ăn thì ăn, cần uống thì uống, không tiền có cách sống không tiền, có tiền có cách sống có tiền, hãy làm cho bản thân vui vẻ một chút. (trả lời chung cho các câu hỏi ở phần bình luận, có người hỏi: ""không kết hôn không con cái sau này già rồi tính sao?"", tôi già rồi thì sẽ giống như lúc còn nhỏ, ngồi trước bậc cửa nhà đợi mẹ đến đón tôi!) 2. tôi 48 tuổi, kết hôn sau 22 năm chung sống thì bị ly hôn. lúc trẻ vì chồng cũ nói nghèo nên đứa con đầu lòng chúng tôi đã không giữ, về sau thì không thể mang thai được nữa. đầu năm ngoái tôi còn nói với chồng cũ những lời lãng mạn nhất: đợi anh mất rồi, em sẽ đi đón anh (vì sức khỏe tôi không tốt bằng anh ấy, chắc là sẽ đi trước). kết quả là đến giữa năm, anh ta kết nối sâu đậm với một cô gái trẻ kém mình 25 tuổi (lúc đó cô ta 21 tuổi) và sắp có con muộn, mới thấy rằng cái gọi là ""vợ chồng thuở thiếu thời, bầu bạn lúc tuổi già"" chỉ là mong muốn đơn phương của tôi. tôi lấy chồng xa, năm đó từ bỏ biên chế sự nghiệp ở quê nhà, chỉ vì một tờ giấy hôn thú mà đến thành phố phương bắc này, sau này công việc và bảo hiểm xã hội đều ở đây, có thể dự đoán được sau khi nghỉ hưu tôi cũng sẽ sống ở đây. dù gia đình gốc không hòa thuận, cha mẹ đã già yếu, nhưng mỗi năm vẫn còn có một chốn để về. dù tôi đã từng kết hôn, nhưng gặp phải những con người và chuyện tồi tệ như vậy thì thà chưa từng kết hôn, cô đơn còn tốt hơn bị tổn thương. vài năm nữa, sau khi cha mẹ đi rồi, giữa đất trời chỉ còn lại một bà lão nhỏ bé, tôi sẽ làm gì đây? thì chính là tiếp tục sống một cuộc sống bình lặng và nghiêm túc thôi: cố gắng chăm sóc tốt cái thân xác đã cho tôi trải nghiệm thế giới này, ví dụ như nấu những bữa cơm đơn giản mà đủ chất, học thái cực quyền, học bơi; trong phạm vi kinh tế cho phép sẽ làm những việc trước đây chưa từng làm, ví dụ như bấm một cái lỗ tai, triệt sản cho mèo hoang, đi tân cương một chuyến; ghi chép lại và cảm nhận từng chút tốt đẹp hay phiền muộn trong cuộc sống; đặt một mục tiêu nhỏ, trước tiên là sống sót đến lúc nghỉ hưu. đến khi tôi rời khỏi thế giới này, tôi hy vọng mẹ tôi sẽ dắt theo những chú mèo tôi nuôi hồi nhỏ và hiện tại đến đón tôi. tôi muốn bà thấy rằng, người mà bà cả đời không yên tâm nhất đã tự nuôi nấng bản thân rất tốt và sống thêm được rất nhiều năm sau khi bà qua đời, bà sẽ thấy an lòng lắm. với tôi mà nói, cuộc đời thế nào cũng là một loại trải nghiệm, đặc biệt là kiểu người cầm nhầm kịch bản cô độc như tôi, không bỏ cuộc giữa chừng, không sợ hãi, cảm nhận chút hạnh phúc nhỏ nhoi từ những tia nắng len qua tán rừng rậm che khuất mặt trời, như vậy cũng chẳng uổng công đến thế gian này một lần. tham gia group weibo việt nam để đọc thêm nhiều bài dịch hay bạn nhé",4057,926,T13. HUMAN_INTEREST,T13,human_verified,manual_adjudicated,Han; Nhung; Yen,,pilot_100_additional_final,,0.0,5276,698,9,4,498,0,68,0.0,6553,6553.0,1.0,1,1,ok,1400,517,1,1,1,Sunday 3 May 2026 at 19:40,1777812000.0,2026-05-03 12:40:00,2026-05-03,12.0,Sunday,post_created_time_unix,ok,1,1779746117,1779746117,2026-05-26 04:55:17,2026-05-26 04:55:17,1,0.0028491304347826,0.0006086956521739,0.0002247826086956,8470,0.0036826086956521,1,0,1277,766,511,0.1065160994964138,0.0013734167556844,0.0006104074469708,0.0759957271478712,0.0,0.0103769265985045,0.911643522050969,0.0,0.0013734167556844,0.0863726537463757,0.1948725774454448,1,1,,pilot_or_calibration_sample_exclude_from_test,0,,1
teamcrawl_v1,REC_009909,yen,schema_5_new_timestamp,data/01_Raw_Data/02_Team_Crawled_Raw/Yen/json-yen-weibovietnam-v9-3-2/posts_Weibo_Vietnam.json,posts_Weibo_Vietnam.json,655,pfbid02aNRttdKsMNgdDwvoUesgs68fUrqnnzz3hsatfkgQkWbcj5fWWugpWRbDSHsHnoyYl,https://www.facebook.com/weibovietnam/posts/pfbid02aNRttdKsMNgdDwvoUesgs68fUrqnnzz3hsatfkgQkWbcj5fWWugpWRbDSHsHnoyYl,e0913e7926e6dd69,post_id:pfbid02aNRttdKsMNgdDwvoUesgs68fUrqnnzz3hsatfkgQkWbcj5fWWugpWRbDSHsHnoyYl,Weibo Việt Nam,weibovietnam,https://www.facebook.com/weibovietnam,2300000,2300000,1,post,,"nhân dịp mọi người rôm rả đào lại, xin phép update tới 1/5/2026 thì đây vẫn là: - đại diện thương hiệu toàn cầu đầu tiên của louis vuitton đi tò - đại diện thương hiệu toàn cầu đầu tiên của bvlgari đi tò - đại diện thương hiệu toàn cầu đầu tiên của porsche tại trung quốc đi tò - đại diện thương hiệu toàn cầu đầu tiên của burberry đi tò - đại diện thương hiệu toàn cầu đầu tiên của lancôme đi tò - đại diện thương hiệu toàn cầu đầu tiên của chivas đi tò - đại diện thương hiệu toàn cầu đầu tiên của l'oréal đi tò - đại diện thương hiệu toàn cầu đầu tiên của mcdonald's sau 10 năm đi tò - đại diện thương hiệu toàn cầu đầu tiên của mercedesbenz smart đi tò - nghệ sĩ nam châu á đầu tiên có bộ sưu tập hợp tác toàn cầu với gentle monster đi tò - ngôi sao nam châu á đầu tiên được mời xem show của givenchy đi tò - người đầu tiên trình diễn catwalk cho một trong 8 thương hiệu âm thanh cao cấp toàn cầu đi tò - người đầu tiên hoàn thành 10 ấn bản bìa tạp chí thời trang nam nữ danh tiếng đi tò trước anh không có ai mà sau anh càng không có ai cnet vẫn bảo có khi tới ngày ra tò, nhà hiền triết phát hiện cái sớ thành tích thời trang từ chục năm trước của mình vẫn đỉnh nóc nhất cbiz dù đã có thêm 8891 người xưng là đỉnh lưu lưu lượng con cưng thời trang.",1255,279,T10. ARTS_CULTURE_ENTERTAINMENT_AND_MEDIA,T10,human_verified,manual_adjudicated,Han; Nhung; Yen,,pilot_100_additional_final,,0.0,6300,91,5500,11,40,0,12,0.0,11954,11954.0,1.0,1,1,ok,582,981,1,1,1,Saturday 2 May 2026 at 00:35,1777656900.0,2026-05-01 17:35:00,2026-05-01,17.0,Friday,post_created_time_unix,ok,1,1779746188,1779746188,2026-05-26 04:56:28,2026-05-26 04:56:28,1,0.0051973913043478,0.0002530434782608,0.0004265217391304,13517,0.0058769565217391,1,0,5654,103,5551,0.0076125146394512,0.4600970386481512,0.0009201940772963,0.0033461602810774,0.0,0.0010038480843232,0.5346327589091517,0.0,0.4600970386481512,0.0043500083654007,-0.4729797557302995,1,1,,pilot_or_calibration_sample_exclude_from_test,0,,1
teamcrawl_v1,REC_009913,yen,schema_5_new_timestamp,data/01_Raw_Data/02_Team_Crawled_Raw/Yen/json-yen-weibovietnam-v9-3-2/posts_Weibo_Vietnam.json,posts_Weibo_Vietnam.json,659,pfbid02jD4YLiQsH48x5kcLtw8ibmoLSc1UfU44QndFNzkiR4PKDFe5XAKGtCZz2j7CYXBAl,https://www.facebook.com/weibovietnam/posts/pfbid02jD4YLiQsH48x5kcLtw8ibmoLSc1UfU44QndFNzkiR4PKDFe5XAKGtCZz2j7CYXBAl,02f1077efc025a19,post_id:pfbid02jD4YLiQsH48x5kcLtw8ibmoLSc1UfU44QndFNzkiR4PKDFe5XAKGtCZz2j7CYXBAl,Weibo Việt Nam,weibovietnam,https://www.facebook.com/weibovietnam,2300000,2300000,1,post,,"hình ảnh bức tường tại trung tâm điều dưỡng thương binh tâ.m th.ần kinh tỉnh nghệ an... những dòng chữ nguệch ngoạc trên tường như “chủ tịch hồ chí minh”, “việt nam”, “nguyễn ái quốc”, “nhà trực đảng việt nam”, hay biểu tượng búa liềm của đảng… đều do các bệnh binh, thương binh nơi đây viết nên. dù mang những tổn thương về tâm lý nhưng có thể thấy trong tim của các thương binh vẫn giữ trọn hình ảnh bác hồ và tình yêu dành cho quê hương đất nước (*)ảnh: chuyenthoibinh2026",478,94,T13. HUMAN_INTEREST,T13,human_verified,manual_adjudicated,Han; Nhung; Yen,,pilot_400_final,,0.0,5600,3900,7,2,26,0,252,0.0,9787,9787.0,1.0,1,1,ok,311,43,1,1,1,Thursday 30 April 2026 at 08:50,1777513800.0,2026-04-30 01:50:00,2026-04-30,1.0,Thursday,post_created_time_unix,ok,1,1779746256,1779746256,2026-05-26 04:57:36,2026-05-26 04:57:36,1,0.0042552173913043,0.0001352173913043,1.869565217391304e-05,10141,0.0044091304347826,1,0,4187,4152,35,0.3984877899254113,0.0007152344947379,0.0002043527127822,0.0026565852661694,0.0,0.025748441810565,0.9706753857157454,0.0,0.0007152344947379,0.0284050270767344,0.4278124042096659,1,1,,pilot_or_calibration_sample_exclude_from_test,0,,1
teamcrawl_v1,REC_009922,yen,schema_5_new_timestamp,data/01_Raw_Data/02_Team_Crawled_Raw/Yen/json-yen-weibovietnam-v9-3-2/posts_Weibo_Vietnam.json,posts_Weibo_Vietnam.json,668,pfbid0ij73p46j3g4n6voPMLzMqdoNBnjG6fCvhUo8Xyf9BzkVgWFVpuJKkTjQ9WSnbBTBl,https://www.facebook.com/weibovietnam/posts/pfbid0ij73p46j3g4n6voPMLzMqdoNBnjG6fCvhUo8Xyf9BzkVgWFVpuJKkTjQ9WSnbBTBl,f01ecbda30f19841,post_id:pfbid0ij73p46j3g4n6voPMLzMqdoNBnjG6fCvhUo8Xyf9BzkVgWFVpuJKkTjQ9WSnbBTBl,Weibo Việt Nam,weibovietnam,https://www.facebook.com/weibovietnam,2300000,2300000,1,post,,"đang viral: cô giáo meme tăng bái từ bị đạo diễn nhắc nhở đừng hun gái trên sóng truyền hình nữa =)))))))))))))))) với hệ điều hành gái đài tui thích ai là tui skinskip người đó, tăng bái từ đã khiến ekip đạp gió năm nay mấy phen hú hồn ôm tim vì hở tí là chụt chụt với mấy chị đẹp khác. hôm qua đang giữa livestream cô giáo lại chụt ngay mỏ chị đẹp đạm đạm và y như rằng ngay sau đó, đạo diễn phải tới nhắc cô giáo là đừng có làm vậy trên sóng khóc khổ quá chắc sợ bị cấm luôn chương trình =)))) xem biểu cảm clip bên dưới trông cô kiểu ủa gì hun có cái mà nguy hiểm vậy ớ hở ùi ui",582,132,T10. ARTS_CULTURE_ENTERTAINMENT_AND_MEDIA,T10,human_verified,manual_adjudicated,Han; Nhung; Yen,,pilot_400_final,,0.0,2700,48,2600,2,2,0,6,0.0,5358,5358.0,1.0,1,1,ok,104,85,1,1,1,Sunday 26 April 2026 at 15:35,1777192500.0,2026-04-26 08:35:00,2026-04-26,8.0,Sunday,post_created_time_unix,ok,1,1779746454,1779746454,2026-05-26 05:00:54,2026-05-26 05:00:54,1,0.0023295652173913,4.521739130434783e-05,3.695652173913043e-05,5547,0.0024117391304347,1,0,2658,54,2604,0.0089585666293393,0.4852556924225457,0.0003732736095558,0.0003732736095558,0.0,0.0011198208286674,0.5128779395296752,0.0,0.4852556924225457,0.0014930944382232,-0.496080627099664,1,1,,pilot_or_calibration_sample_exclude_from_test,0,,1
teamcrawl_v1,REC_009962,yen,schema_5_new_timestamp,data/01_Raw_Data/02_Team_Crawled_Raw/Yen/json-yen-weibovietnam-v9-3-2/posts_Weibo_Vietnam.json,posts_Weibo_Vietnam.json,708,2085183825382952,https://www.facebook.com/reel/2085183825382952,e2cc986a7c375883,post_id:2085183825382952,Weibo Việt Nam,weibovietnam,https://www.facebook.com/weibovietnam,2300000,2300000,1,reel,,"lâm canh tân đậu kiêu chởi um sùm bên bển kìa =)))))))) quỷ thần thiên địa ơi 2026 nhờ “sống lại từ hồ băng” mà giờ dàn cast sở kiều 1 bị đào đến còn cái nịt. giờ rục rịch ship cả cặp yến tuân - vũ văn nguyệt (ship vui thui), ông tân mà thấy là coi chừng =))))",260,60,T10. ARTS_CULTURE_ENTERTAINMENT_AND_MEDIA,T10,human_verified,manual_adjudicated,Han; Nhung; Yen,,pilot_100_additional_final,,0.0,1600,20,1500,2,4,0,2,0.0,3128,3128.0,1.0,1,1,ok,51,112,1,1,1,Saturday 11 April 2026 at 16:01,1775898060.0,2026-04-11 09:01:00,2026-04-11,9.0,Saturday,post_created_time_unix,ok,1,1779747453,1779747453,2026-05-26 05:17:33,2026-05-26 05:17:33,1,0.00136,2.2173913043478262e-05,4.8695652173913046e-05,3291,0.0014308695652173,1,0,1528,22,1506,0.0063938618925831,0.479539641943734,0.0006393861892583,0.0012787723785166,0.0,0.0006393861892583,0.5179028132992327,0.0,0.479539641943734,0.0019181585677749,-0.4884910485933504,1,1,,pilot_or_calibration_sample_exclude_from_test,0,,1
teamcrawl_v1,REC_009966,yen,schema_5_new_timestamp,data/01_Raw_Data/02_Team_Crawled_Raw/Yen/json-yen-weibovietnam-v9-3-2/posts_Weibo_Vietnam.json,posts_Weibo_Vietnam.json,712,pfbid0rXzvJWz6zi3gJSAur6FATGB7HkqKz513UmxuCw4TX8N1cHSDeRLVQprSeuCgJvtsl,https://www.facebook.com/weibovietnam/posts/pfbid0rXzvJWz6zi3gJSAur6FATGB7HkqKz513UmxuCw4TX8N1cHSDeRLVQprSeuCgJvtsl,0c06ecf70ad743b0,post_id:pfbid0rXzvJWz6zi3gJSAur6FATGB7HkqKz513UmxuCw4TX8N1cHSDeRLVQprSeuCgJvtsl,Weibo Việt Nam,weibovietnam,https://www.facebook.com/weibovietnam,2300000,2300000,1,post,,"hà nội: đi khám khối u ở vòng 1, cô gái 26 tuổi bị bạn trai chia tay vì để bác sĩ nam khám...",93,24,T13. HUMAN_INTEREST,T13,human_verified,manual_adjudicated,Han; Nhung; Yen,,pilot_100_final,,0.0,1172,5,557,9,18,0,3,0.0,1764,1764.0,1.0,1,1,ok,34,321,1,1,1,Friday 10 April 2026 at 15:00,1775808000.0,2026-04-10 08:00:00,2026-04-10,8.0,Friday,post_created_time_unix,ok,1,1779747546,1779747546,2026-05-26 05:19:06,2026-05-26 05:19:06,1,0.0007669565217391,1.4782608695652174e-05,0.0001395652173913,2119,0.000921304347826,1,0,592,8,584,0.0028344671201814,0.3157596371882086,0.0051020408163265,0.010204081632653,0.0,0.0017006802721088,0.6672335600907029,0.0,0.3157596371882086,0.0119047619047619,-0.3356009070294785,1,1,,pilot_or_calibration_sample_exclude_from_test,0,,1
teamcrawl_v1,REC_009989,han,schema_4_basic,data/01_Raw_Data/02_Team_Crawled_Raw/Han/get_from_Han_legacy/posts_Cục_Cảnh_sát_điều_tra_tội_phạm_về_ma_tuý.json,posts_Cục_Cảnh_sát_điều_tra_tội_phạm_về_ma_tuý.json,21,122198647412476361,https://www.facebook.com/Canhsatdieutratoiphammatuy/posts/122198647412476361,415af2ffbf3227e6,post_id:122198647412476361,Cục Cảnh sát điều tra tội phạm về ma tuý,Canhsatdieutratoiphammatuy,https://www.facebook.com/Canhsatdieutratoiphammatuy,0,0,0,,,"khi phát hiện các hành vi nghi vấn liên quan đến matuy như: - tàng trữ, mua bán, vận chuyển trái phép chất matuy; - tổ chức sử dụng trái phép chất matuy; dụ dỗ, lôi kéo người khác sử dụng trái phép chất matuy. - điểm mua bán trái phép chất matuy; - trồng cây có chứa chất matuy (cần sa, thuốc phiện...) nhân dân hãy chủ động cung cấp thông tin qua đường dây nóng của cục cảnh sát điều tra tội phạm về ma túy và phòng cảnh sát điều tra tội phạm về ma túy công an các địa phương để kịp thời xử lý. mỗi tin báo của nhân dân có thể ngăn chặn một hiểm họa cho cộng đồng. hãy cùng chung tay tố giác tội phạm và tệ nạn matuy vì tương lai của thế hệ trẻ, vì một xã hội bình yên, văn minh, không matuy. đừng im lặng trước tội phạm và tệ nạn matuy.",738,164,T03. CRIME_LAW_AND_JUSTICE,T03,human_verified,manual_adjudicated,Han; Nhung; Yen,,pilot_400_final,,0.0,4086,292,9,0,0,0,18,0.0,4405,4405.0,1.0,1,1,ok,735,199,1,1,1,,,,,,,missing,missing,0,1779842413,1779842413,2026-05-27 07:40:13,2026-05-27 07:40:13,1,,,,5339,,1,0,319,310,9,0.0662883087400681,0.0020431328036322,0.0,0.0,0.0,0.0040862656072644,0.9938706015891032,0.0,0.0020431328036322,0.0040862656072644,0.0724177071509648,1,0,,pilot_or_calibration_sample_exclude_from_test,0,,0
teamcrawl_v1,REC_009993,han,schema_4_basic,data/01_Raw_Data/02_Team_Crawled_Raw/Han/get_from_Han_legacy/posts_Cục_Cảnh_sát_điều_tra_tội_phạm_về_ma_tuý.json,posts_Cục_Cảnh_sát_điều_tra_tội_phạm_về_ma_tuý.json,25,122197978598476361,https://www.facebook.com/Canhsatdieutratoiphammatuy/posts/122197978598476361,f16e4eda3942a7c1,post_id:122197978598476361,Cục Cảnh sát điều tra tội phạm về ma tuý,Canhsatdieutratoiphammatuy,https://www.facebook.com/Canhsatdieutratoiphammatuy,0,0,0,,,"từ hôm nay, chính sách hỗ trợ cho người sau cai nghiện theo quyết định của thủ tướng chính phủ chính thức có hiệu lực. vay vốn để tham gia đào tạo nghề mức cho vay tối đa 4 triệu đồng/tháng/người. vay vốn để sản xuất, kinh doanh, tạo việc làm, mức cho vay tối đa là 200 triệu đồng/người. cơ sở sản xuất kinh doanh có sử dụng lao động là người sau cai nghiện ma túy, mức cho vay tối đa là 2 tỉ đồng/cơ sở sản xuất kinh doanh và không quá 200 triệu đồng/người lao động tại cơ sở sản xuất kinh doanh.",497,107,T12. SOCIETY,T12,human_verified,manual_adjudicated,Han; Nhung; Yen,,pilot_400_final,,0.0,274,32,2,0,0,0,3,0.0,311,311.0,1.0,1,1,ok,65,44,1,1,1,,,,,,,missing,missing,0,1779842473,1779842473,2026-05-27 07:41:13,2026-05-27 07:41:13,1,,,,420,,1,0,37,35,2,0.1028938906752411,0.0064308681672025,0.0,0.0,0.0,0.0096463022508038,0.9839228295819936,0.0,0.0064308681672025,0.0096463022508038,0.1189710610932476,1,0,,pilot_or_calibration_sample_exclude_from_test,0,,0
teamcrawl_v1,REC_010003,han,schema_4_basic,data/01_Raw_Data/02_Team_Crawled_Raw/Han/get_from_Han_legacy/posts_Cục_Cảnh_sát_điều_tra_tội_phạm_về_ma_tuý.json,posts_Cục_Cảnh_sát_điều_tra_tội_phạm_về_ma_tuý.json,35,122196964646476361,https://www.facebook.com/Canhsatdieutratoiphammatuy/posts/122196964646476361,feaa89f523fa283b,post_id:122196964646476361,Cục Cảnh sát điều tra tội phạm về ma tuý,Canhsatdieutratoiphammatuy,https://www.facebook.com/Canhsatdieutratoiphammatuy,0,0,0,,,"đang học cấp 3 đã… “nhúng chàm” một vụ việc đáng báo động vừa được công an tp hà nội phát hiện: nhóm 5 học sinh trong độ tuổi 17–19 tham gia mua bán, tàng trữ và sử dụng trái phép chất matuy. các em học sinh sử dụng mạng xã hội như tiktok, telegram để mua “tinh dầu cbd”, một chất matuy nằm trong danh mục cấm. sau đó, chia nhỏ dung dịch vào các lọ nhựa, dạng thuốc nhỏ mắt, rồi bán lại cho bạn bè thông qua facebook messenger. ẩn sau lớp vỏ “tinh dầu” tưởng chừng vô hại là matuy thế hệ mới với độc tính cực mạnh. người sử dụng dễ rơi vào trạng thái ảo giác, mất kiểm soát hành vi, tổn thương nghiêm trọng hệ thần kinh, thậm chí để lại hậu quả lâu dài về sức khỏe và tương lai. phụ huynh lưu ý để giáo dục các con tránh xa!",724,159,T03. CRIME_LAW_AND_JUSTICE,T03,human_verified,manual_adjudicated,Han; Nhung; Yen,,pilot_400_final,,0.0,11613,119,44,266,375,94,7,0.0,12518,12518.0,1.0,1,1,ok,3200,804,1,1,1,,,,,,,missing,missing,0,1779842576,1779842576,2026-05-27 07:42:56,2026-05-27 07:42:56,1,,,,16522,,1,0,905,126,779,0.0095063109122863,0.0035149384885764,0.0212494008627576,0.0299568621185492,0.0075091867710496,0.0005591947595462,0.9372104169995208,0.0075091867710496,0.0035149384885764,0.0305160568780955,-0.0722958939127656,1,0,,pilot_or_calibration_sample_exclude_from_test,0,,0
teamcrawl_v1,REC_010008,han,schema_4_basic,data/01_Raw_Data/02_Team_Crawled_Raw/Han/get_from_Han_legacy/posts_Cục_Cảnh_sát_điều_tra_tội_phạm_về_ma_tuý.json,posts_Cục_Cảnh_sát_điều_tra_tội_phạm_về_ma_tuý.json,40,122196229586476361,https://www.facebook.com/Canhsatdieutratoiphammatuy/posts/122196229586476361,59cddd217e81ac94,post_id:122196229586476361,Cục Cảnh sát điều tra tội phạm về ma tuý,Canhsatdieutratoiphammatuy,https://www.facebook.com/Canhsatdieutratoiphammatuy,0,0,0,,,"triển khai thực chất các giải pháp xây dựng địa bàn không ma tuý ngày 14/4 tại cần thơ, bộ công an tổ chức hội nghị giao ban công tác phòng, chống ma tuý 8 tỉnh khu vực nam bộ. thượng tướng nguyễn văn long, uỷ viên trung ương đảng, thứ trưởng, thủ trưởng cơ quan cảnh sát điều tra bộ công an chủ trì hội nghị. phát biểu chỉ đạo tại hội nghị, thứ trưởng nguyễn văn long biểu dương những kết quả lực lượng công an các đơn vị, địa phương đã đạt được; đồng thời nhấn mạnh, công tác phòng, chống ma tuý hiện nay đang nhận được sự quan tâm đặc biệt của đảng, nhà nước với quyết tâm chính trị rất cao, nguồn lực được ưu tiên đầu tư mạnh mẽ. đồng chí thứ trưởng khẳng định, xây dựng “xã, phường không ma tuý” là nhiệm vụ trọng tâm, có ý nghĩa quyết định trong kéo giảm tội phạm; muốn giải quyết căn cơ tội phạm phải tập trung triệt tiêu “nguồn cầu” tiêu thụ ma tuý, do đó cần phải quản lý tốt người nghiện, người sử dụng trái phép chất ma tuý và người quản lý sau cai. để nâng cao hiệu quả công tác trong thời gian tới, thứ trưởng yêu cầu công an các đơn vị, địa phương tiếp tục thống nhất nhận thức, triển khai thực chất các giải pháp xây dựng địa bàn không ma tuý, tiến tới xây dựng tỉnh, thành phố không ma tuý; thực hiện nghiêm các kế hoạch, chuyên đề của bộ công an, trong đó có kế hoạch 483 của bộ công an về cao điểm tổng rà soát, phát hiện, thống kê, quản lý người nghiện ma túy, người sử dụng trái phép chất ma túy, người bị quản lý sau cai nghiện và đấu tranh, triệt xóa điểm, tụ điểm phức tạp về ma túy. đẩy mạnh đấu tranh với tội phạm ma tuý trên không gian mạng; nâng cao chất lượng công tác điều tra, xử lý các vụ án, kể cả xét xử vắng mặt đối với đối tượng bỏ trốn.",1672,361,T03. CRIME_LAW_AND_JUSTICE,T03,human_verified,manual_adjudicated,Han; Nhung; Yen,,pilot_400_final,,0.0,1852,107,5,0,0,0,5,0.0,1969,1969.0,1.0,1,1,ok,102,64,1,1,1,,,,,,,missing,missing,0,1779842650,1779842650,2026-05-27 07:44:10,2026-05-27 07:44:10,1,,,,2135,,1,0,117,112,5,0.0543423057389537,0.0025393600812595,0.0,0.0,0.0,0.0025393600812595,0.9949212798374808,0.0,0.0025393600812595,0.0025393600812595,0.0594210259014728,1,0,,pilot_or_calibration_sample_exclude_from_test,0,,0
teamcrawl_v1,REC_010039,han,schema_4_basic,data/01_Raw_Data/02_Team_Crawled_Raw/Han/get_from_Han_legacy/posts_Cục_Cảnh_sát_điều_tra_tội_phạm_về_ma_tuý.json,posts_Cục_Cảnh_sát_điều_tra_tội_phạm_về_ma_tuý.json,71,122191653458476361,https://www.facebook.com/Canhsatdieutratoiphammatuy/posts/122191653458476361,ba83ed1830eab4d1,post_id:122191653458476361,Cục Cảnh sát điều tra tội phạm về ma tuý,Canhsatdieutratoiphammatuy,https://www.facebook.com/Canhsatdieutratoiphammatuy,0,0,0,,,"đang bị tạm giam vẫn được thực hiện quyền bầu cử quyền bầu cử là một trong những quyền chính trị cơ bản của công dân, được ghi nhận trong hiến pháp việt nam 2013. theo quy định, người bị tạm giữ, tạm giam được thực hiện quyền bầu cử theo quy định của pháp luật. để chuẩn bị cho bầu cử, các cơ quan chức năng đã soát thông tin, lập danh sách cử tri, in thẻ cử tri là người bị tạm giữ, tạm giam đang được quản lý. ———————— * trong ảnh: công an tp hồ chí minh tổ chức tuyên truyền, phổ biến bầu cử đại biểu quốc hội khóa xvi và bầu cử đại biểu hđnd các cấp nhiệm kỳ 20262031 đến đối tượng bị tạm giữ, tạm giam. nội dung tuyên truyền tập trung làm rõ quyền và nghĩa vụ của công dân trong bầu cử; nguyên tắc bầu cử; các hành vi bị nghiêm cấm trong bầu cử; cũng như trình tự, thủ tục tham gia bỏ phiếu.",797,175,T01. POLITICS,T01,human_verified,manual_adjudicated,Han; Nhung; Yen,,pilot_400_final,,0.0,2567,52,664,9,5,0,6,0.0,3303,3303.0,1.0,1,1,ok,64,196,1,1,1,,,,,,,missing,missing,0,1779843352,1779843352,2026-05-27 07:55:52,2026-05-27 07:55:52,1,,,,3563,,1,0,736,58,678,0.0157432636996669,0.2010293672419013,0.0027247956403269,0.0015137753557372,0.0,0.0018165304268846,0.7929155313351499,0.0,0.2010293672419013,0.0033303057826218,-0.2228277323645171,1,0,,pilot_or_calibration_sample_exclude_from_test,0,,0
teamcrawl_v1,REC_010044,han,schema_4_basic,data/01_Raw_Data/02_Team_Crawled_Raw/Han/get_from_Han_legacy/posts_Cục_Cảnh_sát_điều_tra_tội_phạm_về_ma_tuý.json,posts_Cục_Cảnh_sát_điều_tra_tội_phạm_về_ma_tuý.json,76,122190828944476361,https://www.facebook.com/Canhsatdieutratoiphammatuy/posts/122190828944476361,6de3a8e761f240b0,post_id:122190828944476361,Cục Cảnh sát điều tra tội phạm về ma tuý,Canhsatdieutratoiphammatuy,https://www.facebook.com/Canhsatdieutratoiphammatuy,0,0,0,,,"không nghỉ tết! đúng mùng 1 tết bính ngọ (17/02/2026), công an tỉnh điện biên đã phát hiện, bắt quả tang 02 đối tượng mua bán trái phép chất ma tuý, thu giữ 5 bánh heroin (khoảng 1,5kg). các đối tượng cho rằng dịp tết, lực lượng chức năng sẽ nghỉ tết, nên lợi dụng thời điểm này để giao nhận matuy. tuy nhiên, lực lượng cảnh sát điều tra tội phạm về matuy, không có khái niệm “nghỉ tết”. ———————— tưởng xuân vắng bóng tuần tra, ngờ đâu mùng một… sa ngay lưới trời",463,95,T03. CRIME_LAW_AND_JUSTICE,T03,human_verified,manual_adjudicated,Han; Nhung; Yen,,pilot_100_final,,0.0,11000,241,1300,47,9,0,21,0.0,12618,12618.0,1.0,1,1,ok,122,837,1,1,1,,,,,,,missing,missing,0,1779843559,1779843559,2026-05-27 07:59:19,2026-05-27 07:59:19,1,,,,13577,,1,0,1618,262,1356,0.0190996988429228,0.1030274211443968,0.003724837533682,0.0007132667617689,0.0,0.0016642891107941,0.890870185449358,0.0,0.1030274211443968,0.002377555872563,-0.1282295133935647,1,0,,pilot_or_calibration_sample_exclude_from_test,0,,0
teamcrawl_v1,REC_010046,han,schema_4_basic,data/01_Raw_Data/02_Team_Crawled_Raw/Han/get_from_Han_legacy/posts_Cục_Cảnh_sát_điều_tra_tội_phạm_về_ma_tuý.json,posts_Cục_Cảnh_sát_điều_tra_tội_phạm_về_ma_tuý.json,78,122190542690476361,https://www.facebook.com/Canhsatdieutratoiphammatuy/posts/122190542690476361,2c2adeb52f617295,post_id:122190542690476361,Cục Cảnh sát điều tra tội phạm về ma tuý,Canhsatdieutratoiphammatuy,https://www.facebook.com/Canhsatdieutratoiphammatuy,0,0,0,,,"1570 trường hợp vi phạm nồng độ cồn trong ngày đầu ra quân. ngoài ra, có 02 trường hợp liên quan đến matuy. việc kiểm tra nồng độ cồn đối với người điều khiển phương tiện giao thông đường bộ, đường thủy và cả đường sắt. đã uống rượu bia, không điều khiển phương tiện giao thông.",279,57,T03. CRIME_LAW_AND_JUSTICE,T03,human_verified,manual_adjudicated,Han; Nhung; Yen,,pilot_400_final,,0.0,1892,55,34,7,0,0,7,0.0,1995,1995.0,1.0,1,1,ok,40,112,1,1,1,,,,,,,missing,missing,0,1779843605,1779843605,2026-05-27 08:00:05,2026-05-27 08:00:05,1,,,,2147,,1,0,103,62,41,0.0275689223057644,0.0170426065162907,0.0035087719298245,0.0,0.0,0.0035087719298245,0.97593984962406,0.0,0.0170426065162907,0.0035087719298245,0.0516290726817042,1,0,,pilot_or_calibration_sample_exclude_from_test,0,,0
teamcrawl_v1,REC_010054,han,schema_4_basic,data/01_Raw_Data/02_Team_Crawled_Raw/Han/get_from_Han_legacy/posts_Cục_Cảnh_sát_điều_tra_tội_phạm_về_ma_tuý.json,posts_Cục_Cảnh_sát_điều_tra_tội_phạm_về_ma_tuý.json,86,122189964224476361,https://www.facebook.com/Canhsatdieutratoiphammatuy/posts/122189964224476361,a7e27fea5facd925,post_id:122189964224476361,Cục Cảnh sát điều tra tội phạm về ma tuý,Canhsatdieutratoiphammatuy,https://www.facebook.com/Canhsatdieutratoiphammatuy,0,0,0,,,"cuối năm ngoài bận rộn với các chuyên án, đấu tranh với các tổ chức, đường dây, tụ điểm về matuy, cục cảnh sát điều tra tội phạm về matuy còn tất bật chuẩn bị cho sự kiện concert kết hợp fanmeeting tại tân yên, bắc giang nên không tương tác với khán giả và nhân dân được. bài đăng này là để mọi người khoe quà tặng của cục nha. năm nay sẽ còn rất rất nhiều những phần quà ý nghĩa đang chờ đón! theo dõi, đồng hành và lan tỏa thông điệp ý nghĩa cùng cục cảnh sát điều tra tội phạm về matuy nha!",493,108,T03. CRIME_LAW_AND_JUSTICE,T03,human_verified,manual_adjudicated,Han; Nhung; Yen,,pilot_400_final,,0.0,0,0,0,0,0,0,0,0.0,3400,0.0,0.0,1,1,sum_mismatch,16,341,1,1,1,,,,,,,missing,missing,0,1779843773,1779843773,2026-05-27 08:02:53,2026-05-27 08:02:53,1,,,,3757,,1,0,0,0,0,,,,,,,,,,,,0,0,,pilot_or_calibration_sample_exclude_from_test,0,,0
teamcrawl_v1,REC_010060,han,schema_4_basic,data/01_Raw_Data/02_Team_Crawled_Raw/Han/get_from_Han_legacy/posts_Cục_Cảnh_sát_điều_tra_tội_phạm_về_ma_tuý.json,posts_Cục_Cảnh_sát_điều_tra_tội_phạm_về_ma_tuý.json,92,122189384576476361,https://www.facebook.com/Canhsatdieutratoiphammatuy/posts/122189384576476361,05a8c2fb85191b83,post_id:122189384576476361,Cục Cảnh sát điều tra tội phạm về ma tuý,Canhsatdieutratoiphammatuy,https://www.facebook.com/Canhsatdieutratoiphammatuy,0,0,0,,,"đói ăn vụng, túng làm liều hai đối tượng bị bắt giữ là: phạm anh tài (tên thường gọi là tài đen (sn 1990, hktt: 21 đặng thái thân, phường kon tum, tỉnh quảng ngãi) khi đối tượng đang ẩn nấp tại thôn 3, xã chư păh, tỉnh gia lai lê văn ân, (sn 1993, trú tại xã đăk cẩm, tỉnh quãng ngãi) khi đang lẩn trốn tại địa bàn phường kon tum, tỉnh quảng ngãi. tại cơ quan điều tra, hai đối tượng khai nhận: do thiếu tiền tiêu xài nên tài đã rủ ân đi cướp ngân hàng. ----- thượng tướng nguyễn văn long, thứ trưởng bộ công an trực tiếp lấy lời khai 2 đối tượng.",547,119,T03. CRIME_LAW_AND_JUSTICE,T03,human_verified,manual_adjudicated,Han; Nhung; Yen,,pilot_100_additional_final,,0.0,2513,69,30,4,0,0,2,0.0,2618,2618.0,1.0,1,1,ok,60,171,1,1,1,,,,,,,missing,missing,0,1779843937,1779843937,2026-05-27 08:05:37,2026-05-27 08:05:37,1,,,,2849,,1,0,105,71,34,0.0263559969442322,0.0114591291061879,0.001527883880825,0.0,0.0,0.0007639419404125,0.9862490450725744,0.0,0.0114591291061879,0.0007639419404125,0.0401069518716577,1,0,,pilot_or_calibration_sample_exclude_from_test,0,,0
teamcrawl_v1,REC_010068,han,schema_4_basic,data/01_Raw_Data/02_Team_Crawled_Raw/Han/get_from_Han_legacy/posts_Cục_Cảnh_sát_điều_tra_tội_phạm_về_ma_tuý.json,posts_Cục_Cảnh_sát_điều_tra_tội_phạm_về_ma_tuý.json,100,122189107256476361,https://www.facebook.com/Canhsatdieutratoiphammatuy/posts/122189107256476361,2ca25e4358182a29,post_id:122189107256476361,Cục Cảnh sát điều tra tội phạm về ma tuý,Canhsatdieutratoiphammatuy,https://www.facebook.com/Canhsatdieutratoiphammatuy,0,0,0,,,"c04 gặp mặt, tri ân lãnh đạo, cán bộ hưu trí và thương binh nhân dịp tết bính ngọ 2026 chiều ngày 03/02/2026, cục cảnh sát điều tra tội phạm về ma túy (c04), bộ công an tổ chức gặp mặt, chúc tết các đồng chí lãnh đạo cục, lãnh đạo cấp phòng và tương đương, cán bộ hưu trí đã nghỉ hưu cùng các đồng chí thương binh nhân dịp tết nguyên đán bính ngọ 2026. buổi gặp mặt do đồng chí thiếu tướng ngô thanh bình, bí thư đảng ủy, cục trưởng c04 chủ trì, với sự tham dự của đảng ủy, lãnh đạo cục và cán bộ, chiến sĩ đơn vị. hoạt động thể hiện truyền thống “uống nước nhớ nguồn”, sự tri ân đối với các thế hệ đi trước, đồng thời khơi dậy tinh thần trách nhiệm, quyết tâm hoàn thành xuất sắc nhiệm vụ năm 2026 của cán bộ, chiến sĩ c04.",724,158,T01. POLITICS,T01,human_verified,manual_adjudicated,Han; Nhung; Yen,,pilot_400_final,,0.0,965,137,0,0,0,0,9,0.0,1111,1111.0,1.0,1,1,ok,43,52,1,1,1,,,,,,,missing,missing,0,1779844213,1779844213,2026-05-27 08:10:13,2026-05-27 08:10:13,1,,,,1206,,1,0,146,146,0,0.1233123312331233,0.0,0.0,0.0,0.0,0.0081008100810081,0.991899189918992,0.0,0.0,0.0081008100810081,0.1314131413141314,1,0,,pilot_or_calibration_sample_exclude_from_test,0,,0
teamcrawl_v1,REC_010090,han,schema_4_basic,data/01_Raw_Data/02_Team_Crawled_Raw/Han/get_from_Han_legacy/posts_Kenh14_vn.json,posts_Kenh14_vn.json,8,1451653180329010,https://www.facebook.com/K14vn/posts/1451653180329010,90596094b211c182,post_id:1451653180329010,Kenh14.vn,K14vn,https://www.facebook.com/K14vn/,8700000,8700000,1,,,hương giang xuất hiện đầy nổi bật trong màn trao sash tại mgi all stars 2026,76,16,T10. ARTS_CULTURE_ENTERTAINMENT_AND_MEDIA,T10,human_verified,manual_adjudicated,Han; Nhung; Yen,,pilot_100_additional_final,,0.0,603,72,3,0,0,0,2,0.0,680,680.0,1.0,1,1,ok,0,5,1,1,1,,,,,,,missing,missing,0,1779213047,1779213047,2026-05-20 00:50:47,2026-05-20 00:50:47,1,7.816091954022989e-05,0.0,5.747126436781609e-07,685,7.873563218390804e-05,1,0,77,74,3,0.1058823529411764,0.0044117647058823,0.0,0.0,0.0,0.0029411764705882,0.9926470588235294,0.0,0.0044117647058823,0.0029411764705882,0.113235294117647,1,1,,pilot_or_calibration_sample_exclude_from_test,0,,1
teamcrawl_v1,REC_010111,han,schema_4_basic,data/01_Raw_Data/02_Team_Crawled_Raw/Han/get_from_Han_legacy/posts_Kenh14_vn.json,posts_Kenh14_vn.json,29,1451262073701454,https://www.facebook.com/K14vn/posts/1451262073701454,c8df7f96cb8346ac,post_id:1451262073701454,Kenh14.vn,K14vn,https://www.facebook.com/K14vn/,8700000,8700000,1,,,"vụ đuối nước đặc biệt thương tâm xảy ra tại phú thọ khiến 5 cháu nhỏ không qua khỏi, gây bàng hoàng, xót xa trong dư luận theo thông tin ban đầu, một nhóm trẻ rủ nhau ra khu vực sông, suối để vui chơi, tắm mát. trong lúc vui đùa, không may xảy ra tai nạn đuối nước. ngay khi nhận được tin báo, lực lượng chức năng cùng chính quyền địa phương và người dân đã khẩn trương tổ chức tìm kiếm, cứu nạn. đại diện viện kiểm sát nhân dân khu vực 11 cũng đã có mặt tại hiện trường để phối hợp kiểm sát công tác khám nghiệm, làm rõ nguyên nhân vụ việc theo quy định. danh tính 5 cháu nhỏ được xác định gồm: nt.l. (sn 2013); bx.n. (sn 2012); nm.q. (sn 2012); nc.t. (sn 2012); nv.t. (sn 2012). ngay sau sự việc, lãnh đạo địa phương đã đến thăm hỏi, động viên các gia đình nạn nhân, đồng thời hỗ trợ lo hậu sự cho các cháu. đây là hồi chuông cảnh báo về nguy cơ đuối nước ở trẻ em, đặc biệt trong thời gian nghỉ hè và thời tiết nắng nóng. phụ huynh cần tăng cường quản lý, không để trẻ tự ý ra sông, hồ, ao, suối khi không có người lớn đi cùng; đồng thời trang bị kỹ năng phòng chống đuối nước và kỹ năng cứu hộ cơ bản để hạn chế những mất mát đau lòng. ảnh: chi đoàn viện ksnd khu vực 11 - phú thọ",1189,260,T09. DISASTER_ACCIDENT_AND_EMERGENCY_INCIDENT,T09,human_verified,manual_adjudicated,Han; Nhung; Yen,,pilot_400_final,,0.0,2500,19,2,6,1300,0,115,0.0,3942,3942.0,1.0,1,1,ok,59,473,1,1,1,,,,,,,missing,missing,0,1779213244,1779213244,2026-05-20 00:54:04,2026-05-20 00:54:04,1,0.0004531034482758,6.781609195402299e-06,5.436781609195402e-05,4474,0.0005142528735632,1,0,1442,134,1308,0.0048198883815322,0.0005073566717402,0.0015220700152207,0.3297818366311517,0.0,0.0291730086250634,0.6390157280568239,0.0,0.0005073566717402,0.3589548452562151,-0.3658041603247082,1,1,,pilot_or_calibration_sample_exclude_from_test,0,,1
teamcrawl_v1,REC_010114,han,schema_4_basic,data/01_Raw_Data/02_Team_Crawled_Raw/Han/get_from_Han_legacy/posts_Kenh14_vn.json,posts_Kenh14_vn.json,32,1451211300373198,https://www.facebook.com/K14vn/posts/1451211300373198,ef75564e050e4b43,post_id:1451211300373198,Kenh14.vn,K14vn,https://www.facebook.com/K14vn/,8700000,8700000,1,,,"đan thy mắc ung thư máu ở tuổi 23: thường xuyên thức khuya đến 67 giờ sáng mới ngủ, không uống nước lọc mà chỉ uống trà sữa, matcha latte, các loại trà... trong suốt 3 năm vừa qua đan thy cho biết cô đau lòng khi nhận tin xấu ở độ tuổi còn rất trẻ, trong khi phía trước vẫn còn nhiều dự định dang dở như làm việc, đi du lịch cùng bạn bè hay trải nghiệm thêm nhiều điều mới mẻ trong cuộc sống. dù vậy, đan thy nói bản thân sẽ cố gắng ""chiến đấu"" với bệnh tật để có thể xuất hiện trở lại với một phiên bản khỏe mạnh hơn trong tương lai. đan thy (sinh năm 2003) nổi tiếng trên mạng xã hội từ năm 16 tuổi, với câu chuyện phẫu thuật thẩm mỹ nhiều lần, thay đổi gần như hoàn toàn gương mặt. tính đến năm 2024, đan thy cho biết mình làm mắt 4 lần, mũi 3 lần, răng và vòng 1, rất nhiều lần tiêm filler,... khoảng giữa năm 2025, đan thy cho biết mình đã phẫu thuật khoảng 15 lần, trong đó đáng nhớ nhất là gọt hàm và hạ gò má. mới nhất - tháng 9/2025, cô nàng dặm thêm filler vào tai.",976,215,T10. ARTS_CULTURE_ENTERTAINMENT_AND_MEDIA,T10,human_verified,manual_adjudicated,Han; Nhung; Yen,,pilot_400_final,,0.0,1648,20,13,4,139,0,10,0.0,1834,1834.0,1.0,1,1,ok,96,307,1,1,1,,,,,,,missing,missing,0,1779213271,1779213271,2026-05-20 00:54:31,2026-05-20 00:54:31,1,0.0002108045977011,1.103448275862069e-05,3.528735632183908e-05,2237,0.0002571264367816,1,0,186,30,156,0.0109051254089422,0.0070883315158124,0.0021810250817884,0.0757906215921483,0.0,0.0054525627044711,0.9094874591057798,0.0,0.0070883315158124,0.0812431842966194,-0.1014176663031624,1,1,,pilot_or_calibration_sample_exclude_from_test,0,,1
teamcrawl_v1,REC_010126,han,schema_4_basic,data/01_Raw_Data/02_Team_Crawled_Raw/Han/get_from_Han_legacy/posts_Kenh14_vn.json,posts_Kenh14_vn.json,44,1450772373750424,https://www.facebook.com/K14vn/posts/1450772373750424,02861ade50fc6493,post_id:1450772373750424,Kenh14.vn,K14vn,https://www.facebook.com/K14vn/,8700000,8700000,1,,,cập nhật mới từ huyền 204 và zan nguyễn: ngầm xác nhận yêu đương theo cách táo bạo?,83,18,T10. ARTS_CULTURE_ENTERTAINMENT_AND_MEDIA,T10,human_verified,manual_adjudicated,Han; Nhung; Yen,,pilot_100_final,,0.0,307,0,5,0,0,0,0,0.0,312,312.0,1.0,1,1,ok,3,1125,1,1,1,,,,,,,missing,missing,0,1779213378,1779213378,2026-05-20 00:56:18,2026-05-20 00:56:18,1,3.586206896551724e-05,3.448275862068966e-07,0.0001293103448275,1440,0.0001655172413793,1,0,5,0,5,0.0,0.016025641025641,0.0,0.0,0.0,0.0,0.9839743589743588,0.0,0.016025641025641,0.0,-0.016025641025641,1,1,,pilot_or_calibration_sample_exclude_from_test,0,,1
teamcrawl_v1,REC_010132,han,schema_4_basic,data/01_Raw_Data/02_Team_Crawled_Raw/Han/get_from_Han_legacy/posts_Kenh14_vn.json,posts_Kenh14_vn.json,50,1450646140429714,https://www.facebook.com/K14vn/posts/1450646140429714,31fa5e1910c48dd7,post_id:1450646140429714,Kenh14.vn,K14vn,https://www.facebook.com/K14vn/,8700000,8700000,1,,,"ấm lòng hình ảnh tỷ phú johnathan hạnh nguyễn đón sinh nhật bên bệnh nhi ung bướu ông được các bệnh nhi và thân nhân gọi bằng cái tên trìu mến ""ông ngoại""",154,33,T13. HUMAN_INTEREST,T13,human_verified,manual_adjudicated,Han; Nhung; Yen,,pilot_400_final,,0.0,1077,290,0,0,0,0,25,0.0,1392,1392.0,1.0,1,1,ok,6,31,1,1,1,,,,,,,missing,missing,0,1779213524,1779213524,2026-05-20 00:58:44,2026-05-20 00:58:44,1,0.00016,6.896551724137931e-07,3.563218390804598e-06,1429,0.0001642528735632,1,0,315,315,0,0.2083333333333333,0.0,0.0,0.0,0.0,0.0179597701149425,0.9820402298850576,0.0,0.0,0.0179597701149425,0.2262931034482758,1,1,,pilot_or_calibration_sample_exclude_from_test,0,,1
teamcrawl_v1,REC_010138,han,schema_4_basic,data/01_Raw_Data/02_Team_Crawled_Raw/Han/get_from_Han_legacy/posts_Kenh14_vn.json,posts_Kenh14_vn.json,56,1450573510436977,https://www.facebook.com/K14vn/posts/1450573510436977,4f94b3fadea86166,post_id:1450573510436977,Kenh14.vn,K14vn,https://www.facebook.com/K14vn/,8700000,8700000,1,,,"grimes, người phụ nữ kỳ lạ sinh con cho tỷ phú elon musk: tự phẫu thuật nhãn cầu, đóng thuyền chở gà và làm nhạc về ngày tận thế",128,29,T10. ARTS_CULTURE_ENTERTAINMENT_AND_MEDIA,T10,human_verified,manual_adjudicated,Han; Nhung; Yen,,pilot_400_final,,0.0,341,4,4,3,0,0,0,0.0,352,352.0,1.0,1,1,ok,8,3,1,1,1,,,,,,,missing,missing,0,1779213607,1779213607,2026-05-20 01:00:07,2026-05-20 01:00:07,1,4.0459770114942527e-05,9.195402298850576e-07,3.448275862068966e-07,363,4.172413793103448e-05,1,0,11,4,7,0.0113636363636363,0.0113636363636363,0.0085227272727272,0.0,0.0,0.0,0.9801136363636364,0.0,0.0113636363636363,0.0,-0.03125,1,1,,pilot_or_calibration_sample_exclude_from_test,0,,1
teamcrawl_v1,REC_010154,han,schema_4_basic,data/01_Raw_Data/02_Team_Crawled_Raw/Han/get_from_Han_legacy/posts_Kenh14_vn.json,posts_Kenh14_vn.json,72,1449956587165336,https://www.facebook.com/K14vn/posts/1449956587165336,95b312c3ef9f3fcb,post_id:1449956587165336,Kenh14.vn,K14vn,https://www.facebook.com/K14vn/,8700000,8700000,1,,,vụ va chạm giao thông đang khiến cả mạng xã hội bức xúc: chở theo con nhỏ mà người mẹ này đang làm cái gì thế này!,106,25,T13. HUMAN_INTEREST,T13,human_verified,manual_adjudicated,Han; Nhung; Yen,,pilot_400_final,,0.0,1216,5,6,6,19,185,3,0.0,1440,1440.0,1.0,1,1,ok,20,337,1,1,1,,,,,,,missing,missing,0,1779213897,1779213897,2026-05-20 01:04:57,2026-05-20 01:04:57,1,0.0001655172413793,2.298850574712644e-06,3.873563218390805e-05,1797,0.0002065517241379,1,0,224,8,216,0.0034722222222222,0.0041666666666666,0.0041666666666666,0.0131944444444444,0.1284722222222222,0.0020833333333333,0.8479166666666667,0.1284722222222222,0.0041666666666666,0.0152777777777777,-0.1555555555555555,1,1,,pilot_or_calibration_sample_exclude_from_test,0,,1
teamcrawl_v1,REC_010159,han,schema_4_basic,data/01_Raw_Data/02_Team_Crawled_Raw/Han/get_from_Han_legacy/posts_Kenh14_vn.json,posts_Kenh14_vn.json,77,1449826977178297,https://www.facebook.com/K14vn/posts/1449826977178297,1526fb69bbadc5f6,post_id:1449826977178297,Kenh14.vn,K14vn,https://www.facebook.com/K14vn/,8700000,8700000,1,,,"chị đẹp thái lan yêu trai việt kém 9 tuổi bị “lộ” nhan sắc thật qua camera thường, có trẻ như trên mạng?",104,23,T10. ARTS_CULTURE_ENTERTAINMENT_AND_MEDIA,T10,human_verified,manual_adjudicated,Han; Nhung; Yen,,pilot_400_final,,0.0,1029,34,5,0,2,0,0,0.0,1070,1070.0,1.0,1,1,ok,12,50,1,1,1,,,,,,,missing,missing,0,1779213983,1779213983,2026-05-20 01:06:23,2026-05-20 01:06:23,1,0.0001229885057471,1.3793103448275862e-06,5.747126436781609e-06,1132,0.0001301149425287,1,0,41,34,7,0.0317757009345794,0.0046728971962616,0.0,0.0018691588785046,0.0,0.0,0.9934579439252336,0.0,0.0046728971962616,0.0018691588785046,0.0383177570093457,1,1,,pilot_or_calibration_sample_exclude_from_test,0,,1
teamcrawl_v1,REC_010171,han,schema_4_basic,data/01_Raw_Data/02_Team_Crawled_Raw/Han/get_from_Han_legacy/posts_Kenh14_vn.json,posts_Kenh14_vn.json,89,1449516977209297,https://www.facebook.com/K14vn/posts/1449516977209297,5d2d883df4c3bf2a,post_id:1449516977209297,Kenh14.vn,K14vn,https://www.facebook.com/K14vn/,8700000,8700000,1,,,"giá vàng sjc, vàng nhẫn trơn ngày 17/5: giảm tới 5 triệu đồng/lượng sau 1 tuần",78,16,T02. ECONOMY_BUSINESS_AND_FINANCE,T02,human_verified,manual_adjudicated,Han; Nhung; Yen,,pilot_100_final,,0.0,460,7,2,2,0,0,0,0.0,471,471.0,1.0,1,1,ok,5,20,1,1,1,,,,,,,missing,missing,0,1779214234,1779214234,2026-05-20 01:10:34,2026-05-20 01:10:34,1,5.413793103448276e-05,5.747126436781609e-07,2.298850574712644e-06,496,5.7011494252873567e-05,1,0,11,7,4,0.0148619957537154,0.0042462845010615,0.0042462845010615,0.0,0.0,0.0,0.9915074309978767,0.0,0.0042462845010615,0.0,0.0233545647558386,1,1,,pilot_or_calibration_sample_exclude_from_test,0,,1
teamcrawl_v1,REC_010172,han,schema_4_basic,data/01_Raw_Data/02_Team_Crawled_Raw/Han/get_from_Han_legacy/posts_Kenh14_vn.json,posts_Kenh14_vn.json,90,1449506163877045,https://www.facebook.com/K14vn/posts/1449506163877045,d148d8ca61083398,post_id:1449506163877045,Kenh14.vn,K14vn,https://www.facebook.com/K14vn/,8700000,8700000,1,,,"từ vụ khởi tố 5 vụ án vi phạm bản quyền: nhạc sĩ xót xa vì thất thu, nhà sản xuất than thở vì “ma trận” tác quyền...",116,28,T03. CRIME_LAW_AND_JUSTICE,T03,human_verified,manual_adjudicated,Han; Nhung; Yen,,pilot_400_final,,0.0,257,0,3,0,0,0,0,0.0,260,260.0,1.0,1,1,ok,3,4,1,1,1,,,,,,,missing,missing,0,1779214262,1779214262,2026-05-20 01:11:02,2026-05-20 01:11:02,1,2.9885057471264367e-05,3.448275862068966e-07,4.597701149425289e-07,267,3.06896551724138e-05,1,0,3,0,3,0.0,0.0115384615384615,0.0,0.0,0.0,0.0,0.9884615384615384,0.0,0.0115384615384615,0.0,-0.0115384615384615,1,1,,pilot_or_calibration_sample_exclude_from_test,0,,1
teamcrawl_v1,REC_010197,han,schema_4_basic,data/01_Raw_Data/02_Team_Crawled_Raw/Han/get_from_Han_legacy/posts_Kenh14_vn.json,posts_Kenh14_vn.json,115,1448745343953127,https://www.facebook.com/K14vn/posts/1448745343953127,9fea2145338d975d,post_id:1448745343953127,Kenh14.vn,K14vn,https://www.facebook.com/K14vn/,8700000,8700000,1,,,"lê tuấn khang xây nhà riêng lợp tôn sau 4 năm nổi tiếng, chiếc cầu thang dẫn lên trần nhà gây xôn xao: dùng để đi đâu vậy?",122,28,T10. ARTS_CULTURE_ENTERTAINMENT_AND_MEDIA,T10,human_verified,manual_adjudicated,Han; Nhung; Yen,,pilot_400_final,,0.0,3210,63,352,3,0,0,8,0.0,3636,3636.0,1.0,1,1,ok,8,98,1,1,1,,,,,,,missing,missing,0,1779214813,1779214813,2026-05-20 01:20:13,2026-05-20 01:20:13,1,0.0004179310344827,9.195402298850576e-07,1.1264367816091952e-05,3742,0.0004301149425287,1,0,426,71,355,0.0173267326732673,0.0968096809680968,0.0008250825082508,0.0,0.0,0.0022002200220022,0.9001650165016502,0.0,0.0968096809680968,0.0022002200220022,-0.1171617161716171,1,1,,pilot_or_calibration_sample_exclude_from_test,0,,1
teamcrawl_v1,REC_010208,han,schema_4_basic,data/01_Raw_Data/02_Team_Crawled_Raw/Han/get_from_Han_legacy/posts_Kenh14_vn.json,posts_Kenh14_vn.json,126,1448525483975113,https://www.facebook.com/K14vn/posts/1448525483975113,cee63ce90fcb865a,post_id:1448525483975113,Kenh14.vn,K14vn,https://www.facebook.com/K14vn/,8700000,8700000,1,,,"minh tốc & lam: vợ là giám đốc, chồng muốn mua gì cũng phải trình ký",68,16,T10. ARTS_CULTURE_ENTERTAINMENT_AND_MEDIA,T10,human_verified,manual_adjudicated,Han; Nhung; Yen,,pilot_400_final,,0.0,96,2,2,0,0,0,0,0.0,100,100.0,1.0,1,1,ok,5,4,1,1,1,,,,,,,missing,missing,0,1779215062,1779215062,2026-05-20 01:24:22,2026-05-20 01:24:22,1,1.1494252873563218e-05,5.747126436781609e-07,4.597701149425289e-07,109,1.2528735632183907e-05,1,0,4,2,2,0.02,0.02,0.0,0.0,0.0,0.0,0.98,0.0,0.02,0.0,0.0,1,1,,pilot_or_calibration_sample_exclude_from_test,0,,1
teamcrawl_v1,REC_010253,han,schema_4_basic,data/01_Raw_Data/02_Team_Crawled_Raw/Han/get_from_Han_legacy/posts_Kenh14_vn.json,posts_Kenh14_vn.json,171,1447239337437061,https://www.facebook.com/K14vn/posts/1447239337437061,c7c5b089748f3f25,post_id:1447239337437061,Kenh14.vn,K14vn,https://www.facebook.com/K14vn/,8700000,8700000,1,,,"bị cáo bùi đình khánh cảm ơn các bị hại, gửi lời chia buồn tới gia đình liệt sĩ, thiếu tá nguyễn đăng khải",106,24,T03. CRIME_LAW_AND_JUSTICE,T03,human_verified,manual_adjudicated,Han; Nhung; Yen,,pilot_400_final,,0.0,590,5,2,0,3,2,0,0.0,602,602.0,1.0,1,1,ok,3,11,1,1,1,,,,,,,missing,missing,0,1779216262,1779216262,2026-05-20 01:44:22,2026-05-20 01:44:22,1,6.919540229885057e-05,3.448275862068966e-07,1.264367816091954e-06,616,7.080459770114942e-05,1,0,12,5,7,0.0083056478405315,0.0033222591362126,0.0,0.0049833887043189,0.0033222591362126,0.0,0.9883720930232558,0.0033222591362126,0.0033222591362126,0.0049833887043189,-0.0199335548172757,1,1,,pilot_or_calibration_sample_exclude_from_test,0,,1
teamcrawl_v1,REC_010261,han,schema_4_basic,data/01_Raw_Data/02_Team_Crawled_Raw/Han/get_from_Han_legacy/posts_Kenh14_vn.json,posts_Kenh14_vn.json,179,1447094360784892,https://www.facebook.com/K14vn/posts/1447094360784892,0457a827602c7b78,post_id:1447094360784892,Kenh14.vn,K14vn,https://www.facebook.com/K14vn/,8700000,8700000,1,,,sở văn hóa tphcm đề nghị thu thập chứng cứ để xử lý vi phạm liên quan vụ bích trâm,83,20,T03. CRIME_LAW_AND_JUSTICE,T03,human_verified,manual_adjudicated,Han; Nhung; Yen,,pilot_400_final,,0.0,2058,38,363,7,0,3,3,0.0,2472,2472.0,1.0,1,1,ok,23,364,1,1,1,,,,,,,missing,missing,0,1779216460,1779216460,2026-05-20 01:47:40,2026-05-20 01:47:40,1,0.0002841379310344,2.6436781609195404e-06,4.183908045977012e-05,2859,0.0003286206896551,1,0,414,41,373,0.0153721682847896,0.1468446601941747,0.0028317152103559,0.0,0.0012135922330097,0.0012135922330097,0.8478964401294499,0.0012135922330097,0.1468446601941747,0.0012135922330097,-0.1674757281553398,1,1,,pilot_or_calibration_sample_exclude_from_test,0,,1
teamcrawl_v1,REC_010267,han,schema_4_basic,data/01_Raw_Data/02_Team_Crawled_Raw/Han/get_from_Han_legacy/posts_Kenh14_vn.json,posts_Kenh14_vn.json,185,1446984110795917,https://www.facebook.com/K14vn/posts/1446984110795917,a76ee2780de29a81,post_id:1446984110795917,Kenh14.vn,K14vn,https://www.facebook.com/K14vn/,8700000,8700000,1,,,"bạn gái của bùi đình khánh đang còn nuôi con nhỏ, ân hận vì ""đặt tình cảm không đúng chỗ""",89,20,T10. ARTS_CULTURE_ENTERTAINMENT_AND_MEDIA,T10,human_verified,manual_adjudicated,Han; Nhung; Yen,,pilot_100_additional_final,,0.0,960,6,19,5,0,2,0,0.0,992,992.0,1.0,1,1,ok,3,49,1,1,1,,,,,,,missing,missing,0,1779216595,1779216595,2026-05-20 01:49:55,2026-05-20 01:49:55,1,0.0001140229885057,3.448275862068966e-07,5.632183908045977e-06,1044,0.00012,1,0,32,6,26,0.0060483870967741,0.0191532258064516,0.0050403225806451,0.0,0.002016129032258,0.0,0.9737903225806452,0.002016129032258,0.0191532258064516,0.0,-0.032258064516129,1,1,,pilot_or_calibration_sample_exclude_from_test,0,,1
teamcrawl_v1,REC_010289,han,schema_4_basic,data/01_Raw_Data/02_Team_Crawled_Raw/Han/get_from_Han_legacy/posts_Kenh14_vn.json,posts_Kenh14_vn.json,207,1446354377525557,https://www.facebook.com/K14vn/posts/1446354377525557,0f549f9680bbd4d0,post_id:1446354377525557,Kenh14.vn,K14vn,https://www.facebook.com/K14vn/,8700000,8700000,1,,,công an hà nội vào cuộc vụ người phụ nữ ôm con nhỏ bị người đàn ông và một thiếu niên lao vào,93,23,T03. CRIME_LAW_AND_JUSTICE,T03,human_verified,manual_adjudicated,Han; Nhung; Yen,,pilot_400_final,,0.0,914,9,4,0,3,20,0,0.0,950,950.0,1.0,1,1,ok,14,69,1,1,1,,,,,,,missing,missing,0,1779217491,1779217491,2026-05-20 02:04:51,2026-05-20 02:04:51,1,0.0001091954022988,1.6091954022988506e-06,7.93103448275862e-06,1033,0.0001187356321839,1,0,36,9,27,0.0094736842105263,0.0042105263157894,0.0,0.0031578947368421,0.0210526315789473,0.0,0.9715789473684212,0.0210526315789473,0.0042105263157894,0.0031578947368421,-0.0378947368421052,1,1,,pilot_or_calibration_sample_exclude_from_test,0,,1
teamcrawl_v1,REC_010297,han,schema_4_basic,data/01_Raw_Data/02_Team_Crawled_Raw/Han/get_from_Han_legacy/posts_Kenh14_vn.json,posts_Kenh14_vn.json,215,1448561053971556,https://www.facebook.com/K14vn/posts/1448561053971556,cf645f3369301d0b,post_id:1448561053971556,Kenh14.vn,K14vn,https://www.facebook.com/K14vn/,8700000,8700000,1,,,"only c và miu lê từng có giai đoạn hợp tác khá thân thiết trong âm nhạc. vào những năm 2010, khi miu lê tập trung phát triển sự nghiệp ca hát, only c là một trong những nhạc sĩ, producer đồng hành cùng cô trong nhiều sản phẩm.",226,49,T10. ARTS_CULTURE_ENTERTAINMENT_AND_MEDIA,T10,human_verified,manual_adjudicated,Han; Nhung; Yen,,pilot_400_final,,0.0,2257,34,42,2,0,0,4,0.0,2339,2339.0,1.0,1,1,ok,13,65,1,1,1,,,,,,,missing,missing,0,1779217797,1779217797,2026-05-20 02:09:57,2026-05-20 02:09:57,1,0.0002688505747126,1.4942528735632183e-06,7.471264367816092e-06,2417,0.000277816091954,1,0,82,38,44,0.0145361265498076,0.0179563916203505,0.0008550662676357,0.0,0.0,0.0017101325352714,0.979478409576742,0.0,0.0179563916203505,0.0017101325352714,-0.0350577169730654,1,1,,pilot_or_calibration_sample_exclude_from_test,0,,1
teamcrawl_v1,REC_010334,han,schema_4_basic,data/01_Raw_Data/02_Team_Crawled_Raw/Han/get_from_Han_legacy/posts_Kenh14_vn.json,posts_Kenh14_vn.json,252,1445376674289994,https://www.facebook.com/K14vn/posts/1445376674289994,fca86fedeb06305f,post_id:1445376674289994,Kenh14.vn,K14vn,https://www.facebook.com/K14vn/,8700000,8700000,1,,,gỡ tập phát sóng show truyền hình có mặt miu lê,47,11,T10. ARTS_CULTURE_ENTERTAINMENT_AND_MEDIA,T10,human_verified,manual_adjudicated,Han; Nhung; Yen,,pilot_400_final,,0.0,0,0,0,0,0,0,0,0.0,541,0.0,0.0,1,1,sum_mismatch,2,16,1,1,1,,,,,,,missing,missing,0,1779219442,1779219442,2026-05-20 02:37:22,2026-05-20 02:37:22,1,6.218390804597702e-05,2.2988505747126445e-07,1.839080459770115e-06,559,6.425287356321839e-05,1,0,0,0,0,,,,,,,,,,,,0,0,,pilot_or_calibration_sample_exclude_from_test,0,,0
teamcrawl_v1,REC_010349,han,schema_4_basic,data/01_Raw_Data/02_Team_Crawled_Raw/Han/get_from_Han_legacy/posts_Kenh14_vn.json,posts_Kenh14_vn.json,267,1452114713616190,https://www.facebook.com/K14vn/posts/1452114713616190,585d38e665853af7,post_id:1452114713616190,Kenh14.vn,K14vn,https://www.facebook.com/K14vn/,8700000,8700000,1,,,"tphcm: khởi tố ông chủ chuỗi kw sneaker, thu hơn 1400 đôi giày giả nhãn hiệu nike, adidas, new balance, onitsuka tiger gần 3,4 tỷ đồng",137,26,T03. CRIME_LAW_AND_JUSTICE,T03,human_verified,manual_adjudicated,Han; Nhung; Yen,,pilot_100_additional_final,,0.0,585,6,18,16,2,0,0,0.0,627,627.0,1.0,1,1,ok,25,62,1,1,1,,,,,,,missing,missing,0,1779254352,1779254352,2026-05-20 12:19:12,2026-05-20 12:19:12,1,7.206896551724138e-05,2.873563218390805e-06,7.126436781609196e-06,714,8.206896551724138e-05,1,0,42,6,36,0.0095693779904306,0.0287081339712918,0.0255183413078149,0.0031897926634768,0.0,0.0,0.9425837320574164,0.0,0.0287081339712918,0.0031897926634768,-0.0669856459330143,1,1,,pilot_or_calibration_sample_exclude_from_test,0,,1
teamcrawl_v1,REC_010358,han,schema_4_basic,data/01_Raw_Data/02_Team_Crawled_Raw/Han/get_from_Han_legacy/posts_Kenh14_vn.json,posts_Kenh14_vn.json,276,1451470780347250,https://www.facebook.com/K14vn/posts/1451470780347250,6c8244437e696474,post_id:1451470780347250,Kenh14.vn,K14vn,https://www.facebook.com/K14vn/,8700000,8700000,1,,,"""ác nữ"" the glory đại náo tphcm: visual sáng bừng ""đẹp 360 độ không góc chết"", xứng danh nữ thần thanh xuân xứ hàn shin ye eun - ""ác nữ"" the glory - đang có mặt tại tphcm. cô đáp chuyến bay xuống tân sơn nhất vào ngày hôm qua 18/5. đến chiều nay (19/5), mỹ nhân sinh năm 1998 đã chính thức lộ diện để tham dự sự kiện công nghệ khouse tại another saigon by lg. không làm người hâm mộ việt thất vọng, ngay từ giây phút xuất hiện, shin ye eun đã khiến mọi người phải ố á với vẻ ngoài nữ tính, sáng bừng xứng danh ""nữ thần thanh xuân xứ hàn"".",541,117,T10. ARTS_CULTURE_ENTERTAINMENT_AND_MEDIA,T10,human_verified,manual_adjudicated,Han; Nhung; Yen,,pilot_400_final,,0.0,288,38,0,0,0,0,0,0.0,326,326.0,1.0,1,1,ok,5,3,1,1,1,,,,,,,missing,missing,0,1779254530,1779254530,2026-05-20 12:22:10,2026-05-20 12:22:10,1,3.747126436781609e-05,5.747126436781609e-07,3.448275862068966e-07,334,3.839080459770115e-05,1,0,38,38,0,0.1165644171779141,0.0,0.0,0.0,0.0,0.0,1.0,0.0,0.0,0.0,0.1165644171779141,1,1,,pilot_or_calibration_sample_exclude_from_test,0,,1
teamcrawl_v1,REC_010359,han,schema_4_basic,data/01_Raw_Data/02_Team_Crawled_Raw/Han/get_from_Han_legacy/posts_Kenh14_vn.json,posts_Kenh14_vn.json,277,1451458407015154,https://www.facebook.com/K14vn/posts/1451458407015154,f228319ea289cc21,post_id:1451458407015154,Kenh14.vn,K14vn,https://www.facebook.com/K14vn/,8700000,8700000,1,,,"sau gần nửa tháng cách ly tại dubai vì mắc thủy đậu, tiktoker việt cập nhật tình trạng hiện tại khi qua cửa hải quan",116,25,T10. ARTS_CULTURE_ENTERTAINMENT_AND_MEDIA,T10,human_verified,manual_adjudicated,Han; Nhung; Yen,,pilot_400_final,,0.0,420,19,0,0,0,0,0,0.0,439,439.0,1.0,1,1,ok,1,3,1,1,1,,,,,,,missing,missing,0,1779254532,1779254532,2026-05-20 12:22:12,2026-05-20 12:22:12,1,5.0459770114942526e-05,1.1494252873563221e-07,3.448275862068966e-07,443,5.0919540229885056e-05,1,0,19,19,0,0.0432801822323462,0.0,0.0,0.0,0.0,0.0,1.0,0.0,0.0,0.0,0.0432801822323462,1,1,,pilot_or_calibration_sample_exclude_from_test,0,,1
teamcrawl_v1,REC_010368,han,schema_4_basic,data/01_Raw_Data/02_Team_Crawled_Raw/Han/get_from_Han_legacy/posts_Kenh14_vn.json,posts_Kenh14_vn.json,286,1445262444301417,https://www.facebook.com/K14vn/posts/1445262444301417,533d66ffe0b089da,post_id:1445262444301417,Kenh14.vn,K14vn,https://www.facebook.com/K14vn/,8700000,8700000,1,,,"bom tấn drama ""ốc mượn hồn"" tung poster: màn hoán đổi ""chính thất - tiểu tam"" táo bạo nhất mùa hè 2026 poster chính thức của “ốc mượn hồn” vừa lên sóng đã gây chú ý với visual xoắn ốc đầy ẩn ý cùng dàn cast cực phẩm: quốc trường, tiểu vy, lương gia huy, anh phạm, yên đan, xuân an và đặc biệt là màn debut điện ảnh của nhạc sĩ nguyễn văn chung. không chỉ là một bộ phim drama kịch tính, “ốc mượn hồn” còn đặt ra câu hỏi khiến người xem phải suy ngẫm: liệu có lúc nào trong đời, chúng ta cũng đang sống trong một “chiếc vỏ” không thuộc về mình? với câu chuyện táo bạo, thông điệp sâu sắc cùng dàn diễn viên tài năng, ""ốc mượn hồn"" tự tin sẽ làm nóng hơn trong mùa hè năm nay. bộ phim sẽ dành tặng khán giả các suất chiếu đặc biệt trong ba ngày 29, 30 và 31/05/2026.",825,170,T10. ARTS_CULTURE_ENTERTAINMENT_AND_MEDIA,T10,human_verified,manual_adjudicated,Han; Nhung; Yen,,pilot_400_final,,0.0,166,4,3,0,0,0,0,0.0,173,173.0,1.0,1,1,ok,2,32,1,1,1,,,,,,,missing,missing,0,1779256393,1779256393,2026-05-20 12:53:13,2026-05-20 12:53:13,1,1.9885057471264367e-05,2.2988505747126445e-07,3.67816091954023e-06,207,2.3793103448275862e-05,1,0,7,4,3,0.0231213872832369,0.0173410404624277,0.0,0.0,0.0,0.0,0.9826589595375722,0.0,0.0173410404624277,0.0,0.0404624277456647,1,1,,pilot_or_calibration_sample_exclude_from_test,0,,1
teamcrawl_v1,REC_010374,han,schema_4_basic,data/01_Raw_Data/02_Team_Crawled_Raw/Han/get_from_Han_legacy/posts_Kenh14_vn.json,posts_Kenh14_vn.json,292,1445207284306933,https://www.facebook.com/K14vn/posts/1445207284306933,f677512251504b47,post_id:1445207284306933,Kenh14.vn,K14vn,https://www.facebook.com/K14vn/,8700000,8700000,1,,,hiếu pc cảnh báo 3 kịch bản deepfake nguy hiểm nhất,51,11,T03. CRIME_LAW_AND_JUSTICE,T03,human_verified,manual_adjudicated,Han; Nhung; Yen,,pilot_400_final,,0.0,151,4,0,0,0,0,0,0.0,155,155.0,1.0,1,1,ok,12,1,1,1,1,,,,,,,missing,missing,0,1779256471,1779256471,2026-05-20 12:54:31,2026-05-20 12:54:31,1,1.781609195402299e-05,1.3793103448275862e-06,1.1494252873563221e-07,168,1.9310344827586207e-05,1,0,4,4,0,0.0258064516129032,0.0,0.0,0.0,0.0,0.0,1.0,0.0,0.0,0.0,0.0258064516129032,1,1,,pilot_or_calibration_sample_exclude_from_test,0,,1
teamcrawl_v1,REC_010380,han,schema_4_basic,data/01_Raw_Data/02_Team_Crawled_Raw/Han/get_from_Han_legacy/posts_Kenh14_vn.json,posts_Kenh14_vn.json,298,1445112334316428,https://www.facebook.com/K14vn/posts/1445112334316428,e4c1fdfb2208405c,post_id:1445112334316428,Kenh14.vn,K14vn,https://www.facebook.com/K14vn/,8700000,8700000,1,,,"chùm ảnh soi da mới nhất của dàn minh tinh đình đám xứ hàn tại lễ trao giải baeksang 2026, dàn mỹ nhân hàng đầu xứ kim chi một lần nữa khẳng định đẳng cấp của những làn da đến từ thiên đường kbeauty: trong veo, mỏng nhẹ và dường như thách thức mọi lớp nền, như thể họ chưa từng trang điểm mà chỉ đơn giản là mang vẻ đẹp tự nhiên nhất lên thảm đỏ lớn nhất hàn quốc. xem thêm ảnh bên dưới phần bình luận",402,89,T10. ARTS_CULTURE_ENTERTAINMENT_AND_MEDIA,T10,human_verified,manual_adjudicated,Han; Nhung; Yen,,pilot_400_final,,0.0,604,46,0,0,0,0,0,0.0,650,650.0,1.0,1,1,ok,6,3,1,1,1,,,,,,,missing,missing,0,1779256636,1779256636,2026-05-20 12:57:16,2026-05-20 12:57:16,1,7.471264367816091e-05,6.896551724137931e-07,3.448275862068966e-07,659,7.574712643678161e-05,1,0,46,46,0,0.0707692307692307,0.0,0.0,0.0,0.0,0.0,1.0,0.0,0.0,0.0,0.0707692307692307,1,1,,pilot_or_calibration_sample_exclude_from_test,0,,1
teamcrawl_v1,REC_010396,han,schema_4_basic,data/01_Raw_Data/02_Team_Crawled_Raw/Han/get_from_Han_legacy/posts_Kenh14_vn.json,posts_Kenh14_vn.json,314,1445115527649442,https://www.facebook.com/K14vn/posts/1445115527649442,c2664d3ca4fd894b,post_id:1445115527649442,Kenh14.vn,K14vn,https://www.facebook.com/K14vn/,8700000,8700000,1,,,"toàn cảnh vụ ""mang cha bỏ chùa"": người đàn ông 55 tuổi, quê hà nội, được con gái thuê taxi mang lên chùa (hải dương cũ) rồi bỏ lại - trưa 10/5, camera tại chùa đồng, thôn hàm hy, xã lạc phượng, tp. hải phòng (trước thuộc hải dương), ghi lại cảnh một ô tô biển hà nội đưa một người đàn ông yếu ớt đến cổng chùa rồi rời đi. - khi dừng xe, người đàn ông loạng choạng và ngã sấp xuống đất, nhưng hai người đi cùng kịp thời dìu vào khuôn viên chùa trước khi ra về. - người đàn ông được để lại cùng một ít đồ cá nhân và một mảnh giấy viết tay: ""tôi có vấn đề về sức khỏe thần kinh và đau chân, xin nhà chùa cưu mang. tôi thành tâm xin cảm tạ"". - được biết, người đàn ông khoảng 55 tuổi, quê hà nội, sức khỏe yếu, không thể tự đi lại; người phụ nữ đi cùng là con gái ruột. - nhà chùa tiếp nhận, nấu cháo cho ăn và liên hệ chính quyền địa phương để tìm phương án hỗ trợ. - sáng 12/5, sau khi chính quyền liên lạc, gia đình đã đến chùa đón người đàn ông về. - con gái giải thích việc ""mang cha đi bỏ"" là do hoàn cảnh khó khăn.",1017,229,T13. HUMAN_INTEREST,T13,human_verified,manual_adjudicated,Han; Nhung; Yen,,pilot_100_additional_final,,0.0,327,0,2,5,97,77,8,0.0,516,516.0,1.0,1,1,ok,56,161,1,1,1,,,,,,,missing,missing,0,1779256993,1779256993,2026-05-20 13:03:13,2026-05-20 13:03:13,1,5.931034482758621e-05,6.4367816091954025e-06,1.850574712643678e-05,733,8.425287356321839e-05,1,0,189,8,181,0.0,0.003875968992248,0.0096899224806201,0.187984496124031,0.1492248062015503,0.0155038759689922,0.6337209302325582,0.1492248062015503,0.003875968992248,0.2034883720930232,-0.3662790697674418,1,1,,pilot_or_calibration_sample_exclude_from_test,0,,1
teamcrawl_v1,REC_010411,han,schema_4_basic,data/01_Raw_Data/02_Team_Crawled_Raw/Han/get_from_Han_legacy/posts_Kenh14_vn.json,posts_Kenh14_vn.json,329,1444438537717141,https://www.facebook.com/K14vn/posts/1444438537717141,18e04052cce6b64e,post_id:1444438537717141,Kenh14.vn,K14vn,https://www.facebook.com/K14vn/,8700000,8700000,1,,,"tình tiết mới vụ “book gói cô dâu 17,6 triệu, chưa làm lễ đã bể nền"": studio đòi lập vi bằng, cô dâu nói gì?",108,25,T13. HUMAN_INTEREST,T13,human_verified,manual_adjudicated,Han; Nhung; Yen,,pilot_400_final,,0.0,226,0,14,0,0,0,0,0.0,240,240.0,1.0,1,1,ok,0,5,1,1,1,,,,,,,missing,missing,0,1779257308,1779257308,2026-05-20 13:08:28,2026-05-20 13:08:28,1,2.7586206896551723e-05,0.0,5.747126436781609e-07,245,2.8160919540229884e-05,1,0,14,0,14,0.0,0.0583333333333333,0.0,0.0,0.0,0.0,0.9416666666666668,0.0,0.0583333333333333,0.0,-0.0583333333333333,1,1,,pilot_or_calibration_sample_exclude_from_test,0,,1
teamcrawl_v1,REC_010441,han,schema_4_basic,data/01_Raw_Data/02_Team_Crawled_Raw/Han/get_from_Han_legacy/posts_Kenh14_vn.json,posts_Kenh14_vn.json,359,1444119907749004,https://www.facebook.com/K14vn/posts/1444119907749004,bca953747ef60e7d,post_id:1444119907749004,Kenh14.vn,K14vn,https://www.facebook.com/K14vn/,8700000,8700000,1,,,"hiện trường vụ cháy lớn tại quán karaoke volume club, gần 10 xe cứu hỏa được điều động khoảng 10h15 ngày 11/5, hỏa hoạn bất ngờ bùng phát tại quán karaoke volume club, địa chỉ số 10 phú mỹ, phường từ liêm, hà nội. theo các nhân chứng có mặt tại hiện trường, thời điểm đầu họ phát hiện khói bốc ra từ bên trong quán karaoke, đồng thời nghe nhiều người tri hô có cháy. chỉ ít phút sau, khói đen bốc lên dày đặc kèm theo nhiều tiếng nổ nhỏ khiến khu vực trở nên hỗn loạn. ngay sau khi nhận tin báo, phòng cảnh sát pccc&cnch công an tp hà nội đã điều động gần 10 xe chữa cháy cùng nhiều cán bộ, chiến sĩ đến hiện trường triển khai công tác dập lửa và cứu hộ cứu nạn. ảnh như hoàn",675,145,T09. DISASTER_ACCIDENT_AND_EMERGENCY_INCIDENT,T09,human_verified,manual_adjudicated,Han; Nhung; Yen,,pilot_100_final,,0.0,321,3,0,0,8,0,3,0.0,335,335.0,1.0,1,1,ok,5,19,1,1,1,,,,,,,missing,missing,0,1779257893,1779257893,2026-05-20 13:18:13,2026-05-20 13:18:13,1,3.850574712643678e-05,5.747126436781609e-07,2.183908045977012e-06,359,4.126436781609195e-05,1,0,14,6,8,0.008955223880597,0.0,0.0,0.0238805970149253,0.0,0.008955223880597,0.9671641791044776,0.0,0.0,0.0328358208955223,-0.0417910447761194,1,1,,pilot_or_calibration_sample_exclude_from_test,0,,1
teamcrawl_v1,REC_010478,han,schema_4_basic,data/01_Raw_Data/02_Team_Crawled_Raw/Han/get_from_Han_legacy/posts_Kenh14_vn.json,posts_Kenh14_vn.json,396,1452711266889868,https://www.facebook.com/K14vn/posts/1452711266889868,68f66bf52fcab8a6,post_id:1452711266889868,Kenh14.vn,K14vn,https://www.facebook.com/K14vn/,8700000,8700000,1,,,"đan thy mắc ung thư ở tuổi 23: thường xuyên thức khuya đến 67 giờ sáng mới ngủ, không uống nước lọc mà chỉ uống trà sữa, matcha latte, các loại trà... trong suốt 3 năm vừa qua đan thy cho biết cô đau lòng khi nhận tin xấu ở độ tuổi còn rất trẻ, trong khi phía trước vẫn còn nhiều dự định dang dở như làm việc, đi du lịch cùng bạn bè hay trải nghiệm thêm nhiều điều mới mẻ trong cuộc sống. dù vậy, đan thy nói bản thân sẽ cố gắng ""chiến đấu"" với bệnh tật để có thể xuất hiện trở lại với một phiên bản khỏe mạnh hơn trong tương lai. đan thy (sinh năm 2003) nổi tiếng trên mạng xã hội từ năm 16 tuổi, với câu chuyện phẫu thuật thẩm mỹ nhiều lần, thay đổi gần như hoàn toàn gương mặt.",681,150,T10. ARTS_CULTURE_ENTERTAINMENT_AND_MEDIA,T10,human_verified,manual_adjudicated,Han; Nhung; Yen,,pilot_400_final,,0.0,1699,21,14,4,144,0,11,0.0,1893,1893.0,1.0,1,1,ok,97,317,1,1,1,,,,,,,missing,missing,0,1779297687,1779297687,2026-05-21 00:21:27,2026-05-21 00:21:27,1,0.0002175862068965,1.1149425287356322e-05,3.643678160919541e-05,2307,0.0002651724137931,1,0,194,32,162,0.011093502377179,0.0073956682514527,0.0021130480718436,0.0760697305863708,0.0,0.0058108821975699,0.9086106708927628,0.0,0.0073956682514527,0.0818806127839408,-0.1024828314844162,1,1,,pilot_or_calibration_sample_exclude_from_test,0,,1
teamcrawl_v1,REC_010495,han,schema_4_basic,data/01_Raw_Data/02_Team_Crawled_Raw/Han/get_from_Han_legacy/posts_Kenh14_vn.json,posts_Kenh14_vn.json,413,1443617634465898,https://www.facebook.com/K14vn/posts/1443617634465898,9eb6ea96f25edfca,post_id:1443617634465898,Kenh14.vn,K14vn,https://www.facebook.com/K14vn/,8700000,8700000,1,,,"23h00 hôm nay, u17 việt nam đấu u17 hàn quốc: chờ việt nam tạo địa chấn, giành vé dự world cup",94,21,T11. SPORT,T11,human_verified,manual_adjudicated,Han; Nhung; Yen,,pilot_100_final,,0.0,614,45,0,0,0,0,0,0.0,659,659.0,1.0,1,1,ok,5,41,1,1,1,,,,,,,missing,missing,0,1779318561,1779318561,2026-05-21 06:09:21,2026-05-21 06:09:21,1,7.574712643678161e-05,5.747126436781609e-07,4.712643678160919e-06,705,8.103448275862069e-05,1,0,45,45,0,0.0682852807283763,0.0,0.0,0.0,0.0,0.0,1.0,0.0,0.0,0.0,0.0682852807283763,1,1,,pilot_or_calibration_sample_exclude_from_test,0,,1
teamcrawl_v1,REC_010562,han,schema_4_basic,data/01_Raw_Data/02_Team_Crawled_Raw/Han/get_from_Han_legacy/posts_Kenh14_vn.json,posts_Kenh14_vn.json,480,1441924641301864,https://www.facebook.com/K14vn/posts/1441924641301864,e30d99fccf6be709,post_id:1441924641301864,Kenh14.vn,K14vn,https://www.facebook.com/K14vn/,8700000,8700000,1,,,"perfect crown tập 9: yêu đầu phim vừa q/uỳ g/ối cầu xin vì byeon woo seok, cuối phim đã đòi ly hôn",97,22,T10. ARTS_CULTURE_ENTERTAINMENT_AND_MEDIA,T10,human_verified,manual_adjudicated,Han; Nhung; Yen,,pilot_400_final,,0.0,281,5,3,3,5,0,2,0.0,299,299.0,1.0,1,1,ok,4,5,1,1,1,,,,,,,missing,missing,0,1779319960,1779319960,2026-05-21 06:32:40,2026-05-21 06:32:40,1,3.436781609195402e-05,4.597701149425289e-07,5.747126436781609e-07,308,3.540229885057471e-05,1,0,18,7,11,0.0167224080267558,0.0100334448160535,0.0100334448160535,0.0167224080267558,0.0,0.0066889632107023,0.9565217391304348,0.0,0.0100334448160535,0.0234113712374581,-0.060200668896321,1,1,,pilot_or_calibration_sample_exclude_from_test,0,,1
teamcrawl_v1,REC_010611,han,schema_4_basic,data/01_Raw_Data/02_Team_Crawled_Raw/Han/get_from_Han_legacy/posts_Kenh14_vn.json,posts_Kenh14_vn.json,529,1440968614730800,https://www.facebook.com/K14vn/posts/1440968614730800,cf718860a3aa03b9,post_id:1440968614730800,Kenh14.vn,K14vn,https://www.facebook.com/K14vn/,8700000,8700000,1,,,"tối nay tại đông anh - hà nội ngay tại điểm đón trả khách bít bầu khu công nghiệp bắc thăng long kim chung. theo thông tin từ người chia sẻ clip thì sự việc có liên quan đến mâu thuẫn tiền bạc, sau đó thanh niên áo xám đã móc trong túi ra 1 vật giống dao để dedoa 2 anh chị. 2026 rồi vẫn có thể loại manh động thế này, rất mong cơ quan chức năng làm rõ và nghiêm trị. theo tình phấn chia sẻ",391,89,T03. CRIME_LAW_AND_JUSTICE,T03,human_verified,manual_adjudicated,Han; Nhung; Yen,,pilot_400_final,,0.0,1278,2,8,11,13,165,4,0.0,1481,1481.0,1.0,1,1,ok,62,265,1,1,1,,,,,,,missing,missing,0,1779321196,1779321196,2026-05-21 06:53:16,2026-05-21 06:53:16,1,0.0001702298850574,7.126436781609196e-06,3.0459770114942527e-05,1808,0.000207816091954,1,0,203,6,197,0.0013504388926401,0.0054017555705604,0.0074274139095205,0.0087778528021607,0.1114112086428089,0.0027008777852802,0.8642808912896691,0.1114112086428089,0.0054017555705604,0.0114787305874409,-0.1370695476029709,1,1,,pilot_or_calibration_sample_exclude_from_test,0,,1
teamcrawl_v1,REC_010648,han,schema_4_basic,data/01_Raw_Data/02_Team_Crawled_Raw/Han/get_from_Han_legacy/posts_Kenh14_vn.json,posts_Kenh14_vn.json,566,1440325658128429,https://www.facebook.com/K14vn/posts/1440325658128429,ed1c545aec507db6,post_id:1440325658128429,Kenh14.vn,K14vn,https://www.facebook.com/K14vn/,8700000,8700000,1,,,đưa quan hệ đối tác chiến lược toàn diện tăng cường việt namấn độ sang giai đoạn mới,85,18,T01. POLITICS,T01,human_verified,manual_adjudicated,Han; Nhung; Yen,,pilot_400_final,,0.0,110,3,0,0,0,0,0,0.0,113,113.0,1.0,1,1,ok,0,14,1,1,1,,,,,,,missing,missing,0,1779322533,1779322533,2026-05-21 07:15:33,2026-05-21 07:15:33,1,1.2988505747126436e-05,0.0,1.6091954022988506e-06,127,1.4597701149425287e-05,1,0,3,3,0,0.0265486725663716,0.0,0.0,0.0,0.0,0.0,1.0,0.0,0.0,0.0,0.0265486725663716,1,1,,pilot_or_calibration_sample_exclude_from_test,0,,1
teamcrawl_v1,REC_010674,han,schema_4_basic,data/01_Raw_Data/02_Team_Crawled_Raw/Han/get_from_Han_legacy/posts_Kenh14_vn.json,posts_Kenh14_vn.json,592,1439696771524651,https://www.facebook.com/K14vn/posts/1439696771524651,ac932f81aba44ebc,post_id:1439696771524651,Kenh14.vn,K14vn,https://www.facebook.com/K14vn/,8700000,8700000,1,,,"nóng: 13000 chai dung dịch vệ sinh phụ nữ giả, suýt vào tay người tiêu dùng",76,16,T03. CRIME_LAW_AND_JUSTICE,T03,human_verified,manual_adjudicated,Han; Nhung; Yen,,pilot_400_final,,0.0,376,3,6,6,8,57,0,0.0,456,456.0,1.0,1,1,ok,52,72,1,1,1,,,,,,,missing,missing,0,1779324199,1779324199,2026-05-21 07:43:19,2026-05-21 07:43:19,1,5.241379310344827e-05,5.977011494252873e-06,8.275862068965517e-06,580,6.666666666666667e-05,1,0,80,3,77,0.006578947368421,0.0131578947368421,0.0131578947368421,0.0175438596491228,0.125,0.0,0.831140350877193,0.125,0.0131578947368421,0.0175438596491228,-0.175438596491228,1,1,,pilot_or_calibration_sample_exclude_from_test,0,,1
teamcrawl_v1,REC_010745,han,schema_4_basic,data/01_Raw_Data/02_Team_Crawled_Raw/Han/get_from_Han_legacy/posts_Kenh14_vn.json,posts_Kenh14_vn.json,663,1438594394968222,https://www.facebook.com/K14vn/posts/1438594394968222,414df0e97cc1e289,post_id:1438594394968222,Kenh14.vn,K14vn,https://www.facebook.com/K14vn/,8700000,8700000,1,,,cùng chấm điểm những bộ cánh của rosé qua 3 mùa met gla nàoo ảnh: universal blackpink,85,17,T10. ARTS_CULTURE_ENTERTAINMENT_AND_MEDIA,T10,human_verified,manual_adjudicated,Han; Nhung; Yen,,pilot_400_final,,0.0,0,0,0,0,0,0,0,0.0,612,0.0,0.0,1,1,sum_mismatch,1,5,1,1,1,,,,,,,missing,missing,0,1779330251,1779330251,2026-05-21 09:24:11,2026-05-21 09:24:11,1,7.03448275862069e-05,1.1494252873563221e-07,5.747126436781609e-07,618,7.103448275862069e-05,1,0,0,0,0,,,,,,,,,,,,0,0,,pilot_or_calibration_sample_exclude_from_test,0,,0
teamcrawl_v1,REC_010750,han,schema_4_basic,data/01_Raw_Data/02_Team_Crawled_Raw/Han/get_from_Han_legacy/posts_Kenh14_vn.json,posts_Kenh14_vn.json,668,1438395654988096,https://www.facebook.com/K14vn/posts/1438395654988096,324287e156bbb186,post_id:1438395654988096,Kenh14.vn,K14vn,https://www.facebook.com/K14vn/,8700000,8700000,1,,,"nhiều iphone giảm giá kỷ lục, có mẫu chỉ còn 5,3 triệu đồng",59,13,T02. ECONOMY_BUSINESS_AND_FINANCE,T02,human_verified,manual_adjudicated,Han; Nhung; Yen,,pilot_400_final,,0.0,0,0,0,0,0,0,0,0.0,289,0.0,0.0,1,1,sum_mismatch,10,18,1,1,1,,,,,,,missing,missing,0,1779331049,1779331049,2026-05-21 09:37:29,2026-05-21 09:37:29,1,3.32183908045977e-05,1.149425287356322e-06,2.068965517241379e-06,317,3.643678160919541e-05,1,0,0,0,0,,,,,,,,,,,,0,0,,pilot_or_calibration_sample_exclude_from_test,0,,0
teamcrawl_v1,REC_010802,han,schema_4_basic,data/01_Raw_Data/02_Team_Crawled_Raw/Han/get_from_Han_legacy/posts_Kenh14_vn.json,posts_Kenh14_vn.json,720,1441819201312408,https://www.facebook.com/K14vn/posts/1441819201312408,1bcfb42e3feca5a1,post_id:1441819201312408,Kenh14.vn,K14vn,https://www.facebook.com/K14vn/,8700000,8700000,1,,,baeksang 2026: hyun bin là nam diễn viên chính xuất sắc nhất mảng truyền hình nhận giải nam diễn viên chính xuất sắc nhất mảng truyền hình - hyun bin chính thức trở thành thị đế của baeksang 2026 nhờ màn hóa thân xuất sắc trong siêu phẩm made in korea. chiến thắng này một lần nữa khẳng định đẳng cấp và sức hút bất bại của nam diễn viên hàng đầu làng giải trí xứ kim chi.,372,78,T10. ARTS_CULTURE_ENTERTAINMENT_AND_MEDIA,T10,human_verified,manual_adjudicated,Han; Nhung; Yen,,pilot_100_final,,0.0,0,0,0,0,0,0,0,0.0,783,0.0,0.0,1,1,sum_mismatch,1,13,1,1,1,,,,,,,missing,missing,0,1779354158,1779354158,2026-05-21 16:02:38,2026-05-21 16:02:38,1,9e-05,1.1494252873563221e-07,1.4942528735632183e-06,797,9.160919540229886e-05,1,0,0,0,0,,,,,,,,,,,,0,0,,pilot_or_calibration_sample_exclude_from_test,0,,0
teamcrawl_v1,REC_010805,han,schema_4_basic,data/01_Raw_Data/02_Team_Crawled_Raw/Han/get_from_Han_legacy/posts_Kenh14_vn.json,posts_Kenh14_vn.json,723,1441349578026037,https://www.facebook.com/K14vn/posts/1441349578026037,94f82c1710e00dc0,post_id:1441349578026037,Kenh14.vn,K14vn,https://www.facebook.com/K14vn/,8700000,8700000,1,,,"vụ bé gái 4 tuổi: cha dượng khai nhận hành vi ""trừng phạt"" vì bé gái lục tủ lạnh tìm đồ ăn nửa đêm, bỏ đói 3 ngày để ""dạy dỗ"" tại cơ quan công an, nguyễn minh hiệp khai đã ở chung với tâm và cháu h. (4 tuổi, con riêng của tâm) được khoảng 3 tháng. thời gian đầu, hiệp nói vẫn chăm sóc, mua đồ và chiều chuộng cháu bé. từ tháng thứ hai, cho rằng cháu lì, không nghe lời, hiệp bắt đầu dùng bạo lực để ""dạy dỗ"". bị can này nói rằng khoảng 2 tuần trước khi xảy ra án mạng, hiệp nhiều lần đá.nh cháu bé bằng tay hoặc các vật dụng trong nhà. ngoài ra, hắn còn tự nghĩ ra một số hình phạt như bắt cháu h. đeo bình nước 5 lít trên cổ. cũng theo lời khai, trong quá trình ""trừng phạt"" cháu bé, bị can từng nghĩ đến khả năng hành vi của mình có thể khiến bé không qua khỏi, nhưng vẫn tiếp tục hành vi trong nhiều ngày. hiệp thừa nhận hành vi của mình là sai trái, nói mục đích ban đầu là muốn dạy dỗ cháu bé, nhưng đã nhiều lần sử dụng bạo lực, gây hậu quả đặc biệt nghiêm trọng. hiệp cũng cho biết, tâm đang mang thai con chung của hai người. trong quá trình chung sống, hiệp cho rằng cháu h. có biểu hiện đi vệ sinh không kiểm soát, thường xuyên không nghe lời trong khoảng một tháng gần đây, nhưng bị can nói không biết nguyên nhân vì sao cháu thay đổi như vậy. theo thông tin trong đoạn phóng sự trên truyền hình vì an ninh thủ đô, tại cơ quan điều tra, bàn thị tâm khai nhận hành vi của mình. ""về sống chung thì em đang mang thai nên mệt mỏi không thể chăm bé nên nhờ hiệp làm, vệ sinh tắm rửa cho cháu. trong đêm thì cháu có dậy và đi vệ sinh ra giường. bọn em có gọi bé dậy và có hành vi đá.nh bé. sau đó em có kiểm tra cơ thể thì cũng có thấy những vết bầm tím trên người. em có nhận thức được hành vi sai trái của mình. em không xứng đáng làm mẹ của cháu. mong cháu sẽ siêu thoát và đầu thai vào những nơi khác tốt hơn"" , bàn thị tâm cúi gằm mặt nói. đáng nói, theo tài liệu điều tra, trong lần ""trừng phạt"" cuối cùng, người mẹ này không can ngăn chỉ đến khi cháu bé không còn phản ứng thì các đối tượng mới đưa đi cấp cứu. hành vi của các đối tượng đối với cháu bé 4 tuổi đã khiến dư luận phẫn nộ.",2101,467,T03. CRIME_LAW_AND_JUSTICE,T03,human_verified,manual_adjudicated,Han; Nhung; Yen,,pilot_400_final,,0.0,1900,8,3,3,223,1000,4,0.0,3141,3141.0,1.0,1,1,ok,179,1500,1,1,1,,,,,,,missing,missing,0,1779356425,1779356425,2026-05-21 16:40:25,2026-05-21 16:40:25,1,0.0003610344827586,2.057471264367816e-05,0.0001724137931034,4820,0.0005540229885057,1,0,1241,12,1229,0.0025469595670168,0.0009551098376313,0.0009551098376313,0.0709964979305953,0.3183699458771092,0.0012734797835084,0.6074498567335244,0.3183699458771092,0.0009551098376313,0.0722699777141037,-0.3950971028334925,1,1,,pilot_or_calibration_sample_exclude_from_test,0,,1
teamcrawl_v1,REC_010806,han,schema_4_basic,data/01_Raw_Data/02_Team_Crawled_Raw/Han/get_from_Han_legacy/posts_Kenh14_vn.json,posts_Kenh14_vn.json,724,1440334254794236,https://www.facebook.com/K14vn/posts/1440334254794236,3312f96e5c3fe61e,post_id:1440334254794236,Kenh14.vn,K14vn,https://www.facebook.com/K14vn/,8700000,8700000,1,,,"tăng duy tân: trong tương lai, mỗi nghệ sĩ nên có một ""chữ ký số"" cho giọng hát của mình trước thềm tham gia diễn đàn ""digital trust in finance 2026"" - sự kiện quy tụ hơn 1000 đại biểu từ cơ quan quản lý, tổ chức tài chính, doanh nghiệp công nghệ và cộng đồng người dùng, dưới sự bảo trợ của bộ công an, ngân hàng nhà nước và bộ tài chính - tăng duy tân có những chia sẻ thẳng thắn về ai, nguy cơ giả mạo danh tính cũng như cách xây dựng niềm tin số trong kỷ nguyên mới. ""với tân, sáng tạo bắt nguồn từ trải nghiệm sống và tâm hồn, còn ai là sự tổng hợp từ những dữ liệu sẵn có. ranh giới nằm ở chính điểm khởi đầu. nếu một bài hát được viết ra từ nỗi đau, niềm hạnh phúc có thật của người nghệ sĩ, thì đó chính là sáng tạo. còn nếu chỉ dùng thuật toán để ""xào nấu"" lại những giai điệu đã có, thì đó là sự sao chép có tính toán. ai có thể bắt chước phong cách, nhưng không thể tạo ra một nguyên bản giàu cảm xúc như con người. ...ai có thể tái tạo 99% màu giọng, nhưng 1% còn lại chính là hơi thở, cảm xúc, sự rung động và cả những lỗi nhỏ đầy tính nhân bản - thứ đã làm nên một tăng duy tân như hiện tại. khán giả tìm đến tân không chỉ để nghe một tần số âm thanh, mà hơn hết là câu chuyện ẩn sâu trong bài hát. vì vậy, bề ngoài ai có thể làm giống, nhưng ở cốt lõi cảm xúc thì ai không thể chạm tới. nếu một ngày khán giả không còn phân biệt được đâu là giọng thật của ca sĩ, đâu là sản phẩm từ ai thì niềm tin giữa nghệ sĩ và người nghe chắc chắn sẽ bị thử thách dữ dội. điều đó buộc nghệ sĩ phải nỗ lực hơn nữa trong việc hiện diện thực tế, như trình diễn live hay giao lưu trực tiếp với khán giả. khi ấy, khán giả sẽ không còn đặt niềm tin quá nhiều vào các bản thu âm, mà thay vào đó là tin vào chính con người nghệ sĩ và những giá trị họ theo đuổi"" - tăng duy tân chia sẻ. khi được hỏi về việc có nghĩ rằng trong tương lai, giọng hát cũng cần có ""tick xanh"" để bảo vệ nghệ sĩ, tăng duy tân chia sẻ: ""tân nghĩ đây là một ý tưởng rất hay và cần thiết. trong tương lai, mỗi nghệ sĩ nên có một ""chữ ký số"" cho giọng hát của mình. điều này giúp khán giả nhận biết và phân biệt giữa người thật với ai, biết mình đang ủng hộ đúng nghệ sĩ, đồng thời bảo vệ chất xám khỏi việc bị sử dụng trái phép cho mục đích thương mại hoặc lừa đảo. bên cạnh đó, cũng cần cập nhật hành lang pháp lý vì ai là lĩnh vực còn mới và hiện chưa có nhiều quy định cụ thể"". ----------------------- diễn đàn digital trust in finance 2026 sẽ diễn ra vào ngày 12/05/2026 tại khách sạn the ascott, tây hồ, hà nội. sự kiện do liên minh niềm tin số tổ chức, dưới sự bảo trợ của bộ công an, ngân hàng nhà nước việt nam và bộ tài chính, phối hợp chuyên môn cùng cục an ninh mạng và phòng, chống tội phạm sử dụng công nghệ cao, hiệp hội an ninh mạng quốc gia, quy tụ toàn bộ hệ sinh thái tài chính số nhằm đôi thoại, xây chuẩn và kiến tạo niềm tin số trong kỷ nguyên ai với tinh thần ""chạm xây kết nối, tin tạo giao dịch"".",2980,652,T02. ECONOMY_BUSINESS_AND_FINANCE,T02,human_verified,manual_adjudicated,Han; Nhung; Yen,,pilot_400_final,,0.0,73,2,0,0,0,0,0,0.0,75,75.0,1.0,1,1,ok,1,2,1,1,1,,,,,,,missing,missing,0,1779357550,1779357550,2026-05-21 16:59:10,2026-05-21 16:59:10,1,8.620689655172414e-06,1.1494252873563221e-07,2.2988505747126445e-07,78,8.96551724137931e-06,1,0,2,2,0,0.0266666666666666,0.0,0.0,0.0,0.0,0.0,1.0,0.0,0.0,0.0,0.0266666666666666,1,1,,pilot_or_calibration_sample_exclude_from_test,0,,1
teamcrawl_v1,REC_010808,han,schema_4_basic,data/01_Raw_Data/02_Team_Crawled_Raw/Han/get_from_Han_legacy/posts_Kenh14_vn.json,posts_Kenh14_vn.json,726,1438696424958019,https://www.facebook.com/K14vn/posts/1438696424958019,6ad867c191af9803,post_id:1438696424958019,Kenh14.vn,K14vn,https://www.facebook.com/K14vn/,8700000,8700000,1,,,"liên minh niềm tin số: vì sao hệ sinh thái tài chính cần một ""lá chắn"" theo báo cáo từ hiệp hội an ninh mạng quốc gia (nca) vừa công bố, năm 2025 ghi nhận tỷ lệ nạn nhân bị lừa đảo trực tuyến chỉ còn 0,18% (ương đương cứ 555 người thì có 1 người bị lừa). so với tỷ lệ 0,45% của năm 2024, đây là một bước tiến dài trong nỗ lực bảo vệ người dùng. sự sụt giảm này không đến từ may mắn. đó là kết quả tổng lực từ những chuyên án ""đánh mạnh, đánh trúng"" của bộ công an vào các ổ nhóm tội phạm cả trong và ngoài nước. bên cạnh đó là quy định xác thực sinh trắc học của ngân hàng nhà nước đã chính thức ""khai tử"" kỷ nguyên của tài khoản rác. tội phạm không còn dễ dàng ""rửa tiền"" hoặc tẩu tán dòng tiền chiếm đoạt như trước. tuy nhiên, theo bộ công an, người dùng việt nam vẫn thiệt hại 6000 tỷ đồng trong 11 tháng đầu năm 2025. dù số nạn nhân giảm, số tiền bị chiếm đoạt vẫn rất lớn. điểm chung của hầu hết vụ lừa đảo không chỉ nằm ở sự chủ quan của người dùng, mà còn ở cách tội phạm tận dụng khoảng trống giữa các hệ thống. một giao dịch chuyển tiền là hợp lệ nếu nhìn từ phía ngân hàng. một cuộc gọi tư vấn là bình thường nếu nhìn từ phía nhà mạng. một website có giao diện chuẩn chỉnh không có dấu hiệu bất thường nếu nhìn từ góc độ người dùng. nhưng khi các yếu tố này được kết nối với nhau theo một kịch bản lừa đảo, chúng tạo thành một chuỗi hành vi mà không một bên nào có thể nhìn thấy đầy đủ. đây chính là điểm khác biệt căn bản của rủi ro trong môi trường tài chính số hiện nay: rủi ro không nằm ở từng điểm, mà nằm ở phần ""khoảng trống"" giữa các điểm. những nỗ lực gần đây đã bắt đầu tạo ra thay đổi. việc triển khai xác thực sinh trắc học theo quy định của ngân hàng nhà nước giúp kiểm soát tốt hơn các giao dịch. các chiến dịch triệt phá của cơ quan công an đã làm gián đoạn nhiều đường dây lớn. nền tảng ntrust của hiệp hội an ninh mạng quốc gia cho phép người dùng tra cứu nhanh các số điện thoại, tài khoản hoặc đường link có dấu hiệu lừa đảo. những giải pháp này đã góp phần làm giảm tỷ lệ nạn nhân lừa đảo trực tuyến từ 0,45% năm 2024 xuống còn 0,18% năm 2025. tuy nhiên, nếu nhìn vào tổng giá trị thiệt hại vẫn lên tới 6000 tỷ đồng, có thể thấy một thực tế rõ ràng: các biện pháp hiện tại chủ yếu giúp ""giảm tốc"" rủi ro, nhưng chưa thể ""chặn đứng"" rủi ro. nguyên nhân không nằm ở việc thiếu công nghệ. trên thực tế, các công cụ phát hiện gian lận, phân tích dữ liệu hay xác thực danh tính đã phát triển nhanh trong những năm gần đây. vấn đề nằm ở việc các công cụ này chưa được kết nối thành một hệ thống thống nhất. một ngân hàng có thể phát hiện giao dịch bất thường, nhưng sẽ hiệu quả hơn nhiều nếu đồng thời nhận được cảnh báo từ nhà mạng về số điện thoại nghi vấn, hoặc dữ liệu từ nền tảng công nghệ về một website giả mạo đang hoạt động. ngược lại, một nhà mạng có thể phát hiện hành vi phát tán tin nhắn hàng loạt, nhưng sẽ khó hành động triệt để nếu không có sự phối hợp với hệ thống tài chính. khi mỗi bên chỉ nhìn thấy một phần của bức tranh, thì ngay cả khi tất cả đều làm đúng, kết quả cuối cùng vẫn có thể là một hệ thống chưa đủ an toàn. trong tài chính truyền thống, niềm tin có thể được ""ủy thác"" cho một tổ chức – một ngân hàng, một công ty chứng khoán, một định chế tài chính lớn. nhưng trong tài chính số, một giao dịch không còn nằm trọn trong một hệ thống khép kín. nó đi qua nhiều lớp: từ thiết bị người dùng, nền tảng số, nhà mạng, hệ thống thanh toán, đến ngân hàng và các bên trung gian khác. điều này khiến niềm tin không còn là tài sản riêng lẻ, mà trở thành một dạng ""hạ tầng mềm"" của toàn bộ thị trường. một lỗ hổng nhỏ ở bất kỳ mắt xích nào – một số điện thoại giả mạo, một website chưa được kiểm chứng, một tài khoản trung gian chưa bị cảnh báo – đều có thể trở thành điểm khởi đầu cho một chuỗi rủi ro lớn. và khi rủi ro đã lan qua nhiều hệ thống, việc xử lý theo từng điểm riêng lẻ gần như không còn hiệu quả. đây chính là lý do vì sao khái niệm ""lá chắn hệ sinh thái"" trở nên quan trọng. một ""lá chắn"" đúng nghĩa không phải là một công cụ đơn lẻ, mà là khả năng phối hợp theo thời gian thực giữa các bên. đó là khi dữ liệu không còn nằm yên trong từng hệ thống, mà được chia sẻ để tạo ra tín hiệu cảnh báo sớm. đó là khi một hành vi bất thường được nhận diện không phải ở một điểm, mà trong toàn bộ chuỗi hành vi. hãy hình dung một kịch bản phòng ngừa thay vì xử lý. một số điện thoại có dấu hiệu lừa đảo được nhà mạng đánh dấu. thông tin này được chia sẻ ngay với ngân hàng và các nền tảng tài chính. khi người dùng thực hiện giao dịch đến một tài khoản liên quan, hệ thống lập tức đưa ra cảnh báo hoặc tạm dừng. đồng thời, các nền tảng số có thể nhanh chóng gỡ bỏ quảng cáo hoặc nội dung dẫn về website giả mạo. trong kịch bản đó, một đường dây lừa đảo sẽ bị ""cắt mạch"" ngay từ đầu, thay vì chỉ bị phát hiện khi hậu quả đã xảy ra. nhưng để làm được điều này, thách thức không nằm ở công nghệ. như thực tế cho thấy, các công cụ phát hiện gian lận, phân tích dữ liệu, định danh điện tử hay trí tuệ nhân tạo đều đã sẵn sàng. thách thức nằm ở ba yếu tố cốt lõi: chia sẻ dữ liệu, thống nhất tiêu chuẩn và cam kết phối hợp. thứ nhất, chia sẻ dữ liệu không chỉ là vấn đề kỹ thuật mà còn là vấn đề niềm tin giữa các tổ chức. khi dữ liệu vẫn bị ""đóng"" trong từng hệ thống, khả năng phát hiện sớm sẽ luôn bị giới hạn. thứ hai, tiêu chuẩn chung là điều kiện để các hệ thống có thể ""nói chuyện"" với nhau. nếu mỗi bên sử dụng một cách đánh giá rủi ro khác nhau, việc phối hợp sẽ không thể đạt hiệu quả. thứ ba, và quan trọng nhất, là cam kết hành động. một hệ sinh thái chỉ thực sự hoạt động khi các bên không chỉ chia sẻ thông tin, mà còn cùng chịu trách nhiệm trong việc bảo vệ người dùng. đây cũng chính là nền tảng cho sự hình thành của liên minh niềm tin số – một mô hình hợp tác liên ngành, nơi các cơ quan quản lý, tổ chức tài chính và doanh nghiệp công nghệ cùng tham gia thiết lập một ""lá chắn"" chung cho hệ sinh thái. theo định hướng của chương trình digital trust in finance 2026, liên minh này không dừng lại ở việc kêu gọi hợp tác, mà hướng tới các hành động cụ thể: thiết lập cơ chế cảnh báo sớm, chia sẻ dữ liệu rủi ro, xây dựng tiêu chuẩn kiểm chứng thông tin và triển khai các giải pháp phòng chống gian lận ở quy mô hệ thống. một điểm đáng chú ý là cách tiếp cận của chương trình không đặt doanh nghiệp hay cơ quan quản lý ở vị trí trung tâm tuyệt đối, mà đặt người dùng vào trung tâm của niềm tin. điều này thể hiện qua việc chuyển dịch tư duy từ ""tuân thủ"" sang ""bảo vệ"", từ ""xử lý sự cố"" sang ""chủ động ngăn chặn"". nói cách khác, niềm tin không còn là thứ được ""truyền thông"", mà phải được ""thiết kế"" ngay từ cách hệ thống vận hành. diễn đàn digital trust in finance 2026, diễn ra ngày 12/05/2026 tại hà nội, được xem là một bước khởi đầu cho quá trình này, khi lần đầu tiên các bên trong hệ sinh thái cùng tham gia trong một cấu trúc hành động thống nhất – từ cơ quan quản lý, ngân hàng, fintech đến doanh nghiệp công nghệ và truyền thông. trong bối cảnh các hình thức tấn công dựa trên ai ngày càng tinh vi, khả năng ""giả lập niềm tin"" của tội phạm sẽ còn tiếp tục gia tăng. điều đó đồng nghĩa với việc nếu hệ sinh thái không kịp xây dựng một ""lá chắn niềm tin thật"", khoảng cách giữa rủi ro và khả năng kiểm soát sẽ ngày càng lớn. hàng nghìn tỷ đồng mỗi năm không chỉ là con số thiệt hại. đó là một ngưỡng cảnh báo cho thấy: chi phí của việc thiếu kết nối đang trở nên quá lớn. và trong một thị trường nơi niềm tin quyết định việc giao dịch có diễn ra hay không, thì một ""lá chắn hệ sinh thái"" không còn là lựa chọn, mà là điều kiện để thị trường tiếp tục vận hành. ———— diễn đàn digital trust in finance 2026 sẽ diễn ra vào ngày 12/05/2026 tại khách sạn the ascott, tây hồ, hà nội. sự kiện do liên minh niềm tin số tổ chức, dưới sự bảo trợ của bộ công an, ngân hàng nhà nước việt nam và bộ tài chính, phối hợp chuyên môn cùng cục an ninh mạng và phòng, chống tội phạm sử dụng công nghệ cao, hiệp hội an ninh mạng quốc gia, quy tụ toàn bộ hệ sinh thái tài chính số nhằm đôi thoại, xây chuẩn và kiến tạo niềm tin số trong kỷ nguyên ai với tinh thần ""chạm xây kết nối, tin tạo giao dịch"".",8140,1773,T02. ECONOMY_BUSINESS_AND_FINANCE,T02,human_verified,manual_adjudicated,Han; Nhung; Yen,,pilot_100_final,,0.0,0,0,0,0,0,0,0,0.0,55,0.0,0.0,1,1,sum_mismatch,0,1,1,1,1,,,,,,,missing,missing,0,1779361353,1779361353,2026-05-21 18:02:33,2026-05-21 18:02:33,1,6.32183908045977e-06,0.0,1.1494252873563221e-07,56,6.4367816091954025e-06,1,0,0,0,0,,,,,,,,,,,,0,0,,pilot_or_calibration_sample_exclude_from_test,0,,0
teamcrawl_v1,REC_010823,han,schema_4_basic,data/01_Raw_Data/02_Team_Crawled_Raw/Han/get_from_Han_legacy/posts_Kenh14_vn.json,posts_Kenh14_vn.json,741,1453515120142816,https://www.facebook.com/K14vn/posts/1453515120142816,1045933bcabb5858,post_id:1453515120142816,Kenh14.vn,K14vn,https://www.facebook.com/K14vn/,8700000,8700000,1,,,kết quả bốc thăm world cup 2026: u17 việt nam cùng bảng với bỉ,62,14,T11. SPORT,T11,human_verified,manual_adjudicated,Han; Nhung; Yen,,pilot_400_final,,0.0,141,6,0,0,0,0,0,0.0,147,147.0,1.0,1,1,ok,1,8,1,1,1,,,,,,,missing,missing,0,1779376285,1779376285,2026-05-21 22:11:25,2026-05-21 22:11:25,1,1.6896551724137932e-05,1.1494252873563221e-07,9.195402298850576e-07,156,1.793103448275862e-05,1,0,6,6,0,0.0408163265306122,0.0,0.0,0.0,0.0,0.0,1.0,0.0,0.0,0.0,0.0408163265306122,1,1,,pilot_or_calibration_sample_exclude_from_test,0,,1
teamcrawl_v1,REC_010825,han,schema_4_basic,data/01_Raw_Data/02_Team_Crawled_Raw/Han/get_from_Han_legacy/posts_Kenh14_vn.json,posts_Kenh14_vn.json,743,1453469683480693,https://www.facebook.com/K14vn/posts/1453469683480693,47264e1593ecac78,post_id:1453469683480693,Kenh14.vn,K14vn,https://www.facebook.com/K14vn/,8700000,8700000,1,,,"khởi tố 23 đối tượng liên quan đến cakhiatv, rakhoitv, caheotv...: có nhiều sinh viên các trường công nghệ thông tin mới tốt nghiệp",132,24,T03. CRIME_LAW_AND_JUSTICE,T03,human_verified,manual_adjudicated,Han; Nhung; Yen,,pilot_400_final,,0.0,227,3,10,0,2,0,0,0.0,242,242.0,1.0,1,1,ok,2,7,1,1,1,,,,,,,missing,missing,0,1779376299,1779376299,2026-05-21 22:11:39,2026-05-21 22:11:39,1,2.7816091954022988e-05,2.2988505747126445e-07,8.045977011494253e-07,251,2.885057471264368e-05,1,0,15,3,12,0.012396694214876,0.0413223140495867,0.0,0.0082644628099173,0.0,0.0,0.950413223140496,0.0,0.0413223140495867,0.0082644628099173,-0.0619834710743801,1,1,,pilot_or_calibration_sample_exclude_from_test,0,,1
teamcrawl_v1,REC_010843,han,schema_4_basic,data/01_Raw_Data/02_Team_Crawled_Raw/Han/get_from_Han_legacy/posts_Kenh14_vn.json,posts_Kenh14_vn.json,761,1453605656800429,https://www.facebook.com/K14vn/posts/1453605656800429,9d82c4a2f720c0bc,post_id:1453605656800429,Kenh14.vn,K14vn,https://www.facebook.com/K14vn/,8700000,8700000,1,,,"giám đốc xưởng kỹ thuật: xe trung quốc bán giá thấp, nhưng phụ tùng thì chưa chắc rẻ",84,18,T02. ECONOMY_BUSINESS_AND_FINANCE,T02,human_verified,manual_adjudicated,Han; Nhung; Yen,,pilot_400_final,,0.0,0,0,0,0,0,0,0,0.0,108,0.0,0.0,1,1,sum_mismatch,2,6,1,1,1,,,,,,,missing,missing,0,1779423746,1779423746,2026-05-22 11:22:26,2026-05-22 11:22:26,1,1.2413793103448277e-05,2.2988505747126445e-07,6.896551724137931e-07,116,1.3333333333333332e-05,1,0,0,0,0,,,,,,,,,,,,0,0,,pilot_or_calibration_sample_exclude_from_test,0,,0
teamcrawl_v1,REC_010886,han,schema_4_basic,data/01_Raw_Data/02_Team_Crawled_Raw/Han/get_from_Han_legacy/posts_Kenh14_vn.json,posts_Kenh14_vn.json,804,1453984120095916,https://www.facebook.com/K14vn/posts/1453984120095916,f4801c334d10225e,post_id:1453984120095916,Kenh14.vn,K14vn,https://www.facebook.com/K14vn/,8700000,8700000,1,,,quân ap bất ngờ lên hot search,31,7,T10. ARTS_CULTURE_ENTERTAINMENT_AND_MEDIA,T10,human_verified,manual_adjudicated,Han; Nhung; Yen,,pilot_400_final,,0.0,1375,15,98,9,8,0,2,0.0,1507,1507.0,1.0,1,1,ok,13,196,1,1,1,,,,,,,missing,missing,0,1779447043,1779447043,2026-05-22 17:50:43,2026-05-22 17:50:43,1,0.0001732183908045,1.4942528735632183e-06,2.2528735632183907e-05,1716,0.0001972413793103,1,0,132,17,115,0.0099535500995355,0.0650298606502986,0.0059721300597213,0.0053085600530856,0.0,0.0013271400132714,0.9223623092236232,0.0,0.0650298606502986,0.006635700066357,-0.0875912408759124,1,1,,pilot_or_calibration_sample_exclude_from_test,0,,1
teamcrawl_v1,REC_010891,han,schema_4_basic,data/01_Raw_Data/02_Team_Crawled_Raw/Han/get_from_Han_legacy/posts_Kenh14_vn.json,posts_Kenh14_vn.json,809,pfbid02f5zue8joimzUTSuWSuLAT3gRAPBpNVG3t7cidiSdrJwLrVfxunPUNHe9bVC192TMl,https://www.facebook.com/K14vn/posts/pfbid02f5zue8joimzUTSuWSuLAT3gRAPBpNVG3t7cidiSdrJwLrVfxunPUNHe9bVC192TMl,8be84409e2f9f6bf,post_id:pfbid02f5zue8joimzUTSuWSuLAT3gRAPBpNVG3t7cidiSdrJwLrVfxunPUNHe9bVC192TMl,Kenh14.vn,K14vn,https://www.facebook.com/K14vn/,8700000,8700000,1,,,tại sao miu lê không bị khởi tố?,32,8,T03. CRIME_LAW_AND_JUSTICE,T03,human_verified,manual_adjudicated,Han; Nhung; Yen,,pilot_400_final,,0.0,1320,30,22,0,0,0,3,0.0,1375,1375.0,1.0,1,1,ok,17,124,1,1,1,,,,,,,missing,missing,0,1779449086,1779449086,2026-05-22 18:24:46,2026-05-22 18:24:46,1,0.0001580459770114,1.954022988505747e-06,1.4252873563218392e-05,1516,0.0001742528735632,1,0,55,33,22,0.0218181818181818,0.016,0.0,0.0,0.0,0.0021818181818181,0.9818181818181818,0.0,0.016,0.0021818181818181,0.04,1,1,,pilot_or_calibration_sample_exclude_from_test,0,,1
teamcrawl_v1,REC_010915,han,schema_4_basic,data/01_Raw_Data/02_Team_Crawled_Raw/Han/get_from_Han_legacy/posts_Kenh14_vn.json,posts_Kenh14_vn.json,833,1436638671830461,https://www.facebook.com/K14vn/posts/1436638671830461,3d9c0b471a4b9830,post_id:1436638671830461,Kenh14.vn,K14vn,https://www.facebook.com/K14vn/,8700000,8700000,1,,,"trưa qua, ở hành lang bệnh viện, tôi thấy cô cầm túi cơm từ thiện mà vui như vừa trúng số. cô quay sang những người ngồi cạnh, hào hứng khoe: ""cơm ngon lắm, dẻo lắm, nấu vừa miệng lắm"". một lúc sau, cô nghe điện thoại, lại khoe với người nhà y như vậy, vẫn giọng đầy háo hức: ""ngon lắm, đỡ được bao nhiêu tiền"". ở bệnh viện không tân triều, mỗi ngày là tiền thuốc, tiền xét nghiệm, tiền ăn ở... nên một hộp cơm 0 đồng thôi cũng đủ khiến người ta vui đến thế. nghe cô khoe mà thương quá hóa ra, có những ngày, niềm vui của một người chỉ đơn giản là một bữa cơm dẻo, vừa vị, được trao đến tay đúng lúc cần. mong các nhà hảo tâm đọc được những dòng này sẽ tiếp tục lan tỏa và duy trì công việc ý nghĩa ấy bạn hoàng trang chia sẻ trong nhóm cháo hành miễn phí",751,166,T13. HUMAN_INTEREST,T13,human_verified,manual_adjudicated,Han; Nhung; Yen,,pilot_100_additional_final,,0.0,1094,261,0,0,8,0,90,0.0,1453,1453.0,1.0,1,1,ok,23,21,1,1,1,,,,,,,missing,missing,0,1779457745,1779457745,2026-05-22 20:49:05,2026-05-22 20:49:05,1,0.0001670114942528,2.6436781609195404e-06,2.413793103448276e-06,1497,0.0001720689655172,1,0,359,351,8,0.1796283551273227,0.0,0.0,0.0055058499655884,0.0,0.0619408121128699,0.9325533379215416,0.0,0.0,0.0674466620784583,0.2470750172057811,1,1,,pilot_or_calibration_sample_exclude_from_test,0,,1
teamcrawl_v1,REC_010940,han,schema_4_basic,data/01_Raw_Data/02_Team_Crawled_Raw/Han/get_from_Han_legacy/posts_Kenh14_vn.json,posts_Kenh14_vn.json,858,1435858805241781,https://www.facebook.com/K14vn/posts/1435858805241781,033b15f2df09c11f,post_id:1435858805241781,Kenh14.vn,K14vn,https://www.facebook.com/K14vn/,8700000,8700000,1,,,"phim việt là cú sốc lớn nhất lễ 30/4: suất chiếu ít nhất mà doanh thu tăng quá đỉnh, cả mạng xã hội ra sức ủng hộ",105,25,T10. ARTS_CULTURE_ENTERTAINMENT_AND_MEDIA,T10,human_verified,manual_adjudicated,Han; Nhung; Yen,,pilot_400_final,,0.0,1649,134,12,2,0,0,13,0.0,1810,1810.0,1.0,1,1,ok,10,103,1,1,1,,,,,,,missing,missing,0,1779459713,1779459713,2026-05-22 21:21:53,2026-05-22 21:21:53,1,0.0002080459770114,1.149425287356322e-06,1.1839080459770114e-05,1923,0.0002210344827586,1,0,161,147,14,0.0740331491712707,0.0066298342541436,0.0011049723756906,0.0,0.0,0.0071823204419889,0.9850828729281768,0.0,0.0066298342541436,0.0071823204419889,0.0889502762430939,1,1,,pilot_or_calibration_sample_exclude_from_test,0,,1
teamcrawl_v1,REC_010951,han,schema_4_basic,data/01_Raw_Data/02_Team_Crawled_Raw/Han/get_from_Han_legacy/posts_Kenh14_vn.json,posts_Kenh14_vn.json,869,1435649375262724,https://www.facebook.com/K14vn/posts/1435649375262724,099047b5337ece41,post_id:1435649375262724,Kenh14.vn,K14vn,https://www.facebook.com/K14vn/,8700000,8700000,1,,,"cháy ô tô tại cây xăng ở đà nẵng, 2 người trên xe tử vong...",59,14,T09. DISASTER_ACCIDENT_AND_EMERGENCY_INCIDENT,T09,human_verified,manual_adjudicated,Han; Nhung; Yen,,pilot_400_final,,0.0,1143,8,2,21,286,2,34,0.0,1496,1496.0,1.0,1,1,ok,19,195,1,1,1,,,,,,,missing,missing,0,1779460263,1779460263,2026-05-22 21:31:03,2026-05-22 21:31:03,1,0.0001719540229885,2.183908045977012e-06,2.241379310344828e-05,1710,0.0001965517241379,1,0,353,42,311,0.0053475935828877,0.0013368983957219,0.0140374331550802,0.1911764705882352,0.0013368983957219,0.0227272727272727,0.7693850267379679,0.0013368983957219,0.0013368983957219,0.213903743315508,-0.2359625668449197,1,1,,pilot_or_calibration_sample_exclude_from_test,0,,1
teamcrawl_v1,REC_011024,han,schema_4_basic,data/01_Raw_Data/02_Team_Crawled_Raw/Han/get_from_Han_legacy/posts_Kenh14_vn.json,posts_Kenh14_vn.json,942,1433825442111784,https://www.facebook.com/K14vn/posts/1433825442111784,47743e900c953897,post_id:1433825442111784,Kenh14.vn,K14vn,https://www.facebook.com/K14vn/,8700000,8700000,1,,,"chanel bán nửa đôi dép giá 30 triệu, nửa còn lại mời bạn đi chân đất",68,16,T02. ECONOMY_BUSINESS_AND_FINANCE,T02,human_verified,manual_adjudicated,Han; Nhung; Yen,,pilot_400_final,,0.0,1000,8,2200,19,4,0,6,0.0,3237,3237.0,1.0,1,1,ok,76,653,1,1,1,,,,,,,missing,missing,0,1779465589,1779465589,2026-05-22 22:59:49,2026-05-22 22:59:49,1,0.0003720689655172,8.735632183908047e-06,7.505747126436782e-05,3966,0.0004558620689655,1,0,2237,14,2223,0.0024714241581711,0.6796416434970651,0.0058696323756564,0.0012357120790855,0.0,0.0018535681186283,0.3113994439295644,0.0,0.6796416434970651,0.0030892801977139,-0.6910719802286067,1,1,,pilot_or_calibration_sample_exclude_from_test,0,,1
teamcrawl_v1,REC_011027,han,schema_4_basic,data/01_Raw_Data/02_Team_Crawled_Raw/Han/get_from_Han_legacy/posts_Kenh14_vn.json,posts_Kenh14_vn.json,945,1433786768782318,https://www.facebook.com/K14vn/posts/1433786768782318,0400d50be3b45367,post_id:1433786768782318,Kenh14.vn,K14vn,https://www.facebook.com/K14vn/,8700000,8700000,1,,,"hồ sơ tình ái lướt mỏi tay của andree: người mẫu - diễn viên - ca sĩ đến tiktoker, điểm chung duy nhất là xinh",110,25,T10. ARTS_CULTURE_ENTERTAINMENT_AND_MEDIA,T10,human_verified,manual_adjudicated,Han; Nhung; Yen,,pilot_400_final,,0.0,1590,9,59,3,0,2,0,0.0,1663,1663.0,1.0,1,1,ok,17,52,1,1,1,,,,,,,missing,missing,0,1779465770,1779465770,2026-05-22 23:02:50,2026-05-22 23:02:50,1,0.0001911494252873,1.954022988505747e-06,5.977011494252873e-06,1732,0.0001990804597701,1,0,73,9,64,0.0054119061936259,0.0354780517137702,0.0018039687312086,0.0,0.0012026458208057,0.0,0.9615153337342152,0.0012026458208057,0.0354780517137702,0.0,-0.0438965724594107,1,1,,pilot_or_calibration_sample_exclude_from_test,0,,1
teamcrawl_v1,REC_011096,han,schema_4_basic,data/01_Raw_Data/02_Team_Crawled_Raw/Han/get_from_Han_legacy/posts_Kenh14_vn.json,posts_Kenh14_vn.json,1014,1431902475637414,https://www.facebook.com/K14vn/posts/1431902475637414,d268e4f44b60d698,post_id:1431902475637414,Kenh14.vn,K14vn,https://www.facebook.com/K14vn/,8700000,8700000,1,,,ngọc trinh được đề cử gương mặt đẹp nhất hành tinh,50,11,T10. ARTS_CULTURE_ENTERTAINMENT_AND_MEDIA,T10,human_verified,manual_adjudicated,Han; Nhung; Yen,,pilot_100_additional_final,,0.0,0,0,0,0,0,0,0,0.0,2500,0.0,0.0,1,1,sum_mismatch,8,188,1,1,1,,,,,,,missing,missing,0,1779497788,1779497788,2026-05-23 07:56:28,2026-05-23 07:56:28,1,0.000287356321839,9.195402298850576e-07,2.160919540229885e-05,2696,0.0003098850574712,1,0,0,0,0,,,,,,,,,,,,0,0,,pilot_or_calibration_sample_exclude_from_test,0,,0
teamcrawl_v1,REC_011105,han,schema_4_basic,data/01_Raw_Data/02_Team_Crawled_Raw/Han/get_from_Han_legacy/posts_Kenh14_vn.json,posts_Kenh14_vn.json,1023,1431389702355358,https://www.facebook.com/K14vn/posts/1431389702355358,c224507add814307,post_id:1431389702355358,Kenh14.vn,K14vn,https://www.facebook.com/K14vn/,8700000,8700000,1,,,"hiện trường vụ cháy giữa đêm khiến 3 chị em ra đi mãi mãi: bố mẹ đi làm không ở nhà, các cháu chốt cửa bên trong khi ngủ...",123,29,T09. DISASTER_ACCIDENT_AND_EMERGENCY_INCIDENT,T09,human_verified,manual_adjudicated,Han; Nhung; Yen,,pilot_100_additional_final,,0.0,1182,15,2,0,908,0,275,0.0,2382,2382.0,1.0,1,1,ok,14,304,1,1,1,,,,,,,missing,missing,0,1779500271,1779500271,2026-05-23 08:37:51,2026-05-23 08:37:51,1,0.0002737931034482,1.6091954022988506e-06,3.4942528735632187e-05,2700,0.0003103448275862,1,0,1200,290,910,0.0062972292191435,0.0008396305625524,0.0,0.3811922753988245,0.0,0.1154492023509655,0.5025188916876574,0.0,0.0008396305625524,0.4966414777497901,-0.5037783375314862,1,1,,pilot_or_calibration_sample_exclude_from_test,0,,1
teamcrawl_v1,REC_011108,han,schema_4_basic,data/01_Raw_Data/02_Team_Crawled_Raw/Han/get_from_Han_legacy/posts_Kenh14_vn.json,posts_Kenh14_vn.json,1026,1431260295701632,https://www.facebook.com/K14vn/posts/1431260295701632,be9db84ddfff2617,post_id:1431260295701632,Kenh14.vn,K14vn,https://www.facebook.com/K14vn/,8700000,8700000,1,,,"tiktoker hà vy xin lỗi exo và fan, nhưng 1 chi tiết trong lời xin lỗi lại khiến netizen nổi giận hơn",100,22,T10. ARTS_CULTURE_ENTERTAINMENT_AND_MEDIA,T10,human_verified,manual_adjudicated,Han; Nhung; Yen,,pilot_400_final,,0.0,205,0,9,0,0,0,0,0.0,214,214.0,1.0,1,1,ok,4,5,1,1,1,,,,,,,missing,missing,0,1779500859,1779500859,2026-05-23 08:47:39,2026-05-23 08:47:39,1,2.4597701149425288e-05,4.597701149425289e-07,5.747126436781609e-07,223,2.5632183908045976e-05,1,0,9,0,9,0.0,0.0420560747663551,0.0,0.0,0.0,0.0,0.9579439252336448,0.0,0.0420560747663551,0.0,-0.0420560747663551,1,1,,pilot_or_calibration_sample_exclude_from_test,0,,1
teamcrawl_v1,REC_011151,han,schema_4_basic,data/01_Raw_Data/02_Team_Crawled_Raw/Han/get_from_Han_legacy/posts_Kenh14_vn.json,posts_Kenh14_vn.json,1069,1430180012476327,https://www.facebook.com/K14vn/posts/1430180012476327,91f9d8f9f9219fa8,post_id:1430180012476327,Kenh14.vn,K14vn,https://www.facebook.com/K14vn/,8700000,8700000,1,,,"khách nhận phòng khách sạn view thẳng sân khấu concert exo tại tphcm: ""nếu biết thế này, tôi chẳng cần mua vé nữa…""",116,23,T13. HUMAN_INTEREST,T13,human_verified,manual_adjudicated,Han; Nhung; Yen,,pilot_100_additional_final,,0.0,328,27,62,0,0,0,0,0.0,417,417.0,1.0,1,1,ok,3,12,1,1,1,,,,,,,missing,missing,0,1779510133,1779510133,2026-05-23 11:22:13,2026-05-23 11:22:13,1,4.793103448275862e-05,3.448275862068966e-07,1.3793103448275862e-06,432,4.965517241379311e-05,1,0,89,27,62,0.0647482014388489,0.1486810551558753,0.0,0.0,0.0,0.0,0.8513189448441247,0.0,0.1486810551558753,0.0,-0.2134292565947242,1,1,,pilot_or_calibration_sample_exclude_from_test,0,,1
teamcrawl_v1,REC_011172,han,schema_4_basic,data/01_Raw_Data/02_Team_Crawled_Raw/Han/get_from_Han_legacy/posts_Kenh14_vn.json,posts_Kenh14_vn.json,1090,1457043123123349,https://www.facebook.com/K14vn/posts/1457043123123349,1de615710dd0d983,post_id:1457043123123349,Kenh14.vn,K14vn,https://www.facebook.com/K14vn/,8700000,8700000,1,,,hình ảnh hoà minzy giản dị đi họp phụ huynh cho bé bo,53,13,T10. ARTS_CULTURE_ENTERTAINMENT_AND_MEDIA,T10,human_verified,manual_adjudicated,Han; Nhung; Yen,,pilot_400_final,,0.0,2303,179,4,0,0,0,4,0.0,2490,2490.0,1.0,1,1,ok,2,28,1,1,1,,,,,,,missing,missing,0,1779771969,1779771969,2026-05-26 12:06:09,2026-05-26 12:06:09,1,0.0002862068965517,2.2988505747126445e-07,3.218390804597701e-06,2520,0.0002896551724137,1,0,187,183,4,0.0718875502008032,0.0016064257028112,0.0,0.0,0.0,0.0016064257028112,0.9967871485943776,0.0,0.0016064257028112,0.0016064257028112,0.0751004016064257,1,1,,pilot_or_calibration_sample_exclude_from_test,0,,1
teamcrawl_v1,REC_011178,han,schema_4_basic,data/01_Raw_Data/02_Team_Crawled_Raw/Han/get_from_Han_legacy/posts_Kenh14_vn.json,posts_Kenh14_vn.json,1096,1456891969805131,https://www.facebook.com/K14vn/posts/1456891969805131,0c780d1051b5a518,post_id:1456891969805131,Kenh14.vn,K14vn,https://www.facebook.com/K14vn/,8700000,8700000,1,,,"mỹ nhân đẹp nhất trung quốc xuống phố đi bộ hồ gươm ""đu trend"" nàng thơ, xem clip 26 giây mới hiểu thế nào là ""tuyệt tác trời ban""",130,29,T10. ARTS_CULTURE_ENTERTAINMENT_AND_MEDIA,T10,human_verified,manual_adjudicated,Han; Nhung; Yen,,pilot_400_final,,0.0,2244,260,4,10,0,0,7,0.0,2525,2525.0,1.0,1,1,ok,36,86,1,1,1,,,,,,,missing,missing,0,1779772013,1779772013,2026-05-26 12:06:53,2026-05-26 12:06:53,1,0.0002902298850574,4.137931034482758e-06,9.885057471264368e-06,2647,0.0003042528735632,1,0,281,267,14,0.1029702970297029,0.0015841584158415,0.0039603960396039,0.0,0.0,0.0027722772277227,0.9916831683168316,0.0,0.0015841584158415,0.0027722772277227,0.1112871287128712,1,1,,pilot_or_calibration_sample_exclude_from_test,0,,1
teamcrawl_v1,REC_011204,han,schema_4_basic,data/01_Raw_Data/02_Team_Crawled_Raw/Han/get_from_Han_legacy/posts_Kenh14_vn.json,posts_Kenh14_vn.json,1122,1455931669901161,https://www.facebook.com/K14vn/posts/1455931669901161,11cff5ec1a3cb11b,post_id:1455931669901161,Kenh14.vn,K14vn,https://www.facebook.com/K14vn/,8700000,8700000,1,,,"có thể là xỉu luôn con lươn dài 50cm được tìm thấy trong ổ bụng bệnh nhân y văn thế giới từng ghi nhận không ít ca dị vật hiếm gặp, ca mổ hôm nay của chúng tôi có lẽ cũng đủ đặc biệt để góp mặt trong những trường hợp hiếm ấy ngày nhỏ ra đồng bắt lươn, không ai nghĩ lớn lên lại ""bắt lươn"" theo cách này… một con lươn dài khoảng 50cm đã chui thủng trực tràng, vào ổ bụng bệnh nhân chia sẻ từ bác sĩ hoàng liệc",408,93,T04. HEALTH,T04,human_verified,manual_adjudicated,Han; Nhung; Yen,,pilot_400_final,,0.0,1446,10,40,241,29,0,2,0.0,1768,1768.0,1.0,1,1,ok,25,243,1,1,1,,,,,,,missing,missing,0,1779772283,1779772283,2026-05-26 12:11:23,2026-05-26 12:11:23,1,0.0002032183908045,2.873563218390805e-06,2.793103448275862e-05,2036,0.0002340229885057,1,0,322,12,310,0.005656108597285,0.0226244343891402,0.1363122171945701,0.0164027149321266,0.0,0.001131221719457,0.8235294117647058,0.0,0.0226244343891402,0.0175339366515837,-0.1821266968325791,1,1,,pilot_or_calibration_sample_exclude_from_test,0,,1
teamcrawl_v1,REC_011212,han,schema_4_basic,data/01_Raw_Data/02_Team_Crawled_Raw/Han/get_from_Han_legacy/posts_Kenh14_vn.json,posts_Kenh14_vn.json,1130,1455334273294234,https://www.facebook.com/K14vn/posts/1455334273294234,27cb8a761e20f3bc,post_id:1455334273294234,Kenh14.vn,K14vn,https://www.facebook.com/K14vn/,8700000,8700000,1,,,rò rỉ file ghi âm 37 phút chứa thông tin chấn động về kim soo hyun - sulli - yêu,79,20,T10. ARTS_CULTURE_ENTERTAINMENT_AND_MEDIA,T10,human_verified,manual_adjudicated,Han; Nhung; Yen,,pilot_400_final,,0.0,926,9,16,9,2,0,0,0.0,962,962.0,1.0,1,1,ok,14,57,1,1,1,,,,,,,missing,missing,0,1779772517,1779772517,2026-05-26 12:15:17,2026-05-26 12:15:17,1,0.0001105747126436,1.6091954022988506e-06,6.551724137931034e-06,1033,0.0001187356321839,1,0,36,9,27,0.0093555093555093,0.0166320166320166,0.0093555093555093,0.002079002079002,0.0,0.0,0.971933471933472,0.0,0.0166320166320166,0.002079002079002,-0.0374220374220374,1,1,,pilot_or_calibration_sample_exclude_from_test,0,,1
teamcrawl_v1,REC_011237,han,schema_4_basic,data/01_Raw_Data/02_Team_Crawled_Raw/Han/get_from_Han_legacy/posts_Kenh14_vn.json,posts_Kenh14_vn.json,1155,1454383133389348,https://www.facebook.com/K14vn/posts/1454383133389348,0e7f1dc6f3114ff2,post_id:1454383133389348,Kenh14.vn,K14vn,https://www.facebook.com/K14vn/,8700000,8700000,1,,,hà anh tuấn tài trợ chi phí cho bé gái 2 tuổi ghép gan,54,14,T10. ARTS_CULTURE_ENTERTAINMENT_AND_MEDIA,T10,human_verified,manual_adjudicated,Han; Nhung; Yen,,pilot_400_final,,0.0,2619,760,0,0,0,0,65,0.0,3444,3444.0,1.0,1,1,ok,26,85,1,1,1,,,,,,,missing,missing,0,1779772981,1779772981,2026-05-26 12:23:01,2026-05-26 12:23:01,1,0.0003958620689655,2.9885057471264367e-06,9.770114942528736e-06,3555,0.0004086206896551,1,0,825,825,0,0.2206736353077816,0.0,0.0,0.0,0.0,0.0188734030197444,0.9811265969802556,0.0,0.0,0.0188734030197444,0.2395470383275261,1,1,,pilot_or_calibration_sample_exclude_from_test,0,,1
teamcrawl_v1,REC_011296,han,schema_4_basic,data/01_Raw_Data/02_Team_Crawled_Raw/Han/get_from_Han_legacy/posts_Theanh28_Entertainment.json,posts_Theanh28_Entertainment.json,53,1312099024438530,https://www.facebook.com/Theanh28/posts/1312099024438530,6a02df92cdb97942,post_id:1312099024438530,Theanh28 Entertainment,Theanh28,https://www.facebook.com/Theanh28,0,0,0,,,"cực nóng: đội hình ra sân của aston villa và freiburg trong trận đấu chung kết cup c2 năm 2025/2026 villa đang có phong độ cực kì cao trong mùa giải năm nay và đảm bảo được khả năng cạnh tranh danh hiệu khi đưa ra sân những cái tên tốt nhất ra sân được người hâm mộ bóng đá chờ đợi. không những vậy, unai emerry còn cũng rất muốn khẳng dịnh thành công của bản thân sau những khó khăn mà cầu thủ và vị chiến lược gia đã gặp trong mùa trước..",440,95,T11. SPORT,T11,human_verified,manual_adjudicated,Han; Nhung; Yen,,pilot_100_additional_final,,0.0,317,7,0,0,0,0,0,0.0,324,324.0,1.0,1,1,ok,1,11,1,1,1,,,,,,,missing,missing,0,1779384182,1779384182,2026-05-22 00:23:02,2026-05-22 00:23:02,1,,,,336,,1,0,7,7,0,0.0216049382716049,0.0,0.0,0.0,0.0,0.0,1.0,0.0,0.0,0.0,0.0216049382716049,1,0,,pilot_or_calibration_sample_exclude_from_test,0,,0
teamcrawl_v1,REC_011298,han,schema_4_basic,data/01_Raw_Data/02_Team_Crawled_Raw/Han/get_from_Han_legacy/posts_Theanh28_Entertainment.json,posts_Theanh28_Entertainment.json,55,1311978041117295,https://www.facebook.com/Theanh28/posts/1311978041117295,681091b4f60fc7b7,post_id:1311978041117295,Theanh28 Entertainment,Theanh28,https://www.facebook.com/Theanh28,0,0,0,,,"bài đăng tặng đồ ăn thừa đang gây tranh cãi trên mạng xã hội cụ thể, một cô gái chia sẻ hộp đồ ăn còn lại sau bữa lẩu và đăng bài cho ai cần có thể qua lấy. sau khi bài đăng được đăng tải, cđm đã nhanh chóng chia thành hai luồng ý kiến trái chiều. một bên cho rằng cô ấy đăng lên cho những người cần và trong hoàn cảnh khó khăn, có được hộp đồ ăn như vậy là rất đáng quý. trong khi đó, phía còn lại không đồng tình. họ cho rằng cần phân biệt rõ giữa đồ ăn được chuẩn bị sẵn để cho và đồ ăn thừa sau bữa. rằng ""của cho không bằng cách cho"", chưa kể đây là đồ ăn thừa, nước lẩu đã được sử dụng chung nên tiềm ẩn nguy cơ không đảm bảo vệ sinh, ảnh hưởng sức khỏe.",652,151,T13. HUMAN_INTEREST,T13,human_verified,manual_adjudicated,Han; Nhung; Yen,,pilot_100_final,,0.0,6800,87,1400,22,31,4,10,0.0,8354,8354.0,1.0,1,1,ok,33,1200,1,1,1,,,,,,,missing,missing,0,1779384203,1779384203,2026-05-22 00:23:23,2026-05-22 00:23:23,1,,,,9587,,1,0,1554,97,1457,0.0104141728513287,0.1675843907110366,0.0026334689968877,0.0037107972228872,0.0004788125448886,0.0011970313622216,0.824395499162078,0.0004788125448886,0.1675843907110366,0.0049078285851089,-0.1860186736892506,1,0,,pilot_or_calibration_sample_exclude_from_test,0,,0
teamcrawl_v1,REC_011318,han,schema_4_basic,data/01_Raw_Data/02_Team_Crawled_Raw/Han/get_from_Han_legacy/posts_Theanh28_Entertainment.json,posts_Theanh28_Entertainment.json,75,1311573144491118,https://www.facebook.com/Theanh28/posts/1311573144491118,1861316c7d78cf48,post_id:1311573144491118,Theanh28 Entertainment,Theanh28,https://www.facebook.com/Theanh28,0,0,0,,,bắt ca sĩ long nhật và ca sĩ sơn ngọc minh,42,11,T03. CRIME_LAW_AND_JUSTICE,T03,human_verified,manual_adjudicated,Han; Nhung; Yen,,pilot_100_additional_final,,0.0,17000,76,2300,336,71,10,14,0.0,19807,19807.0,1.0,1,1,ok,233,2300,1,1,1,,,,,,,missing,missing,0,1779384536,1779384536,2026-05-22 00:28:56,2026-05-22 00:28:56,1,,,,22340,,1,0,2807,90,2717,0.003837027313576,0.1161205634371686,0.0169636997021255,0.0035845913061039,0.0005048720149442,0.0007068208209218,0.8621194527187358,0.0005048720149442,0.1161205634371686,0.0042914121270257,-0.1417175745948402,1,0,,pilot_or_calibration_sample_exclude_from_test,0,,0
teamcrawl_v1,REC_011334,han,schema_4_basic,data/01_Raw_Data/02_Team_Crawled_Raw/Han/get_from_Han_legacy/posts_Theanh28_Entertainment.json,posts_Theanh28_Entertainment.json,91,1311299661185133,https://www.facebook.com/Theanh28/posts/1311299661185133,c9da501626382ae0,post_id:1311299661185133,Theanh28 Entertainment,Theanh28,https://www.facebook.com/Theanh28,0,0,0,,,"[declan rice - đàn ông nói được làm được] sau khi arsenal thua man city trong trận đấu được xem như ""chung kết"" của mùa giải vào tháng 4, declan rice đã tuyên bố sau trận: "" it's not done"" (nghĩa là: mọi thứ chưa kết thúc đâu) kể từ thất bại đó, anh cùng arsenal có 4 chiến thắng liên tiếp tại ngoại hạng anh, trong khi man city chỉ thắng 3/5 màn so tài. và thế là, rice với pháo thủ chính thức đăng quang ngôi vô địch sớm trước một vòng đấu rice đang có mùa giải thực sự ấn tượng trong màu áo đại diện thành london. anh hoàn toàn có thể cùng arsenal giành cú đúp danh hiệu ở mùa bóng năm nay, khi phía trước là trận chung kết uefa champions league",648,138,T11. SPORT,T11,human_verified,manual_adjudicated,Han; Nhung; Yen,,pilot_100_final,,0.0,2353,298,16,0,0,0,12,0.0,2679,2679.0,1.0,1,1,ok,9,144,1,1,1,,,,,,,missing,missing,0,1779384841,1779384841,2026-05-22 00:34:01,2026-05-22 00:34:01,1,,,,2832,,1,0,326,310,16,0.1112355356476297,0.0059723777528928,0.0,0.0,0.0,0.0044792833146696,0.9895483389324374,0.0,0.0059723777528928,0.0044792833146696,0.1216871967151922,1,0,,pilot_or_calibration_sample_exclude_from_test,0,,0
teamcrawl_v1,REC_011337,han,schema_4_basic,data/01_Raw_Data/02_Team_Crawled_Raw/Han/get_from_Han_legacy/posts_Theanh28_Entertainment.json,posts_Theanh28_Entertainment.json,94,1311281594520273,https://www.facebook.com/Theanh28/posts/1311281594520273,7a352d9dec5583c4,post_id:1311281594520273,Theanh28 Entertainment,Theanh28,https://www.facebook.com/Theanh28,0,0,0,,,vàoooooo!!! chelsea nhân đôi cách biệt ở trận derby london. xem ra cuộc đua trụ hạng chưa thể ngã ngũ ngay tại vòng đấu này,123,25,T11. SPORT,T11,human_verified,manual_adjudicated,Han; Nhung; Yen,,pilot_400_final,,0.0,989,18,69,0,0,0,3,0.0,1079,1079.0,1.0,1,1,ok,6,35,1,1,1,,,,,,,missing,missing,0,1779384870,1779384870,2026-05-22 00:34:30,2026-05-22 00:34:30,1,,,,1120,,1,0,90,21,69,0.0166821130676552,0.0639481000926784,0.0,0.0,0.0,0.0027803521779425,0.933271547729379,0.0,0.0639481000926784,0.0027803521779425,-0.0834105653382761,1,0,,pilot_or_calibration_sample_exclude_from_test,0,,0
teamcrawl_v1,REC_011406,han,schema_4_basic,data/01_Raw_Data/02_Team_Crawled_Raw/Han/get_from_Han_legacy/posts_Theanh28_Entertainment.json,posts_Theanh28_Entertainment.json,163,1310514441263655,https://www.facebook.com/Theanh28/posts/1310514441263655,d8658c4bb4edba2f,post_id:1310514441263655,Theanh28 Entertainment,Theanh28,https://www.facebook.com/Theanh28,0,0,0,,,cực nóng: neymar chính thức xuất hiện ở danh sách triệu tập chuẩn bị cho world cup 2026 của đội tuyển brazil,108,22,T11. SPORT,T11,human_verified,manual_adjudicated,Han; Nhung; Yen,,pilot_100_additional_final,,0.0,2250,539,19,5,2,0,11,0.0,2826,2826.0,1.0,1,1,ok,36,147,1,1,1,,,,,,,missing,missing,0,1779412853,1779412853,2026-05-22 08:20:53,2026-05-22 08:20:53,1,,,,3009,,1,0,576,550,26,0.1907289455060155,0.0067232837933474,0.0017692852087756,0.0007077140835102,0.0,0.0038924274593064,0.98690728945506,0.0,0.0067232837933474,0.0046001415428167,0.2038216560509554,1,0,,pilot_or_calibration_sample_exclude_from_test,0,,0
teamcrawl_v1,REC_011409,han,schema_4_basic,data/01_Raw_Data/02_Team_Crawled_Raw/Han/get_from_Han_legacy/posts_Theanh28_Entertainment.json,posts_Theanh28_Entertainment.json,166,1310400647941701,https://www.facebook.com/Theanh28/posts/1310400647941701,fa511bc427063723,post_id:1310400647941701,Theanh28 Entertainment,Theanh28,https://www.facebook.com/Theanh28,0,0,0,,,ht: arsenal 1 - 0 burnley đoàn quân hlv mikel arteta đã có một hiệp đấu dồn ép đối thủ gần như toàn bộ quãng thời gian 45 phút trên sân. pháo thủ liên tục bắn phá khung thành burnley nhưng mãi đến phút 36 thì hlv mikel arteta cùng các the gunner mới có cơ hội ăn mừng. hiệp 2 chắc chắn pháo thủ vẫn sẽ dồn lên để tìm thêm bàn thắng.,332,74,T11. SPORT,T11,human_verified,manual_adjudicated,Han; Nhung; Yen,,pilot_100_final,,0.0,1003,27,6,2,0,0,3,0.0,1041,1041.0,1.0,1,1,ok,0,112,1,1,1,,,,,,,missing,missing,0,1779412901,1779412901,2026-05-22 08:21:41,2026-05-22 08:21:41,1,,,,1153,,1,0,38,30,8,0.0259365994236311,0.0057636887608069,0.0019212295869356,0.0,0.0,0.0028818443804034,0.989433237271854,0.0,0.0057636887608069,0.0028818443804034,0.0365033621517771,1,0,,pilot_or_calibration_sample_exclude_from_test,0,,0
teamcrawl_v1,REC_011410,han,schema_4_basic,data/01_Raw_Data/02_Team_Crawled_Raw/Han/get_from_Han_legacy/posts_Theanh28_Entertainment.json,posts_Theanh28_Entertainment.json,167,1310394924608940,https://www.facebook.com/Theanh28/posts/1310394924608940,b9ac0db2507a09c2,post_id:1310394924608940,Theanh28 Entertainment,Theanh28,https://www.facebook.com/Theanh28,0,0,0,,,vàooooooooooooooooo kai havertz có bàn thắng bằng đầu đẳng cấp 10 cho arsenal,78,13,T11. SPORT,T11,human_verified,manual_adjudicated,Han; Nhung; Yen,,pilot_100_final,,0.0,1206,95,12,3,0,0,4,0.0,1320,1320.0,1.0,1,1,ok,5,127,1,1,1,,,,,,,missing,missing,0,1779412906,1779412906,2026-05-22 08:21:46,2026-05-22 08:21:46,1,,,,1452,,1,0,114,99,15,0.0719696969696969,0.009090909090909,0.0022727272727272,0.0,0.0,0.003030303030303,0.9856060606060606,0.0,0.009090909090909,0.003030303030303,0.0863636363636363,1,0,,pilot_or_calibration_sample_exclude_from_test,0,,0
teamcrawl_v1,REC_011438,han,schema_4_basic,data/01_Raw_Data/02_Team_Crawled_Raw/Han/get_from_Han_legacy/posts_Theanh28_Entertainment.json,posts_Theanh28_Entertainment.json,195,1309970327984733,https://www.facebook.com/Theanh28/posts/1309970327984733,2eda0f79e0cb9ba2,post_id:1309970327984733,Theanh28 Entertainment,Theanh28,https://www.facebook.com/Theanh28,0,0,0,,,"here we goooo!!! jose mourinho trở thành tân hlv trưởng thật madrid khẩu hiệu quen thuộc đã được fabrizio romano hô vang nhằm xác nhận việc jose mourinho trở thành tân hlv trưởng thật madrid thoả thuận giữa đôi bên dự kiến sẽ có thời hạn 2 năm. mourinho sẽ tới madrid sau khi trận đấu cuối cùng của kền kền trắng tại la liga khép lại một chương mới lại mở ra với kền kền trắng. đây là lần thứ hai ""người đặc biệt"" dẫn dắt đội bóng hoàng gia, sau khi từng nắm quyền trong quãng thời gian từ 2010 - 2013",501,104,T11. SPORT,T11,human_verified,manual_adjudicated,Han; Nhung; Yen,,pilot_400_final,,0.0,5674,514,100,28,4,0,12,0.0,6332,6332.0,1.0,1,1,ok,62,435,1,1,1,,,,,,,missing,missing,0,1779413404,1779413404,2026-05-22 08:30:04,2026-05-22 08:30:04,1,,,,6829,,1,0,658,526,132,0.0811749842072015,0.0157927984838913,0.0044219835754895,0.0006317119393556,0.0,0.0018951358180669,0.9772583701831964,0.0,0.0157927984838913,0.0025268477574226,0.103916614024005,1,0,,pilot_or_calibration_sample_exclude_from_test,0,,0
teamcrawl_v1,REC_011448,han,schema_4_basic,data/01_Raw_Data/02_Team_Crawled_Raw/Han/get_from_Han_legacy/posts_Theanh28_Entertainment.json,posts_Theanh28_Entertainment.json,205,1309791574669275,https://www.facebook.com/Theanh28/posts/1309791574669275,6aaa208fb2949d54,post_id:1309791574669275,Theanh28 Entertainment,Theanh28,https://www.facebook.com/Theanh28,0,0,0,,,đỉnh: lê quang liêm giành suất dự world cup thể thao điện tử hàng đầu thế giới - esports world cup 2026,103,22,T11. SPORT,T11,human_verified,manual_adjudicated,Han; Nhung; Yen,,pilot_400_final,,0.0,1035,92,0,2,0,0,4,0.0,1133,1133.0,1.0,1,1,ok,5,14,1,1,1,,,,,,,missing,missing,0,1779413786,1779413786,2026-05-22 08:36:26,2026-05-22 08:36:26,1,,,,1152,,1,0,98,96,2,0.0812003530450132,0.0,0.0017652250661959,0.0,0.0,0.0035304501323918,0.994704324801412,0.0,0.0,0.0035304501323918,0.086496028243601,1,0,,pilot_or_calibration_sample_exclude_from_test,0,,0
teamcrawl_v1,REC_011460,han,schema_4_basic,data/01_Raw_Data/02_Team_Crawled_Raw/Han/get_from_Han_legacy/posts_Theanh28_Entertainment.json,posts_Theanh28_Entertainment.json,217,1309642681350831,https://www.facebook.com/Theanh28/posts/1309642681350831,9a04d29d54735795,post_id:1309642681350831,Theanh28 Entertainment,Theanh28,https://www.facebook.com/Theanh28,0,0,0,,,"kết quả các trận đấu trong khuôn khổ vòng 37 tại la liga, ngoại hạng anh, serie a và vòng đấu cuối cùng của ligue 1 mùa giải 2025/26 diễn ra đêm qua cũng như rạng sáng nay bên cạnh sân cỏ châu âu, còn là những kết quả đầy bất ngờ và khó lường tại vòng 2 hpls13",261,59,T11. SPORT,T11,human_verified,manual_adjudicated,Han; Nhung; Yen,,pilot_400_final,,0.0,2382,16,4,0,0,0,0,0.0,2402,2402.0,1.0,1,1,ok,2,6,1,1,1,,,,,,,missing,missing,0,1779414159,1779414159,2026-05-22 08:42:39,2026-05-22 08:42:39,1,,,,2410,,1,0,20,16,4,0.0066611157368859,0.0016652789342214,0.0,0.0,0.0,0.0,0.9983347210657784,0.0,0.0016652789342214,0.0,0.0083263946711074,1,0,,pilot_or_calibration_sample_exclude_from_test,0,,0
teamcrawl_v1,REC_011469,han,schema_4_basic,data/01_Raw_Data/02_Team_Crawled_Raw/Han/get_from_Han_legacy/posts_Theanh28_Entertainment.json,posts_Theanh28_Entertainment.json,226,1309295368052229,https://www.facebook.com/Theanh28/posts/1309295368052229,01a28b9bb40f5874,post_id:1309295368052229,Theanh28 Entertainment,Theanh28,https://www.facebook.com/Theanh28,0,0,0,,,"ft: man utd 32 nottingham forest trận đấu cuối cùng trên sân nhà của man utd ở mùa giải năm nay, trận đấu cuốin cùng của casemiro tại nhà hát đã khép lại bằng thắng lợi 32 ngọt ngào dành cho quỷ đỏ sau rất nhiều nỗ lực và quyết tâm, bruno fernandes cũng đã có kiến tạo thứ 20 để cân bằng kỷ lục đang được nắm giữ bởi kevin de bruyne cùng thierry henry man utd chắc chắn kết thúc mùa giải ở vị trí thứ 3 nhờ vào thắng lợi vừa tạo ra",433,96,T11. SPORT,T11,human_verified,manual_adjudicated,Han; Nhung; Yen,,pilot_400_final,,0.0,2424,318,19,0,0,0,4,0.0,2765,2765.0,1.0,1,1,ok,23,217,1,1,1,,,,,,,missing,missing,0,1779414416,1779414416,2026-05-22 08:46:56,2026-05-22 08:46:56,1,,,,3005,,1,0,341,322,19,0.11500904159132,0.0068716094032549,0.0,0.0,0.0,0.0014466546112115,0.9916817359855334,0.0,0.0068716094032549,0.0014466546112115,0.1233273056057866,1,0,,pilot_or_calibration_sample_exclude_from_test,0,,0
teamcrawl_v1,REC_011472,han,schema_4_basic,data/01_Raw_Data/02_Team_Crawled_Raw/Han/get_from_Han_legacy/posts_Theanh28_Entertainment.json,posts_Theanh28_Entertainment.json,229,1309266978055068,https://www.facebook.com/Theanh28/posts/1309266978055068,45d01b684e3518e6,post_id:1309266978055068,Theanh28 Entertainment,Theanh28,https://www.facebook.com/Theanh28,0,0,0,,,vàoooooo!!! nottingham bất ngờ có bàn thắng gỡ hòa từ một pha không chiến. tỷ số được cân bằng 11 cho các vị khách,115,24,T11. SPORT,T11,human_verified,manual_adjudicated,Han; Nhung; Yen,,pilot_400_final,,0.0,335,5,25,0,0,0,0,0.0,365,365.0,1.0,1,1,ok,0,14,1,1,1,,,,,,,missing,missing,0,1779414572,1779414572,2026-05-22 08:49:32,2026-05-22 08:49:32,1,,,,379,,1,0,30,5,25,0.0136986301369863,0.0684931506849315,0.0,0.0,0.0,0.0,0.9315068493150684,0.0,0.0684931506849315,0.0,-0.0821917808219178,1,0,,pilot_or_calibration_sample_exclude_from_test,0,,0
teamcrawl_v1,REC_011478,han,schema_4_basic,data/01_Raw_Data/02_Team_Crawled_Raw/Han/get_from_Han_legacy/posts_Theanh28_Entertainment.json,posts_Theanh28_Entertainment.json,235,1309187231396376,https://www.facebook.com/Theanh28/posts/1309187231396376,66ea68118d9b3754,post_id:1309187231396376,Theanh28 Entertainment,Theanh28,https://www.facebook.com/Theanh28,0,0,0,,,"chính thức: đội hình xuất phát của man utd và nottingham forest ở trận đấu diễn ra lúc 18h30 tối nay casemiro đã trở lại với đội hình chính và đây cũng là lần cuối cùng anh xuất hiện trong màu áo đỏ thi đấu tại old trafford với bruno fernandes, anh sẽ tiếp tục hướng tới mục tiêu cân bằng 20 đường kiến tạo mà de bruyne cùng henry từng tạo ra trong quá khứ",356,76,T11. SPORT,T11,human_verified,manual_adjudicated,Han; Nhung; Yen,,pilot_400_final,,0.0,418,33,4,0,0,0,0,0.0,455,455.0,1.0,1,1,ok,1,25,1,1,1,,,,,,,missing,missing,0,1779414727,1779414727,2026-05-22 08:52:07,2026-05-22 08:52:07,1,,,,481,,1,0,37,33,4,0.0725274725274725,0.0087912087912087,0.0,0.0,0.0,0.0,0.9912087912087912,0.0,0.0087912087912087,0.0,0.0813186813186813,1,0,,pilot_or_calibration_sample_exclude_from_test,0,,0
teamcrawl_v1,REC_011489,han,schema_4_basic,data/01_Raw_Data/02_Team_Crawled_Raw/Han/get_from_Han_legacy/posts_Theanh28_Entertainment.json,posts_Theanh28_Entertainment.json,246,1309020208079745,https://www.facebook.com/Theanh28/posts/1309020208079745,a83c9799fe3ade8d,post_id:1309020208079745,Theanh28 Entertainment,Theanh28,https://www.facebook.com/Theanh28,0,0,0,,,ronaldo từ bỏ huy chương bạc khi vắng mặt ở lễ trao huy chương sau trận chung kết afc champions league two,106,22,T11. SPORT,T11,human_verified,manual_adjudicated,Han; Nhung; Yen,,pilot_400_final,,0.0,1634,10,573,4,8,0,0,0.0,2229,2229.0,1.0,1,1,ok,6,271,1,1,1,,,,,,,missing,missing,0,1779414953,1779414953,2026-05-22 08:55:53,2026-05-22 08:55:53,1,,,,2506,,1,0,595,10,585,0.0044863167339614,0.2570659488559892,0.0017945266935845,0.0035890533871691,0.0,0.0,0.7375504710632571,0.0,0.2570659488559892,0.0035890533871691,-0.2669358456707043,1,0,,pilot_or_calibration_sample_exclude_from_test,0,,0
teamcrawl_v1,REC_011513,han,schema_4_basic,data/01_Raw_Data/02_Team_Crawled_Raw/Han/get_from_Han_legacy/posts_Theanh28_Entertainment.json,posts_Theanh28_Entertainment.json,270,1308544961460603,https://www.facebook.com/Theanh28/posts/1308544961460603,92a8abd4c8de7a82,post_id:1308544961460603,Theanh28 Entertainment,Theanh28,https://www.facebook.com/Theanh28,0,0,0,,,"ft: man city 10 chelsea chính thức: man city trở thành nhà vô địch fa cup mùa giải 2025/26 thi đấu chủ động và sắc sảo hơn ở hiệp đấu thứ hai, man city rốt cuộc cũng đã có điều mình cần là bàn thắng nhờ công antoine semenyo chỉ một là đủ và chừng đó đủ giúp the citizens bước lên ngai vàng giải đấu, đồng thời có danh hiệu quốc nội thứ hai ở mùa bóng năm nay, sau cúp liên đoàn anh xin được chúc mừng thầy trò pep guardiola với chức vô địch mới sở hữu",452,100,T11. SPORT,T11,human_verified,manual_adjudicated,Han; Nhung; Yen,,pilot_400_final,,0.0,2428,245,174,0,5,4,6,0.0,2862,2862.0,1.0,1,1,ok,39,257,1,1,1,,,,,,,missing,missing,0,1779415638,1779415638,2026-05-22 09:07:18,2026-05-22 09:07:18,1,,,,3158,,1,0,434,251,183,0.0856044723969252,0.060796645702306,0.0,0.0017470300489168,0.0013976240391334,0.0020964360587002,0.9339622641509434,0.0013976240391334,0.060796645702306,0.003843466107617,0.1516422082459818,1,0,,pilot_or_calibration_sample_exclude_from_test,0,,0
teamcrawl_v1,REC_011523,han,schema_4_basic,data/01_Raw_Data/02_Team_Crawled_Raw/Han/get_from_Han_legacy/posts_Theanh28_Entertainment.json,posts_Theanh28_Entertainment.json,280,1308357861479313,https://www.facebook.com/Theanh28/posts/1308357861479313,7c3f39e7d1d28428,post_id:1308357861479313,Theanh28 Entertainment,Theanh28,https://www.facebook.com/Theanh28,0,0,0,,,"chính thức: barcelona xác nhận robert lewandowski rời clb sau mùa giải 2025/26 sau 4 mùa giải gắn bó, robert lewandowski sẽ chính thức rời barcelona khi mùa bóng 2025/26 kết thúc ở màu áo barcelona, lewandowski có 191 lần ra sân, tạo ra 119 bàn thắng và 24 đường kiến tạo anh sở hữu 3 la liga, 3 siêu cúp tbn và 1 cúp nhà vua tbn",329,68,T11. SPORT,T11,human_verified,manual_adjudicated,Han; Nhung; Yen,,pilot_400_final,,0.0,4124,438,10,0,307,0,19,0.0,4898,4898.0,1.0,1,1,ok,12,163,1,1,1,,,,,,,missing,missing,0,1779415917,1779415917,2026-05-22 09:11:57,2026-05-22 09:11:57,1,,,,5073,,1,0,774,457,317,0.0894242547978766,0.0020416496529195,0.0,0.0626786443446304,0.0,0.0038791343405471,0.9314005716619028,0.0,0.0020416496529195,0.0665577786851776,0.1580236831359738,1,0,,pilot_or_calibration_sample_exclude_from_test,0,,0
teamcrawl_v1,REC_011538,han,schema_4_basic,data/01_Raw_Data/02_Team_Crawled_Raw/Han/get_from_Han_legacy/posts_Theanh28_Entertainment.json,posts_Theanh28_Entertainment.json,295,1308118751503224,https://www.facebook.com/Theanh28/posts/1308118751503224,88aaad104d844e23,post_id:1308118751503224,Theanh28 Entertainment,Theanh28,https://www.facebook.com/Theanh28,0,0,0,,,tiktoker đào quang hà quyết định tu trí làm ăn lại...,53,11,T10. ARTS_CULTURE_ENTERTAINMENT_AND_MEDIA,T10,human_verified,manual_adjudicated,Han; Nhung; Yen,,pilot_400_final,,0.0,4200,27,1000,3,7,3,2,0.0,5242,5242.0,1.0,1,1,ok,7,180,1,1,1,,,,,,,missing,missing,0,1779416539,1779416539,2026-05-22 09:22:19,2026-05-22 09:22:19,1,,,,5429,,1,0,1042,29,1013,0.0051507058374666,0.1907668828691339,0.0005723006486074,0.0013353681800839,0.0005723006486074,0.0003815337657382,0.8063716138878291,0.0005723006486074,0.1907668828691339,0.0017169019458222,-0.1987790919496375,1,0,,pilot_or_calibration_sample_exclude_from_test,0,,0
teamcrawl_v1,REC_011541,han,schema_4_basic,data/01_Raw_Data/02_Team_Crawled_Raw/Han/get_from_Han_legacy/posts_Theanh28_Entertainment.json,posts_Theanh28_Entertainment.json,298,1308043001510799,https://www.facebook.com/Theanh28/posts/1308043001510799,d6f3776ba0f14b3b,post_id:1308043001510799,Theanh28 Entertainment,Theanh28,https://www.facebook.com/Theanh28,0,0,0,,,nỗi khổ không của riêng chị em nào. ăn xong tưởng có bầu 5 tháng không đó. cre: ngtunggg11,90,19,T15. LIFESTYLE_AND_LEISURE,T15,human_verified,manual_adjudicated,Han; Nhung; Yen,,pilot_400_final,,0.0,729,5,322,0,5,0,2,0.0,1063,1063.0,1.0,1,1,ok,24,91,1,1,1,,,,,,,missing,missing,0,1779416682,1779416682,2026-05-22 09:24:42,2026-05-22 09:24:42,1,,,,1178,,1,0,334,7,327,0.0047036688617121,0.3029162746942615,0.0,0.0047036688617121,0.0,0.0018814675446848,0.6904985888993415,0.0,0.3029162746942615,0.0065851364063969,-0.3142050799623706,1,0,,pilot_or_calibration_sample_exclude_from_test,0,,0
teamcrawl_v1,REC_011571,han,schema_4_basic,data/01_Raw_Data/02_Team_Crawled_Raw/Han/get_from_Han_legacy/posts_Theanh28_Entertainment.json,posts_Theanh28_Entertainment.json,328,1307455718236194,https://www.facebook.com/Theanh28/posts/1307455718236194,97dba6ae66026d64,post_id:1307455718236194,Theanh28 Entertainment,Theanh28,https://www.facebook.com/Theanh28,0,0,0,,,"bùi đình khánh nói trước tòa: ""cuộc chiến phòng chống matuy trong thời bình vẫn còn đổ máu, tất cả do những người như bị cáo đã gục ngã trước lợi nhuận""",153,32,T03. CRIME_LAW_AND_JUSTICE,T03,human_verified,manual_adjudicated,Han; Nhung; Yen,,pilot_400_final,,0.0,16133,140,176,24,30,15,9,0.0,16527,16527.0,1.0,1,1,ok,116,595,1,1,1,,,,,,,missing,missing,0,1779417907,1779417907,2026-05-22 09:45:07,2026-05-22 09:45:07,1,,,,17238,,1,0,394,149,245,0.0084709868699703,0.0106492406365341,0.0014521691777092,0.0018152114721365,0.0009076057360682,0.0005445634416409,0.9846312095359108,0.0009076057360682,0.0106492406365341,0.0023597749137774,-0.0238397773340594,1,0,,pilot_or_calibration_sample_exclude_from_test,0,,0
teamcrawl_v1,REC_011579,han,schema_4_basic,data/01_Raw_Data/02_Team_Crawled_Raw/Han/get_from_Han_legacy/posts_Theanh28_Entertainment.json,posts_Theanh28_Entertainment.json,336,1307363121578787,https://www.facebook.com/Theanh28/posts/1307363121578787,c2e4a354af5b9828,post_id:1307363121578787,Theanh28 Entertainment,Theanh28,https://www.facebook.com/Theanh28,0,0,0,,,elon musk: 'con trai tôi đang học tiếng trung quốc',51,10,T10. ARTS_CULTURE_ENTERTAINMENT_AND_MEDIA,T10,human_verified,manual_adjudicated,Han; Nhung; Yen,,pilot_400_final,,0.0,4099,50,741,16,0,0,6,0.0,4912,4912.0,1.0,1,1,ok,167,111,1,1,1,,,,,,,missing,missing,0,1779418360,1779418360,2026-05-22 09:52:40,2026-05-22 09:52:40,1,,,,5190,,1,0,813,56,757,0.0101791530944625,0.1508550488599348,0.003257328990228,0.0,0.0,0.0012214983713355,0.8446661237785016,0.0,0.1508550488599348,0.0012214983713355,-0.1655130293159609,1,0,,pilot_or_calibration_sample_exclude_from_test,0,,0
teamcrawl_v1,REC_011591,han,schema_4_basic,data/01_Raw_Data/02_Team_Crawled_Raw/Han/get_from_Han_legacy/posts_Theanh28_Entertainment.json,posts_Theanh28_Entertainment.json,348,1307235174924915,https://www.facebook.com/Theanh28/posts/1307235174924915,b756f45bc4b8e769,post_id:1307235174924915,Theanh28 Entertainment,Theanh28,https://www.facebook.com/Theanh28,0,0,0,,,"nói thật là lâu lắm rồi mới thấy 1 phim star wars được ra rạp kể từ sau 2017 nghe tựa chiến tranh giữa các vì sao cái là lại hoài niệm ký ức hồi nhỏ đi thuê đĩa về nhà xem cùng đám bạn rồi ảo tưởng sức mạnh là jedi dùng kiếm ánh sáng và thần lực đi thách đấu khắp thiên hà lần trở lại này của star wars với phần phim mandalorian và grogu cũng kiểu dễ coi, dễ hiểu, không cần nhớ quá nhiều nhân vật hay kiến thức gì phức tạp. nếu chưa từng cày hết chiến tranh các vì sao thì vẫn có thể xem phim ngon lành luôn. chỉ cần biết đây là hành trình của một ông thợ săn tiền thưởng lạnh lùng thiện chiến cấp vũ trụ và ổng phải làm bố của một bé “yoda” xanh lá mini siêu đáng yêu là đủ phim mandalorian và grogu cũng có đủ mọi yếu tố tuyệt đối điện ảnh, tuyệt đối visual đạt chứng nhận bom tấn mùa hè: từ tàu vũ trụ bắn nhau, quái vật, hành tinh lạ, robot, thần lực,... đủ sức đáp ứng gu xem của mọi lứa tuổi chưa kể, phim còn được đạo diễn bởi jon favreau - người từng làm thành công 2 phần phim iron man và là fan cứng của star wars ngoài đời nữa. từ sau phim avatar 3 vào cuối năm rồi thì đây là phim thuộc thể loại action adventure chất lượng nhất đến từ hollywood tính từ đầu năm nay. trải nghiệm xem imax với các thể loại phim này phải gọi là uy tín. star wars: the mandalorian và grogu sẽ chính thức chiếu tại việt nam vào ngày 2205 này.",1335,294,T10. ARTS_CULTURE_ENTERTAINMENT_AND_MEDIA,T10,human_verified,manual_adjudicated,Han; Nhung; Yen,,pilot_100_final,,0.0,3721,45,24,5,0,0,0,0.0,3795,3795.0,1.0,1,1,ok,12,61,1,1,1,,,,,,,missing,missing,0,1779419015,1779419015,2026-05-22 10:03:35,2026-05-22 10:03:35,1,,,,3868,,1,0,74,45,29,0.0118577075098814,0.0063241106719367,0.0013175230566534,0.0,0.0,0.0,0.9923583662714096,0.0,0.0063241106719367,0.0,0.0194993412384716,1,0,,pilot_or_calibration_sample_exclude_from_test,0,,0
teamcrawl_v1,REC_011606,han,schema_4_basic,data/01_Raw_Data/02_Team_Crawled_Raw/Han/get_from_Han_legacy/posts_Theanh28_Entertainment.json,posts_Theanh28_Entertainment.json,363,1307070491608050,https://www.facebook.com/Theanh28/posts/1307070491608050,f9404ee00395eb79,post_id:1307070491608050,Theanh28 Entertainment,Theanh28,https://www.facebook.com/Theanh28,0,0,0,,,"gala ""tổ quốc bình yên - hải phòng rực sáng”: bản hùng ca về thành phố cảng và người chiến sĩ công an",101,23,T10. ARTS_CULTURE_ENTERTAINMENT_AND_MEDIA,T10,human_verified,manual_adjudicated,Han; Nhung; Yen,,pilot_100_final,,0.0,484,34,2,0,0,0,0,0.0,520,520.0,1.0,1,1,ok,2,28,1,1,1,,,,,,,missing,missing,0,1779419867,1779419867,2026-05-22 10:17:47,2026-05-22 10:17:47,1,,,,550,,1,0,36,34,2,0.0653846153846153,0.0038461538461538,0.0,0.0,0.0,0.0,0.9961538461538462,0.0,0.0038461538461538,0.0,0.0692307692307692,1,0,,pilot_or_calibration_sample_exclude_from_test,0,,0
teamcrawl_v1,REC_011658,han,schema_4_basic,data/01_Raw_Data/02_Team_Crawled_Raw/Han/get_from_Han_legacy/posts_Theanh28_Entertainment.json,posts_Theanh28_Entertainment.json,415,1313484660966633,https://www.facebook.com/Theanh28/posts/1313484660966633,cfd082069f600eb2,post_id:1313484660966633,Theanh28 Entertainment,Theanh28,https://www.facebook.com/Theanh28,0,0,0,,,top nam ca sĩ mà cđm luôn tin tưởng,35,9,T10. ARTS_CULTURE_ENTERTAINMENT_AND_MEDIA,T10,human_verified,manual_adjudicated,Han; Nhung; Yen,,pilot_400_final,,0.0,5446,730,848,4,0,0,25,0.0,7053,7053.0,1.0,1,1,ok,120,632,1,1,1,,,,,,,missing,missing,0,1779516895,1779516895,2026-05-23 13:14:55,2026-05-23 13:14:55,1,,,,7805,,1,0,1607,755,852,0.1035020558627534,0.1202325251665957,0.0005671345526726,0.0,0.0,0.0035445909542038,0.8756557493265277,0.0,0.1202325251665957,0.0035445909542038,-0.2278463065362257,1,0,,pilot_or_calibration_sample_exclude_from_test,0,,0
teamcrawl_v1,REC_011703,han,schema_4_basic,data/01_Raw_Data/02_Team_Crawled_Raw/Han/get_from_Han_legacy/posts_Theanh28_Entertainment.json,posts_Theanh28_Entertainment.json,460,1316408077340958,https://www.facebook.com/Theanh28/posts/1316408077340958,e1281dbe910b4c70,post_id:1316408077340958,Theanh28 Entertainment,Theanh28,https://www.facebook.com/Theanh28,0,0,0,,,"chính thức: tây ban nha công bố đội hình tham dự world cup 2026 lamine yamal và nico williams góp mặt bên cạnh những ngôi sao như: pedri, olmo,... đáng chú ý, không một cầu thủ thật madrid nào xuất hiện trong danh sách",218,44,T11. SPORT,T11,human_verified,manual_adjudicated,Han; Nhung; Yen,,pilot_100_final,,0.0,3098,52,650,8,8,2,4,0.0,3822,3822.0,1.0,1,1,ok,13,285,1,1,1,,,,,,,missing,missing,0,1779736455,1779736455,2026-05-26 02:14:15,2026-05-26 02:14:15,1,,,,4120,,1,0,724,56,668,0.0136054421768707,0.1700680272108843,0.0020931449502878,0.0020931449502878,0.0005232862375719,0.0010465724751439,0.8241758241758241,0.0005232862375719,0.1700680272108843,0.0031397174254317,-0.1894296180010465,1,0,,pilot_or_calibration_sample_exclude_from_test,0,,0
teamcrawl_v1,REC_011727,han,schema_4_basic,data/01_Raw_Data/02_Team_Crawled_Raw/Han/get_from_Han_legacy/posts_Theanh28_Entertainment.json,posts_Theanh28_Entertainment.json,484,1316064170708682,https://www.facebook.com/Theanh28/posts/1316064170708682,383604072ac5ef7b,post_id:1316064170708682,Theanh28 Entertainment,Theanh28,https://www.facebook.com/Theanh28,0,0,0,,,"nhiều người dân cho biết sân nhà, thậm chí cửa kính bị nứt, vỡ dưới cái nóng khoảng 40 độ trưa qua tại miền bắc",111,25,T08. WEATHER,T08,human_verified,manual_adjudicated,Han; Nhung; Yen,,pilot_100_additional_final,,0.0,2529,11,19,38,53,0,0,0.0,2650,2650.0,1.0,1,1,ok,45,206,1,1,1,,,,,,,missing,missing,0,1779736694,1779736694,2026-05-26 02:18:14,2026-05-26 02:18:14,1,,,,2901,,1,0,121,11,110,0.0041509433962264,0.0071698113207547,0.0143396226415094,0.02,0.0,0.0,0.958490566037736,0.0,0.0071698113207547,0.02,-0.0456603773584905,1,0,,pilot_or_calibration_sample_exclude_from_test,0,,0
teamcrawl_v1,REC_011729,han,schema_4_basic,data/01_Raw_Data/02_Team_Crawled_Raw/Han/get_from_Han_legacy/posts_Theanh28_Entertainment.json,posts_Theanh28_Entertainment.json,486,1316028237378942,https://www.facebook.com/Theanh28/posts/1316028237378942,af298c035c8cb51f,post_id:1316028237378942,Theanh28 Entertainment,Theanh28,https://www.facebook.com/Theanh28,0,0,0,,,"phường thanh xuân vừa hoàn tất thu hồi hơn 39000m2 đất cho dự án vành đai 2,5 đoạn ngụy như kon tum - nguyễn trãi",114,25,T17. TRANSPORT_INFRASTRUCTURE,T17,human_verified,manual_adjudicated,Han; Nhung; Yen,,pilot_100_final,,0.0,464,8,0,3,0,0,0,0.0,475,475.0,1.0,1,1,ok,1,28,1,1,1,,,,,,,missing,missing,0,1779736708,1779736708,2026-05-26 02:18:28,2026-05-26 02:18:28,1,,,,504,,1,0,11,8,3,0.0168421052631578,0.0,0.0063157894736842,0.0,0.0,0.0,0.9936842105263158,0.0,0.0,0.0,0.0231578947368421,1,0,,pilot_or_calibration_sample_exclude_from_test,0,,0
teamcrawl_v1,REC_011771,han,schema_4_basic,data/01_Raw_Data/02_Team_Crawled_Raw/Han/get_from_Han_legacy/posts_Theanh28_Entertainment.json,posts_Theanh28_Entertainment.json,528,1315237957457970,https://www.facebook.com/Theanh28/posts/1315237957457970,5928dfa66fb1353c,post_id:1315237957457970,Theanh28 Entertainment,Theanh28,https://www.facebook.com/Theanh28,0,0,0,,,"cuộc đua vô địch đã ngã ngũ, cuộc đua dự cúp châu cũng hấp dẫn. nhưng có lẽ, đây mới là cuộc chiến căng thẳng và kịch tính bậc nhất vòng đấu cuối cùng của ngoại hạng anh với việc có nhiều hơn đối thủ 2 điểm, lại có hiệu số tốt hơn (-10 so với -22), tottenham hotspur chỉ cần không thua everton là chắc chắn trụ hạng trong khi đó, west ham phải thắng leeds và mong tottenham gục ngã trước everton đêm nay, london sẽ chứng kiến niềm vui với nước mắt chia nửa. theo bạn, đội bóng nào sẽ phải nối gói wolves cùng burnley xuống hạng?",528,111,T11. SPORT,T11,human_verified,manual_adjudicated,Han; Nhung; Yen,,pilot_100_final,,0.0,1097,10,128,0,0,0,0,0.0,1235,1235.0,1.0,1,1,ok,2,107,1,1,1,,,,,,,missing,missing,0,1779737193,1779737193,2026-05-26 02:26:33,2026-05-26 02:26:33,1,,,,1344,,1,0,138,10,128,0.0080971659919028,0.1036437246963562,0.0,0.0,0.0,0.0,0.8963562753036437,0.0,0.1036437246963562,0.0,-0.1117408906882591,1,0,,pilot_or_calibration_sample_exclude_from_test,0,,0
teamcrawl_v1,REC_011782,han,schema_4_basic,data/01_Raw_Data/02_Team_Crawled_Raw/Han/get_from_Han_legacy/posts_Theanh28_Entertainment.json,posts_Theanh28_Entertainment.json,539,1315104250804674,https://www.facebook.com/Theanh28/posts/1315104250804674,2ebcc68c9130a439,post_id:1315104250804674,Theanh28 Entertainment,Theanh28,https://www.facebook.com/Theanh28,0,0,0,,,hồ sơ mật mới nhất hé lộ cuộc chạm trán giữa ufo với 13 chiến đấu cơ,68,17,T06. SCIENCE_AND_TECHNOLOGY,T06,human_verified,manual_adjudicated,Han; Nhung; Yen,,pilot_400_final,,0.0,1020,9,20,4,0,0,0,0.0,1053,1053.0,1.0,1,1,ok,15,60,1,1,1,,,,,,,missing,missing,0,1779737333,1779737333,2026-05-26 02:28:53,2026-05-26 02:28:53,1,,,,1128,,1,0,33,9,24,0.0085470085470085,0.0189933523266856,0.0037986704653371,0.0,0.0,0.0,0.9772079772079773,0.0,0.0189933523266856,0.0,-0.0313390313390313,1,0,,pilot_or_calibration_sample_exclude_from_test,0,,0
teamcrawl_v1,REC_011812,han,schema_4_basic,data/01_Raw_Data/02_Team_Crawled_Raw/Han/get_from_Han_legacy/posts_nguoilaodong.json,posts_nguoilaodong.json,12,1547529016739440,https://www.facebook.com/nguoilaodong/posts/1547529016739440,e19e3b66aa8dc86a,post_id:1547529016739440,Người Lao Động,nguoilaodong,https://www.facebook.com/nguoilaodong,759000,759000,1,,,lãnh đạo tỉnh vĩnh long đã đến khảo sát vườn chim của ông hai chìa và yêu cầu xử lý nghiêm các trường hợp săn bắt chim trái phép,128,29,T07. ENVIRONMENT,T07,human_verified,manual_adjudicated,Han; Nhung; Yen,,pilot_400_final,,0.0,577,24,2,0,0,0,2,0.0,605,605.0,1.0,1,1,ok,8,20,1,1,1,,,,,,,missing,missing,0,1779792235,1779792235,2026-05-26 17:43:55,2026-05-26 17:43:55,1,0.0007971014492753,1.0540184453227932e-05,2.635046113306983e-05,633,0.0008339920948616,1,0,28,26,2,0.0396694214876033,0.0033057851239669,0.0,0.0,0.0,0.0033057851239669,0.993388429752066,0.0,0.0033057851239669,0.0033057851239669,0.0462809917355371,1,1,,pilot_or_calibration_sample_exclude_from_test,0,,1
teamcrawl_v1,REC_011835,han,schema_4_basic,data/01_Raw_Data/02_Team_Crawled_Raw/Han/get_from_Han_legacy/posts_nguoilaodong.json,posts_nguoilaodong.json,35,1545665736925768,https://www.facebook.com/nguoilaodong/posts/1545665736925768,0b2d47996991a96d,post_id:1545665736925768,Người Lao Động,nguoilaodong,https://www.facebook.com/nguoilaodong,759000,759000,1,,,diễn biến mới vụ cán bộ thuế nhận 100 triệu đồng của giám đốc doanh nghiệp,74,16,T03. CRIME_LAW_AND_JUSTICE,T03,human_verified,manual_adjudicated,Han; Nhung; Yen,,pilot_100_additional_final,,0.0,263,3,10,0,0,0,0,0.0,276,276.0,1.0,1,1,ok,7,8,1,1,1,,,,,,,missing,missing,0,1779792599,1779792599,2026-05-26 17:49:59,2026-05-26 17:49:59,1,0.0003636363636363,9.22266139657444e-06,1.0540184453227932e-05,291,0.0003833992094861,1,0,13,3,10,0.0108695652173913,0.036231884057971,0.0,0.0,0.0,0.0,0.9637681159420288,0.0,0.036231884057971,0.0,-0.0471014492753623,1,1,,pilot_or_calibration_sample_exclude_from_test,0,,1
teamcrawl_v1,REC_011849,han,schema_4_basic,data/01_Raw_Data/02_Team_Crawled_Raw/Han/get_from_Han_legacy/posts_nguoilaodong.json,posts_nguoilaodong.json,49,1544723233686685,https://www.facebook.com/nguoilaodong/posts/1544723233686685,bad14eb7e656d617,post_id:1544723233686685,Người Lao Động,nguoilaodong,https://www.facebook.com/nguoilaodong,759000,759000,1,,,"sáng 225, tỉnh an giang và đặc khu phú quốc tổ chức ra quân cưỡng chế quy mô lớn, thu hồi hơn 15000 m2 đất công và đất quốc phòng bị bao chiếm trái phép",154,35,T03. CRIME_LAW_AND_JUSTICE,T03,human_verified,manual_adjudicated,Han; Nhung; Yen,,pilot_100_additional_final,,0.0,467,6,8,6,0,0,0,0.0,487,487.0,1.0,1,1,ok,18,24,1,1,1,,,,,,,missing,missing,0,1779794715,1779794715,2026-05-26 18:25:15,2026-05-26 18:25:15,1,0.0006416337285902,2.3715415019762845e-05,3.162055335968379e-05,529,0.0006969696969696,1,0,20,6,14,0.0123203285420944,0.0164271047227926,0.0123203285420944,0.0,0.0,0.0,0.971252566735113,0.0,0.0164271047227926,0.0,-0.0410677618069815,1,1,,pilot_or_calibration_sample_exclude_from_test,0,,1
teamcrawl_v1,REC_011900,han,schema_4_basic,data/01_Raw_Data/02_Team_Crawled_Raw/Han/get_from_Han_legacy/posts_nguoilaodong.json,posts_nguoilaodong.json,100,1538628180962857,https://www.facebook.com/nguoilaodong/posts/1538628180962857,f4d6fb672ef2ec79,post_id:1538628180962857,Người Lao Động,nguoilaodong,https://www.facebook.com/nguoilaodong,759000,759000,1,,,bất ngờ với hình ảnh ngày đầu tiên vận hành làn đảo chiều trên đường cộng hòa,77,17,T17. TRANSPORT_INFRASTRUCTURE,T17,human_verified,manual_adjudicated,Han; Nhung; Yen,,pilot_400_final,,0.0,92,0,3,0,0,0,0,0.0,95,95.0,1.0,1,1,ok,1,7,1,1,1,,,,,,,missing,missing,0,1779797764,1779797764,2026-05-26 19:16:04,2026-05-26 19:16:04,1,0.000125164690382,1.3175230566534915e-06,9.22266139657444e-06,103,0.0001357048748353,1,0,3,0,3,0.0,0.031578947368421,0.0,0.0,0.0,0.0,0.968421052631579,0.0,0.031578947368421,0.0,-0.031578947368421,1,1,,pilot_or_calibration_sample_exclude_from_test,0,,1
teamcrawl_v1,REC_011970,han,schema_4_basic,data/01_Raw_Data/02_Team_Crawled_Raw/Han/get_from_Han_legacy/posts_Đài_Phát_Thanh.json,posts_Đài_Phát_Thanh.json,47,1562104578615258,https://www.facebook.com/daiphatthanh.sound/posts/1562104578615258,b9487fc3cdbec0e3,post_id:1562104578615258,Đài Phát Thanh.,daiphatthanh.sound,https://www.facebook.com/daiphatthanh.sound,4400000,4400000,1,,,"an trần: “đằng sau một bài hát hay, một buổi diễn thành công hay một nghệ sĩ tỏa sáng là cả một hệ sinh thái rộng lớn của sáng tạo, công nghệ, kinh doanh và chiến lược.” sau 8 năm học tập tại mỹ, an trần vừa chia sẻ khoảnh khắc tốt nghiệp tại berklee college of music với chuyên ngành music production engineering & electronic production design cùng minor về music business of live music. đồng thời cho biết cô sẽ chuyển đến los angeles vào tháng 9 để tiếp tục theo đuổi công việc sản xuất âm nhạc, sound design và giảng dạy chuyên môn. an trần chia sẻ: “music production engineering & electronic production design, with a minor in music business of live music lĩu lưỡi mỗi lần đọc tên bằng và giải thích cho những người thắc mắc tên bằng đại học của an. trước khi vào berklee, an cứ nghĩ là mình sẽ học saxophone cho thật giỏi và trở thành một nữ saxophone thật ngầu trên sân khấu, khi ấy - âm nhạc chỉ là kỹ thuật, là cảm xúc, là ánh đèn sân khấu và khoảnh khắc được chơi hết mình với ban nhạc, nhưng berklee đã hoàn toàn khiến cho an trần thay đổi toàn bộ về góc nhìn về âm nhạc cũng như là ngành giải trí nghệ thuật. an đã học được nhận ra rằng đằng sau một bài hát hay, một buổi diễn thành công hay một nghệ sĩ tỏa sáng là cả một hệ sinh thái rộng lớn của sáng tạo, công nghệ, kinh doanh và chiến lược. âm nhạc không chỉ nằm ở nốt nhạc hay và lời nhạc ý nghĩa mà còn nằm ở cách âm thanh được thiết kế, cách cảm xúc được dẫn dắt qua cách hoà âm phối khí, mixing mastering, cách nghệ sĩ xây dựng hình ảnh, và cách kết nối với khán giả. từ một người chỉ muốn chơi nhạc thật hay, an bắt đầu tò mò về việc làm sao để tạo ra cả một thế giới âm thanh. an đã quyết định học về sản xuất âm nhạc và thiết kế âm thanh điện tử vì an tìm thấy bản thân mình bằng việc tìm tòi và học hỏi hệ sinh thái âm nhạc nói chung và sức mạnh âm nhạc nói riêng. gần đây an rất may mắn khi nhận được giải thưởng producer của năm do career center của trường berklee trao. và được chính berklee billboard 100 club mời đến host masterclass ngay tại trường, để chia sẻ những kinh nghiệm quý báu mà an đã học được. và rất vinh dự khi được mời biểu diễn phần solo saxophone cho đêm tốt nghiệp; biểu diễn tribute cho jacob collier, jill scott và vinnie. phải cảm ơn berklee rất nhiều vì những cơ hội biểu diễn, cơ hội làm việc, cơ hội gặp gỡ, cơ hội học tập và những những người bạn bè, những người thầy cô mà an đã gặp. tháng 9 này an trần sẽ chuyển sang los angeles để sống và làm việc, tiếp tục con đường đi tìm bản thân và tình yêu với đối với âm nhạc. an sẽ tiếp tục con đường giảng dạy về sản xuất âm nhạc chuyên nghiệp. 1 năm vừa qua an tập trung làm nhạc phim, làm sound design cho game, thu âm và sản xuất, cũng như là hòa âm phối khí cho nhiều bạn học cùng trường cũng như là các đối tác. cảm ơn bố mẹ, gia đình, bạn bè các thầy cô và những người yêu mến yêu thương an đã luôn ủng hộ và động viên an! follow instagram và tiktok của an (antransax) để theo dõi hành trình âm nhạc này nhé!!!“",2969,634,T10. ARTS_CULTURE_ENTERTAINMENT_AND_MEDIA,T10,human_verified,manual_adjudicated,Han; Nhung; Yen,,pilot_400_final,,0.0,522,197,0,0,0,0,7,0.0,726,726.0,1.0,1,1,ok,14,20,1,1,1,,,,,,,missing,missing,0,1779801182,1779801182,2026-05-26 20:13:02,2026-05-26 20:13:02,1,0.000165,3.1818181818181817e-06,4.5454545454545455e-06,760,0.0001727272727272,1,0,204,204,0,0.2713498622589532,0.0,0.0,0.0,0.0,0.0096418732782369,0.990358126721763,0.0,0.0,0.0096418732782369,0.2809917355371901,1,1,,pilot_or_calibration_sample_exclude_from_test,0,,1
teamcrawl_v1,REC_012041,han,schema_4_basic,data/01_Raw_Data/02_Team_Crawled_Raw/Han/get_from_Han_legacy/posts_Đài_Phát_Thanh.json,posts_Đài_Phát_Thanh.json,118,1553812672777782,https://www.facebook.com/daiphatthanh.sound/posts/1553812672777782,030423d093af8625,post_id:1553812672777782,Đài Phát Thanh.,daiphatthanh.sound,https://www.facebook.com/daiphatthanh.sound,4400000,4400000,1,,,"trong giới điện ảnh hàn quốc, ji chang wook từ lâu đã nổi danh là một ""ngôi sao hành động"" thực thụ khi luôn ưu tiên tự mình thực hiện các phân cảnh nguy hiểm. tuy nhiên, đằng sau những thước phim đẹp mắt đó là một ""sự thật"" hài hước vừa được nam diễn viên tiết lộ. trong một buổi chia sẻ gần đây, khi đạo diễn hết lời khen ngợi vì hiếm có diễn viên nào lại hạn chế dùng người đóng thế như anh, ji chang wook đã khiến cả trường quay bật cười với gương mặt ""mếu máo"". anh đính chính rằng việc mình tự lăn xả trên phim trường không hoàn toàn là vì... tự nguyện. ""không phải em không dùng đóng thế đâu, mà là họ cứ bắt em tự làm suốt..."" – nam tài tử hài hước chia sẻ về ""nỗi khổ"" của mình. theo lời kể của anh, mỗi khi có cảnh khó, phía êkíp sản xuất thường dùng chiêu bài ""thao túng tâm lý"" bằng những lời khen có cánh. đạo diễn mô phỏng lại cách đạo diễn võ thuật thuyết phục anh: ""a~ quả nhiên là ji chang wook! cậu đúng là việc gì cũng làm được, cậu tự làm một mình là tốt nhất rồi!"". kết quả là nam diễn viên lại phải tiếp tục tự mình thực hiện những pha hành động nghẹt thở mà không thể chối từ. ji chang wook khiêm tốn cho rằng các động tác mình thực hiện thực ra không có gì quá phức tạp. ngay lập tức, vị đạo diễn đã phải lên tiếng ""bóc phốt"" sự khiêm tốn quá đà này: ""cõng một người trên lưng... rồi thực hiện cú đá... cùng lúc vừa chiến đấu vừa cõng người mà cậu bảo là không khó mấy sao?"" đáp lại sự ngỡ ngàng của mọi người, ""nam thần"" hành động chỉ biết cười trừ. dù luôn miệng ""than thở"" về việc bị bắt làm việc quá sức, nhưng sự thật là khán giả chưa bao giờ thấy ji chang wook từ chối bất kỳ thử thách khó khăn nào trên phim trường.",1647,360,T10. ARTS_CULTURE_ENTERTAINMENT_AND_MEDIA,T10,human_verified,manual_adjudicated,Han; Nhung; Yen,,pilot_100_additional_final,,0.0,916,126,40,0,0,0,7,0.0,1089,1089.0,1.0,1,1,ok,5,47,1,1,1,,,,,,,missing,missing,0,1779802517,1779802517,2026-05-26 20:35:17,2026-05-26 20:35:17,1,0.0002475,1.1363636363636364e-06,1.068181818181818e-05,1141,0.0002593181818181,1,0,173,133,40,0.1157024793388429,0.0367309458218549,0.0,0.0,0.0,0.0064279155188246,0.9568411386593204,0.0,0.0367309458218549,0.0064279155188246,0.1588613406795225,1,1,,pilot_or_calibration_sample_exclude_from_test,0,,1
teamcrawl_v1,REC_012046,han,schema_4_basic,data/01_Raw_Data/02_Team_Crawled_Raw/Han/get_from_Han_legacy/posts_Đài_Phát_Thanh.json,posts_Đài_Phát_Thanh.json,123,1552404826251900,https://www.facebook.com/daiphatthanh.sound/posts/1552404826251900,76d952b08b5d27f2,post_id:1552404826251900,Đài Phát Thanh.,daiphatthanh.sound,https://www.facebook.com/daiphatthanh.sound,4400000,4400000,1,,,"sau những giông bão, bóng ma hạnh phúc đã kết thúc với một nốt lặng suy ngẫm. nhân vật hoàng dũng, sau những sai lầm nối tiếp, cuối cùng đã hành động để sửa sai bằng cách tước đi mọi lợi thế của trang ngay khi màn kịch mang thai giả hạ màn. sự điên cuồng của trang ở cuối phim – từ cái ch*t của người cha đến âm mưu phóng hỏa – là cái giá đắt cho những toan tính mù quáng. tuy nhiên, điều đọng lại sâu sắc nhất chính là sự lựa chọn của mai. cô chọn tha thứ nhưng không quay lại. hình ảnh mai chăm sóc trang ở bệnh viện trước khi tuyên bố ""đừng bao giờ gặp lại"" cho thấy sức mạnh của sự tử tế. cuộc hôn nhân đầy rẫy vết thương không thể hàn gắn ấy, qua cái nhìn của mai, lại trở thành động lực giúp cô tìm thấy phiên bản mạnh mẽ hơn của chính mình. cô biết ơn quá khứ vì đã cho cô những đứa con tuyệt vời và mở ra một cuộc đời mới, nơi cô có thể tự do mưu cầu một hạnh phúc viên mãn thực sự.",890,203,T10. ARTS_CULTURE_ENTERTAINMENT_AND_MEDIA,T10,human_verified,manual_adjudicated,Han; Nhung; Yen,,pilot_400_final,,0.0,1421,33,283,3,9,0,3,0.0,1752,1752.0,1.0,1,1,ok,27,124,1,1,1,,,,,,,missing,missing,0,1779802642,1779802642,2026-05-26 20:37:22,2026-05-26 20:37:22,1,0.0003981818181818,6.136363636363636e-06,2.818181818181818e-05,1903,0.0004325,1,0,331,36,295,0.0188356164383561,0.1615296803652968,0.0017123287671232,0.0051369863013698,0.0,0.0017123287671232,0.8299086757990868,0.0,0.1615296803652968,0.0068493150684931,-0.1889269406392694,1,1,,pilot_or_calibration_sample_exclude_from_test,0,,1
teamcrawl_v1,REC_012088,han,schema_4_basic,data/01_Raw_Data/02_Team_Crawled_Raw/Han/get_from_Han_legacy/posts_Đài_Phát_Thanh.json,posts_Đài_Phát_Thanh.json,165,1549671749858541,https://www.facebook.com/daiphatthanh.sound/posts/1549671749858541,5f854710ae630aba,post_id:1549671749858541,Đài Phát Thanh.,daiphatthanh.sound,https://www.facebook.com/daiphatthanh.sound,4400000,4400000,1,,,"sau khi bà trần lệ hoa qua đời, nghệ sĩ trì trọng thụy đã gây bất ngờ khi chính thức từ chối thừa kế khối tài sản khổng lồ trị giá khoảng 6,7 tỉ usd từ người vợ quá cố. dù là người thừa kế hợp pháp theo quy định, nam diễn viên ""tây du ký"" đã ký văn bản tự nguyện từ bỏ mọi quyền lợi đối với hệ thống kinh doanh, cổ phần và bất động sản. tài sản duy nhất ông nhận là quyền quản lý trọn đời bảo tàng gỗ đàn hương trung quốc. ông chia sẻ rằng bảo tàng là tâm huyết chung của hai vợ chồng và muốn bảo tồn nó như một di sản văn hóa thay vì tài sản cá nhân. quyết định này đập tan những bình luận tiêu cực và hoài nghi từ dư luận suốt nhiều năm qua. thực tế, từ năm 2017, ông từng khẳng định kết hôn vì tình cảm chứ không phải tiền bạc - ""tôi cưới cô ấy vì con người, không phải vì tiền"". hiện tại, ""đường tăng"" chọn cuộc sống kín tiếng, dành trọn thời gian để tiếp quản công việc tại bảo tàng.",888,201,T10. ARTS_CULTURE_ENTERTAINMENT_AND_MEDIA,T10,human_verified,manual_adjudicated,Han; Nhung; Yen,,pilot_400_final,,0.0,1457,279,7,5,3,0,9,0.0,1760,1760.0,1.0,1,1,ok,15,42,1,1,1,,,,,,,missing,missing,0,1779807707,1779807707,2026-05-26 22:01:47,2026-05-26 22:01:47,1,0.0004,3.409090909090909e-06,9.545454545454543e-06,1817,0.0004129545454545,1,0,303,288,15,0.1585227272727272,0.0039772727272727,0.002840909090909,0.0017045454545454,0.0,0.0051136363636363,0.9863636363636364,0.0,0.0039772727272727,0.0068181818181818,0.1721590909090909,1,1,,pilot_or_calibration_sample_exclude_from_test,0,,1
teamcrawl_v1,REC_012119,han,schema_4_basic,data/01_Raw_Data/02_Team_Crawled_Raw/Han/get_from_Han_legacy/posts_Đài_Phát_Thanh.json,posts_Đài_Phát_Thanh.json,196,1545100290315687,https://www.facebook.com/daiphatthanh.sound/posts/1545100290315687,e85814caabd5764a,post_id:1545100290315687,Đài Phát Thanh.,daiphatthanh.sound,https://www.facebook.com/daiphatthanh.sound,4400000,4400000,1,,,"những khoảnh khắc của màn trình diễn pháo hoa kỷ niệm 51 năm ngày giải phóng miền nam, thống nhất đất nước 30/04 tối nay ảnh: phạm thế hiển",139,29,T10. ARTS_CULTURE_ENTERTAINMENT_AND_MEDIA,T10,human_verified,manual_adjudicated,Han; Nhung; Yen,,pilot_100_additional_final,,0.0,1122,645,4,2,0,0,13,0.0,1786,1786.0,1.0,1,1,ok,55,15,1,1,1,,,,,,,missing,missing,0,1779808317,1779808317,2026-05-26 22:11:57,2026-05-26 22:11:57,1,0.000405909090909,1.25e-05,3.409090909090909e-06,1856,0.0004218181818181,1,0,664,658,6,0.3611422172452407,0.0022396416573348,0.0011198208286674,0.0,0.0,0.0072788353863381,0.9893617021276596,0.0,0.0022396416573348,0.0072788353863381,0.3717805151175812,1,1,,pilot_or_calibration_sample_exclude_from_test,0,,1
teamcrawl_v1,REC_012127,han,schema_4_basic,data/01_Raw_Data/02_Team_Crawled_Raw/Han/get_from_Han_legacy/posts_Đài_Phát_Thanh.json,posts_Đài_Phát_Thanh.json,204,1543430100482706,https://www.facebook.com/daiphatthanh.sound/posts/1543430100482706,8cf0334d89940dbd,post_id:1543430100482706,Đài Phát Thanh.,daiphatthanh.sound,https://www.facebook.com/daiphatthanh.sound,4400000,4400000,1,,,"trong buổi phỏng vấn độc quyền với elle, billie eilish đã bóc tách lớp màn bí ẩn về phong cách thời trang ""baggy"" đặc trưng. những bộ trang phục rộng thùng thình từng là ""lá chắn"" giúp cô đối diện với những thương tổn sâu sắc bên trong. nữ ca sĩ không ngần ngại nhắc lại quá khứ đầy ám ảnh về hình thể và những đấu tranh tư tưởng về giới: “tôi không phải là người đầu tiên mặc quần áo rộng thùng thình. tôi từng có một mối quan hệ cực kỳ, cực kỳ độc hại với cơ thể mình; tôi đã gặp rất nhiều vấn đề về ăn uống. tôi nhớ mình đã mặc một chiếc áo phông lớn và cảm nhận được sự nhẹ nhõm mà nó mang lại. đồng thời, đó còn là tình yêu của tôi dành cho văn hóa hiphop và mong muốn được trở thành đàn ông. đây chính là sự định kiến về phụ nữ mà tất cả chúng ta đều có sẵn bên trong… đó là việc tôi không muốn bị nhìn nhận là nữ tính, và do đó bị coi là yếu đuối. điều đó không đúng. giờ đây, tôi đã tìm ra một cách tốt hơn để không còn cảm thấy như thế nữa.”",951,216,T10. ARTS_CULTURE_ENTERTAINMENT_AND_MEDIA,T10,human_verified,manual_adjudicated,Han; Nhung; Yen,,pilot_100_additional_final,,0.0,810,168,0,0,2,0,7,0.0,987,987.0,1.0,1,1,ok,21,7,1,1,1,,,,,,,missing,missing,0,1779808554,1779808554,2026-05-26 22:15:54,2026-05-26 22:15:54,1,0.0002243181818181,4.7727272727272725e-06,1.5909090909090908e-06,1015,0.0002306818181818,1,0,177,175,2,0.1702127659574468,0.0,0.0,0.0020263424518743,0.0,0.0070921985815602,0.9908814589665652,0.0,0.0,0.0091185410334346,0.1793313069908814,1,1,,pilot_or_calibration_sample_exclude_from_test,0,,1
teamcrawl_v1,REC_012179,han,schema_4_basic,data/01_Raw_Data/02_Team_Crawled_Raw/Han/get_from_Han_legacy/posts_Đài_Phát_Thanh.json,posts_Đài_Phát_Thanh.json,256,1536676711158045,https://www.facebook.com/daiphatthanh.sound/posts/1536676711158045,a0c9966c0ae06611,post_id:1536676711158045,Đài Phát Thanh.,daiphatthanh.sound,https://www.facebook.com/daiphatthanh.sound,4400000,4400000,1,,,"kiểm định khí thải xe máy sắp tới: những điều người dùng xe xăng cần lưu ý quy định kiểm định khí thải với xe máy từ 30/6/2026 đang khiến nhiều người lo lắng, đặc biệt là câu hỏi: xe mình có đạt chuẩn hay không? nếu nhìn kỹ hơn thì đây chưa phải là điều quá """"căng"""", chính sách này đưa ra chủ yếu nhằm kiểm soát nhóm xe cũ, những phương tiện đã sử dụng lâu năm, động cơ xuống cấp và phát thải cao. điều này đồng nghĩa, với đa số người dùng xe đời mới, áp lực không nằm ở việc “có đạt hay không”, mà đơn giản là giữ xe ở trạng thái vận hành tốt. khi động cơ ổn định, không hao xăng bất thường, không xả khói… thì việc vượt qua kiểm định khí thải không phải là bài toán quá khó. nên thay vì lo “có bị cấm không”, điều quan trọng hơn là xe của mình đang ở tình trạng như thế nào. còn với các dòng xe của honda từ khoảng năm 2017 trở lại đây thì câu chuyện nhẹ nhàng hơn nhiều vì toàn bộ đều đạt chuẩn euro 3 ngay từ khi xuất xưởng, nên nếu vẫn chạy ổn định, bảo dưỡng định kỳ thì việc đáp ứng mức khí thải yêu cầu là hoàn toàn khả thi. trong bối cảnh quy định ngày càng rõ ràng, câu chuyện cũng dần chuyển từ lo lắng sang chủ động thích nghi. và với một lượng lớn xe đời mới đang lưu hành hiện nay, người dùng hoàn toàn có thể yên tâm hơn. bởi ngay từ đầu, những chiếc xe này đã được thiết kế để đáp ứng các tiêu chuẩn khí thải chặt chẽ.",1335,296,T17. TRANSPORT_INFRASTRUCTURE,T17,human_verified,manual_adjudicated,Han; Nhung; Yen,,pilot_400_final,,0.0,4100,2,26,1100,3,5,0,0.0,5236,5236.0,1.0,1,1,ok,84,93,1,1,1,,,,,,,missing,missing,0,1779810243,1779810243,2026-05-26 22:44:03,2026-05-26 22:44:03,1,0.00119,1.909090909090909e-05,2.113636363636364e-05,5413,0.0012302272727272,1,0,1136,2,1134,0.0003819709702062,0.0049656226126814,0.2100840336134453,0.0005729564553093,0.0009549274255156,0.0,0.7834224598930482,0.0009549274255156,0.0049656226126814,0.0005729564553093,-0.2169595110771581,1,1,,pilot_or_calibration_sample_exclude_from_test,0,,1
teamcrawl_v1,REC_012212,han,schema_4_basic,data/01_Raw_Data/02_Team_Crawled_Raw/Han/get_from_Han_legacy/posts_Đài_Phát_Thanh.json,posts_Đài_Phát_Thanh.json,289,1533375228154860,https://www.facebook.com/daiphatthanh.sound/posts/1533375228154860,079f575fdefa0a5a,post_id:1533375228154860,Đài Phát Thanh.,daiphatthanh.sound,https://www.facebook.com/daiphatthanh.sound,4400000,4400000,1,,,"bốn “ông lớn” của ngành công nghiệp kpop gồm hybe, sm entertainment, jyp entertainment và yg entertainment đang tiến tới một bước hợp tác chưa từng có khi cùng thành lập công ty liên doanh nhằm tổ chức một siêu lễ hội âm nhạc toàn cầu mang tên “phenomenon”. dự án do park jin young khởi xướng, hiện đã bước vào giai đoạn triển khai chính thức sau khi các bên nộp hồ sơ xin phê duyệt lên cơ quan quản lý hàn quốc. theo kế hoạch, công ty liên doanh sẽ được góp vốn đồng đều giữa bốn đơn vị, tập trung phát triển mảng tổ chức biểu diễn quy mô lớn, với “phenomenon” đóng vai trò là nền tảng trung tâm. không chỉ dừng lại ở một sự kiện đơn lẻ, “phenomenon” được định hướng trở thành một festival mang tính biểu tượng. lộ trình dự kiến cho thấy đại nhạc hội sẽ lần đầu diễn ra tại hàn quốc vào năm 2027, quy tụ nghệ sĩ từ cả bốn công ty, trước khi mở rộng thành chuỗi festival lưu diễn toàn cầu từ năm 2028. với cách tiếp cận này, dự án hướng tới việc xây dựng một ip biểu diễn bền vững, tận dụng sức mạnh fandom để tạo ra “hiện tượng” đúng như tên gọi. “phenomenon” được kỳ vọng sẽ trở thành đối trọng với các lễ hội lớn như coachella, giúp kpop thiết lập vị thế mới, đồng thời góp phần thúc đẩy ngành công nghiệp văn hóa và du lịch hàn quốc.",1239,259,T10. ARTS_CULTURE_ENTERTAINMENT_AND_MEDIA,T10,human_verified,manual_adjudicated,Han; Nhung; Yen,,pilot_100_additional_final,,0.0,1135,71,163,154,0,0,4,0.0,1527,1527.0,1.0,1,1,ok,32,108,1,1,1,,,,,,,missing,missing,0,1779811798,1779811798,2026-05-26 23:09:58,2026-05-26 23:09:58,1,0.0003470454545454,7.272727272727272e-06,2.4545454545454545e-05,1667,0.0003788636363636,1,0,392,75,317,0.0464963981663392,0.1067452521283562,0.1008513425016372,0.0,0.0,0.0026195153896529,0.7897838899803536,0.0,0.1067452521283562,0.0026195153896529,-0.2567125081859855,1,1,,pilot_or_calibration_sample_exclude_from_test,0,,1
teamcrawl_v1,REC_012215,han,schema_4_basic,data/01_Raw_Data/02_Team_Crawled_Raw/Han/get_from_Han_legacy/posts_Đài_Phát_Thanh.json,posts_Đài_Phát_Thanh.json,292,1532487821576934,https://www.facebook.com/daiphatthanh.sound/posts/1532487821576934,f5617478c3c33042,post_id:1532487821576934,Đài Phát Thanh.,daiphatthanh.sound,https://www.facebook.com/daiphatthanh.sound,4400000,4400000,1,,,"""sít rịt"" dàn lineup 'so hot' đổ bộ sao nhập ngũ concert 2026: hà anh tuấn, phan mạnh quỳnh, đông nhi, hòa minzy, nguyễn hùng, pháo, phương mỹ chi, captain boy, kay trần, quốc thiên, dương hoàng yến, vũ thảo my, muộii, hậu hoàng, hải đăng doo, chi pu, hương giang, anh tú, lyly, double2t, vũ thảo my, và còn nhiều sít rịt khác sẽ được bật mí sắp tới. bảo sao 5 phút mở bán chính thức đã soldout 4 hạng vé. hẹn gặp mọi người 09052026 tại trường đua f1 - khu liên hợp thể thao mỹ đình, từ liêm, hà nội.",548,107,T10. ARTS_CULTURE_ENTERTAINMENT_AND_MEDIA,T10,human_verified,manual_adjudicated,Han; Nhung; Yen,,pilot_100_additional_final,,0.0,1137,394,0,332,0,0,267,0.0,2130,2130.0,1.0,1,1,ok,6,33,1,1,1,,,,,,,missing,missing,0,1779812060,1779812060,2026-05-26 23:14:20,2026-05-26 23:14:20,1,0.0004840909090909,1.3636363636363636e-06,7.5e-06,2169,0.0004929545454545,1,0,993,661,332,0.1849765258215962,0.0,0.1558685446009389,0.0,0.0,0.1253521126760563,0.7187793427230047,0.0,0.0,0.1253521126760563,0.4661971830985915,1,1,,pilot_or_calibration_sample_exclude_from_test,0,,1
teamcrawl_v1,REC_012271,han,schema_4_basic,data/01_Raw_Data/02_Team_Crawled_Raw/Han/get_from_Han_legacy/posts_Đài_Phát_Thanh.json,posts_Đài_Phát_Thanh.json,348,1526705062155210,https://www.facebook.com/daiphatthanh.sound/posts/1526705062155210,42f45cb0f8e877ba,post_id:1526705062155210,Đài Phát Thanh.,daiphatthanh.sound,https://www.facebook.com/daiphatthanh.sound,4400000,4400000,1,,,"bts vừa ra mắt 'hooligan' trong đêm, tiếp nối mv '20'",54,11,T10. ARTS_CULTURE_ENTERTAINMENT_AND_MEDIA,T10,human_verified,manual_adjudicated,Han; Nhung; Yen,,pilot_100_final,,0.0,1800,40,2500,11,13,0,10,0.0,4374,4374.0,1.0,1,1,ok,22,46,1,1,1,,,,,,,missing,missing,0,1779816521,1779816521,2026-05-27 00:28:41,2026-05-27 00:28:41,1,0.0009940909090909,5e-06,1.0454545454545457e-05,4442,0.0010095454545454,1,0,2574,50,2524,0.0091449474165523,0.5715592135345222,0.0025148605395518,0.0029721079103795,0.0,0.002286236854138,0.4206675811614083,0.0,0.5715592135345222,0.0052583447645176,-0.588477366255144,1,1,,pilot_or_calibration_sample_exclude_from_test,0,,1
teamcrawl_v1,REC_012314,han,schema_4_basic,data/01_Raw_Data/02_Team_Crawled_Raw/Han/get_from_Han_legacy/posts_Đài_Phát_Thanh.json,posts_Đài_Phát_Thanh.json,391,1523271379165245,https://www.facebook.com/daiphatthanh.sound/posts/1523271379165245,c9feffbdee1ba694,post_id:1523271379165245,Đài Phát Thanh.,daiphatthanh.sound,https://www.facebook.com/daiphatthanh.sound,4400000,4400000,1,,,"tháng 4/2026, mark lee chính thức rời sm entertainment và kết thúc hành trình 10 năm gắn bó cùng nct. với sự thay đổi này, nct 127 sẽ tiếp tục hoạt động với đội hình 7 thành viên và nct dream là 6 thành viên. trong bức thư tay, mark gửi lời tri ân đến công ty, đồng đội và cộng đồng czennie – những người đã đồng hành cùng anh từ những ngày đầu. mark chia sẻ rằng 10 năm qua là quãng thời gian hạnh phúc nhất cuộc đời mình. tuy nhiên, khi hợp đồng kết thúc, anh quyết định bước sang chương mới để ""lặn sâu"" vào giấc mơ âm nhạc riêng biệt và những đam mê cá nhân như viết lách, guitar acoustic vốn đã ấp ủ từ lâu.",612,133,T10. ARTS_CULTURE_ENTERTAINMENT_AND_MEDIA,T10,human_verified,manual_adjudicated,Han; Nhung; Yen,,pilot_100_final,,0.0,1470,192,2,6,720,0,25,0.0,2415,2415.0,1.0,1,1,ok,33,54,1,1,1,,,,,,,missing,missing,0,1779824415,1779824415,2026-05-27 02:40:15,2026-05-27 02:40:15,1,0.0005488636363636,7.5e-06,1.2272727272727273e-05,2502,0.0005686363636363,1,0,945,217,728,0.0795031055900621,0.0008281573498964,0.0024844720496894,0.2981366459627329,0.0,0.010351966873706,0.6881987577639752,0.0,0.0008281573498964,0.3084886128364389,-0.391304347826087,1,1,,pilot_or_calibration_sample_exclude_from_test,0,,1
teamcrawl_v1,REC_012319,han,schema_4_basic,data/01_Raw_Data/02_Team_Crawled_Raw/Han/get_from_Han_legacy/posts_Đài_Phát_Thanh.json,posts_Đài_Phát_Thanh.json,396,1522733992552317,https://www.facebook.com/daiphatthanh.sound/posts/1522733992552317,5a32eb85563f7d5e,post_id:1522733992552317,Đài Phát Thanh.,daiphatthanh.sound,https://www.facebook.com/daiphatthanh.sound,4400000,4400000,1,,,"tiệc sinh nhật lên 4 tuổi của nhỏ pam, năm nay ẻm đã lớn, đã hết khóc",69,17,T10. ARTS_CULTURE_ENTERTAINMENT_AND_MEDIA,T10,human_verified,manual_adjudicated,Han; Nhung; Yen,,pilot_400_final,,0.0,0,0,0,0,0,0,0,0.0,6900,0.0,0.0,1,1,sum_mismatch,10,20,1,1,1,,,,,,,missing,missing,0,1779824986,1779824986,2026-05-27 02:49:46,2026-05-27 02:49:46,1,0.0015681818181818,2.2727272727272728e-06,4.5454545454545455e-06,6930,0.001575,1,0,0,0,0,,,,,,,,,,,,0,0,,pilot_or_calibration_sample_exclude_from_test,0,,0
teamcrawl_v1,REC_012347,han,schema_4_basic,data/01_Raw_Data/02_Team_Crawled_Raw/Han/get_from_Han_legacy/posts_Đài_Phát_Thanh.json,posts_Đài_Phát_Thanh.json,424,1520156552810061,https://www.facebook.com/daiphatthanh.sound/posts/1520156552810061,945c3d2c9fc46e22,post_id:1520156552810061,Đài Phát Thanh.,daiphatthanh.sound,https://www.facebook.com/daiphatthanh.sound,4400000,4400000,1,,,"ngày 30/3, đại diện ubnd phường quy nhơn đông (gia lai) cho biết đã tiến hành kiểm tra, xác minh thông tin liên quan đến việc một nữ ca sĩ bị cho là có hành vi tắm tại khu vực giếng tiên, thuộc làng chài nhơn lý, nhằm xem xét và xử lý theo quy định hiện hành. theo thông tin từ địa phương, trước đây nhơn lý chưa được cấp nước máy, cũng không có giếng khoan, người dân chủ yếu sử dụng các giếng đào. sau mỗi lần đi biển hoặc lao động trên biển trở về, bà con thường lấy nước ngọt từ đây để xối rửa, làm sạch nước mặn trên cơ thể. khi hoạt động du lịch phát triển, khu vực này đã được đầu tư xây dựng kè đá và khoanh vùng mạch nước ngọt chảy quanh năm, vừa phục vụ sinh hoạt, vừa trở thành điểm tham quan cho du khách. tại đây từng đặt bảng thông tin kèm nội quy, trong đó cấm việc tắm trực tiếp trong giếng. tuy nhiên, bảng này đã bị sóng lớn đánh sập và chưa được khắc phục, nên có khả năng du khách, trong đó có nữ ca sĩ, không nắm được quy định. lãnh đạo địa phương cũng nhấn mạnh, nguồn nước tại giếng tiên chỉ được sử dụng để xối rửa sau khi tắm biển, không dùng cho mục đích ăn uống. trước đó, cùng ngày, mạng xã hội lan truyền nhiều hình ảnh được cho là của juky san checkin tại khu vực giếng tiên (thuộc danh thắng eo gió, gia lai), thu hút sự quan tâm và bàn luận từ cộng đồng mạng. theo: doãn công - báo dân trí",1322,289,T10. ARTS_CULTURE_ENTERTAINMENT_AND_MEDIA,T10,human_verified,manual_adjudicated,Han; Nhung; Yen,,pilot_100_additional_final,,0.0,0,0,0,0,0,0,0,0.0,5400,0.0,0.0,1,1,sum_mismatch,0,251,1,1,1,,,,,,,missing,missing,0,1779838085,1779838085,2026-05-27 06:28:05,2026-05-27 06:28:05,1,0.0012272727272727,0.0,5.704545454545455e-05,5651,0.0012843181818181,1,0,0,0,0,,,,,,,,,,,,0,0,,pilot_or_calibration_sample_exclude_from_test,0,,0
teamcrawl_v1,REC_012349,han,schema_4_basic,data/01_Raw_Data/02_Team_Crawled_Raw/Han/get_from_Han_legacy/posts_Đài_Phát_Thanh.json,posts_Đài_Phát_Thanh.json,426,1520041836154866,https://www.facebook.com/daiphatthanh.sound/posts/1520041836154866,8d8b2bf67efec098,post_id:1520041836154866,Đài Phát Thanh.,daiphatthanh.sound,https://www.facebook.com/daiphatthanh.sound,4400000,4400000,1,,,"juky san và êkíp vừa chính thức đưa ra lời xin lỗi sau những phản hồi tiêu cực từ cộng đồng mạng liên quan đến bộ ảnh chụp tại khu vực giếng tiên (eo gió), thuộc xã nhơn lý. phía nữ ca sĩ thừa nhận sai sót trong việc chọn bối cảnh mà không tìm hiểu kỹ các giá trị văn hóa, tín ngưỡng địa phương. đại diện êkíp giải trình rằng tại thời điểm tác nghiệp, họ không nhìn thấy biển báo hay chỉ dẫn về tính chất tôn nghiêm của địa điểm nên đã lầm tưởng đây là bối cảnh thiên nhiên thông thường. tuy nhiên, juky san khẳng định việc ""không biết"" không thể là lý do để trốn tránh trách nhiệm. cô coi đây là bài học đắt giá về sự cẩn trọng khi thực hiện các hoạt động quảng bá hình ảnh. ngay sau khi nhận góp ý, nữ ca sĩ đã gỡ bỏ toàn bộ hình ảnh không phù hợp trên các nền tảng mạng xã hội và cam kết sẽ tìm hiểu kỹ lưỡng hơn về văn hóa địa phương trong các dự án tương lai.",866,193,T10. ARTS_CULTURE_ENTERTAINMENT_AND_MEDIA,T10,human_verified,manual_adjudicated,Han; Nhung; Yen,,pilot_400_final,,0.0,2563,56,285,3,9,8,4,0.0,2928,2928.0,1.0,1,1,ok,0,299,1,1,1,,,,,,,missing,missing,0,1779838298,1779838298,2026-05-27 06:31:38,2026-05-27 06:31:38,1,0.0006654545454545,0.0,6.795454545454546e-05,3227,0.000733409090909,1,0,365,60,305,0.0191256830601092,0.0973360655737704,0.0010245901639344,0.0030737704918032,0.0027322404371584,0.0013661202185792,0.8944672131147541,0.0027322404371584,0.0973360655737704,0.0044398907103825,-0.1246584699453551,1,1,,pilot_or_calibration_sample_exclude_from_test,0,,1
teamcrawl_v1,REC_012369,nhung,schema_4_basic,data/01_Raw_Data/02_Team_Crawled_Raw/Nhung/get_from_Nhung_legacy/posts_Tuổi_Trẻ.json,posts_Tuổi_Trẻ.json,15,1329060626025054,https://www.facebook.com/baotuoitre/posts/1329060626025054,dd4c9bc7ebc42b2a,post_id:1329060626025054,Tuổi Trẻ,baotuoitre,https://www.facebook.com/baotuoitre,2900000,2900000,1,,,hà nội tính hỗ trợ tới 15 triệu đồng/tháng cho hộ dân chờ tái định cư,69,16,T12. SOCIETY,T12,human_verified,manual_adjudicated,Han; Nhung; Yen,,pilot_100_additional_final,,0.0,60,2,7,2,0,0,0,0.0,71,71.0,1.0,1,1,ok,0,1,1,1,1,,,,,,,missing,missing,0,1779214180,1779214180,2026-05-19 11:09:40,2026-05-19 11:09:40,1,2.448275862068965e-05,0.0,3.448275862068966e-07,72,2.482758620689656e-05,1,0,11,2,9,0.028169014084507,0.0985915492957746,0.028169014084507,0.0,0.0,0.0,0.8732394366197183,0.0,0.0985915492957746,0.0,-0.1549295774647887,1,1,,pilot_or_calibration_sample_exclude_from_test,0,,1
teamcrawl_v1,REC_012553,nhung,schema_4_basic,data/01_Raw_Data/02_Team_Crawled_Raw/Nhung/get_from_Nhung_legacy/posts_Tuổi_Trẻ.json,posts_Tuổi_Trẻ.json,199,1326334286297688,https://www.facebook.com/baotuoitre/posts/1326334286297688,264d02a3691f4998,post_id:1326334286297688,Tuổi Trẻ,baotuoitre,https://www.facebook.com/baotuoitre,2900000,2900000,1,,,"báo trung quốc: 'đội chúng ta mạnh nhất lịch sử, sẽ vô địch u17 châu á'",71,16,T11. SPORT,T11,human_verified,manual_adjudicated,Han; Nhung; Yen,,pilot_100_additional_final,,0.0,133,2,47,6,0,0,0,0.0,188,188.0,1.0,1,1,ok,0,1,1,1,1,,,,,,,missing,missing,0,1779218785,1779218785,2026-05-19 12:26:25,2026-05-19 12:26:25,1,6.482758620689655e-05,0.0,3.448275862068966e-07,189,6.517241379310345e-05,1,0,55,2,53,0.0106382978723404,0.25,0.0319148936170212,0.0,0.0,0.0,0.7180851063829787,0.0,0.25,0.0,-0.2925531914893617,1,1,,pilot_or_calibration_sample_exclude_from_test,0,,1
teamcrawl_v1,REC_012579,nhung,schema_4_basic,data/01_Raw_Data/02_Team_Crawled_Raw/Nhung/get_from_Nhung_legacy/posts_Tuổi_Trẻ.json,posts_Tuổi_Trẻ.json,225,1325821803015603,https://www.facebook.com/baotuoitre/posts/1325821803015603,61e994ec829e8d57,post_id:1325821803015603,Tuổi Trẻ,baotuoitre,https://www.facebook.com/baotuoitre,2900000,2900000,1,,,đồ gỗ xuất khẩu của việt nam 'bùng nổ' ở thị trường trung quốc,62,14,T02. ECONOMY_BUSINESS_AND_FINANCE,T02,human_verified,manual_adjudicated,Han; Nhung; Yen,,pilot_400_final,,0.0,108,0,3,0,0,0,0,0.0,111,111.0,1.0,1,1,ok,2,2,1,1,1,,,,,,,missing,missing,0,1779220361,1779220361,2026-05-19 12:52:41,2026-05-19 12:52:41,1,3.827586206896552e-05,6.896551724137931e-07,6.896551724137931e-07,115,3.96551724137931e-05,1,0,3,0,3,0.0,0.027027027027027,0.0,0.0,0.0,0.0,0.972972972972973,0.0,0.027027027027027,0.0,-0.027027027027027,1,1,,pilot_or_calibration_sample_exclude_from_test,0,,1
teamcrawl_v1,REC_012605,nhung,schema_4_basic,data/01_Raw_Data/02_Team_Crawled_Raw/Nhung/get_from_Nhung_legacy/posts_Tuổi_Trẻ.json,posts_Tuổi_Trẻ.json,251,1325360403061743,https://www.facebook.com/baotuoitre/posts/1325360403061743,af0da6341b3b0d60,post_id:1325360403061743,Tuổi Trẻ,baotuoitre,https://www.facebook.com/baotuoitre,2900000,2900000,1,,,"bình luận so sánh phát triển giữa hai tỉnh, một người bị mời làm việc",69,15,T03. CRIME_LAW_AND_JUSTICE,T03,human_verified,manual_adjudicated,Han; Nhung; Yen,,pilot_400_final,,0.0,213,0,698,33,9,20,0,0.0,973,973.0,1.0,1,1,ok,40,40,1,1,1,,,,,,,missing,missing,0,1779223569,1779223569,2026-05-19 13:46:09,2026-05-19 13:46:09,1,0.0003355172413793,1.3793103448275862e-05,1.3793103448275862e-05,1053,0.0003631034482758,1,0,760,0,760,0.0,0.7173689619732785,0.0339157245632065,0.0092497430626927,0.0205549845837615,0.0,0.2189105858170606,0.0205549845837615,0.7173689619732785,0.0092497430626927,-0.7810894141829393,1,1,,pilot_or_calibration_sample_exclude_from_test,0,,1
teamcrawl_v1,REC_012643,nhung,schema_4_basic,data/01_Raw_Data/02_Team_Crawled_Raw/Nhung/get_from_Nhung_legacy/posts_Tuổi_Trẻ.json,posts_Tuổi_Trẻ.json,289,1324497039814746,https://www.facebook.com/baotuoitre/posts/1324497039814746,68b4f3a84ac98e67,post_id:1324497039814746,Tuổi Trẻ,baotuoitre,https://www.facebook.com/baotuoitre,2900000,2900000,1,,,thủ đô kiev bị tấn công dữ dội,30,8,T16. WORLD_INTERNATIONAL,T16,human_verified,manual_adjudicated,Han; Nhung; Yen,,pilot_400_final,,0.0,307,3,8,7,30,29,2,0.0,386,386.0,1.0,1,1,ok,9,9,1,1,1,,,,,,,missing,missing,0,1779228714,1779228714,2026-05-19 15:11:54,2026-05-19 15:11:54,1,0.0001331034482758,3.103448275862069e-06,3.103448275862069e-06,404,0.0001393103448275,1,0,79,5,74,0.0077720207253886,0.0207253886010362,0.0181347150259067,0.077720207253886,0.0751295336787564,0.005181347150259,0.8031088082901554,0.0751295336787564,0.0207253886010362,0.082901554404145,-0.2046632124352331,1,1,,pilot_or_calibration_sample_exclude_from_test,0,,1
teamcrawl_v1,REC_012682,nhung,schema_4_basic,data/01_Raw_Data/02_Team_Crawled_Raw/Nhung/get_from_Nhung_legacy/posts_Tuổi_Trẻ.json,posts_Tuổi_Trẻ.json,328,1323570366574080,https://www.facebook.com/baotuoitre/posts/1323570366574080,fe3b028481a0ad2a,post_id:1323570366574080,Tuổi Trẻ,baotuoitre,https://www.facebook.com/baotuoitre,2900000,2900000,1,,,"tin tức thế giới 135: ông trump lên đường đi trung quốc; nga, mỹ nói xung đột ukraine sắp kết thúc",99,21,T16. WORLD_INTERNATIONAL,T16,human_verified,manual_adjudicated,Han; Nhung; Yen,,pilot_400_final,,0.0,238,3,6,2,0,0,0,0.0,249,249.0,1.0,1,1,ok,8,8,1,1,1,,,,,,,missing,missing,0,1779234983,1779234983,2026-05-19 16:56:23,2026-05-19 16:56:23,1,8.586206896551724e-05,2.7586206896551725e-06,2.7586206896551725e-06,265,9.13793103448276e-05,1,0,11,3,8,0.0120481927710843,0.0240963855421686,0.0080321285140562,0.0,0.0,0.0,0.9678714859437751,0.0,0.0240963855421686,0.0,-0.0441767068273092,1,1,,pilot_or_calibration_sample_exclude_from_test,0,,1
teamcrawl_v1,REC_012712,nhung,schema_4_basic,data/01_Raw_Data/02_Team_Crawled_Raw/Nhung/get_from_Nhung_legacy/posts_Tuổi_Trẻ.json,posts_Tuổi_Trẻ.json,358,1322815669982883,https://www.facebook.com/baotuoitre/posts/1322815669982883,3b5d4c1ac97dc03b,post_id:1322815669982883,Tuổi Trẻ,baotuoitre,https://www.facebook.com/baotuoitre,2900000,2900000,1,,,"từ bình triệu đến vĩnh bình, mặt bằng mở rộng quốc lộ 13 vẫn hẹp giữa hai dãy nhà",81,19,T17. TRANSPORT_INFRASTRUCTURE,T17,human_verified,manual_adjudicated,Han; Nhung; Yen,,pilot_400_final,,0.0,133,0,13,0,0,0,0,0.0,146,146.0,1.0,1,1,ok,2,2,1,1,1,,,,,,,missing,missing,0,1779239867,1779239867,2026-05-19 18:17:47,2026-05-19 18:17:47,1,5.03448275862069e-05,6.896551724137931e-07,6.896551724137931e-07,150,5.172413793103448e-05,1,0,13,0,13,0.0,0.0890410958904109,0.0,0.0,0.0,0.0,0.910958904109589,0.0,0.0890410958904109,0.0,-0.0890410958904109,1,1,,pilot_or_calibration_sample_exclude_from_test,0,,1
teamcrawl_v1,REC_012717,nhung,schema_4_basic,data/01_Raw_Data/02_Team_Crawled_Raw/Nhung/get_from_Nhung_legacy/posts_Tuổi_Trẻ.json,posts_Tuổi_Trẻ.json,363,1329658952631888,https://www.facebook.com/baotuoitre/posts/1329658952631888,614349960ae4b48c,post_id:1329658952631888,Tuổi Trẻ,baotuoitre,https://www.facebook.com/baotuoitre,2900000,2900000,1,,,"bán giày nike, adidas... 'nhái', chủ kw sneaker bị khởi tố",59,11,T03. CRIME_LAW_AND_JUSTICE,T03,human_verified,manual_adjudicated,Han; Nhung; Yen,,pilot_100_additional_final,,0.0,424,2,28,4,2,0,0,0.0,460,460.0,1.0,1,1,ok,18,18,1,1,1,,,,,,,missing,missing,0,1779252819,1779252819,2026-05-19 21:53:39,2026-05-19 21:53:39,1,0.0001586206896551,6.206896551724138e-06,6.206896551724138e-06,496,0.0001710344827586,1,0,36,2,34,0.0043478260869565,0.0608695652173913,0.008695652173913,0.0043478260869565,0.0,0.0,0.9260869565217392,0.0,0.0608695652173913,0.0043478260869565,-0.0782608695652174,1,1,,pilot_or_calibration_sample_exclude_from_test,0,,1
teamcrawl_v1,REC_012772,nhung,schema_4_basic,data/01_Raw_Data/02_Team_Crawled_Raw/Nhung/get_from_Nhung_legacy/posts_Tuổi_Trẻ.json,posts_Tuổi_Trẻ.json,418,1322029670061483,https://www.facebook.com/baotuoitre/posts/1322029670061483,f0c9571a27778ae4,post_id:1322029670061483,Tuổi Trẻ,baotuoitre,https://www.facebook.com/baotuoitre,2900000,2900000,1,,,"hot: hcm city 37 degrees; tay ninh, ta lai 38 degrees, many places feel more than 40 degrees · see original · rate this translation",131,25,T08. WEATHER,T08,human_verified,manual_adjudicated,Han; Nhung; Yen,,pilot_100_final,,0.0,425,2,4,13,46,0,8,0.0,498,498.0,1.0,1,1,ok,33,33,1,1,1,,,,,,,missing,missing,0,1779257770,1779257770,2026-05-19 23:16:10,2026-05-19 23:16:10,1,0.000171724137931,1.1379310344827586e-05,1.1379310344827586e-05,564,0.0001944827586206,1,0,73,10,63,0.0040160642570281,0.0080321285140562,0.0261044176706827,0.0923694779116465,0.0,0.0160642570281124,0.857429718875502,0.0,0.0080321285140562,0.108433734939759,-0.1465863453815261,1,1,,pilot_or_calibration_sample_exclude_from_test,0,,1
teamcrawl_v1,REC_012789,nhung,schema_4_basic,data/01_Raw_Data/02_Team_Crawled_Raw/Nhung/get_from_Nhung_legacy/posts_Tuổi_Trẻ.json,posts_Tuổi_Trẻ.json,435,1321523400112110,https://www.facebook.com/baotuoitre/posts/1321523400112110,3420c014c37c7418,post_id:1321523400112110,Tuổi Trẻ,baotuoitre,https://www.facebook.com/baotuoitre,2900000,2900000,1,,,40000 du học sinh việt nam tại đài loan giữa làn sóng công nghệ và bán dẫn,75,17,T05. EDUCATION,T05,human_verified,manual_adjudicated,Han; Nhung; Yen,,pilot_100_final,,0.0,278,8,6,3,0,0,0,0.0,295,295.0,1.0,1,1,ok,16,16,1,1,1,,,,,,,missing,missing,0,1779258203,1779258203,2026-05-19 23:23:23,2026-05-19 23:23:23,1,0.000101724137931,5.517241379310345e-06,5.517241379310345e-06,327,0.0001127586206896,1,0,17,8,9,0.0271186440677966,0.0203389830508474,0.0101694915254237,0.0,0.0,0.0,0.9694915254237289,0.0,0.0203389830508474,0.0,-0.0576271186440678,1,1,,pilot_or_calibration_sample_exclude_from_test,0,,1
teamcrawl_v1,REC_012794,nhung,schema_4_basic,data/01_Raw_Data/02_Team_Crawled_Raw/Nhung/get_from_Nhung_legacy/posts_Tuổi_Trẻ.json,posts_Tuổi_Trẻ.json,440,1321435826787534,https://www.facebook.com/baotuoitre/posts/1321435826787534,d65c7248063a14e5,post_id:1321435826787534,Tuổi Trẻ,baotuoitre,https://www.facebook.com/baotuoitre,2900000,2900000,1,,,iran: tàu của các nước ủng hộ mỹ trừng phạt iran không được phép đi qua eo biển hormuz,86,19,T16. WORLD_INTERNATIONAL,T16,human_verified,manual_adjudicated,Han; Nhung; Yen,,pilot_400_final,,0.0,717,7,180,7,0,0,0,0.0,911,911.0,1.0,1,1,ok,13,13,1,1,1,,,,,,,missing,missing,0,1779258303,1779258303,2026-05-19 23:25:03,2026-05-19 23:25:03,1,0.0003141379310344,4.482758620689655e-06,4.482758620689655e-06,937,0.0003231034482758,1,0,194,7,187,0.0076838638858397,0.1975850713501646,0.0076838638858397,0.0,0.0,0.0,0.7947310647639956,0.0,0.1975850713501646,0.0,-0.2129527991218441,1,1,,pilot_or_calibration_sample_exclude_from_test,0,,1
teamcrawl_v1,REC_012894,nhung,schema_4_basic,data/01_Raw_Data/02_Team_Crawled_Raw/Nhung/get_from_Nhung_legacy/posts_Tuổi_Trẻ.json,posts_Tuổi_Trẻ.json,540,1319078830356567,https://www.facebook.com/baotuoitre/posts/1319078830356567,a0bbc3b86a1acd5c,post_id:1319078830356567,Tuổi Trẻ,baotuoitre,https://www.facebook.com/baotuoitre,2900000,2900000,1,,,khởi tố người mẹ bé gái 4 tuổi chết vì nhiều lần bị bạo hành,60,15,T03. CRIME_LAW_AND_JUSTICE,T03,human_verified,manual_adjudicated,Han; Nhung; Yen,,pilot_100_additional_final,,0.0,514,4,3,2,6,142,0,0.0,671,671.0,1.0,1,1,ok,15,15,1,1,1,,,,,,,missing,missing,0,1779262295,1779262295,2026-05-20 00:31:35,2026-05-20 00:31:35,1,0.0002313793103448,5.172413793103448e-06,5.172413793103448e-06,701,0.000241724137931,1,0,157,4,153,0.0059612518628912,0.0044709388971684,0.0029806259314456,0.0089418777943368,0.2116244411326378,0.0,0.7719821162444114,0.2116244411326378,0.0044709388971684,0.0089418777943368,-0.2339791356184798,1,1,,pilot_or_calibration_sample_exclude_from_test,0,,1
teamcrawl_v1,REC_012984,nhung,schema_4_basic,data/01_Raw_Data/02_Team_Crawled_Raw/Nhung/get_from_Nhung_legacy/posts_Tuổi_Trẻ.json,posts_Tuổi_Trẻ.json,630,1317581490506301,https://www.facebook.com/baotuoitre/posts/1317581490506301,e4faa3c737a769da,post_id:1317581490506301,Tuổi Trẻ,baotuoitre,https://www.facebook.com/baotuoitre,2900000,2900000,1,,,"trung quốc phản đối lệnh trừng phạt mới của mỹ với cuba, kêu gọi chấm dứt cấm vận",81,18,T16. WORLD_INTERNATIONAL,T16,human_verified,manual_adjudicated,Han; Nhung; Yen,,pilot_100_final,,0.0,443,8,104,0,2,0,0,0.0,557,557.0,1.0,1,1,ok,6,6,1,1,1,,,,,,,missing,missing,0,1779269507,1779269507,2026-05-20 02:31:47,2026-05-20 02:31:47,1,0.0001920689655172,2.068965517241379e-06,2.068965517241379e-06,569,0.0001962068965517,1,0,114,8,106,0.0143626570915619,0.1867145421903052,0.0,0.0035906642728904,0.0,0.0,0.8096947935368043,0.0,0.1867145421903052,0.0035906642728904,-0.2046678635547576,1,1,,pilot_or_calibration_sample_exclude_from_test,0,,1
teamcrawl_v1,REC_012995,nhung,schema_4_basic,data/01_Raw_Data/02_Team_Crawled_Raw/Nhung/get_from_Nhung_legacy/posts_Tuổi_Trẻ.json,posts_Tuổi_Trẻ.json,641,1317479550516495,https://www.facebook.com/baotuoitre/posts/1317479550516495,139b42832e3c078c,post_id:1317479550516495,Tuổi Trẻ,baotuoitre,https://www.facebook.com/baotuoitre,2900000,2900000,1,,,một doanh nghiệp nợ hơn 14 tỉ đồng tiền mua lúa của dân,55,13,T02. ECONOMY_BUSINESS_AND_FINANCE,T02,human_verified,manual_adjudicated,Han; Nhung; Yen,,pilot_100_additional_final,,0.0,205,2,7,17,2,2,0,0.0,235,235.0,1.0,1,1,ok,4,4,1,1,1,,,,,,,missing,missing,0,1779270559,1779270559,2026-05-20 02:49:19,2026-05-20 02:49:19,1,8.103448275862069e-05,1.3793103448275862e-06,1.3793103448275862e-06,243,8.379310344827587e-05,1,0,30,2,28,0.0085106382978723,0.0297872340425531,0.0723404255319148,0.0085106382978723,0.0085106382978723,0.0,0.8808510638297873,0.0085106382978723,0.0297872340425531,0.0085106382978723,-0.1276595744680851,1,1,,pilot_or_calibration_sample_exclude_from_test,0,,1
teamcrawl_v1,REC_013181,nhung,schema_4_basic,data/01_Raw_Data/02_Team_Crawled_Raw/Nhung/get_from_Nhung_legacy/posts_Tuổi_Trẻ.json,posts_Tuổi_Trẻ.json,827,1312473734350410,https://www.facebook.com/baotuoitre/posts/1312473734350410,76850550709c2740,post_id:1312473734350410,Tuổi Trẻ,baotuoitre,https://www.facebook.com/baotuoitre,2900000,2900000,1,,,"bắt đầu cho xe vào cao tốc biên hòa - vũng tàu, đi tốc độ không quá 80km/h",74,18,T17. TRANSPORT_INFRASTRUCTURE,T17,human_verified,manual_adjudicated,Han; Nhung; Yen,,pilot_100_additional_final,,0.0,418,9,11,0,0,0,0,0.0,438,438.0,1.0,1,1,ok,10,10,1,1,1,,,,,,,missing,missing,0,1779297072,1779297072,2026-05-20 10:11:12,2026-05-20 10:11:12,1,0.0001510344827586,3.4482758620689654e-06,3.4482758620689654e-06,458,0.0001579310344827,1,0,20,9,11,0.0205479452054794,0.0251141552511415,0.0,0.0,0.0,0.0,0.9748858447488584,0.0,0.0251141552511415,0.0,-0.045662100456621,1,1,,pilot_or_calibration_sample_exclude_from_test,0,,1
teamcrawl_v1,REC_013183,nhung,schema_4_basic,data/01_Raw_Data/02_Team_Crawled_Raw/Nhung/get_from_Nhung_legacy/posts_Tuổi_Trẻ.json,posts_Tuổi_Trẻ.json,829,1312455351018915,https://www.facebook.com/baotuoitre/posts/1312455351018915,9786a6c84e8a588c,post_id:1312455351018915,Tuổi Trẻ,baotuoitre,https://www.facebook.com/baotuoitre,2900000,2900000,1,,,nga duyệt binh không có khí tài quân sự sau gần 20 năm do 'tình hình tác chiến',79,18,T16. WORLD_INTERNATIONAL,T16,human_verified,manual_adjudicated,Han; Nhung; Yen,,pilot_100_additional_final,,0.0,886,16,769,12,0,0,4,0.0,1687,1687.0,1.0,1,1,ok,47,47,1,1,1,,,,,,,missing,missing,0,1779297199,1779297199,2026-05-20 10:13:19,2026-05-20 10:13:19,1,0.000581724137931,1.6206896551724137e-05,1.6206896551724137e-05,1781,0.0006141379310344,1,0,801,20,781,0.0094842916419679,0.4558387670420865,0.0071132187314759,0.0,0.0,0.0023710729104919,0.5346769413159455,0.0,0.4558387670420865,0.0023710729104919,-0.4748073503260225,1,1,,pilot_or_calibration_sample_exclude_from_test,0,,1
teamcrawl_v1,REC_013194,nhung,schema_4_basic,data/01_Raw_Data/02_Team_Crawled_Raw/Nhung/get_from_Nhung_legacy/posts_Tuổi_Trẻ.json,posts_Tuổi_Trẻ.json,840,1312326217698495,https://www.facebook.com/baotuoitre/posts/1312326217698495,4d4897b2e55e1118,post_id:1312326217698495,Tuổi Trẻ,baotuoitre,https://www.facebook.com/baotuoitre,2900000,2900000,1,,,us secretary of war is first tried for war with iran · see original · rate this translation,91,18,T16. WORLD_INTERNATIONAL,T16,human_verified,manual_adjudicated,Han; Nhung; Yen,,pilot_400_final,,0.0,291,2,62,3,0,3,0,0.0,361,361.0,1.0,1,1,ok,5,5,1,1,1,,,,,,,missing,missing,0,1779297694,1779297694,2026-05-20 10:21:34,2026-05-20 10:21:34,1,0.0001244827586206,1.7241379310344827e-06,1.7241379310344827e-06,371,0.0001279310344827,1,0,70,2,68,0.0055401662049861,0.1717451523545706,0.0083102493074792,0.0,0.0083102493074792,0.0,0.8116343490304709,0.0083102493074792,0.1717451523545706,0.0,-0.1939058171745152,1,1,,pilot_or_calibration_sample_exclude_from_test,0,,1
teamcrawl_v1,REC_013215,nhung,schema_4_basic,data/01_Raw_Data/02_Team_Crawled_Raw/Nhung/get_from_Nhung_legacy/posts_Tuổi_Trẻ.json,posts_Tuổi_Trẻ.json,861,1311666444431139,https://www.facebook.com/baotuoitre/posts/1311666444431139,a88c597afd8cb446,post_id:1311666444431139,Tuổi Trẻ,baotuoitre,https://www.facebook.com/baotuoitre,2900000,2900000,1,,,cập nhật mới nhất địa điểm bắn pháo hoa dịp 304 tại tphcm,59,13,T10. ARTS_CULTURE_ENTERTAINMENT_AND_MEDIA,T10,human_verified,manual_adjudicated,Han; Nhung; Yen,,pilot_400_final,,0.0,86,4,2,0,0,0,0,0.0,92,92.0,1.0,1,1,ok,1,1,1,1,1,,,,,,,missing,missing,0,1779299372,1779299372,2026-05-20 10:49:32,2026-05-20 10:49:32,1,3.172413793103448e-05,3.448275862068966e-07,3.448275862068966e-07,94,3.2413793103448275e-05,1,0,6,4,2,0.0434782608695652,0.0217391304347826,0.0,0.0,0.0,0.0,0.9782608695652174,0.0,0.0217391304347826,0.0,0.0652173913043478,1,1,,pilot_or_calibration_sample_exclude_from_test,0,,1
teamcrawl_v1,REC_013253,nhung,schema_4_basic,data/01_Raw_Data/02_Team_Crawled_Raw/Nhung/get_from_Nhung_legacy/posts_Tuổi_Trẻ.json,posts_Tuổi_Trẻ.json,899,1311023401162110,https://www.facebook.com/baotuoitre/posts/1311023401162110,70fd96cb0f1f8a17,post_id:1311023401162110,Tuổi Trẻ,baotuoitre,https://www.facebook.com/baotuoitre,2900000,2900000,1,,,chấm dứt hiệu lực thi hành với quy hoạch năng lượng quốc gia,60,13,T01. POLITICS,T01,human_verified,manual_adjudicated,Han; Nhung; Yen,,pilot_100_final,,0.0,278,4,52,7,0,0,0,0.0,341,341.0,1.0,1,1,ok,12,12,1,1,1,,,,,,,missing,missing,0,1779301671,1779301671,2026-05-20 11:27:51,2026-05-20 11:27:51,1,0.0001175862068965,4.137931034482758e-06,4.137931034482758e-06,365,0.0001258620689655,1,0,63,4,59,0.0117302052785923,0.1524926686217008,0.0205278592375366,0.0,0.0,0.0,0.8269794721407625,0.0,0.1524926686217008,0.0,-0.1847507331378299,1,1,,pilot_or_calibration_sample_exclude_from_test,0,,1
teamcrawl_v1,REC_013291,nhung,schema_4_basic,data/01_Raw_Data/02_Team_Crawled_Raw/Nhung/get_from_Nhung_legacy/posts_Tuổi_Trẻ.json,posts_Tuổi_Trẻ.json,937,1310402984557485,https://www.facebook.com/baotuoitre/posts/1310402984557485,511af47ebe10e0c2,post_id:1310402984557485,Tuổi Trẻ,baotuoitre,https://www.facebook.com/baotuoitre,2900000,2900000,1,,,trung đông sáng 274: cập nhật tình hình eo biển hormuz; ông trump nói trung quốc có thể giúp iran,98,20,T16. WORLD_INTERNATIONAL,T16,human_verified,manual_adjudicated,Han; Nhung; Yen,,pilot_400_final,,0.0,287,3,32,0,0,0,0,0.0,322,322.0,1.0,1,1,ok,5,5,1,1,1,,,,,,,missing,missing,0,1779304615,1779304615,2026-05-20 12:16:55,2026-05-20 12:16:55,1,0.0001110344827586,1.7241379310344827e-06,1.7241379310344827e-06,332,0.0001144827586206,1,0,35,3,32,0.0093167701863354,0.0993788819875776,0.0,0.0,0.0,0.0,0.9006211180124224,0.0,0.0993788819875776,0.0,-0.108695652173913,1,1,,pilot_or_calibration_sample_exclude_from_test,0,,1
teamcrawl_v1,REC_013301,nhung,schema_4_basic,data/01_Raw_Data/02_Team_Crawled_Raw/Nhung/get_from_Nhung_legacy/posts_Tuổi_Trẻ.json,posts_Tuổi_Trẻ.json,947,1310054904592293,https://www.facebook.com/baotuoitre/posts/1310054904592293,4be1a959239fb444,post_id:1310054904592293,Tuổi Trẻ,baotuoitre,https://www.facebook.com/baotuoitre,2900000,2900000,1,,,china develops technology to convert coal into electricity with almost zero carbon emission · see original · rate this translation,130,20,T06. SCIENCE_AND_TECHNOLOGY,T06,human_verified,manual_adjudicated,Han; Nhung; Yen,,pilot_400_final,,0.0,336,2,17,18,0,0,2,0.0,375,375.0,1.0,1,1,ok,14,14,1,1,1,,,,,,,missing,missing,0,1779305553,1779305553,2026-05-20 12:32:33,2026-05-20 12:32:33,1,0.0001293103448275,4.827586206896552e-06,4.827586206896552e-06,403,0.0001389655172413,1,0,39,4,35,0.0053333333333333,0.0453333333333333,0.048,0.0,0.0,0.0053333333333333,0.9013333333333332,0.0,0.0453333333333333,0.0053333333333333,-0.104,1,1,,pilot_or_calibration_sample_exclude_from_test,0,,1
teamcrawl_v1,REC_013309,nhung,schema_4_basic,data/01_Raw_Data/02_Team_Crawled_Raw/Nhung/get_from_Nhung_legacy/posts_Tuổi_Trẻ.json,posts_Tuổi_Trẻ.json,955,1309944977936619,https://www.facebook.com/baotuoitre/posts/1309944977936619,29ebf60bc5dc5e66,post_id:1309944977936619,Tuổi Trẻ,baotuoitre,https://www.facebook.com/baotuoitre,2900000,2900000,1,,,việt - hàn hợp tác làm phim lịch sử về anh hùng dân tộc trần hưng đạo,69,17,T10. ARTS_CULTURE_ENTERTAINMENT_AND_MEDIA,T10,human_verified,manual_adjudicated,Han; Nhung; Yen,,pilot_100_final,,0.0,253,27,3,0,0,0,0,0.0,283,283.0,1.0,1,1,ok,21,21,1,1,1,,,,,,,missing,missing,0,1779306240,1779306240,2026-05-20 12:44:00,2026-05-20 12:44:00,1,9.758620689655171e-05,7.2413793103448275e-06,7.2413793103448275e-06,325,0.0001120689655172,1,0,30,27,3,0.0954063604240282,0.0106007067137809,0.0,0.0,0.0,0.0,0.9893992932862192,0.0,0.0106007067137809,0.0,0.1060070671378091,1,1,,pilot_or_calibration_sample_exclude_from_test,0,,1
teamcrawl_v1,REC_013364,nhung,schema_4_basic,data/01_Raw_Data/02_Team_Crawled_Raw/Nhung/get_from_Nhung_legacy/posts_Tuổi_Trẻ.json,posts_Tuổi_Trẻ.json,1010,1308911811373269,https://www.facebook.com/baotuoitre/posts/1308911811373269,42d1676d87831414,post_id:1308911811373269,Tuổi Trẻ,baotuoitre,https://www.facebook.com/baotuoitre,2900000,2900000,1,,,cả ngàn người trình diễn cổ phục lễ quốc tổ hùng vương ở thảo cầm viên,70,16,T10. ARTS_CULTURE_ENTERTAINMENT_AND_MEDIA,T10,human_verified,manual_adjudicated,Han; Nhung; Yen,,pilot_400_final,,0.0,452,46,2,4,0,0,2,0.0,506,506.0,1.0,1,1,ok,17,17,1,1,1,,,,,,,missing,missing,0,1779313341,1779313341,2026-05-20 14:42:21,2026-05-20 14:42:21,1,0.0001744827586206,5.862068965517242e-06,5.862068965517242e-06,540,0.0001862068965517,1,0,54,48,6,0.0909090909090909,0.0039525691699604,0.0079051383399209,0.0,0.0,0.0039525691699604,0.984189723320158,0.0,0.0039525691699604,0.0039525691699604,0.1067193675889328,1,1,,pilot_or_calibration_sample_exclude_from_test,0,,1
