run_id,scenario,model_name,trial_id,text_column,tfidf_params_json,tfidf_analyzer,tfidf_max_features,tfidf_ngram_range,tfidf_min_df,tfidf_max_df,tfidf_sublinear_tf,model_params_json,model_params_effective_json,class_weight,solver,C,n_estimators,max_depth,learning_rate,subsample,colsample_bytree,reg_lambda,reg_alpha,accuracy_val,macro_precision_val,macro_recall_val,macro_f1_val,weighted_precision_val,weighted_recall_val,weighted_f1_val,micro_precision_val,micro_recall_val,micro_f1_val,train_time_sec,val_predict_time_sec,fallback_used,warning_message,status,notes,rank_global,rank_within_scenario_model,is_best_for_scenario_model,is_best_overall
deep_20260612_180817,01_Raw_Data,LogisticRegression,29,post_content_for_labeling,"{""analyzer"": ""word"", ""max_features"": 50000, ""ngram_range"": [1, 2], ""min_df"": 1, ""max_df"": 0.95, ""sublinear_tf"": true}",word,50000,"(1, 2)",1,0.95,True,"{""C"": 10.0, ""solver"": ""lbfgs""}","{""C"": 10.0, ""solver"": ""lbfgs""}",,lbfgs,10.0,,,,,,,,0.7252090800477897,0.6825892795969285,0.6454628248530964,0.6492228034107059,0.7356969521303393,0.7252090800477897,0.7244159299705369,0.7252090800477897,0.7252090800477897,0.7252090800477897,6.913616040999997,0.0032702499999999,False,,success,,1,1,True,True
deep_20260612_180817,01_Raw_Data,LinearSVC,42,post_content_for_labeling,"{""analyzer"": ""word"", ""max_features"": 50000, ""ngram_range"": [1, 2], ""min_df"": 1, ""max_df"": 0.95, ""sublinear_tf"": true}",word,50000,"(1, 2)",1,0.95,True,"{""C"": 2.0, ""class_weight"": null}","{""C"": 2.0, ""class_weight"": null}",,,2.0,,,,,,,,0.7299880525686977,0.7038876861700615,0.6293811720386197,0.6455106868731967,0.7250787090725531,0.7299880525686977,0.7200920681999244,0.7299880525686977,0.7299880525686977,0.7299880525686977,0.7222444580002048,0.0004391669999677,False,,success,,2,1,True,False
deep_20260612_180817,02_Basic_Clean,LinearSVC,42,post_content_for_labeling,"{""analyzer"": ""word"", ""max_features"": 50000, ""ngram_range"": [1, 2], ""min_df"": 1, ""max_df"": 0.95, ""sublinear_tf"": true}",word,50000,"(1, 2)",1,0.95,True,"{""C"": 2.0, ""class_weight"": null}","{""C"": 2.0, ""class_weight"": null}",,,2.0,,,,,,,,0.7311827956989247,0.707444921899534,0.6310753937370319,0.6453179088603869,0.7280764919043513,0.7311827956989247,0.7209405422417219,0.7311827956989247,0.7311827956989247,0.7311827956989247,0.7329886249999618,0.0005442090005089,False,,success,,3,1,True,False
deep_20260612_180817,04_No_Stopwords,LinearSVC,24,post_content_for_labeling,"{""analyzer"": ""word"", ""max_features"": 50000, ""ngram_range"": [1, 2], ""min_df"": 3, ""max_df"": 0.95, ""sublinear_tf"": true}",word,50000,"(1, 2)",3,0.95,True,"{""C"": 2.0, ""class_weight"": ""balanced""}","{""C"": 2.0, ""class_weight"": ""balanced""}",balanced,,2.0,,,,,,,,0.7264038231780168,0.6630157288155332,0.6472308641619167,0.6451515048310992,0.7291212020918428,0.7264038231780168,0.7241593774941771,0.7264038231780168,0.7264038231780168,0.7264038231780168,0.642058540999642,0.0005234580003161,False,,success,,4,1,True,False
deep_20260612_180817,01_Raw_Data,LinearSVC,41,post_content_for_labeling,"{""analyzer"": ""word"", ""max_features"": 50000, ""ngram_range"": [1, 2], ""min_df"": 2, ""max_df"": 0.95, ""sublinear_tf"": true}",word,50000,"(1, 2)",2,0.95,True,"{""C"": 2.0, ""class_weight"": null}","{""C"": 2.0, ""class_weight"": null}",,,2.0,,,,,,,,0.7287933094384708,0.7111740588958564,0.6282762882839283,0.6447087763468891,0.7263370597908162,0.7287933094384708,0.7186299184099989,0.7287933094384708,0.7287933094384708,0.7287933094384708,0.7106069999999818,0.00042804099985,False,,success,,5,2,False,False
deep_20260612_180817,01_Raw_Data,LogisticRegression,23,post_content_for_labeling,"{""analyzer"": ""word"", ""max_features"": 50000, ""ngram_range"": [1, 2], ""min_df"": 2, ""max_df"": 0.95, ""sublinear_tf"": true}",word,50000,"(1, 2)",2,0.95,True,"{""C"": 5.0, ""solver"": ""lbfgs""}","{""C"": 5.0, ""solver"": ""lbfgs""}",,lbfgs,5.0,,,,,,,,0.7204301075268817,0.659846360135637,0.6486865285378338,0.6442693609590552,0.7331434558608529,0.7204301075268817,0.7222104827147581,0.7204301075268817,0.7204301075268817,0.7204301075268817,6.21118270800001,0.003586791999993,False,,success,,6,2,False,False
deep_20260612_180817,01_Raw_Data,LogisticRegression,28,post_content_for_labeling,"{""analyzer"": ""word"", ""max_features"": 70000, ""ngram_range"": [1, 2], ""min_df"": 2, ""max_df"": 0.95, ""sublinear_tf"": true}",word,70000,"(1, 2)",2,0.95,True,"{""C"": 10.0, ""solver"": ""lbfgs""}","{""C"": 10.0, ""solver"": ""lbfgs""}",,lbfgs,10.0,,,,,,,,0.7204301075268817,0.6712923177435455,0.6429995515526824,0.6439506013826531,0.7299216162972146,0.7204301075268817,0.7197241196059599,0.7204301075268817,0.7204301075268817,0.7204301075268817,8.213926125,0.0032147080000015,False,,success,,7,3,False,False
deep_20260612_180817,01_Raw_Data,LogisticRegression,27,post_content_for_labeling,"{""analyzer"": ""word"", ""max_features"": 50000, ""ngram_range"": [1, 2], ""min_df"": 2, ""max_df"": 0.95, ""sublinear_tf"": true}",word,50000,"(1, 2)",2,0.95,True,"{""C"": 10.0, ""solver"": ""lbfgs""}","{""C"": 10.0, ""solver"": ""lbfgs""}",,lbfgs,10.0,,,,,,,,0.7204301075268817,0.6712923177435455,0.6429995515526824,0.6439506013826531,0.7299216162972146,0.7204301075268817,0.7197241196059599,0.7204301075268817,0.7204301075268817,0.7204301075268817,9.35738950000001,0.0117768330000131,False,,success,,8,4,False,False
deep_20260612_180817,02_Basic_Clean,LinearSVC,41,post_content_for_labeling,"{""analyzer"": ""word"", ""max_features"": 50000, ""ngram_range"": [1, 2], ""min_df"": 2, ""max_df"": 0.95, ""sublinear_tf"": true}",word,50000,"(1, 2)",2,0.95,True,"{""C"": 2.0, ""class_weight"": null}","{""C"": 2.0, ""class_weight"": null}",,,2.0,,,,,,,,0.7299880525686977,0.7021865066585985,0.6304933929116233,0.6436947781394804,0.7264515911210716,0.7299880525686977,0.7200563531438036,0.7299880525686977,0.7299880525686977,0.7299880525686977,0.71374512499915,0.000461250000626,False,,success,,9,2,False,False
deep_20260612_180817,05_Balanced,LogisticRegression,29,post_content_for_labeling,"{""analyzer"": ""word"", ""max_features"": 50000, ""ngram_range"": [1, 2], ""min_df"": 1, ""max_df"": 0.95, ""sublinear_tf"": true}",word,50000,"(1, 2)",1,0.95,True,"{""C"": 10.0, ""solver"": ""lbfgs""}","{""C"": 10.0, ""solver"": ""lbfgs""}",,lbfgs,10.0,,,,,,,,0.7204301075268817,0.6802916548209178,0.638003630590219,0.6428637870864259,0.7240624042980786,0.7204301075268817,0.7146113082118503,0.7204301075268817,0.7204301075268817,0.7204301075268817,6.856811249999737,0.0028517909995571,False,,success,,10,1,True,False
deep_20260612_180817,01_Raw_Data,LinearSVC,37,post_content_for_labeling,"{""analyzer"": ""word"", ""max_features"": 30000, ""ngram_range"": [1, 2], ""min_df"": 2, ""max_df"": 0.95, ""sublinear_tf"": true}",word,30000,"(1, 2)",2,0.95,True,"{""C"": 1.0, ""class_weight"": null}","{""C"": 1.0, ""class_weight"": null}",,,1.0,,,,,,,,0.7335722819593787,0.7114576921265664,0.6269596407000005,0.6424679478104528,0.7285674678926899,0.7335722819593787,0.7210587184109577,0.7335722819593787,0.7335722819593787,0.7335722819593787,0.601018583000041,0.0006847079998806,False,,success,,11,3,False,False
deep_20260612_180817,02_Basic_Clean,LogisticRegression,19,post_content_for_labeling,"{""analyzer"": ""word"", ""max_features"": 50000, ""ngram_range"": [1, 2], ""min_df"": 3, ""max_df"": 0.95, ""sublinear_tf"": true}",word,50000,"(1, 2)",3,0.95,True,"{""C"": 2.0, ""solver"": ""lbfgs""}","{""C"": 2.0, ""solver"": ""lbfgs""}",,lbfgs,2.0,,,,,,,,0.7096774193548387,0.6452959068408421,0.6560478120193804,0.6419511721032426,0.7324966744205189,0.7096774193548387,0.7158155220148731,0.7096774193548387,0.7096774193548387,0.7096774193548387,2.0356268340001407,0.0015052500002639,False,,success,,12,1,True,False
deep_20260612_180817,02_Basic_Clean,LinearSVC,13,post_content_for_labeling,"{""analyzer"": ""word"", ""max_features"": 30000, ""ngram_range"": [1, 2], ""min_df"": 2, ""max_df"": 0.95, ""sublinear_tf"": true}",word,30000,"(1, 2)",2,0.95,True,"{""C"": 0.5, ""class_weight"": ""balanced""}","{""C"": 0.5, ""class_weight"": ""balanced""}",balanced,,0.5,,,,,,,,0.7228195937873357,0.649263354933795,0.6538852361998435,0.6413898505007766,0.7318943164153757,0.7228195937873357,0.7221840138631703,0.7228195937873357,0.7228195937873357,0.7228195937873357,0.6085350839994135,0.0006722910002281,False,,success,,13,3,False,False
deep_20260612_180817,05_Balanced,LogisticRegression,23,post_content_for_labeling,"{""analyzer"": ""word"", ""max_features"": 50000, ""ngram_range"": [1, 2], ""min_df"": 2, ""max_df"": 0.95, ""sublinear_tf"": true}",word,50000,"(1, 2)",2,0.95,True,"{""C"": 5.0, ""solver"": ""lbfgs""}","{""C"": 5.0, ""solver"": ""lbfgs""}",,lbfgs,5.0,,,,,,,,0.7204301075268817,0.6720934638549807,0.6380572211145316,0.6407288758820262,0.722441933634382,0.7204301075268817,0.7147082742458003,0.7204301075268817,0.7204301075268817,0.7204301075268817,5.761419583999668,0.003399207998882,False,,success,,14,2,False,False
deep_20260612_180817,05_Balanced,LogisticRegression,19,post_content_for_labeling,"{""analyzer"": ""word"", ""max_features"": 50000, ""ngram_range"": [1, 2], ""min_df"": 3, ""max_df"": 0.95, ""sublinear_tf"": true}",word,50000,"(1, 2)",3,0.95,True,"{""C"": 2.0, ""solver"": ""lbfgs""}","{""C"": 2.0, ""solver"": ""lbfgs""}",,lbfgs,2.0,,,,,,,,0.7192353643966547,0.6727350983335775,0.6400218597995716,0.6407060407631102,0.7235763436590789,0.7192353643966547,0.7145475930388537,0.7192353643966547,0.7192353643966547,0.7192353643966547,5.791416666999794,0.0043195409998588,False,,success,,15,3,False,False
deep_20260612_180817,02_Basic_Clean,LogisticRegression,18,post_content_for_labeling,"{""analyzer"": ""word"", ""max_features"": 70000, ""ngram_range"": [1, 2], ""min_df"": 2, ""max_df"": 0.95, ""sublinear_tf"": true}",word,70000,"(1, 2)",2,0.95,True,"{""C"": 2.0, ""solver"": ""lbfgs""}","{""C"": 2.0, ""solver"": ""lbfgs""}",,lbfgs,2.0,,,,,,,,0.7096774193548387,0.653097401283644,0.6501020749026704,0.6406526469451147,0.730748755844163,0.7096774193548387,0.7140860052083944,0.7096774193548387,0.7096774193548387,0.7096774193548387,2.6813132499996755,0.0020148329999756,False,,success,,16,2,False,False
deep_20260612_180817,02_Basic_Clean,LogisticRegression,37,post_content_for_labeling,"{""analyzer"": ""word"", ""max_features"": 70000, ""ngram_range"": [1, 2], ""min_df"": 2, ""max_df"": 0.95, ""sublinear_tf"": true}",word,70000,"(1, 2)",2,0.95,True,"{""C"": 2.0, ""solver"": ""saga""}","{""C"": 2.0, ""solver"": ""lbfgs""}",,lbfgs,2.0,,,,,,,,0.7096774193548387,0.653097401283644,0.6501020749026704,0.6406526469451147,0.730748755844163,0.7096774193548387,0.7140860052083944,0.7096774193548387,0.7096774193548387,0.7096774193548387,78.23172958300029,0.0051560420001806,True,The max_iter was reached which means the coef_ did not converge; LogisticRegression saga raised ConvergenceWarning; fallback to lbfgs,success,LogisticRegression saga raised ConvergenceWarning; fallback to lbfgs,17,3,False,False
deep_20260612_180817,04_No_Stopwords,LinearSVC,32,post_content_for_labeling,"{""analyzer"": ""word"", ""max_features"": 50000, ""ngram_range"": [1, 2], ""min_df"": 1, ""max_df"": 0.95, ""sublinear_tf"": true}",word,50000,"(1, 2)",1,0.95,True,"{""C"": 10.0, ""class_weight"": ""balanced""}","{""C"": 10.0, ""class_weight"": ""balanced""}",balanced,,10.0,,,,,,,,0.7264038231780168,0.6838402603271542,0.632321182492082,0.6398741940571121,0.7235688761767612,0.7264038231780168,0.7180514535193221,0.7264038231780168,0.7264038231780168,0.7264038231780168,1.3163258749991655,0.000623916999757,False,,success,,18,2,False,False
deep_20260612_180817,05_Balanced,LogisticRegression,38,post_content_for_labeling,"{""analyzer"": ""word"", ""max_features"": 50000, ""ngram_range"": [1, 2], ""min_df"": 1, ""max_df"": 0.95, ""sublinear_tf"": true}",word,50000,"(1, 2)",1,0.95,True,"{""C"": 2.0, ""solver"": ""saga""}","{""C"": 2.0, ""solver"": ""saga""}",,saga,2.0,,,,,,,,0.7180406212664278,0.6720005103372554,0.6384738721834725,0.639616884377276,0.7224825756089086,0.7180406212664278,0.7134649170429418,0.7180406212664278,0.7180406212664278,0.7180406212664278,2.295535582999946,0.0018571250002423,False,,success,,19,4,False,False
deep_20260612_180817,05_Balanced,LogisticRegression,22,post_content_for_labeling,"{""analyzer"": ""word"", ""max_features"": 30000, ""ngram_range"": [1, 2], ""min_df"": 2, ""max_df"": 0.95, ""sublinear_tf"": true}",word,30000,"(1, 2)",2,0.95,True,"{""C"": 5.0, ""solver"": ""lbfgs""}","{""C"": 5.0, ""solver"": ""lbfgs""}",,lbfgs,5.0,,,,,,,,0.7180406212664278,0.6676652072466589,0.6365036044525557,0.6391676248924243,0.7217245388688285,0.7180406212664278,0.7135087191464515,0.7180406212664278,0.7180406212664278,0.7180406212664278,3.9370128749997098,0.0013717090005229,False,,success,,20,5,False,False
deep_20260612_180817,02_Basic_Clean,LogisticRegression,29,post_content_for_labeling,"{""analyzer"": ""word"", ""max_features"": 50000, ""ngram_range"": [1, 2], ""min_df"": 1, ""max_df"": 0.95, ""sublinear_tf"": true}",word,50000,"(1, 2)",1,0.95,True,"{""C"": 10.0, ""solver"": ""lbfgs""}","{""C"": 10.0, ""solver"": ""lbfgs""}",,lbfgs,10.0,,,,,,,,0.7192353643966547,0.6665998930870358,0.6380062899501273,0.6390892901837698,0.7300883984561565,0.7192353643966547,0.7189633201021761,0.7192353643966547,0.7192353643966547,0.7192353643966547,4.860188458999801,0.0031012499998723,False,,success,,21,4,False,False
deep_20260612_180817,05_Balanced,LinearSVC,41,post_content_for_labeling,"{""analyzer"": ""word"", ""max_features"": 50000, ""ngram_range"": [1, 2], ""min_df"": 2, ""max_df"": 0.95, ""sublinear_tf"": true}",word,50000,"(1, 2)",2,0.95,True,"{""C"": 2.0, ""class_weight"": null}","{""C"": 2.0, ""class_weight"": null}",,,2.0,,,,,,,,0.7204301075268817,0.6990766657258572,0.6323022210998964,0.6389883173487065,0.7221326666226936,0.7204301075268817,0.7108947490352431,0.7204301075268817,0.7204301075268817,0.7204301075268817,2.6702524590000394,0.0009633749996282,False,,success,,22,1,True,False
deep_20260612_180817,05_Balanced,LogisticRegression,27,post_content_for_labeling,"{""analyzer"": ""word"", ""max_features"": 50000, ""ngram_range"": [1, 2], ""min_df"": 2, ""max_df"": 0.95, ""sublinear_tf"": true}",word,50000,"(1, 2)",2,0.95,True,"{""C"": 10.0, ""solver"": ""lbfgs""}","{""C"": 10.0, ""solver"": ""lbfgs""}",,lbfgs,10.0,,,,,,,,0.7168458781362007,0.6724067157386946,0.6341916872969589,0.638806276712991,0.7188478943319166,0.7168458781362007,0.7108652554273643,0.7168458781362007,0.7168458781362007,0.7168458781362007,6.022414416000174,0.0021999580003466,False,,success,,23,6,False,False
deep_20260612_180817,01_Raw_Data,LinearSVC,18,post_content_for_labeling,"{""analyzer"": ""word"", ""max_features"": 30000, ""ngram_range"": [1, 2], ""min_df"": 2, ""max_df"": 0.95, ""sublinear_tf"": true}",word,30000,"(1, 2)",2,0.95,True,"{""C"": 1.0, ""class_weight"": ""balanced""}","{""C"": 1.0, ""class_weight"": ""balanced""}",balanced,,1.0,,,,,,,,0.7252090800477897,0.6511516256029731,0.6454022388250715,0.6386799572266291,0.726485303952929,0.7252090800477897,0.7215805432564346,0.7252090800477897,0.7252090800477897,0.7252090800477897,0.6217133750001267,0.0007097499997144,False,,success,,24,4,False,False
deep_20260612_180817,02_Basic_Clean,LinearSVC,37,post_content_for_labeling,"{""analyzer"": ""word"", ""max_features"": 30000, ""ngram_range"": [1, 2], ""min_df"": 2, ""max_df"": 0.95, ""sublinear_tf"": true}",word,30000,"(1, 2)",2,0.95,True,"{""C"": 1.0, ""class_weight"": null}","{""C"": 1.0, ""class_weight"": null}",,,1.0,,,,,,,,0.7287933094384708,0.7027139146941683,0.6228394471680424,0.6385465993546108,0.7219642764769517,0.7287933094384708,0.7161880155735774,0.7287933094384708,0.7287933094384708,0.7287933094384708,0.5957961249996515,0.0006781249994673,False,,success,,25,4,False,False
deep_20260612_180817,03_Full_Clean,LogisticRegression,29,post_content_for_labeling,"{""analyzer"": ""word"", ""max_features"": 50000, ""ngram_range"": [1, 2], ""min_df"": 1, ""max_df"": 0.95, ""sublinear_tf"": true}",word,50000,"(1, 2)",1,0.95,True,"{""C"": 10.0, ""solver"": ""lbfgs""}","{""C"": 10.0, ""solver"": ""lbfgs""}",,lbfgs,10.0,,,,,,,,0.7192353643966547,0.6684377082651825,0.6342004619759568,0.6385441706985227,0.7277346052600239,0.7192353643966547,0.7182865975922834,0.7192353643966547,0.7192353643966547,0.7192353643966547,3.2444424579998667,0.0035145829997418,False,,success,,26,1,True,False
deep_20260612_180817,04_No_Stopwords,LinearSVC,41,post_content_for_labeling,"{""analyzer"": ""word"", ""max_features"": 50000, ""ngram_range"": [1, 2], ""min_df"": 2, ""max_df"": 0.95, ""sublinear_tf"": true}",word,50000,"(1, 2)",2,0.95,True,"{""C"": 2.0, ""class_weight"": null}","{""C"": 2.0, ""class_weight"": null}",,,2.0,,,,,,,,0.7216248506571087,0.7016491555993267,0.6232856160662237,0.6384833400293478,0.7183126681876065,0.7216248506571087,0.7108317240095856,0.7216248506571087,0.7216248506571087,0.7216248506571087,0.6546323750008014,0.0003828750013781,False,,success,,27,3,False,False
deep_20260612_180817,01_Raw_Data,LinearSVC,23,post_content_for_labeling,"{""analyzer"": ""word"", ""max_features"": 50000, ""ngram_range"": [1, 3], ""min_df"": 2, ""max_df"": 0.95, ""sublinear_tf"": true}",word,50000,"(1, 3)",2,0.95,True,"{""C"": 2.0, ""class_weight"": ""balanced""}","{""C"": 2.0, ""class_weight"": ""balanced""}",balanced,,2.0,,,,,,,,0.7323775388291517,0.6497278036176457,0.6443663874046921,0.6384017602629393,0.7302363649563974,0.7323775388291517,0.7274985797727052,0.7323775388291517,0.7323775388291517,0.7323775388291517,1.255721665999772,0.0009563329999764,False,,success,,28,5,False,False
deep_20260612_180817,01_Raw_Data,LinearSVC,19,post_content_for_labeling,"{""analyzer"": ""word"", ""max_features"": 50000, ""ngram_range"": [1, 2], ""min_df"": 1, ""max_df"": 0.95, ""sublinear_tf"": true}",word,50000,"(1, 2)",1,0.95,True,"{""C"": 1.0, ""class_weight"": ""balanced""}","{""C"": 1.0, ""class_weight"": ""balanced""}",balanced,,1.0,,,,,,,,0.7240143369175627,0.6606947997859868,0.6417555999902734,0.6382962949834081,0.7237381158991362,0.7240143369175627,0.7187076577704758,0.7240143369175627,0.7240143369175627,0.7240143369175627,0.6603382919997784,0.000471583000035,False,,success,,29,6,False,False
deep_20260612_180817,02_Basic_Clean,LogisticRegression,27,post_content_for_labeling,"{""analyzer"": ""word"", ""max_features"": 50000, ""ngram_range"": [1, 2], ""min_df"": 2, ""max_df"": 0.95, ""sublinear_tf"": true}",word,50000,"(1, 2)",2,0.95,True,"{""C"": 10.0, ""solver"": ""lbfgs""}","{""C"": 10.0, ""solver"": ""lbfgs""}",,lbfgs,10.0,,,,,,,,0.7180406212664278,0.6614531937848571,0.6387229833111308,0.6382862765210761,0.7297107889559281,0.7180406212664278,0.718762426493546,0.7180406212664278,0.7180406212664278,0.7180406212664278,4.169220249999853,0.0031280419998438,False,,success,,30,5,False,False
deep_20260612_180817,02_Basic_Clean,LogisticRegression,28,post_content_for_labeling,"{""analyzer"": ""word"", ""max_features"": 70000, ""ngram_range"": [1, 2], ""min_df"": 2, ""max_df"": 0.95, ""sublinear_tf"": true}",word,70000,"(1, 2)",2,0.95,True,"{""C"": 10.0, ""solver"": ""lbfgs""}","{""C"": 10.0, ""solver"": ""lbfgs""}",,lbfgs,10.0,,,,,,,,0.7180406212664278,0.6614531937848571,0.6387229833111308,0.6382862765210761,0.7297107889559281,0.7180406212664278,0.718762426493546,0.7180406212664278,0.7180406212664278,0.7180406212664278,4.182518084000094,0.0029857089998586,False,,success,,31,6,False,False
deep_20260612_180817,03_Full_Clean,LogisticRegression,19,post_content_for_labeling,"{""analyzer"": ""word"", ""max_features"": 50000, ""ngram_range"": [1, 2], ""min_df"": 3, ""max_df"": 0.95, ""sublinear_tf"": true}",word,50000,"(1, 2)",3,0.95,True,"{""C"": 2.0, ""solver"": ""lbfgs""}","{""C"": 2.0, ""solver"": ""lbfgs""}",,lbfgs,2.0,,,,,,,,0.7048984468339307,0.6391645714283384,0.6512663571577776,0.6381879672538032,0.7267038150362554,0.7048984468339307,0.7111207546120828,0.7048984468339307,0.7048984468339307,0.7048984468339307,1.8602057919997603,0.0012928329997521,False,,success,,32,2,False,False
deep_20260612_180817,02_Basic_Clean,LinearSVC,18,post_content_for_labeling,"{""analyzer"": ""word"", ""max_features"": 30000, ""ngram_range"": [1, 2], ""min_df"": 2, ""max_df"": 0.95, ""sublinear_tf"": true}",word,30000,"(1, 2)",2,0.95,True,"{""C"": 1.0, ""class_weight"": ""balanced""}","{""C"": 1.0, ""class_weight"": ""balanced""}",balanced,,1.0,,,,,,,,0.7264038231780168,0.6472483587192855,0.6490756580360161,0.6379857369089955,0.7278721939234911,0.7264038231780168,0.722556774239932,0.7264038231780168,0.7264038231780168,0.7264038231780168,0.6168875000003027,0.0006697920007354,False,,success,,33,5,False,False
deep_20260612_180817,03_Full_Clean,LogisticRegression,22,post_content_for_labeling,"{""analyzer"": ""word"", ""max_features"": 30000, ""ngram_range"": [1, 2], ""min_df"": 2, ""max_df"": 0.95, ""sublinear_tf"": true}",word,30000,"(1, 2)",2,0.95,True,"{""C"": 5.0, ""solver"": ""lbfgs""}","{""C"": 5.0, ""solver"": ""lbfgs""}",,lbfgs,5.0,,,,,,,,0.7192353643966547,0.6580648276634741,0.6395872678559835,0.6379595291642935,0.7309617454680163,0.7192353643966547,0.72022850337311,0.7192353643966547,0.7192353643966547,0.7192353643966547,2.4918951250001555,0.0028871670001535,False,,success,,34,3,False,False
deep_20260612_180817,05_Balanced,LogisticRegression,34,post_content_for_labeling,"{""analyzer"": ""word"", ""max_features"": 50000, ""ngram_range"": [1, 3], ""min_df"": 2, ""max_df"": 0.95, ""sublinear_tf"": true}",word,50000,"(1, 3)",2,0.95,True,"{""C"": 1.0, ""solver"": ""saga""}","{""C"": 1.0, ""solver"": ""saga""}",,saga,1.0,,,,,,,,0.7144563918757467,0.6618590726590893,0.6391031533488372,0.6376319597536707,0.7210544371969755,0.7144563918757467,0.7119998685196552,0.7144563918757467,0.7144563918757467,0.7144563918757467,2.969239666001158,0.0012283340001886,False,,success,,35,7,False,False
deep_20260612_180817,01_Raw_Data,LogisticRegression,38,post_content_for_labeling,"{""analyzer"": ""word"", ""max_features"": 50000, ""ngram_range"": [1, 2], ""min_df"": 1, ""max_df"": 0.95, ""sublinear_tf"": true}",word,50000,"(1, 2)",1,0.95,True,"{""C"": 2.0, ""solver"": ""saga""}","{""C"": 2.0, ""solver"": ""lbfgs""}",,lbfgs,2.0,,,,,,,,0.7072879330943848,0.648547109475817,0.6464521300762548,0.6373113887126363,0.7249914924545023,0.7072879330943848,0.7105943954948228,0.7072879330943848,0.7072879330943848,0.7072879330943848,84.94318754200003,0.0034661250000453,True,The max_iter was reached which means the coef_ did not converge; LogisticRegression saga raised ConvergenceWarning; fallback to lbfgs,success,LogisticRegression saga raised ConvergenceWarning; fallback to lbfgs,36,5,False,False
deep_20260612_180817,01_Raw_Data,LinearSVC,27,post_content_for_labeling,"{""analyzer"": ""word"", ""max_features"": 50000, ""ngram_range"": [1, 3], ""min_df"": 2, ""max_df"": 0.95, ""sublinear_tf"": true}",word,50000,"(1, 3)",2,0.95,True,"{""C"": 5.0, ""class_weight"": ""balanced""}","{""C"": 5.0, ""class_weight"": ""balanced""}",balanced,,5.0,,,,,,,,0.7299880525686977,0.6576115289595735,0.6374197673499937,0.6372781885837198,0.7249803054744673,0.7299880525686977,0.7234685811237034,0.7299880525686977,0.7299880525686977,0.7299880525686977,1.5254492500002923,0.0010024160001194,False,,success,,37,7,False,False
deep_20260612_180817,05_Balanced,LinearSVC,16,post_content_for_labeling,"{""analyzer"": ""word"", ""max_features"": 50000, ""ngram_range"": [1, 3], ""min_df"": 2, ""max_df"": 0.95, ""sublinear_tf"": true}",word,50000,"(1, 3)",2,0.95,True,"{""C"": 0.5, ""class_weight"": ""balanced""}","{""C"": 0.5, ""class_weight"": ""balanced""}",balanced,,0.5,,,,,,,,0.7168458781362007,0.6699859762888946,0.6376130251203589,0.6371016932551483,0.7168881999054513,0.7168458781362007,0.7099312219485228,0.7168458781362007,0.7168458781362007,0.7168458781362007,2.576031750000766,0.0008971250008471,False,,success,,38,2,False,False
deep_20260612_180817,04_No_Stopwords,LinearSVC,33,post_content_for_labeling,"{""analyzer"": ""word"", ""max_features"": 50000, ""ngram_range"": [1, 2], ""min_df"": 3, ""max_df"": 0.95, ""sublinear_tf"": true}",word,50000,"(1, 2)",3,0.95,True,"{""C"": 10.0, ""class_weight"": ""balanced""}","{""C"": 10.0, ""class_weight"": ""balanced""}",balanced,,10.0,,,,,,,,0.7204301075268817,0.6660502072837928,0.629107822875911,0.6368804770126486,0.7157688272904354,0.7204301075268817,0.7142813775235638,0.7204301075268817,0.7204301075268817,0.7204301075268817,1.088779749999958,0.0005880829994566,False,,success,,39,4,False,False
deep_20260612_180817,05_Balanced,LinearSVC,26,post_content_for_labeling,"{""analyzer"": ""word"", ""max_features"": 50000, ""ngram_range"": [1, 2], ""min_df"": 2, ""max_df"": 0.95, ""sublinear_tf"": true}",word,50000,"(1, 2)",2,0.95,True,"{""C"": 5.0, ""class_weight"": ""balanced""}","{""C"": 5.0, ""class_weight"": ""balanced""}",balanced,,5.0,,,,,,,,0.7192353643966547,0.7109395517282563,0.6241513924373384,0.6366611313243503,0.7221510865894534,0.7192353643966547,0.7090087730592846,0.7192353643966547,0.7192353643966547,0.7192353643966547,4.389185833999363,0.0014445839988184,False,,success,,40,3,False,False
deep_20260612_180817,03_Full_Clean,LogisticRegression,28,post_content_for_labeling,"{""analyzer"": ""word"", ""max_features"": 70000, ""ngram_range"": [1, 2], ""min_df"": 2, ""max_df"": 0.95, ""sublinear_tf"": true}",word,70000,"(1, 2)",2,0.95,True,"{""C"": 10.0, ""solver"": ""lbfgs""}","{""C"": 10.0, ""solver"": ""lbfgs""}",,lbfgs,10.0,,,,,,,,0.7204301075268817,0.6592328176454518,0.6363219772189095,0.6366112011131538,0.7295761271602969,0.7204301075268817,0.7203328614672351,0.7204301075268817,0.7204301075268817,0.7204301075268817,3.5677986669998063,0.00323225000011,False,,success,,41,4,False,False
deep_20260612_180817,03_Full_Clean,LogisticRegression,27,post_content_for_labeling,"{""analyzer"": ""word"", ""max_features"": 50000, ""ngram_range"": [1, 2], ""min_df"": 2, ""max_df"": 0.95, ""sublinear_tf"": true}",word,50000,"(1, 2)",2,0.95,True,"{""C"": 10.0, ""solver"": ""lbfgs""}","{""C"": 10.0, ""solver"": ""lbfgs""}",,lbfgs,10.0,,,,,,,,0.7204301075268817,0.6592328176454518,0.6363219772189095,0.6366112011131538,0.7295761271602969,0.7204301075268817,0.7203328614672351,0.7204301075268817,0.7204301075268817,0.7204301075268817,3.621677291999731,0.0026434999999764,False,,success,,42,5,False,False
deep_20260612_180817,01_Raw_Data,LogisticRegression,18,post_content_for_labeling,"{""analyzer"": ""word"", ""max_features"": 70000, ""ngram_range"": [1, 2], ""min_df"": 2, ""max_df"": 0.95, ""sublinear_tf"": true}",word,70000,"(1, 2)",2,0.95,True,"{""C"": 2.0, ""solver"": ""lbfgs""}","{""C"": 2.0, ""solver"": ""lbfgs""}",,lbfgs,2.0,,,,,,,,0.7072879330943848,0.6467696093349565,0.6464979665926797,0.6364923556335199,0.7262566006481251,0.7072879330943848,0.7112432492285699,0.7072879330943848,0.7072879330943848,0.7072879330943848,4.631949374999998,0.002947167000002,False,,success,,43,6,False,False
deep_20260612_180817,01_Raw_Data,LogisticRegression,37,post_content_for_labeling,"{""analyzer"": ""word"", ""max_features"": 70000, ""ngram_range"": [1, 2], ""min_df"": 2, ""max_df"": 0.95, ""sublinear_tf"": true}",word,70000,"(1, 2)",2,0.95,True,"{""C"": 2.0, ""solver"": ""saga""}","{""C"": 2.0, ""solver"": ""lbfgs""}",,lbfgs,2.0,,,,,,,,0.7072879330943848,0.6467696093349565,0.6464979665926797,0.6364923556335199,0.7262566006481251,0.7072879330943848,0.7112432492285699,0.7072879330943848,0.7072879330943848,0.7072879330943848,78.14388066699996,0.0028819169999678,True,The max_iter was reached which means the coef_ did not converge; LogisticRegression saga raised ConvergenceWarning; fallback to lbfgs,success,LogisticRegression saga raised ConvergenceWarning; fallback to lbfgs,44,7,False,False
deep_20260612_180817,02_Basic_Clean,LinearSVC,26,post_content_for_labeling,"{""analyzer"": ""word"", ""max_features"": 50000, ""ngram_range"": [1, 2], ""min_df"": 2, ""max_df"": 0.95, ""sublinear_tf"": true}",word,50000,"(1, 2)",2,0.95,True,"{""C"": 5.0, ""class_weight"": ""balanced""}","{""C"": 5.0, ""class_weight"": ""balanced""}",balanced,,5.0,,,,,,,,0.7264038231780168,0.6675399097020505,0.6320567661756478,0.6364478281467159,0.7217551965134933,0.7264038231780168,0.7191136581190952,0.7264038231780168,0.7264038231780168,0.7264038231780168,1.0115951660000064,0.0004298750000089,False,,success,,45,6,False,False
deep_20260612_180817,02_Basic_Clean,LogisticRegression,22,post_content_for_labeling,"{""analyzer"": ""word"", ""max_features"": 30000, ""ngram_range"": [1, 2], ""min_df"": 2, ""max_df"": 0.95, ""sublinear_tf"": true}",word,30000,"(1, 2)",2,0.95,True,"{""C"": 5.0, ""solver"": ""lbfgs""}","{""C"": 5.0, ""solver"": ""lbfgs""}",,lbfgs,5.0,,,,,,,,0.7156511350059738,0.6506846456388694,0.6410101751667412,0.6363873712727656,0.7307575577488984,0.7156511350059738,0.71867070273775,0.7156511350059738,0.7156511350059738,0.7156511350059738,2.357636833000015,0.0016355419998035,False,,success,,46,7,False,False
deep_20260612_180817,01_Raw_Data,LinearSVC,32,post_content_for_labeling,"{""analyzer"": ""word"", ""max_features"": 50000, ""ngram_range"": [1, 2], ""min_df"": 1, ""max_df"": 0.95, ""sublinear_tf"": true}",word,50000,"(1, 2)",1,0.95,True,"{""C"": 10.0, ""class_weight"": ""balanced""}","{""C"": 10.0, ""class_weight"": ""balanced""}",balanced,,10.0,,,,,,,,0.7180406212664278,0.6795991887372043,0.6249829715507167,0.6363747026422658,0.7137480192368747,0.7180406212664278,0.7104209015566512,0.7180406212664278,0.7180406212664278,0.7180406212664278,1.2268800839997311,0.0004886659999101,False,,success,,47,8,False,False
deep_20260612_180817,01_Raw_Data,LogisticRegression,22,post_content_for_labeling,"{""analyzer"": ""word"", ""max_features"": 30000, ""ngram_range"": [1, 2], ""min_df"": 2, ""max_df"": 0.95, ""sublinear_tf"": true}",word,30000,"(1, 2)",2,0.95,True,"{""C"": 5.0, ""solver"": ""lbfgs""}","{""C"": 5.0, ""solver"": ""lbfgs""}",,lbfgs,5.0,,,,,,,,0.7132616487455197,0.654414726724908,0.6406811519656948,0.6363335390418638,0.7261824052579691,0.7132616487455197,0.7145967756834377,0.7132616487455197,0.7132616487455197,0.7132616487455197,5.186795708999995,0.0050622919999909,False,,success,,48,8,False,False
deep_20260612_180817,01_Raw_Data,LinearSVC,26,post_content_for_labeling,"{""analyzer"": ""word"", ""max_features"": 50000, ""ngram_range"": [1, 2], ""min_df"": 2, ""max_df"": 0.95, ""sublinear_tf"": true}",word,50000,"(1, 2)",2,0.95,True,"{""C"": 5.0, ""class_weight"": ""balanced""}","{""C"": 5.0, ""class_weight"": ""balanced""}",balanced,,5.0,,,,,,,,0.7216248506571087,0.6744595983139486,0.6280704163549062,0.6362732745891979,0.7181554143995241,0.7216248506571087,0.7147322668649586,0.7216248506571087,0.7216248506571087,0.7216248506571087,0.9457526250002956,0.0004441670002961,False,,success,,49,9,False,False
deep_20260612_180817,04_No_Stopwords,LinearSVC,26,post_content_for_labeling,"{""analyzer"": ""word"", ""max_features"": 50000, ""ngram_range"": [1, 2], ""min_df"": 2, ""max_df"": 0.95, ""sublinear_tf"": true}",word,50000,"(1, 2)",2,0.95,True,"{""C"": 5.0, ""class_weight"": ""balanced""}","{""C"": 5.0, ""class_weight"": ""balanced""}",balanced,,5.0,,,,,,,,0.7192353643966547,0.6738518749523509,0.6314840682602709,0.6359366011911387,0.7197684268073479,0.7192353643966547,0.7131320569958141,0.7192353643966547,0.7192353643966547,0.7192353643966547,1.0009367910006404,0.0005126249998284,False,,success,,50,5,False,False
deep_20260612_180817,03_Full_Clean,LinearSVC,27,post_content_for_labeling,"{""analyzer"": ""word"", ""max_features"": 50000, ""ngram_range"": [1, 3], ""min_df"": 2, ""max_df"": 0.95, ""sublinear_tf"": true}",word,50000,"(1, 3)",2,0.95,True,"{""C"": 5.0, ""class_weight"": ""balanced""}","{""C"": 5.0, ""class_weight"": ""balanced""}",balanced,,5.0,,,,,,,,0.7240143369175627,0.6562051318422449,0.6324093035478682,0.6358476380024054,0.720259555393227,0.7240143369175627,0.7186676331328773,0.7240143369175627,0.7240143369175627,0.7240143369175627,1.5481631250004284,0.0004964580002706,False,,success,,51,1,True,False
deep_20260612_180817,02_Basic_Clean,LinearSVC,19,post_content_for_labeling,"{""analyzer"": ""word"", ""max_features"": 50000, ""ngram_range"": [1, 2], ""min_df"": 1, ""max_df"": 0.95, ""sublinear_tf"": true}",word,50000,"(1, 2)",1,0.95,True,"{""C"": 1.0, ""class_weight"": ""balanced""}","{""C"": 1.0, ""class_weight"": ""balanced""}",balanced,,1.0,,,,,,,,0.7216248506571087,0.6521215949681212,0.6414371373871148,0.6358091740826157,0.721808733137108,0.7216248506571087,0.7170533507479131,0.7216248506571087,0.7216248506571087,0.7216248506571087,0.7367348329999004,0.0005109999992782,False,,success,,52,7,False,False
deep_20260612_180817,01_Raw_Data,LogisticRegression,19,post_content_for_labeling,"{""analyzer"": ""word"", ""max_features"": 50000, ""ngram_range"": [1, 2], ""min_df"": 3, ""max_df"": 0.95, ""sublinear_tf"": true}",word,50000,"(1, 2)",3,0.95,True,"{""C"": 2.0, ""solver"": ""lbfgs""}","{""C"": 2.0, ""solver"": ""lbfgs""}",,lbfgs,2.0,,,,,,,,0.7084826762246117,0.6374536667575499,0.6497718901524746,0.6357556474970736,0.7294398161171279,0.7084826762246117,0.7142098731796285,0.7084826762246117,0.7084826762246117,0.7084826762246117,2.945726958999998,0.0011269170000005,False,,success,,53,9,False,False
deep_20260612_180817,03_Full_Clean,LinearSVC,41,post_content_for_labeling,"{""analyzer"": ""word"", ""max_features"": 50000, ""ngram_range"": [1, 2], ""min_df"": 2, ""max_df"": 0.95, ""sublinear_tf"": true}",word,50000,"(1, 2)",2,0.95,True,"{""C"": 2.0, ""class_weight"": null}","{""C"": 2.0, ""class_weight"": null}",,,2.0,,,,,,,,0.7275985663082437,0.6941866053229359,0.622125582554556,0.6357331952431862,0.7229365285164191,0.7275985663082437,0.7171598976281155,0.7275985663082437,0.7275985663082437,0.7275985663082437,0.7025404169999092,0.0004171669997958,False,,success,,54,2,False,False
deep_20260612_180817,02_Basic_Clean,LogisticRegression,38,post_content_for_labeling,"{""analyzer"": ""word"", ""max_features"": 50000, ""ngram_range"": [1, 2], ""min_df"": 1, ""max_df"": 0.95, ""sublinear_tf"": true}",word,50000,"(1, 2)",1,0.95,True,"{""C"": 2.0, ""solver"": ""saga""}","{""C"": 2.0, ""solver"": ""lbfgs""}",,lbfgs,2.0,,,,,,,,0.7072879330943848,0.6500043916977112,0.6432736796426264,0.6354434668509406,0.72738370040942,0.7072879330943848,0.7111706633416865,0.7072879330943848,0.7072879330943848,0.7072879330943848,83.02520387499999,0.002523832999941,True,The max_iter was reached which means the coef_ did not converge; LogisticRegression saga raised ConvergenceWarning; fallback to lbfgs,success,LogisticRegression saga raised ConvergenceWarning; fallback to lbfgs,55,8,False,False
deep_20260612_180817,02_Basic_Clean,LinearSVC,27,post_content_for_labeling,"{""analyzer"": ""word"", ""max_features"": 50000, ""ngram_range"": [1, 3], ""min_df"": 2, ""max_df"": 0.95, ""sublinear_tf"": true}",word,50000,"(1, 3)",2,0.95,True,"{""C"": 5.0, ""class_weight"": ""balanced""}","{""C"": 5.0, ""class_weight"": ""balanced""}",balanced,,5.0,,,,,,,,0.7240143369175627,0.6588745050282143,0.6336066974259494,0.634847619185585,0.7186513105505183,0.7240143369175627,0.7166775137239046,0.7240143369175627,0.7240143369175627,0.7240143369175627,1.5872827080002023,0.0004653750002034,False,,success,,56,8,False,False
deep_20260612_180817,02_Basic_Clean,LinearSVC,24,post_content_for_labeling,"{""analyzer"": ""word"", ""max_features"": 50000, ""ngram_range"": [1, 2], ""min_df"": 3, ""max_df"": 0.95, ""sublinear_tf"": true}",word,50000,"(1, 2)",3,0.95,True,"{""C"": 2.0, ""class_weight"": ""balanced""}","{""C"": 2.0, ""class_weight"": ""balanced""}",balanced,,2.0,,,,,,,,0.7204301075268817,0.6545696327531743,0.6375012501154869,0.6345817048609307,0.7215935233799758,0.7204301075268817,0.7167250341697484,0.7204301075268817,0.7204301075268817,0.7204301075268817,0.7137265419996766,0.0006069159999242,False,,success,,57,9,False,False
deep_20260612_180817,05_Balanced,LinearSVC,32,post_content_for_labeling,"{""analyzer"": ""word"", ""max_features"": 50000, ""ngram_range"": [1, 2], ""min_df"": 1, ""max_df"": 0.95, ""sublinear_tf"": true}",word,50000,"(1, 2)",1,0.95,True,"{""C"": 10.0, ""class_weight"": ""balanced""}","{""C"": 10.0, ""class_weight"": ""balanced""}",balanced,,10.0,,,,,,,,0.7168458781362007,0.7019405955092552,0.6212935295688796,0.6345664347528186,0.7175096386244578,0.7168458781362007,0.7069766799388157,0.7168458781362007,0.7168458781362007,0.7168458781362007,6.84828862500035,0.0009366670001327,False,,success,,58,4,False,False
deep_20260612_180817,02_Basic_Clean,LinearSVC,23,post_content_for_labeling,"{""analyzer"": ""word"", ""max_features"": 50000, ""ngram_range"": [1, 3], ""min_df"": 2, ""max_df"": 0.95, ""sublinear_tf"": true}",word,50000,"(1, 3)",2,0.95,True,"{""C"": 2.0, ""class_weight"": ""balanced""}","{""C"": 2.0, ""class_weight"": ""balanced""}",balanced,,2.0,,,,,,,,0.7240143369175627,0.6553901792939503,0.6371782649169544,0.6345529657872959,0.7239733407128628,0.7240143369175627,0.719141427443393,0.7240143369175627,0.7240143369175627,0.7240143369175627,1.289571624999553,0.0004892920005659,False,,success,,59,10,False,False
deep_20260612_180817,05_Balanced,LogisticRegression,15,post_content_for_labeling,"{""analyzer"": ""word"", ""max_features"": 50000, ""ngram_range"": [1, 2], ""min_df"": 1, ""max_df"": 0.95, ""sublinear_tf"": true}",word,50000,"(1, 2)",1,0.95,True,"{""C"": 1.0, ""solver"": ""lbfgs""}","{""C"": 1.0, ""solver"": ""lbfgs""}",,lbfgs,1.0,,,,,,,,0.7096774193548387,0.656376851195438,0.6366152220503876,0.6344499707947521,0.7163607807574712,0.7096774193548387,0.7075040554510915,0.7096774193548387,0.7096774193548387,0.7096774193548387,4.386026249998395,0.0030727079993084,False,,success,,60,8,False,False
deep_20260612_180817,01_Raw_Data,LinearSVC,13,post_content_for_labeling,"{""analyzer"": ""word"", ""max_features"": 30000, ""ngram_range"": [1, 2], ""min_df"": 2, ""max_df"": 0.95, ""sublinear_tf"": true}",word,30000,"(1, 2)",2,0.95,True,"{""C"": 0.5, ""class_weight"": ""balanced""}","{""C"": 0.5, ""class_weight"": ""balanced""}",balanced,,0.5,,,,,,,,0.7216248506571087,0.6419012916652302,0.6483687265656868,0.6343945308280972,0.7281195688889075,0.7216248506571087,0.7196989975707858,0.7216248506571087,0.7216248506571087,0.7216248506571087,0.5836000829999648,0.0007587089999105,False,,success,,61,10,False,False
deep_20260612_180817,03_Full_Clean,LinearSVC,23,post_content_for_labeling,"{""analyzer"": ""word"", ""max_features"": 50000, ""ngram_range"": [1, 3], ""min_df"": 2, ""max_df"": 0.95, ""sublinear_tf"": true}",word,50000,"(1, 3)",2,0.95,True,"{""C"": 2.0, ""class_weight"": ""balanced""}","{""C"": 2.0, ""class_weight"": ""balanced""}",balanced,,2.0,,,,,,,,0.7204301075268817,0.6470949168724804,0.6375983159049567,0.6343880819438567,0.7215245645343134,0.7204301075268817,0.7174595166747321,0.7204301075268817,0.7204301075268817,0.7204301075268817,1.338966833000086,0.0004627919997801,False,,success,,62,3,False,False
deep_20260612_180817,02_Basic_Clean,LogisticRegression,23,post_content_for_labeling,"{""analyzer"": ""word"", ""max_features"": 50000, ""ngram_range"": [1, 2], ""min_df"": 2, ""max_df"": 0.95, ""sublinear_tf"": true}",word,50000,"(1, 2)",2,0.95,True,"{""C"": 5.0, ""solver"": ""lbfgs""}","{""C"": 5.0, ""solver"": ""lbfgs""}",,lbfgs,5.0,,,,,,,,0.7132616487455197,0.6505532181485156,0.6386081239702652,0.6343262154555445,0.7301648954131804,0.7132616487455197,0.7168451761717003,0.7132616487455197,0.7132616487455197,0.7132616487455197,3.257848958000068,0.0030426670000451,False,,success,,63,9,False,False
deep_20260612_180817,05_Balanced,LogisticRegression,32,post_content_for_labeling,"{""analyzer"": ""word"", ""max_features"": 50000, ""ngram_range"": [1, 2], ""min_df"": 2, ""max_df"": 0.95, ""sublinear_tf"": true}",word,50000,"(1, 2)",2,0.95,True,"{""C"": 1.0, ""solver"": ""saga""}","{""C"": 1.0, ""solver"": ""saga""}",,saga,1.0,,,,,,,,0.7096774193548387,0.6561191183478766,0.6366152220503876,0.6343085061326006,0.7170480401606925,0.7096774193548387,0.707861565063176,0.7096774193548387,0.7096774193548387,0.7096774193548387,2.0438308749999123,0.0012172919996373,False,,success,,64,9,False,False
deep_20260612_180817,05_Balanced,LinearSVC,24,post_content_for_labeling,"{""analyzer"": ""word"", ""max_features"": 50000, ""ngram_range"": [1, 2], ""min_df"": 3, ""max_df"": 0.95, ""sublinear_tf"": true}",word,50000,"(1, 2)",3,0.95,True,"{""C"": 2.0, ""class_weight"": ""balanced""}","{""C"": 2.0, ""class_weight"": ""balanced""}",balanced,,2.0,,,,,,,,0.7204301075268817,0.6952900369539959,0.6249442190548687,0.6342995268088397,0.7207834130479531,0.7204301075268817,0.7104510205208687,0.7204301075268817,0.7204301075268817,0.7204301075268817,2.5446122499997728,0.0009635830010665,False,,success,,65,5,False,False
deep_20260612_180817,02_Basic_Clean,LinearSVC,32,post_content_for_labeling,"{""analyzer"": ""word"", ""max_features"": 50000, ""ngram_range"": [1, 2], ""min_df"": 1, ""max_df"": 0.95, ""sublinear_tf"": true}",word,50000,"(1, 2)",1,0.95,True,"{""C"": 10.0, ""class_weight"": ""balanced""}","{""C"": 10.0, ""class_weight"": ""balanced""}",balanced,,10.0,,,,,,,,0.7192353643966547,0.681222891563964,0.6245020874818639,0.6341716285466258,0.7170384983263706,0.7192353643966547,0.7114274119298397,0.7192353643966547,0.7192353643966547,0.7192353643966547,1.442572415999166,0.0004479580002225,False,,success,,66,11,False,False
deep_20260612_180817,03_Full_Clean,LinearSVC,42,post_content_for_labeling,"{""analyzer"": ""word"", ""max_features"": 50000, ""ngram_range"": [1, 2], ""min_df"": 1, ""max_df"": 0.95, ""sublinear_tf"": true}",word,50000,"(1, 2)",1,0.95,True,"{""C"": 2.0, ""class_weight"": null}","{""C"": 2.0, ""class_weight"": null}",,,2.0,,,,,,,,0.7252090800477897,0.6923036678519314,0.620705906656312,0.63416024493216,0.7210429789597903,0.7252090800477897,0.7150617635427473,0.7252090800477897,0.7252090800477897,0.7252090800477897,0.718232000000171,0.0004342080001151,False,,success,,67,4,False,False
deep_20260612_180817,04_No_Stopwords,LinearSVC,42,post_content_for_labeling,"{""analyzer"": ""word"", ""max_features"": 50000, ""ngram_range"": [1, 2], ""min_df"": 1, ""max_df"": 0.95, ""sublinear_tf"": true}",word,50000,"(1, 2)",1,0.95,True,"{""C"": 2.0, ""class_weight"": null}","{""C"": 2.0, ""class_weight"": null}",,,2.0,,,,,,,,0.7228195937873357,0.6951677652626631,0.6211747432988703,0.6341204620606671,0.7191577702667179,0.7228195937873357,0.7119795069011081,0.7228195937873357,0.7228195937873357,0.7228195937873357,0.6724748339984217,0.0008289590005006,False,,success,,68,6,False,False
deep_20260612_180817,02_Basic_Clean,LinearSVC,14,post_content_for_labeling,"{""analyzer"": ""word"", ""max_features"": 50000, ""ngram_range"": [1, 2], ""min_df"": 2, ""max_df"": 0.95, ""sublinear_tf"": true}",word,50000,"(1, 2)",2,0.95,True,"{""C"": 0.5, ""class_weight"": ""balanced""}","{""C"": 0.5, ""class_weight"": ""balanced""}",balanced,,0.5,,,,,,,,0.7192353643966547,0.6418680814846324,0.6469116052491259,0.6340114451921115,0.7261984436714669,0.7192353643966547,0.7179531582022055,0.7192353643966547,0.7192353643966547,0.7192353643966547,0.5979280840001593,0.0004904170000372,False,,success,,69,12,False,False
deep_20260612_180817,02_Basic_Clean,LinearSVC,15,post_content_for_labeling,"{""analyzer"": ""word"", ""max_features"": 70000, ""ngram_range"": [1, 2], ""min_df"": 2, ""max_df"": 0.95, ""sublinear_tf"": true}",word,70000,"(1, 2)",2,0.95,True,"{""C"": 0.5, ""class_weight"": ""balanced""}","{""C"": 0.5, ""class_weight"": ""balanced""}",balanced,,0.5,,,,,,,,0.7192353643966547,0.6418680814846324,0.6469116052491259,0.6340114451921115,0.7261984436714669,0.7192353643966547,0.7179531582022055,0.7192353643966547,0.7192353643966547,0.7192353643966547,0.6683408340004462,0.0004638330001398,False,,success,,70,13,False,False
deep_20260612_180817,05_Balanced,LinearSVC,42,post_content_for_labeling,"{""analyzer"": ""word"", ""max_features"": 50000, ""ngram_range"": [1, 2], ""min_df"": 1, ""max_df"": 0.95, ""sublinear_tf"": true}",word,50000,"(1, 2)",1,0.95,True,"{""C"": 2.0, ""class_weight"": null}","{""C"": 2.0, ""class_weight"": null}",,,2.0,,,,,,,,0.7168458781362007,0.6947628957905064,0.6248828356498322,0.6338392021479269,0.7184006860986804,0.7168458781362007,0.7075537160387056,0.7168458781362007,0.7168458781362007,0.7168458781362007,2.6491837089997716,0.001039832999595,False,,success,,71,6,False,False
deep_20260612_180817,01_Raw_Data,LinearSVC,14,post_content_for_labeling,"{""analyzer"": ""word"", ""max_features"": 50000, ""ngram_range"": [1, 2], ""min_df"": 2, ""max_df"": 0.95, ""sublinear_tf"": true}",word,50000,"(1, 2)",2,0.95,True,"{""C"": 0.5, ""class_weight"": ""balanced""}","{""C"": 0.5, ""class_weight"": ""balanced""}",balanced,,0.5,,,,,,,,0.7192353643966547,0.6445908021344252,0.6455543350683264,0.6337923751118203,0.7231727276655194,0.7192353643966547,0.7161962807394142,0.7192353643966547,0.7192353643966547,0.7192353643966547,0.6182092919998468,0.0009395839997523,False,,success,,72,11,False,False
deep_20260612_180817,01_Raw_Data,LinearSVC,15,post_content_for_labeling,"{""analyzer"": ""word"", ""max_features"": 70000, ""ngram_range"": [1, 2], ""min_df"": 2, ""max_df"": 0.95, ""sublinear_tf"": true}",word,70000,"(1, 2)",2,0.95,True,"{""C"": 0.5, ""class_weight"": ""balanced""}","{""C"": 0.5, ""class_weight"": ""balanced""}",balanced,,0.5,,,,,,,,0.7192353643966547,0.6445908021344252,0.6455543350683264,0.6337923751118203,0.7231727276655194,0.7192353643966547,0.7161962807394142,0.7192353643966547,0.7192353643966547,0.7192353643966547,0.6523624589999599,0.0006652080001003,False,,success,,73,12,False,False
deep_20260612_180817,05_Balanced,LinearSVC,33,post_content_for_labeling,"{""analyzer"": ""word"", ""max_features"": 50000, ""ngram_range"": [1, 2], ""min_df"": 3, ""max_df"": 0.95, ""sublinear_tf"": true}",word,50000,"(1, 2)",3,0.95,True,"{""C"": 10.0, ""class_weight"": ""balanced""}","{""C"": 10.0, ""class_weight"": ""balanced""}",balanced,,10.0,,,,,,,,0.7156511350059738,0.7082134652029791,0.620004329223338,0.6335835156043319,0.719135421973569,0.7156511350059738,0.7058930318827484,0.7156511350059738,0.7156511350059738,0.7156511350059738,7.419418790999771,0.001330124998276,False,,success,,74,7,False,False
deep_20260612_180817,03_Full_Clean,LogisticRegression,38,post_content_for_labeling,"{""analyzer"": ""word"", ""max_features"": 50000, ""ngram_range"": [1, 2], ""min_df"": 1, ""max_df"": 0.95, ""sublinear_tf"": true}",word,50000,"(1, 2)",1,0.95,True,"{""C"": 2.0, ""solver"": ""saga""}","{""C"": 2.0, ""solver"": ""lbfgs""}",,lbfgs,2.0,,,,,,,,0.7048984468339307,0.6496496353945982,0.6400153433924182,0.6335579707686281,0.7251676540795539,0.7048984468339307,0.7091606188716263,0.7048984468339307,0.7048984468339307,0.7048984468339307,83.37803433299996,0.0020848750000368,True,The max_iter was reached which means the coef_ did not converge; LogisticRegression saga raised ConvergenceWarning; fallback to lbfgs,success,LogisticRegression saga raised ConvergenceWarning; fallback to lbfgs,75,6,False,False
deep_20260612_180817,03_Full_Clean,LogisticRegression,23,post_content_for_labeling,"{""analyzer"": ""word"", ""max_features"": 50000, ""ngram_range"": [1, 2], ""min_df"": 2, ""max_df"": 0.95, ""sublinear_tf"": true}",word,50000,"(1, 2)",2,0.95,True,"{""C"": 5.0, ""solver"": ""lbfgs""}","{""C"": 5.0, ""solver"": ""lbfgs""}",,lbfgs,5.0,,,,,,,,0.7144563918757467,0.6543307719103709,0.6356982401406777,0.6334206990205515,0.7278637268411842,0.7144563918757467,0.7160183503491333,0.7144563918757467,0.7144563918757467,0.7144563918757467,3.7359587079999983,0.0027769999996962,False,,success,,76,7,False,False
deep_20260612_180817,03_Full_Clean,LinearSVC,37,post_content_for_labeling,"{""analyzer"": ""word"", ""max_features"": 30000, ""ngram_range"": [1, 2], ""min_df"": 2, ""max_df"": 0.95, ""sublinear_tf"": true}",word,30000,"(1, 2)",2,0.95,True,"{""C"": 1.0, ""class_weight"": null}","{""C"": 1.0, ""class_weight"": null}",,,1.0,,,,,,,,0.7252090800477897,0.6942132698592158,0.6189099756929319,0.6333604985294312,0.7183679801648023,0.7252090800477897,0.7130464403307871,0.7252090800477897,0.7252090800477897,0.7252090800477897,0.5950025829997685,0.0007363750000877,False,,success,,77,5,False,False
deep_20260612_180817,01_Raw_Data,LinearSVC,24,post_content_for_labeling,"{""analyzer"": ""word"", ""max_features"": 50000, ""ngram_range"": [1, 2], ""min_df"": 3, ""max_df"": 0.95, ""sublinear_tf"": true}",word,50000,"(1, 2)",3,0.95,True,"{""C"": 2.0, ""class_weight"": ""balanced""}","{""C"": 2.0, ""class_weight"": ""balanced""}",balanced,,2.0,,,,,,,,0.7204301075268817,0.6462051649439098,0.6368599779326327,0.6328529199092884,0.7185225791446825,0.7204301075268817,0.7158343427274465,0.7204301075268817,0.7204301075268817,0.7204301075268817,0.6741002919998209,0.0006114170000728,False,,success,,78,13,False,False
deep_20260612_180817,05_Balanced,LinearSVC,14,post_content_for_labeling,"{""analyzer"": ""word"", ""max_features"": 50000, ""ngram_range"": [1, 2], ""min_df"": 2, ""max_df"": 0.95, ""sublinear_tf"": true}",word,50000,"(1, 2)",2,0.95,True,"{""C"": 0.5, ""class_weight"": ""balanced""}","{""C"": 0.5, ""class_weight"": ""balanced""}",balanced,,0.5,,,,,,,,0.7204301075268817,0.6619586415347436,0.6350166422514638,0.6328006626292608,0.7193108442939118,0.7204301075268817,0.7132150276548973,0.7204301075268817,0.7204301075268817,0.7204301075268817,1.7494185000014113,0.0009371249998366,False,,success,,79,8,False,False
deep_20260612_180817,04_No_Stopwords,LinearSVC,23,post_content_for_labeling,"{""analyzer"": ""word"", ""max_features"": 50000, ""ngram_range"": [1, 3], ""min_df"": 2, ""max_df"": 0.95, ""sublinear_tf"": true}",word,50000,"(1, 3)",2,0.95,True,"{""C"": 2.0, ""class_weight"": ""balanced""}","{""C"": 2.0, ""class_weight"": ""balanced""}",balanced,,2.0,,,,,,,,0.7180406212664278,0.656625151873493,0.6337214429989801,0.6327819451321168,0.7175491302697182,0.7180406212664278,0.7127780525602714,0.7180406212664278,0.7180406212664278,0.7180406212664278,1.2556902920005086,0.0004617500017047,False,,success,,80,7,False,False
deep_20260612_180817,05_Balanced,LinearSVC,10,post_content_for_labeling,"{""analyzer"": ""word"", ""max_features"": 50000, ""ngram_range"": [1, 2], ""min_df"": 2, ""max_df"": 0.95, ""sublinear_tf"": true}",word,50000,"(1, 2)",2,0.95,True,"{""C"": 0.3, ""class_weight"": ""balanced""}","{""C"": 0.3, ""class_weight"": ""balanced""}",balanced,,0.3,,,,,,,,0.7204301075268817,0.6536620584966881,0.6385529863386781,0.6326775850244734,0.7190808138119046,0.7204301075268817,0.7138010943287245,0.7204301075268817,0.7204301075268817,0.7204301075268817,1.617569750000257,0.0009282080009143,False,,success,,81,9,False,False
deep_20260612_180817,04_No_Stopwords,LinearSVC,27,post_content_for_labeling,"{""analyzer"": ""word"", ""max_features"": 50000, ""ngram_range"": [1, 3], ""min_df"": 2, ""max_df"": 0.95, ""sublinear_tf"": true}",word,50000,"(1, 3)",2,0.95,True,"{""C"": 5.0, ""class_weight"": ""balanced""}","{""C"": 5.0, ""class_weight"": ""balanced""}",balanced,,5.0,,,,,,,,0.7192353643966547,0.6631149402475027,0.6277999023157633,0.6324504363936128,0.7163558577959297,0.7192353643966547,0.7128070608130614,0.7192353643966547,0.7192353643966547,0.7192353643966547,1.4445313750002242,0.0004680419988289,False,,success,,82,8,False,False
deep_20260612_180817,05_Balanced,LinearSVC,19,post_content_for_labeling,"{""analyzer"": ""word"", ""max_features"": 50000, ""ngram_range"": [1, 2], ""min_df"": 1, ""max_df"": 0.95, ""sublinear_tf"": true}",word,50000,"(1, 2)",1,0.95,True,"{""C"": 1.0, ""class_weight"": ""balanced""}","{""C"": 1.0, ""class_weight"": ""balanced""}",balanced,,1.0,,,,,,,,0.7144563918757467,0.6899272343318048,0.6254151703289184,0.6323265838727782,0.7182345864151853,0.7144563918757467,0.7063853934680338,0.7144563918757467,0.7144563918757467,0.7144563918757467,1.9886214160014788,0.0009606250005163,False,,success,,83,10,False,False
deep_20260612_180817,05_Balanced,LinearSVC,15,post_content_for_labeling,"{""analyzer"": ""word"", ""max_features"": 70000, ""ngram_range"": [1, 2], ""min_df"": 2, ""max_df"": 0.95, ""sublinear_tf"": true}",word,70000,"(1, 2)",2,0.95,True,"{""C"": 0.5, ""class_weight"": ""balanced""}","{""C"": 0.5, ""class_weight"": ""balanced""}",balanced,,0.5,,,,,,,,0.7180406212664278,0.658824137567006,0.6350016418861384,0.6323139457073246,0.719981447976807,0.7180406212664278,0.7119157022419536,0.7180406212664278,0.7180406212664278,0.7180406212664278,1.8289058749996912,0.0009849170000961,False,,success,,84,11,False,False
deep_20260612_180817,03_Full_Clean,LogisticRegression,18,post_content_for_labeling,"{""analyzer"": ""word"", ""max_features"": 70000, ""ngram_range"": [1, 2], ""min_df"": 2, ""max_df"": 0.95, ""sublinear_tf"": true}",word,70000,"(1, 2)",2,0.95,True,"{""C"": 2.0, ""solver"": ""lbfgs""}","{""C"": 2.0, ""solver"": ""lbfgs""}",,lbfgs,2.0,,,,,,,,0.7048984468339307,0.645526519464109,0.6410135783971923,0.6322691508161126,0.7255042421093787,0.7048984468339307,0.7093150439528108,0.7048984468339307,0.7048984468339307,0.7048984468339307,2.2704436659996645,0.0021649170003001,False,,success,,85,8,False,False
deep_20260612_180817,03_Full_Clean,LogisticRegression,37,post_content_for_labeling,"{""analyzer"": ""word"", ""max_features"": 70000, ""ngram_range"": [1, 2], ""min_df"": 2, ""max_df"": 0.95, ""sublinear_tf"": true}",word,70000,"(1, 2)",2,0.95,True,"{""C"": 2.0, ""solver"": ""saga""}","{""C"": 2.0, ""solver"": ""lbfgs""}",,lbfgs,2.0,,,,,,,,0.7048984468339307,0.645526519464109,0.6410135783971923,0.6322691508161126,0.7255042421093787,0.7048984468339307,0.7093150439528108,0.7048984468339307,0.7048984468339307,0.7048984468339307,76.71589341700019,0.0033527080004205,True,The max_iter was reached which means the coef_ did not converge; LogisticRegression saga raised ConvergenceWarning; fallback to lbfgs,success,LogisticRegression saga raised ConvergenceWarning; fallback to lbfgs,86,9,False,False
deep_20260612_180817,02_Basic_Clean,LinearSVC,16,post_content_for_labeling,"{""analyzer"": ""word"", ""max_features"": 50000, ""ngram_range"": [1, 3], ""min_df"": 2, ""max_df"": 0.95, ""sublinear_tf"": true}",word,50000,"(1, 3)",2,0.95,True,"{""C"": 0.5, ""class_weight"": ""balanced""}","{""C"": 0.5, ""class_weight"": ""balanced""}",balanced,,0.5,,,,,,,,0.7156511350059738,0.6393868980207368,0.6428966659400689,0.6322229825763571,0.7186565631409559,0.7156511350059738,0.7129295474568297,0.7156511350059738,0.7156511350059738,0.7156511350059738,1.1020937499997672,0.0004629590002878,False,,success,,87,14,False,False
deep_20260612_180817,04_No_Stopwords,LinearSVC,19,post_content_for_labeling,"{""analyzer"": ""word"", ""max_features"": 50000, ""ngram_range"": [1, 2], ""min_df"": 1, ""max_df"": 0.95, ""sublinear_tf"": true}",word,50000,"(1, 2)",1,0.95,True,"{""C"": 1.0, ""class_weight"": ""balanced""}","{""C"": 1.0, ""class_weight"": ""balanced""}",balanced,,1.0,,,,,,,,0.7252090800477897,0.6456803719061414,0.6376475509371249,0.6317310304861284,0.7261831104244844,0.7252090800477897,0.7215152809103342,0.7252090800477897,0.7252090800477897,0.7252090800477897,0.6366591659989354,0.0008394590004172,False,,success,,88,9,False,False
deep_20260612_180817,03_Full_Clean,LinearSVC,16,post_content_for_labeling,"{""analyzer"": ""word"", ""max_features"": 50000, ""ngram_range"": [1, 3], ""min_df"": 2, ""max_df"": 0.95, ""sublinear_tf"": true}",word,50000,"(1, 3)",2,0.95,True,"{""C"": 0.5, ""class_weight"": ""balanced""}","{""C"": 0.5, ""class_weight"": ""balanced""}",balanced,,0.5,,,,,,,,0.7180406212664278,0.6397723460492584,0.6421410880519249,0.6316168702565919,0.7210991849922049,0.7180406212664278,0.7151562839178455,0.7180406212664278,0.7180406212664278,0.7180406212664278,1.1167897909999738,0.0012963750004928,False,,success,,89,6,False,False
deep_20260612_180817,05_Balanced,LogisticRegression,37,post_content_for_labeling,"{""analyzer"": ""word"", ""max_features"": 70000, ""ngram_range"": [1, 2], ""min_df"": 2, ""max_df"": 0.95, ""sublinear_tf"": true}",word,70000,"(1, 2)",2,0.95,True,"{""C"": 2.0, ""solver"": ""saga""}","{""C"": 2.0, ""solver"": ""saga""}",,saga,2.0,,,,,,,,0.7084826762246117,0.6653739437087717,0.630912145268538,0.6315050591001883,0.7139423203140867,0.7084826762246117,0.703811188103953,0.7084826762246117,0.7084826762246117,0.7084826762246117,2.1898860830006015,0.0015162500003498,False,,success,,90,10,False,False
deep_20260612_180817,05_Balanced,LogisticRegression,18,post_content_for_labeling,"{""analyzer"": ""word"", ""max_features"": 70000, ""ngram_range"": [1, 2], ""min_df"": 2, ""max_df"": 0.95, ""sublinear_tf"": true}",word,70000,"(1, 2)",2,0.95,True,"{""C"": 2.0, ""solver"": ""lbfgs""}","{""C"": 2.0, ""solver"": ""lbfgs""}",,lbfgs,2.0,,,,,,,,0.7084826762246117,0.6653739437087717,0.630912145268538,0.6315050591001883,0.7139423203140867,0.7084826762246117,0.703811188103953,0.7084826762246117,0.7084826762246117,0.7084826762246117,7.647107167000286,0.0034683329995459,False,,success,,91,11,False,False
deep_20260612_180817,04_No_Stopwords,LogisticRegression,19,post_content_for_labeling,"{""analyzer"": ""word"", ""max_features"": 50000, ""ngram_range"": [1, 2], ""min_df"": 3, ""max_df"": 0.95, ""sublinear_tf"": true}",word,50000,"(1, 2)",3,0.95,True,"{""C"": 2.0, ""solver"": ""lbfgs""}","{""C"": 2.0, ""solver"": ""lbfgs""}",,lbfgs,2.0,,,,,,,,0.6989247311827957,0.6312860238519266,0.6474426514500771,0.631396876571161,0.7260967671531575,0.6989247311827957,0.7074024022828574,0.6989247311827957,0.6989247311827957,0.6989247311827957,1.868779207999978,0.0011310419995425,False,,success,,92,1,True,False
deep_20260612_180817,04_No_Stopwords,LogisticRegression,29,post_content_for_labeling,"{""analyzer"": ""word"", ""max_features"": 50000, ""ngram_range"": [1, 2], ""min_df"": 1, ""max_df"": 0.95, ""sublinear_tf"": true}",word,50000,"(1, 2)",1,0.95,True,"{""C"": 10.0, ""solver"": ""lbfgs""}","{""C"": 10.0, ""solver"": ""lbfgs""}",,lbfgs,10.0,,,,,,,,0.7168458781362007,0.6668001004163022,0.6281647574080916,0.631380308274802,0.7263883429198815,0.7168458781362007,0.7152732979460692,0.7168458781362007,0.7168458781362007,0.7168458781362007,5.264229333000003,0.0029898750008214,False,,success,,93,2,False,False
deep_20260612_180817,03_Full_Clean,LinearSVC,32,post_content_for_labeling,"{""analyzer"": ""word"", ""max_features"": 50000, ""ngram_range"": [1, 2], ""min_df"": 1, ""max_df"": 0.95, ""sublinear_tf"": true}",word,50000,"(1, 2)",1,0.95,True,"{""C"": 10.0, ""class_weight"": ""balanced""}","{""C"": 10.0, ""class_weight"": ""balanced""}",balanced,,10.0,,,,,,,,0.7216248506571087,0.6685874082578438,0.6254178472852077,0.6313664775373021,0.7190751290348657,0.7216248506571087,0.7147613675099572,0.7216248506571087,0.7216248506571087,0.7216248506571087,1.4132125420001105,0.0004758750001201,False,,success,,94,7,False,False
deep_20260612_180817,03_Full_Clean,LinearSVC,26,post_content_for_labeling,"{""analyzer"": ""word"", ""max_features"": 50000, ""ngram_range"": [1, 2], ""min_df"": 2, ""max_df"": 0.95, ""sublinear_tf"": true}",word,50000,"(1, 2)",2,0.95,True,"{""C"": 5.0, ""class_weight"": ""balanced""}","{""C"": 5.0, ""class_weight"": ""balanced""}",balanced,,5.0,,,,,,,,0.7192353643966547,0.6634963360415759,0.626223235271123,0.6313224827663366,0.7151793519533158,0.7192353643966547,0.7124600845419161,0.7192353643966547,0.7192353643966547,0.7192353643966547,1.0034749169999486,0.0004477090005821,False,,success,,95,8,False,False
deep_20260612_180817,04_No_Stopwords,LinearSVC,18,post_content_for_labeling,"{""analyzer"": ""word"", ""max_features"": 30000, ""ngram_range"": [1, 2], ""min_df"": 2, ""max_df"": 0.95, ""sublinear_tf"": true}",word,30000,"(1, 2)",2,0.95,True,"{""C"": 1.0, ""class_weight"": ""balanced""}","{""C"": 1.0, ""class_weight"": ""balanced""}",balanced,,1.0,,,,,,,,0.7216248506571087,0.6384155681077712,0.638909179218436,0.631302866687519,0.7243988144623729,0.7216248506571087,0.7194952011773565,0.7216248506571087,0.7216248506571087,0.7216248506571087,0.6762815000001865,0.0008718329991097,False,,success,,96,10,False,False
deep_20260612_180817,03_Full_Clean,LinearSVC,19,post_content_for_labeling,"{""analyzer"": ""word"", ""max_features"": 50000, ""ngram_range"": [1, 2], ""min_df"": 1, ""max_df"": 0.95, ""sublinear_tf"": true}",word,50000,"(1, 2)",1,0.95,True,"{""C"": 1.0, ""class_weight"": ""balanced""}","{""C"": 1.0, ""class_weight"": ""balanced""}",balanced,,1.0,,,,,,,,0.7192353643966547,0.6470550493676536,0.6373939305576101,0.6312557306147835,0.720424335499999,0.7192353643966547,0.7152233781513007,0.7192353643966547,0.7192353643966547,0.7192353643966547,0.7898317909994148,0.0004646249999495,False,,success,,97,9,False,False
deep_20260612_180817,04_No_Stopwords,LogisticRegression,38,post_content_for_labeling,"{""analyzer"": ""word"", ""max_features"": 50000, ""ngram_range"": [1, 2], ""min_df"": 1, ""max_df"": 0.95, ""sublinear_tf"": true}",word,50000,"(1, 2)",1,0.95,True,"{""C"": 2.0, ""solver"": ""saga""}","{""C"": 2.0, ""solver"": ""lbfgs""}",,lbfgs,2.0,,,,,,,,0.7037037037037037,0.6470495364834351,0.6380401194612324,0.6312039491269704,0.7242247463892222,0.7037037037037037,0.7080856857211324,0.7037037037037037,0.7037037037037037,0.7037037037037037,76.595677583,0.0025672499996289,True,The max_iter was reached which means the coef_ did not converge; LogisticRegression saga raised ConvergenceWarning; fallback to lbfgs,success,LogisticRegression saga raised ConvergenceWarning; fallback to lbfgs,98,3,False,False
deep_20260612_180817,04_No_Stopwords,LogisticRegression,22,post_content_for_labeling,"{""analyzer"": ""word"", ""max_features"": 30000, ""ngram_range"": [1, 2], ""min_df"": 2, ""max_df"": 0.95, ""sublinear_tf"": true}",word,30000,"(1, 2)",2,0.95,True,"{""C"": 5.0, ""solver"": ""lbfgs""}","{""C"": 5.0, ""solver"": ""lbfgs""}",,lbfgs,5.0,,,,,,,,0.7132616487455197,0.6464265780679413,0.6347659261815415,0.6310820697377096,0.7251433780047827,0.7132616487455197,0.7148407576514538,0.7132616487455197,0.7132616487455197,0.7132616487455197,2.7234661669999696,0.0017218749999301,False,,success,,99,4,False,False
deep_20260612_180817,03_Full_Clean,LinearSVC,18,post_content_for_labeling,"{""analyzer"": ""word"", ""max_features"": 30000, ""ngram_range"": [1, 2], ""min_df"": 2, ""max_df"": 0.95, ""sublinear_tf"": true}",word,30000,"(1, 2)",2,0.95,True,"{""C"": 1.0, ""class_weight"": ""balanced""}","{""C"": 1.0, ""class_weight"": ""balanced""}",balanced,,1.0,,,,,,,,0.7144563918757467,0.6437610063801278,0.6367325325751244,0.6310700128276041,0.7167288467628244,0.7144563918757467,0.711518994029341,0.7144563918757467,0.7144563918757467,0.7144563918757467,0.788698999999724,0.0009751249999681,False,,success,,100,10,False,False
deep_20260612_180817,04_No_Stopwords,LogisticRegression,28,post_content_for_labeling,"{""analyzer"": ""word"", ""max_features"": 70000, ""ngram_range"": [1, 2], ""min_df"": 2, ""max_df"": 0.95, ""sublinear_tf"": true}",word,70000,"(1, 2)",2,0.95,True,"{""C"": 10.0, ""solver"": ""lbfgs""}","{""C"": 10.0, ""solver"": ""lbfgs""}",,lbfgs,10.0,,,,,,,,0.7144563918757467,0.6586349723199117,0.6299512550714447,0.630889747949752,0.725280941455562,0.7144563918757467,0.7143859078890931,0.7144563918757467,0.7144563918757467,0.7144563918757467,3.685796499999924,0.0018106249999618,False,,success,,101,5,False,False
deep_20260612_180817,04_No_Stopwords,LogisticRegression,27,post_content_for_labeling,"{""analyzer"": ""word"", ""max_features"": 50000, ""ngram_range"": [1, 2], ""min_df"": 2, ""max_df"": 0.95, ""sublinear_tf"": true}",word,50000,"(1, 2)",2,0.95,True,"{""C"": 10.0, ""solver"": ""lbfgs""}","{""C"": 10.0, ""solver"": ""lbfgs""}",,lbfgs,10.0,,,,,,,,0.7144563918757467,0.6586349723199117,0.6299512550714447,0.630889747949752,0.725280941455562,0.7144563918757467,0.7143859078890931,0.7144563918757467,0.7144563918757467,0.7144563918757467,3.7579272919992945,0.0022388749994206,False,,success,,102,6,False,False
deep_20260612_180817,04_No_Stopwords,LinearSVC,37,post_content_for_labeling,"{""analyzer"": ""word"", ""max_features"": 30000, ""ngram_range"": [1, 2], ""min_df"": 2, ""max_df"": 0.95, ""sublinear_tf"": true}",word,30000,"(1, 2)",2,0.95,True,"{""C"": 1.0, ""class_weight"": null}","{""C"": 1.0, ""class_weight"": null}",,,1.0,,,,,,,,0.7216248506571087,0.6869836065564043,0.6174448801678386,0.6307076275704062,0.7155883260898375,0.7216248506571087,0.7104778558711752,0.7216248506571087,0.7216248506571087,0.7216248506571087,0.5631460000004154,0.0006347909984469,False,,success,,103,11,False,False
deep_20260612_180817,05_Balanced,LogisticRegression,28,post_content_for_labeling,"{""analyzer"": ""word"", ""max_features"": 70000, ""ngram_range"": [1, 2], ""min_df"": 2, ""max_df"": 0.95, ""sublinear_tf"": true}",word,70000,"(1, 2)",2,0.95,True,"{""C"": 10.0, ""solver"": ""lbfgs""}","{""C"": 10.0, ""solver"": ""lbfgs""}",,lbfgs,10.0,,,,,,,,0.7144563918757467,0.6727954712800265,0.6286592164357683,0.63056613102751,0.7196666174457047,0.7144563918757467,0.7075102510391534,0.7144563918757467,0.7144563918757467,0.7144563918757467,9.415164250000087,0.0050189169996883,False,,success,,104,12,False,False
deep_20260612_180817,03_Full_Clean,LinearSVC,15,post_content_for_labeling,"{""analyzer"": ""word"", ""max_features"": 70000, ""ngram_range"": [1, 2], ""min_df"": 2, ""max_df"": 0.95, ""sublinear_tf"": true}",word,70000,"(1, 2)",2,0.95,True,"{""C"": 0.5, ""class_weight"": ""balanced""}","{""C"": 0.5, ""class_weight"": ""balanced""}",balanced,,0.5,,,,,,,,0.7156511350059738,0.6384947893004493,0.6420542294918621,0.630143882079959,0.7222887311279298,0.7156511350059738,0.714338382670146,0.7156511350059738,0.7156511350059738,0.7156511350059738,0.5882234579994474,0.0004060000001118,False,,success,,105,11,False,False
deep_20260612_180817,03_Full_Clean,LinearSVC,14,post_content_for_labeling,"{""analyzer"": ""word"", ""max_features"": 50000, ""ngram_range"": [1, 2], ""min_df"": 2, ""max_df"": 0.95, ""sublinear_tf"": true}",word,50000,"(1, 2)",2,0.95,True,"{""C"": 0.5, ""class_weight"": ""balanced""}","{""C"": 0.5, ""class_weight"": ""balanced""}",balanced,,0.5,,,,,,,,0.7156511350059738,0.6384947893004493,0.6420542294918621,0.630143882079959,0.7222887311279298,0.7156511350059738,0.714338382670146,0.7156511350059738,0.7156511350059738,0.7156511350059738,0.5911577080005372,0.000414584000282,False,,success,,106,12,False,False
deep_20260612_180817,05_Balanced,LogisticRegression,33,post_content_for_labeling,"{""analyzer"": ""word"", ""max_features"": 70000, ""ngram_range"": [1, 2], ""min_df"": 2, ""max_df"": 0.95, ""sublinear_tf"": true}",word,70000,"(1, 2)",2,0.95,True,"{""C"": 1.0, ""solver"": ""saga""}","{""C"": 1.0, ""solver"": ""saga""}",,saga,1.0,,,,,,,,0.7037037037037037,0.6546992510842157,0.6319687678276021,0.6297123711956303,0.7103518725365637,0.7037037037037037,0.7010097306197817,0.7037037037037037,0.7037037037037037,0.7037037037037037,2.755703667000489,0.0017170830014947,False,,success,,107,13,False,False
deep_20260612_180817,02_Basic_Clean,LogisticRegression,15,post_content_for_labeling,"{""analyzer"": ""word"", ""max_features"": 50000, ""ngram_range"": [1, 2], ""min_df"": 1, ""max_df"": 0.95, ""sublinear_tf"": true}",word,50000,"(1, 2)",1,0.95,True,"{""C"": 1.0, ""solver"": ""lbfgs""}","{""C"": 1.0, ""solver"": ""lbfgs""}",,lbfgs,1.0,,,,,,,,0.6905615292712067,0.6345355624036697,0.6471170601954135,0.6296134677839085,0.7173775946188357,0.6905615292712067,0.696786658976365,0.6905615292712067,0.6905615292712067,0.6905615292712067,2.0787721250003415,0.0023252499995578,False,,success,,108,10,False,False
deep_20260612_180817,04_No_Stopwords,LogisticRegression,23,post_content_for_labeling,"{""analyzer"": ""word"", ""max_features"": 50000, ""ngram_range"": [1, 2], ""min_df"": 2, ""max_df"": 0.95, ""sublinear_tf"": true}",word,50000,"(1, 2)",2,0.95,True,"{""C"": 5.0, ""solver"": ""lbfgs""}","{""C"": 5.0, ""solver"": ""lbfgs""}",,lbfgs,5.0,,,,,,,,0.7108721624850657,0.6481957275340473,0.6309968603564009,0.6293066096257885,0.7244154519163705,0.7108721624850657,0.7130904503296417,0.7108721624850657,0.7108721624850657,0.7108721624850657,3.490130207999755,0.0028417919993444,False,,success,,109,7,False,False
deep_20260612_180817,03_Full_Clean,LinearSVC,24,post_content_for_labeling,"{""analyzer"": ""word"", ""max_features"": 50000, ""ngram_range"": [1, 2], ""min_df"": 3, ""max_df"": 0.95, ""sublinear_tf"": true}",word,50000,"(1, 2)",3,0.95,True,"{""C"": 2.0, ""class_weight"": ""balanced""}","{""C"": 2.0, ""class_weight"": ""balanced""}",balanced,,2.0,,,,,,,,0.7168458781362007,0.6428293659073337,0.634122519312821,0.6290791561310671,0.7176853640209946,0.7168458781362007,0.7133819227478982,0.7168458781362007,0.7168458781362007,0.7168458781362007,0.6954181669998434,0.0007375839995802,False,,success,,110,13,False,False
deep_20260612_180817,02_Basic_Clean,LogisticRegression,33,post_content_for_labeling,"{""analyzer"": ""word"", ""max_features"": 70000, ""ngram_range"": [1, 2], ""min_df"": 2, ""max_df"": 0.95, ""sublinear_tf"": true}",word,70000,"(1, 2)",2,0.95,True,"{""C"": 1.0, ""solver"": ""saga""}","{""C"": 1.0, ""solver"": ""lbfgs""}",,lbfgs,1.0,,,,,,,,0.6917562724014337,0.628104232168786,0.6495146938751281,0.6290789146973272,0.7202191652148257,0.6917562724014337,0.6993484904771404,0.6917562724014337,0.6917562724014337,0.6917562724014337,75.65379329200005,0.003268417000072,True,The max_iter was reached which means the coef_ did not converge; LogisticRegression saga raised ConvergenceWarning; fallback to lbfgs,success,LogisticRegression saga raised ConvergenceWarning; fallback to lbfgs,111,11,False,False
deep_20260612_180817,02_Basic_Clean,LogisticRegression,32,post_content_for_labeling,"{""analyzer"": ""word"", ""max_features"": 50000, ""ngram_range"": [1, 2], ""min_df"": 2, ""max_df"": 0.95, ""sublinear_tf"": true}",word,50000,"(1, 2)",2,0.95,True,"{""C"": 1.0, ""solver"": ""saga""}","{""C"": 1.0, ""solver"": ""lbfgs""}",,lbfgs,1.0,,,,,,,,0.6917562724014337,0.628104232168786,0.6495146938751281,0.6290789146973272,0.7202191652148257,0.6917562724014337,0.6993484904771404,0.6917562724014337,0.6917562724014337,0.6917562724014337,76.11135058400032,0.0028312910003478,True,The max_iter was reached which means the coef_ did not converge; LogisticRegression saga raised ConvergenceWarning; fallback to lbfgs,success,LogisticRegression saga raised ConvergenceWarning; fallback to lbfgs,112,12,False,False
deep_20260612_180817,03_Full_Clean,LinearSVC,13,post_content_for_labeling,"{""analyzer"": ""word"", ""max_features"": 30000, ""ngram_range"": [1, 2], ""min_df"": 2, ""max_df"": 0.95, ""sublinear_tf"": true}",word,30000,"(1, 2)",2,0.95,True,"{""C"": 0.5, ""class_weight"": ""balanced""}","{""C"": 0.5, ""class_weight"": ""balanced""}",balanced,,0.5,,,,,,,,0.7144563918757467,0.6324841617602153,0.6414439247639103,0.6286578314606062,0.7216002688540419,0.7144563918757467,0.71384381012947,0.7144563918757467,0.7144563918757467,0.7144563918757467,0.581409917000201,0.0007500410001739,False,,success,,113,14,False,False
deep_20260612_180817,01_Raw_Data,LogisticRegression,15,post_content_for_labeling,"{""analyzer"": ""word"", ""max_features"": 50000, ""ngram_range"": [1, 2], ""min_df"": 1, ""max_df"": 0.95, ""sublinear_tf"": true}",word,50000,"(1, 2)",1,0.95,True,"{""C"": 1.0, ""solver"": ""lbfgs""}","{""C"": 1.0, ""solver"": ""lbfgs""}",,lbfgs,1.0,,,,,,,,0.6941457586618877,0.6263427529828024,0.648253775274613,0.6286008107099175,0.7191945210538879,0.6941457586618877,0.7005889055180553,0.6941457586618877,0.6941457586618877,0.6941457586618877,2.9422534169999963,0.0057620829999933,False,,success,,114,10,False,False
deep_20260612_180817,04_No_Stopwords,LinearSVC,16,post_content_for_labeling,"{""analyzer"": ""word"", ""max_features"": 50000, ""ngram_range"": [1, 3], ""min_df"": 2, ""max_df"": 0.95, ""sublinear_tf"": true}",word,50000,"(1, 3)",2,0.95,True,"{""C"": 0.5, ""class_weight"": ""balanced""}","{""C"": 0.5, ""class_weight"": ""balanced""}",balanced,,0.5,,,,,,,,0.7132616487455197,0.63159312453619,0.6429216892267421,0.6284916319130416,0.7175676212142372,0.7132616487455197,0.7110427975479231,0.7132616487455197,0.7132616487455197,0.7132616487455197,1.1023455829999875,0.0015224580001813,False,,success,,115,12,False,False
deep_20260612_180817,02_Basic_Clean,LogisticRegression,34,post_content_for_labeling,"{""analyzer"": ""word"", ""max_features"": 50000, ""ngram_range"": [1, 3], ""min_df"": 2, ""max_df"": 0.95, ""sublinear_tf"": true}",word,50000,"(1, 3)",2,0.95,True,"{""C"": 1.0, ""solver"": ""saga""}","{""C"": 1.0, ""solver"": ""lbfgs""}",,lbfgs,1.0,,,,,,,,0.6869772998805257,0.6240024848878383,0.6515450993238374,0.6282169718167683,0.7162389639504203,0.6869772998805257,0.6949455685131583,0.6869772998805257,0.6869772998805257,0.6869772998805257,88.88300500000014,0.0028887080002277,True,The max_iter was reached which means the coef_ did not converge; LogisticRegression saga raised ConvergenceWarning; fallback to lbfgs,success,LogisticRegression saga raised ConvergenceWarning; fallback to lbfgs,116,13,False,False
deep_20260612_180817,01_Raw_Data,LinearSVC,16,post_content_for_labeling,"{""analyzer"": ""word"", ""max_features"": 50000, ""ngram_range"": [1, 3], ""min_df"": 2, ""max_df"": 0.95, ""sublinear_tf"": true}",word,50000,"(1, 3)",2,0.95,True,"{""C"": 0.5, ""class_weight"": ""balanced""}","{""C"": 0.5, ""class_weight"": ""balanced""}",balanced,,0.5,,,,,,,,0.7180406212664278,0.6313679891482854,0.6419673424826418,0.6277692715680299,0.7189173347710598,0.7180406212664278,0.7140704667604187,0.7180406212664278,0.7180406212664278,0.7180406212664278,1.1202856250001787,0.0009585829998286,False,,success,,117,14,False,False
deep_20260612_180817,05_Balanced,LinearSVC,27,post_content_for_labeling,"{""analyzer"": ""word"", ""max_features"": 50000, ""ngram_range"": [1, 3], ""min_df"": 2, ""max_df"": 0.95, ""sublinear_tf"": true}",word,50000,"(1, 3)",2,0.95,True,"{""C"": 5.0, ""class_weight"": ""balanced""}","{""C"": 5.0, ""class_weight"": ""balanced""}",balanced,,5.0,,,,,,,,0.7060931899641577,0.6723730876172392,0.6161776967413851,0.6276617069085705,0.7031958697013826,0.7060931899641577,0.6985101583171752,0.7060931899641577,0.7060931899641577,0.7060931899641577,5.710627416001444,0.0062237920010375,False,,success,,118,12,False,False
deep_20260612_180817,02_Basic_Clean,LinearSVC,33,post_content_for_labeling,"{""analyzer"": ""word"", ""max_features"": 50000, ""ngram_range"": [1, 2], ""min_df"": 3, ""max_df"": 0.95, ""sublinear_tf"": true}",word,50000,"(1, 2)",3,0.95,True,"{""C"": 10.0, ""class_weight"": ""balanced""}","{""C"": 10.0, ""class_weight"": ""balanced""}",balanced,,10.0,,,,,,,,0.7156511350059738,0.6467193515073419,0.6264972567986808,0.6276270280559938,0.7108768361291753,0.7156511350059738,0.709560161861818,0.7156511350059738,0.7156511350059738,0.7156511350059738,1.2028119159995183,0.000622999999905,False,,success,,119,15,False,False
deep_20260612_180817,01_Raw_Data,LogisticRegression,32,post_content_for_labeling,"{""analyzer"": ""word"", ""max_features"": 50000, ""ngram_range"": [1, 2], ""min_df"": 2, ""max_df"": 0.95, ""sublinear_tf"": true}",word,50000,"(1, 2)",2,0.95,True,"{""C"": 1.0, ""solver"": ""saga""}","{""C"": 1.0, ""solver"": ""lbfgs""}",,lbfgs,1.0,,,,,,,,0.6941457586618877,0.6243953682509219,0.6480859936334944,0.6275098219735796,0.7195240744741422,0.6941457586618877,0.7007061531799214,0.6941457586618877,0.6941457586618877,0.6941457586618877,81.66601700000001,0.0029933749999599,True,The max_iter was reached which means the coef_ did not converge; LogisticRegression saga raised ConvergenceWarning; fallback to lbfgs,success,LogisticRegression saga raised ConvergenceWarning; fallback to lbfgs,120,11,False,False
deep_20260612_180817,01_Raw_Data,LogisticRegression,33,post_content_for_labeling,"{""analyzer"": ""word"", ""max_features"": 70000, ""ngram_range"": [1, 2], ""min_df"": 2, ""max_df"": 0.95, ""sublinear_tf"": true}",word,70000,"(1, 2)",2,0.95,True,"{""C"": 1.0, ""solver"": ""saga""}","{""C"": 1.0, ""solver"": ""lbfgs""}",,lbfgs,1.0,,,,,,,,0.6941457586618877,0.6243953682509219,0.6480859936334944,0.6275098219735796,0.7195240744741422,0.6941457586618877,0.7007061531799214,0.6941457586618877,0.6941457586618877,0.6941457586618877,84.04494783299998,0.0031359999999835,True,The max_iter was reached which means the coef_ did not converge; LogisticRegression saga raised ConvergenceWarning; fallback to lbfgs,success,LogisticRegression saga raised ConvergenceWarning; fallback to lbfgs,121,12,False,False
deep_20260612_180817,04_No_Stopwords,LinearSVC,13,post_content_for_labeling,"{""analyzer"": ""word"", ""max_features"": 30000, ""ngram_range"": [1, 2], ""min_df"": 2, ""max_df"": 0.95, ""sublinear_tf"": true}",word,30000,"(1, 2)",2,0.95,True,"{""C"": 0.5, ""class_weight"": ""balanced""}","{""C"": 0.5, ""class_weight"": ""balanced""}",balanced,,0.5,,,,,,,,0.7108721624850657,0.6293697319539543,0.6417644956137603,0.6268934813322725,0.7178561853636286,0.7108721624850657,0.7100645028744244,0.7108721624850657,0.7108721624850657,0.7108721624850657,0.5910315830005857,0.0006811669991293,False,,success,,122,13,False,False
deep_20260612_180817,04_No_Stopwords,LogisticRegression,18,post_content_for_labeling,"{""analyzer"": ""word"", ""max_features"": 70000, ""ngram_range"": [1, 2], ""min_df"": 2, ""max_df"": 0.95, ""sublinear_tf"": true}",word,70000,"(1, 2)",2,0.95,True,"{""C"": 2.0, ""solver"": ""lbfgs""}","{""C"": 2.0, ""solver"": ""lbfgs""}",,lbfgs,2.0,,,,,,,,0.7037037037037037,0.6372471266726316,0.6375308248342906,0.6268762428532622,0.7261471167622728,0.7037037037037037,0.7094188400436893,0.7037037037037037,0.7037037037037037,0.7037037037037037,2.4819942920003086,0.0027612079993559,False,,success,,123,8,False,False
deep_20260612_180817,04_No_Stopwords,LogisticRegression,37,post_content_for_labeling,"{""analyzer"": ""word"", ""max_features"": 70000, ""ngram_range"": [1, 2], ""min_df"": 2, ""max_df"": 0.95, ""sublinear_tf"": true}",word,70000,"(1, 2)",2,0.95,True,"{""C"": 2.0, ""solver"": ""saga""}","{""C"": 2.0, ""solver"": ""lbfgs""}",,lbfgs,2.0,,,,,,,,0.7037037037037037,0.6372471266726316,0.6375308248342906,0.6268762428532622,0.7261471167622728,0.7037037037037037,0.7094188400436893,0.7037037037037037,0.7037037037037037,0.7037037037037037,71.06197183399945,0.0026627919996826,True,The max_iter was reached which means the coef_ did not converge; LogisticRegression saga raised ConvergenceWarning; fallback to lbfgs,success,LogisticRegression saga raised ConvergenceWarning; fallback to lbfgs,124,9,False,False
deep_20260612_180817,05_Balanced,LinearSVC,13,post_content_for_labeling,"{""analyzer"": ""word"", ""max_features"": 30000, ""ngram_range"": [1, 2], ""min_df"": 2, ""max_df"": 0.95, ""sublinear_tf"": true}",word,30000,"(1, 2)",2,0.95,True,"{""C"": 0.5, ""class_weight"": ""balanced""}","{""C"": 0.5, ""class_weight"": ""balanced""}",balanced,,0.5,,,,,,,,0.7072879330943848,0.6564221622406775,0.6241947026004971,0.6259436227705235,0.7061302268894505,0.7072879330943848,0.7008303903783277,0.7072879330943848,0.7072879330943848,0.7072879330943848,1.6151578750013869,0.0008666249996167,False,,success,,125,13,False,False
deep_20260612_180817,05_Balanced,LogisticRegression,10,post_content_for_labeling,"{""analyzer"": ""word"", ""max_features"": 50000, ""ngram_range"": [1, 2], ""min_df"": 1, ""max_df"": 0.95, ""sublinear_tf"": true}",word,50000,"(1, 2)",1,0.95,True,"{""C"": 0.5, ""solver"": ""lbfgs""}","{""C"": 0.5, ""solver"": ""lbfgs""}",,lbfgs,0.5,,,,,,,,0.6965352449223416,0.6404267622441018,0.6317622154271776,0.6259062672192258,0.7044196557246086,0.6965352449223416,0.6957643819682696,0.6965352449223416,0.6965352449223416,0.6965352449223416,4.363222832998872,0.0021162920002097,False,,success,,126,14,False,False
deep_20260612_180817,01_Raw_Data,LinearSVC,10,post_content_for_labeling,"{""analyzer"": ""word"", ""max_features"": 50000, ""ngram_range"": [1, 2], ""min_df"": 2, ""max_df"": 0.95, ""sublinear_tf"": true}",word,50000,"(1, 2)",2,0.95,True,"{""C"": 0.3, ""class_weight"": ""balanced""}","{""C"": 0.3, ""class_weight"": ""balanced""}",balanced,,0.3,,,,,,,,0.7108721624850657,0.6228111689501047,0.6459851234536359,0.6257015914214007,0.7206885007205036,0.7108721624850657,0.7109397613618923,0.7108721624850657,0.7108721624850657,0.7108721624850657,0.6514593749998312,0.0008357910000995,False,,success,,127,15,False,False
deep_20260612_180817,02_Basic_Clean,LinearSVC,10,post_content_for_labeling,"{""analyzer"": ""word"", ""max_features"": 50000, ""ngram_range"": [1, 2], ""min_df"": 2, ""max_df"": 0.95, ""sublinear_tf"": true}",word,50000,"(1, 2)",2,0.95,True,"{""C"": 0.3, ""class_weight"": ""balanced""}","{""C"": 0.3, ""class_weight"": ""balanced""}",balanced,,0.3,,,,,,,,0.7084826762246117,0.6274611106103043,0.6442547778329575,0.6254695643529034,0.7174310499757146,0.7084826762246117,0.7077769785022419,0.7084826762246117,0.7084826762246117,0.7084826762246117,0.7176593340000181,0.0005141249994267,False,,success,,128,16,False,False
deep_20260612_180817,04_No_Stopwords,LinearSVC,15,post_content_for_labeling,"{""analyzer"": ""word"", ""max_features"": 70000, ""ngram_range"": [1, 2], ""min_df"": 2, ""max_df"": 0.95, ""sublinear_tf"": true}",word,70000,"(1, 2)",2,0.95,True,"{""C"": 0.5, ""class_weight"": ""balanced""}","{""C"": 0.5, ""class_weight"": ""balanced""}",balanced,,0.5,,,,,,,,0.7096774193548387,0.6321324867196751,0.6388838712597988,0.6250579497090627,0.7160355728524622,0.7096774193548387,0.7080151996445134,0.7096774193548387,0.7096774193548387,0.7096774193548387,0.5633933329991123,0.0003885839996655,False,,success,,129,14,False,False
deep_20260612_180817,04_No_Stopwords,LinearSVC,14,post_content_for_labeling,"{""analyzer"": ""word"", ""max_features"": 50000, ""ngram_range"": [1, 2], ""min_df"": 2, ""max_df"": 0.95, ""sublinear_tf"": true}",word,50000,"(1, 2)",2,0.95,True,"{""C"": 0.5, ""class_weight"": ""balanced""}","{""C"": 0.5, ""class_weight"": ""balanced""}",balanced,,0.5,,,,,,,,0.7096774193548387,0.6321324867196751,0.6388838712597988,0.6250579497090627,0.7160355728524622,0.7096774193548387,0.7080151996445134,0.7096774193548387,0.7096774193548387,0.7096774193548387,0.6300073749989679,0.0005852080012118,False,,success,,130,15,False,False
deep_20260612_180817,01_Raw_Data,LinearSVC,33,post_content_for_labeling,"{""analyzer"": ""word"", ""max_features"": 50000, ""ngram_range"": [1, 2], ""min_df"": 3, ""max_df"": 0.95, ""sublinear_tf"": true}",word,50000,"(1, 2)",3,0.95,True,"{""C"": 10.0, ""class_weight"": ""balanced""}","{""C"": 10.0, ""class_weight"": ""balanced""}",balanced,,10.0,,,,,,,,0.7120669056152927,0.6479961207192377,0.6209671952442786,0.6248305242998018,0.7052888346693543,0.7120669056152927,0.7048106745569714,0.7120669056152927,0.7120669056152927,0.7120669056152927,1.093001333000302,0.0006020829996487,False,,success,,131,16,False,False
deep_20260612_180817,05_Balanced,LinearSVC,23,post_content_for_labeling,"{""analyzer"": ""word"", ""max_features"": 50000, ""ngram_range"": [1, 3], ""min_df"": 2, ""max_df"": 0.95, ""sublinear_tf"": true}",word,50000,"(1, 3)",2,0.95,True,"{""C"": 2.0, ""class_weight"": ""balanced""}","{""C"": 2.0, ""class_weight"": ""balanced""}",balanced,,2.0,,,,,,,,0.7025089605734767,0.6637018845203693,0.6152274286572437,0.6244082533084498,0.6985392898149825,0.7025089605734767,0.6947371987815352,0.7025089605734767,0.7025089605734767,0.7025089605734767,3.604579417000423,0.0007184999994933,False,,success,,132,14,False,False
deep_20260612_180817,05_Balanced,LinearSVC,18,post_content_for_labeling,"{""analyzer"": ""word"", ""max_features"": 30000, ""ngram_range"": [1, 2], ""min_df"": 2, ""max_df"": 0.95, ""sublinear_tf"": true}",word,30000,"(1, 2)",2,0.95,True,"{""C"": 1.0, ""class_weight"": ""balanced""}","{""C"": 1.0, ""class_weight"": ""balanced""}",balanced,,1.0,,,,,,,,0.7048984468339307,0.6585756484531275,0.6194981372890073,0.623675786255159,0.7017836598821884,0.7048984468339307,0.6974768859377108,0.7048984468339307,0.7048984468339307,0.7048984468339307,1.7788695839990396,0.0006014999999024,False,,success,,133,15,False,False
deep_20260612_180817,05_Balanced,LinearSVC,37,post_content_for_labeling,"{""analyzer"": ""word"", ""max_features"": 30000, ""ngram_range"": [1, 2], ""min_df"": 2, ""max_df"": 0.95, ""sublinear_tf"": true}",word,30000,"(1, 2)",2,0.95,True,"{""C"": 1.0, ""class_weight"": null}","{""C"": 1.0, ""class_weight"": null}",,,1.0,,,,,,,,0.7048984468339307,0.6585756484531275,0.6194981372890073,0.623675786255159,0.7017836598821884,0.7048984468339307,0.6974768859377108,0.7048984468339307,0.7048984468339307,0.7048984468339307,1.855583917000331,0.000711709000825,False,,success,,134,16,False,False
deep_20260612_180817,04_No_Stopwords,LogisticRegression,15,post_content_for_labeling,"{""analyzer"": ""word"", ""max_features"": 50000, ""ngram_range"": [1, 2], ""min_df"": 1, ""max_df"": 0.95, ""sublinear_tf"": true}",word,50000,"(1, 2)",1,0.95,True,"{""C"": 1.0, ""solver"": ""lbfgs""}","{""C"": 1.0, ""solver"": ""lbfgs""}",,lbfgs,1.0,,,,,,,,0.6893667861409797,0.6258691608915479,0.6391322787831882,0.6236059681889978,0.7149674338314985,0.6893667861409797,0.6960385998832949,0.6893667861409797,0.6893667861409797,0.6893667861409797,2.597449458000483,0.0029373329998634,False,,success,,135,10,False,False
deep_20260612_180817,01_Raw_Data,LogisticRegression,34,post_content_for_labeling,"{""analyzer"": ""word"", ""max_features"": 50000, ""ngram_range"": [1, 3], ""min_df"": 2, ""max_df"": 0.95, ""sublinear_tf"": true}",word,50000,"(1, 3)",2,0.95,True,"{""C"": 1.0, ""solver"": ""saga""}","{""C"": 1.0, ""solver"": ""lbfgs""}",,lbfgs,1.0,,,,,,,,0.6845878136200717,0.6181249390907486,0.6478503060421167,0.6229990965650697,0.7148640953230182,0.6845878136200717,0.6928889008421791,0.6845878136200717,0.6845878136200717,0.6845878136200717,88.89743495800002,0.0029773329999898,True,The max_iter was reached which means the coef_ did not converge; LogisticRegression saga raised ConvergenceWarning; fallback to lbfgs,success,LogisticRegression saga raised ConvergenceWarning; fallback to lbfgs,136,13,False,False
deep_20260612_180817,04_No_Stopwords,LogisticRegression,32,post_content_for_labeling,"{""analyzer"": ""word"", ""max_features"": 50000, ""ngram_range"": [1, 2], ""min_df"": 2, ""max_df"": 0.95, ""sublinear_tf"": true}",word,50000,"(1, 2)",2,0.95,True,"{""C"": 1.0, ""solver"": ""saga""}","{""C"": 1.0, ""solver"": ""lbfgs""}",,lbfgs,1.0,,,,,,,,0.6893667861409797,0.6224251783265277,0.6411692067771197,0.6224827383696437,0.7180836889033865,0.6893667861409797,0.6976311145089413,0.6893667861409797,0.6893667861409797,0.6893667861409797,69.94931320900014,0.0018615829994814,True,The max_iter was reached which means the coef_ did not converge; LogisticRegression saga raised ConvergenceWarning; fallback to lbfgs,success,LogisticRegression saga raised ConvergenceWarning; fallback to lbfgs,137,11,False,False
deep_20260612_180817,04_No_Stopwords,LogisticRegression,33,post_content_for_labeling,"{""analyzer"": ""word"", ""max_features"": 70000, ""ngram_range"": [1, 2], ""min_df"": 2, ""max_df"": 0.95, ""sublinear_tf"": true}",word,70000,"(1, 2)",2,0.95,True,"{""C"": 1.0, ""solver"": ""saga""}","{""C"": 1.0, ""solver"": ""lbfgs""}",,lbfgs,1.0,,,,,,,,0.6893667861409797,0.6224251783265277,0.6411692067771197,0.6224827383696437,0.7180836889033865,0.6893667861409797,0.6976311145089413,0.6893667861409797,0.6893667861409797,0.6893667861409797,71.15583991699987,0.0022451659997386,True,The max_iter was reached which means the coef_ did not converge; LogisticRegression saga raised ConvergenceWarning; fallback to lbfgs,success,LogisticRegression saga raised ConvergenceWarning; fallback to lbfgs,138,12,False,False
deep_20260612_180817,03_Full_Clean,LinearSVC,33,post_content_for_labeling,"{""analyzer"": ""word"", ""max_features"": 50000, ""ngram_range"": [1, 2], ""min_df"": 3, ""max_df"": 0.95, ""sublinear_tf"": true}",word,50000,"(1, 2)",3,0.95,True,"{""C"": 10.0, ""class_weight"": ""balanced""}","{""C"": 10.0, ""class_weight"": ""balanced""}",balanced,,10.0,,,,,,,,0.7132616487455197,0.6456460955681775,0.6164063121995953,0.6223601515407624,0.706850144117287,0.7132616487455197,0.7068760903559831,0.7132616487455197,0.7132616487455197,0.7132616487455197,1.168644833000144,0.0006541250004374,False,,success,,139,15,False,False
deep_20260612_180817,03_Full_Clean,LogisticRegression,33,post_content_for_labeling,"{""analyzer"": ""word"", ""max_features"": 70000, ""ngram_range"": [1, 2], ""min_df"": 2, ""max_df"": 0.95, ""sublinear_tf"": true}",word,70000,"(1, 2)",2,0.95,True,"{""C"": 1.0, ""solver"": ""saga""}","{""C"": 1.0, ""solver"": ""lbfgs""}",,lbfgs,1.0,,,,,,,,0.6869772998805257,0.6205944841566852,0.6403570528444362,0.6213853152858696,0.7145740276154724,0.6869772998805257,0.6946546466399612,0.6869772998805257,0.6869772998805257,0.6869772998805257,75.92550058399956,0.001761833999808,True,The max_iter was reached which means the coef_ did not converge; LogisticRegression saga raised ConvergenceWarning; fallback to lbfgs,success,LogisticRegression saga raised ConvergenceWarning; fallback to lbfgs,140,10,False,False
deep_20260612_180817,03_Full_Clean,LogisticRegression,32,post_content_for_labeling,"{""analyzer"": ""word"", ""max_features"": 50000, ""ngram_range"": [1, 2], ""min_df"": 2, ""max_df"": 0.95, ""sublinear_tf"": true}",word,50000,"(1, 2)",2,0.95,True,"{""C"": 1.0, ""solver"": ""saga""}","{""C"": 1.0, ""solver"": ""lbfgs""}",,lbfgs,1.0,,,,,,,,0.6869772998805257,0.6205944841566852,0.6403570528444362,0.6213853152858696,0.7145740276154724,0.6869772998805257,0.6946546466399612,0.6869772998805257,0.6869772998805257,0.6869772998805257,76.70508529100061,0.0021405420002338,True,The max_iter was reached which means the coef_ did not converge; LogisticRegression saga raised ConvergenceWarning; fallback to lbfgs,success,LogisticRegression saga raised ConvergenceWarning; fallback to lbfgs,141,11,False,False
deep_20260612_180817,04_No_Stopwords,LinearSVC,10,post_content_for_labeling,"{""analyzer"": ""word"", ""max_features"": 50000, ""ngram_range"": [1, 2], ""min_df"": 2, ""max_df"": 0.95, ""sublinear_tf"": true}",word,50000,"(1, 2)",2,0.95,True,"{""C"": 0.3, ""class_weight"": ""balanced""}","{""C"": 0.3, ""class_weight"": ""balanced""}",balanced,,0.3,,,,,,,,0.7072879330943848,0.6185446251369211,0.6417712790964967,0.6210783971005099,0.7180109889617414,0.7072879330943848,0.7076461893663156,0.7072879330943848,0.7072879330943848,0.7072879330943848,0.5501713749999908,0.0003831659996649,False,,success,,142,16,False,False
deep_20260612_180817,05_Balanced,LinearSVC,1,post_content_for_labeling,"{""analyzer"": ""word"", ""max_features"": 50000, ""ngram_range"": [1, 2], ""min_df"": 1, ""max_df"": 0.95, ""sublinear_tf"": true}",word,50000,"(1, 2)",1,0.95,True,"{""C"": 0.03, ""class_weight"": ""balanced""}","{""C"": 0.03, ""class_weight"": ""balanced""}",balanced,,0.03,,,,,,,,0.6786140979689367,0.6030850311017577,0.6582272909683301,0.6185317960553004,0.701343854714818,0.6786140979689367,0.680894790747563,0.6786140979689367,0.6786140979689367,0.6786140979689367,1.9241872080001483,0.0018935830012196,False,,success,,143,17,False,False
deep_20260612_180817,03_Full_Clean,LinearSVC,10,post_content_for_labeling,"{""analyzer"": ""word"", ""max_features"": 50000, ""ngram_range"": [1, 2], ""min_df"": 2, ""max_df"": 0.95, ""sublinear_tf"": true}",word,50000,"(1, 2)",2,0.95,True,"{""C"": 0.3, ""class_weight"": ""balanced""}","{""C"": 0.3, ""class_weight"": ""balanced""}",balanced,,0.3,,,,,,,,0.7025089605734767,0.617810342830376,0.6378334506814073,0.6183894663194864,0.7122349203628074,0.7025089605734767,0.7025660431293216,0.7025089605734767,0.7025089605734767,0.7025089605734767,0.5720619590001661,0.0004053329994349,False,,success,,144,16,False,False
deep_20260612_180817,03_Full_Clean,LogisticRegression,15,post_content_for_labeling,"{""analyzer"": ""word"", ""max_features"": 50000, ""ngram_range"": [1, 2], ""min_df"": 1, ""max_df"": 0.95, ""sublinear_tf"": true}",word,50000,"(1, 2)",1,0.95,True,"{""C"": 1.0, ""solver"": ""lbfgs""}","{""C"": 1.0, ""solver"": ""lbfgs""}",,lbfgs,1.0,,,,,,,,0.6857825567502986,0.6195783257501959,0.6347106380084725,0.6182989472818985,0.7115467321805389,0.6857825567502986,0.6925675704739044,0.6857825567502986,0.6857825567502986,0.6857825567502986,2.29642608299946,0.0022327919996314,False,,success,,145,12,False,False
deep_20260612_180817,04_No_Stopwords,LogisticRegression,34,post_content_for_labeling,"{""analyzer"": ""word"", ""max_features"": 50000, ""ngram_range"": [1, 3], ""min_df"": 2, ""max_df"": 0.95, ""sublinear_tf"": true}",word,50000,"(1, 3)",2,0.95,True,"{""C"": 1.0, ""solver"": ""saga""}","{""C"": 1.0, ""solver"": ""lbfgs""}",,lbfgs,1.0,,,,,,,,0.6821983273596177,0.6169715104955148,0.6382322497801649,0.6181587346692682,0.7109115822894734,0.6821983273596177,0.6899798230866013,0.6821983273596177,0.6821983273596177,0.6821983273596177,83.13455758300006,0.0029728749996138,True,The max_iter was reached which means the coef_ did not converge; LogisticRegression saga raised ConvergenceWarning; fallback to lbfgs,success,LogisticRegression saga raised ConvergenceWarning; fallback to lbfgs,146,13,False,False
deep_20260612_180817,03_Full_Clean,LogisticRegression,34,post_content_for_labeling,"{""analyzer"": ""word"", ""max_features"": 50000, ""ngram_range"": [1, 3], ""min_df"": 2, ""max_df"": 0.95, ""sublinear_tf"": true}",word,50000,"(1, 3)",2,0.95,True,"{""C"": 1.0, ""solver"": ""saga""}","{""C"": 1.0, ""solver"": ""lbfgs""}",,lbfgs,1.0,,,,,,,,0.6821983273596177,0.6159797328193494,0.6373907942807883,0.6179753027289491,0.7093481576797872,0.6821983273596177,0.6893574436567602,0.6821983273596177,0.6821983273596177,0.6821983273596177,88.13858204200005,0.0027504579993546,True,The max_iter was reached which means the coef_ did not converge; LogisticRegression saga raised ConvergenceWarning; fallback to lbfgs,success,LogisticRegression saga raised ConvergenceWarning; fallback to lbfgs,147,13,False,False
deep_20260612_180817,01_Raw_Data,LinearSVC,36,post_content_for_labeling,"{""analyzer"": ""word"", ""max_features"": 30000, ""ngram_range"": [1, 1], ""min_df"": 2, ""max_df"": 0.95, ""sublinear_tf"": true}",word,30000,"(1, 1)",2,0.95,True,"{""C"": 1.0, ""class_weight"": null}","{""C"": 1.0, ""class_weight"": null}",,,1.0,,,,,,,,0.7025089605734767,0.6732533535453668,0.5959999453771152,0.6144109012640688,0.6972793535408847,0.7025089605734767,0.6924244745932673,0.7025089605734767,0.7025089605734767,0.7025089605734767,0.3307491249997838,0.0002847089999704,False,,success,,148,17,False,False
deep_20260612_180817,01_Raw_Data,LinearSVC,35,post_content_for_labeling,"{""analyzer"": ""word"", ""max_features"": 20000, ""ngram_range"": [1, 1], ""min_df"": 2, ""max_df"": 0.95, ""sublinear_tf"": true}",word,20000,"(1, 1)",2,0.95,True,"{""C"": 1.0, ""class_weight"": null}","{""C"": 1.0, ""class_weight"": null}",,,1.0,,,,,,,,0.7025089605734767,0.6732533535453668,0.5959999453771152,0.6144109012640688,0.6972793535408847,0.7025089605734767,0.6924244745932673,0.7025089605734767,0.7025089605734767,0.7025089605734767,0.3312432080001599,0.0002829169998221,False,,success,,149,18,False,False
deep_20260612_180817,05_Balanced,LinearSVC,2,post_content_for_labeling,"{""analyzer"": ""word"", ""max_features"": 50000, ""ngram_range"": [1, 2], ""min_df"": 3, ""max_df"": 0.95, ""sublinear_tf"": true}",word,50000,"(1, 2)",3,0.95,True,"{""C"": 0.03, ""class_weight"": ""balanced""}","{""C"": 0.03, ""class_weight"": ""balanced""}",balanced,,0.03,,,,,,,,0.6786140979689367,0.5970904064431123,0.6506553531022745,0.6119898246798654,0.7010689878987694,0.6786140979689367,0.6807506966074829,0.6786140979689367,0.6786140979689367,0.6786140979689367,1.589327082998352,0.0009101670002564,False,,success,,150,18,False,False
deep_20260612_180817,01_Raw_Data,LogisticRegression,10,post_content_for_labeling,"{""analyzer"": ""word"", ""max_features"": 50000, ""ngram_range"": [1, 2], ""min_df"": 1, ""max_df"": 0.95, ""sublinear_tf"": true}",word,50000,"(1, 2)",1,0.95,True,"{""C"": 0.5, ""solver"": ""lbfgs""}","{""C"": 0.5, ""solver"": ""lbfgs""}",,lbfgs,0.5,,,,,,,,0.6642771804062126,0.5968483636380691,0.6460076727658615,0.6117370836348917,0.6976026586866474,0.6642771804062126,0.6724459978052361,0.6642771804062126,0.6642771804062126,0.6642771804062126,3.721084708999996,0.0058182080000008,False,,success,,151,14,False,False
deep_20260612_180817,05_Balanced,LogisticRegression,8,post_content_for_labeling,"{""analyzer"": ""word"", ""max_features"": 50000, ""ngram_range"": [1, 2], ""min_df"": 3, ""max_df"": 0.95, ""sublinear_tf"": true}",word,50000,"(1, 2)",3,0.95,True,"{""C"": 0.3, ""solver"": ""lbfgs""}","{""C"": 0.3, ""solver"": ""lbfgs""}",,lbfgs,0.3,,,,,,,,0.6798088410991637,0.6223969535170943,0.6218845845537362,0.6116766177220407,0.693964819462763,0.6798088410991637,0.6814152992483891,0.6798088410991637,0.6798088410991637,0.6798088410991637,3.1827476670005126,0.003112249998594,False,,success,,152,15,False,False
deep_20260612_180817,01_Raw_Data,LogisticRegression,25,post_content_for_labeling,"{""analyzer"": ""word"", ""max_features"": 10000, ""ngram_range"": [1, 1], ""min_df"": 2, ""max_df"": 0.95, ""sublinear_tf"": true}",word,10000,"(1, 1)",2,0.95,True,"{""C"": 10.0, ""solver"": ""lbfgs""}","{""C"": 10.0, ""solver"": ""lbfgs""}",,lbfgs,10.0,,,,,,,,0.6917562724014337,0.6194659351744387,0.6182159805430677,0.6105325185973873,0.7035066976373074,0.6917562724014337,0.6934180090366989,0.6917562724014337,0.6917562724014337,0.6917562724014337,1.358384000000001,0.0006279159999991,False,,success,,153,15,False,False
deep_20260612_180817,01_Raw_Data,LogisticRegression,26,post_content_for_labeling,"{""analyzer"": ""word"", ""max_features"": 50000, ""ngram_range"": [1, 1], ""min_df"": 2, ""max_df"": 0.95, ""sublinear_tf"": true}",word,50000,"(1, 1)",2,0.95,True,"{""C"": 10.0, ""solver"": ""lbfgs""}","{""C"": 10.0, ""solver"": ""lbfgs""}",,lbfgs,10.0,,,,,,,,0.6917562724014337,0.6194659351744387,0.6182159805430677,0.6105325185973873,0.7035066976373074,0.6917562724014337,0.6934180090366989,0.6917562724014337,0.6917562724014337,0.6917562724014337,1.6432198749999998,0.0006386660000003,False,,success,,154,16,False,False
deep_20260612_180817,01_Raw_Data,LogisticRegression,17,post_content_for_labeling,"{""analyzer"": ""word"", ""max_features"": 50000, ""ngram_range"": [1, 1], ""min_df"": 2, ""max_df"": 0.95, ""sublinear_tf"": true}",word,50000,"(1, 1)",2,0.95,True,"{""C"": 2.0, ""solver"": ""lbfgs""}","{""C"": 2.0, ""solver"": ""lbfgs""}",,lbfgs,2.0,,,,,,,,0.6726403823178017,0.6093303778825939,0.6326622699922668,0.6098889554485892,0.7014057779735704,0.6726403823178017,0.6800807143829035,0.6726403823178017,0.6726403823178017,0.6726403823178017,1.159018042000007,0.0007331669999999,False,,success,,155,17,False,False
deep_20260612_180817,01_Raw_Data,LogisticRegression,36,post_content_for_labeling,"{""analyzer"": ""word"", ""max_features"": 50000, ""ngram_range"": [1, 1], ""min_df"": 2, ""max_df"": 0.95, ""sublinear_tf"": true}",word,50000,"(1, 1)",2,0.95,True,"{""C"": 2.0, ""solver"": ""saga""}","{""C"": 2.0, ""solver"": ""lbfgs""}",,lbfgs,2.0,,,,,,,,0.6726403823178017,0.6093303778825939,0.6326622699922668,0.6098889554485892,0.7014057779735704,0.6726403823178017,0.6800807143829035,0.6726403823178017,0.6726403823178017,0.6726403823178017,37.148109334000026,0.0006495000000086,True,The max_iter was reached which means the coef_ did not converge; LogisticRegression saga raised ConvergenceWarning; fallback to lbfgs,success,LogisticRegression saga raised ConvergenceWarning; fallback to lbfgs,156,18,False,False
deep_20260612_180817,01_Raw_Data,LogisticRegression,35,post_content_for_labeling,"{""analyzer"": ""word"", ""max_features"": 30000, ""ngram_range"": [1, 1], ""min_df"": 2, ""max_df"": 0.95, ""sublinear_tf"": true}",word,30000,"(1, 1)",2,0.95,True,"{""C"": 2.0, ""solver"": ""saga""}","{""C"": 2.0, ""solver"": ""lbfgs""}",,lbfgs,2.0,,,,,,,,0.6726403823178017,0.6093303778825939,0.6326622699922668,0.6098889554485892,0.7014057779735704,0.6726403823178017,0.6800807143829035,0.6726403823178017,0.6726403823178017,0.6726403823178017,37.51296154199997,0.0009382920000007,True,The max_iter was reached which means the coef_ did not converge; LogisticRegression saga raised ConvergenceWarning; fallback to lbfgs,success,LogisticRegression saga raised ConvergenceWarning; fallback to lbfgs,157,19,False,False
deep_20260612_180817,01_Raw_Data,LinearSVC,20,post_content_for_labeling,"{""analyzer"": ""char_wb"", ""max_features"": 50000, ""ngram_range"": [4, 6], ""min_df"": 2, ""max_df"": 0.95, ""sublinear_tf"": true}",char_wb,50000,"(4, 6)",2,0.95,True,"{""C"": 1.0, ""class_weight"": ""balanced""}","{""C"": 1.0, ""class_weight"": ""balanced""}",balanced,,1.0,,,,,,,,0.6953405017921147,0.6057747689421071,0.6234255726385357,0.6096079450859091,0.7034842766962603,0.6953405017921147,0.6962418296897965,0.6953405017921147,0.6953405017921147,0.6953405017921147,1.3017368340001667,0.0014822080001977,False,,success,,158,19,False,False
deep_20260612_180817,02_Basic_Clean,LinearSVC,36,post_content_for_labeling,"{""analyzer"": ""word"", ""max_features"": 30000, ""ngram_range"": [1, 1], ""min_df"": 2, ""max_df"": 0.95, ""sublinear_tf"": true}",word,30000,"(1, 1)",2,0.95,True,"{""C"": 1.0, ""class_weight"": null}","{""C"": 1.0, ""class_weight"": null}",,,1.0,,,,,,,,0.6989247311827957,0.6646533311591911,0.592532577462139,0.6095934277547682,0.693802965483126,0.6989247311827957,0.6893394587904749,0.6989247311827957,0.6989247311827957,0.6989247311827957,0.3286175419998471,0.0002851670005838,False,,success,,159,17,False,False
deep_20260612_180817,02_Basic_Clean,LinearSVC,35,post_content_for_labeling,"{""analyzer"": ""word"", ""max_features"": 20000, ""ngram_range"": [1, 1], ""min_df"": 2, ""max_df"": 0.95, ""sublinear_tf"": true}",word,20000,"(1, 1)",2,0.95,True,"{""C"": 1.0, ""class_weight"": null}","{""C"": 1.0, ""class_weight"": null}",,,1.0,,,,,,,,0.6989247311827957,0.6646533311591911,0.592532577462139,0.6095934277547682,0.693802965483126,0.6989247311827957,0.6893394587904749,0.6989247311827957,0.6989247311827957,0.6989247311827957,0.330041582999911,0.000296832999993,False,,success,,160,18,False,False
deep_20260612_180817,05_Balanced,LogisticRegression,21,post_content_for_labeling,"{""analyzer"": ""word"", ""max_features"": 20000, ""ngram_range"": [1, 1], ""min_df"": 2, ""max_df"": 0.95, ""sublinear_tf"": true}",word,20000,"(1, 1)",2,0.95,True,"{""C"": 5.0, ""solver"": ""lbfgs""}","{""C"": 5.0, ""solver"": ""lbfgs""}",,lbfgs,5.0,,,,,,,,0.6869772998805257,0.6212489828523907,0.6169270315320102,0.608360129346332,0.6930793950544235,0.6869772998805257,0.6837881670733108,0.6869772998805257,0.6869772998805257,0.6869772998805257,1.9258834579995892,0.0006511669998872,False,,success,,161,16,False,False
deep_20260612_180817,03_Full_Clean,LinearSVC,25,post_content_for_labeling,"{""analyzer"": ""char_wb"", ""max_features"": 50000, ""ngram_range"": [3, 5], ""min_df"": 2, ""max_df"": 0.95, ""sublinear_tf"": true}",char_wb,50000,"(3, 5)",2,0.95,True,"{""C"": 2.0, ""class_weight"": ""balanced""}","{""C"": 2.0, ""class_weight"": ""balanced""}",balanced,,2.0,,,,,,,,0.6929510155316607,0.6112866672168358,0.6156068136144018,0.6077535239355848,0.7021269470306696,0.6929510155316607,0.6940097801659848,0.6929510155316607,0.6929510155316607,0.6929510155316607,2.0910227499998655,0.0020840420002059,False,,success,,162,17,False,False
deep_20260612_180817,04_No_Stopwords,LogisticRegression,10,post_content_for_labeling,"{""analyzer"": ""word"", ""max_features"": 50000, ""ngram_range"": [1, 2], ""min_df"": 1, ""max_df"": 0.95, ""sublinear_tf"": true}",word,50000,"(1, 2)",1,0.95,True,"{""C"": 0.5, ""solver"": ""lbfgs""}","{""C"": 0.5, ""solver"": ""lbfgs""}",,lbfgs,0.5,,,,,,,,0.6654719235364397,0.5964433930161707,0.6392156079340288,0.6075850644349918,0.7060395690472764,0.6654719235364397,0.6767112190727688,0.6654719235364397,0.6654719235364397,0.6654719235364397,2.7589790829997582,0.002795542000058,False,,success,,163,14,False,False
deep_20260612_180817,01_Raw_Data,LogisticRegression,24,post_content_for_labeling,"{""analyzer"": ""char_wb"", ""max_features"": 50000, ""ngram_range"": [3, 5], ""min_df"": 2, ""max_df"": 0.95, ""sublinear_tf"": true}",char_wb,50000,"(3, 5)",2,0.95,True,"{""C"": 5.0, ""solver"": ""lbfgs""}","{""C"": 5.0, ""solver"": ""lbfgs""}",,lbfgs,5.0,,,,,,,,0.6893667861409797,0.6084261619440693,0.6187009519006896,0.6068812272660647,0.7042121157029082,0.6893667861409797,0.6930787444889595,0.6893667861409797,0.6893667861409797,0.6893667861409797,9.017597582999995,0.0053594999999972,False,,success,,164,20,False,False
deep_20260612_180817,01_Raw_Data,LinearSVC,17,post_content_for_labeling,"{""analyzer"": ""word"", ""max_features"": 20000, ""ngram_range"": [1, 1], ""min_df"": 2, ""max_df"": 0.95, ""sublinear_tf"": true}",word,20000,"(1, 1)",2,0.95,True,"{""C"": 1.0, ""class_weight"": ""balanced""}","{""C"": 1.0, ""class_weight"": ""balanced""}",balanced,,1.0,,,,,,,,0.6917562724014337,0.6126280024627724,0.6180938891625025,0.6066616763919482,0.7015142841899487,0.6917562724014337,0.6922002023703454,0.6917562724014337,0.6917562724014337,0.6917562724014337,0.3401661660000172,0.0003010000000358,False,,success,,165,20,False,False
deep_20260612_180817,04_No_Stopwords,LinearSVC,20,post_content_for_labeling,"{""analyzer"": ""char_wb"", ""max_features"": 50000, ""ngram_range"": [4, 6], ""min_df"": 2, ""max_df"": 0.95, ""sublinear_tf"": true}",char_wb,50000,"(4, 6)",2,0.95,True,"{""C"": 1.0, ""class_weight"": ""balanced""}","{""C"": 1.0, ""class_weight"": ""balanced""}",balanced,,1.0,,,,,,,,0.6917562724014337,0.6005454269371371,0.6221194332913216,0.6065624563209908,0.7040985763162523,0.6917562724014337,0.6946118079928558,0.6917562724014337,0.6917562724014337,0.6917562724014337,1.266657041000144,0.0019953749997512,False,,success,,166,17,False,False
deep_20260612_180817,05_Balanced,LinearSVC,6,post_content_for_labeling,"{""analyzer"": ""word"", ""max_features"": 50000, ""ngram_range"": [1, 2], ""min_df"": 1, ""max_df"": 0.95, ""sublinear_tf"": true}",word,50000,"(1, 2)",1,0.95,True,"{""C"": 0.05, ""class_weight"": ""balanced""}","{""C"": 0.05, ""class_weight"": ""balanced""}",balanced,,0.05,,,,,,,,0.6821983273596177,0.6000089669000128,0.632341272189096,0.6055632589965881,0.6958869298379182,0.6821983273596177,0.6824439960826223,0.6821983273596177,0.6821983273596177,0.6821983273596177,1.5567471249996745,0.0009023330003401,False,,success,,167,19,False,False
deep_20260612_180817,03_Full_Clean,LinearSVC,35,post_content_for_labeling,"{""analyzer"": ""word"", ""max_features"": 20000, ""ngram_range"": [1, 1], ""min_df"": 2, ""max_df"": 0.95, ""sublinear_tf"": true}",word,20000,"(1, 1)",2,0.95,True,"{""C"": 1.0, ""class_weight"": null}","{""C"": 1.0, ""class_weight"": null}",,,1.0,,,,,,,,0.6917562724014337,0.6616182716176955,0.5866240748502365,0.6052015839171008,0.6869958547037803,0.6917562724014337,0.6824802518350774,0.6917562724014337,0.6917562724014337,0.6917562724014337,0.3318822500004899,0.0002863749996322,False,,success,,168,18,False,False
deep_20260612_180817,03_Full_Clean,LinearSVC,36,post_content_for_labeling,"{""analyzer"": ""word"", ""max_features"": 30000, ""ngram_range"": [1, 1], ""min_df"": 2, ""max_df"": 0.95, ""sublinear_tf"": true}",word,30000,"(1, 1)",2,0.95,True,"{""C"": 1.0, ""class_weight"": null}","{""C"": 1.0, ""class_weight"": null}",,,1.0,,,,,,,,0.6917562724014337,0.6616182716176955,0.5866240748502365,0.6052015839171008,0.6869958547037803,0.6917562724014337,0.6824802518350774,0.6917562724014337,0.6917562724014337,0.6917562724014337,0.3327364169999782,0.0002969170000142,False,,success,,169,19,False,False
deep_20260612_180817,03_Full_Clean,LinearSVC,20,post_content_for_labeling,"{""analyzer"": ""char_wb"", ""max_features"": 50000, ""ngram_range"": [4, 6], ""min_df"": 2, ""max_df"": 0.95, ""sublinear_tf"": true}",char_wb,50000,"(4, 6)",2,0.95,True,"{""C"": 1.0, ""class_weight"": ""balanced""}","{""C"": 1.0, ""class_weight"": ""balanced""}",balanced,,1.0,,,,,,,,0.6881720430107527,0.6011032582905439,0.6181710228483168,0.6050875646239262,0.698922769470785,0.6881720430107527,0.6903885841828545,0.6881720430107527,0.6881720430107527,0.6881720430107527,1.2767264580006668,0.0017442090002077,False,,success,,170,20,False,False
deep_20260612_180817,02_Basic_Clean,LinearSVC,20,post_content_for_labeling,"{""analyzer"": ""char_wb"", ""max_features"": 50000, ""ngram_range"": [4, 6], ""min_df"": 2, ""max_df"": 0.95, ""sublinear_tf"": true}",char_wb,50000,"(4, 6)",2,0.95,True,"{""C"": 1.0, ""class_weight"": ""balanced""}","{""C"": 1.0, ""class_weight"": ""balanced""}",balanced,,1.0,,,,,,,,0.6905615292712067,0.5984582821510966,0.6199485924001467,0.6050331935744684,0.7009977466364972,0.6905615292712067,0.6927722143965924,0.6905615292712067,0.6905615292712067,0.6905615292712067,1.272261416999754,0.0015615829997841,False,,success,,171,19,False,False
deep_20260612_180817,03_Full_Clean,LinearSVC,44,post_content_for_labeling,"{""analyzer"": ""char_wb"", ""max_features"": 50000, ""ngram_range"": [3, 5], ""min_df"": 2, ""max_df"": 0.95, ""sublinear_tf"": true}",char_wb,50000,"(3, 5)",2,0.95,True,"{""C"": 2.0, ""class_weight"": null}","{""C"": 2.0, ""class_weight"": null}",,,2.0,,,,,,,,0.6965352449223416,0.6269432173227802,0.5958903429279309,0.604991001928178,0.6901752226407952,0.6965352449223416,0.6906145422303441,0.6965352449223416,0.6965352449223416,0.6965352449223416,1.9483986249997545,0.0020967079999536,False,,success,,172,21,False,False
deep_20260612_180817,02_Basic_Clean,LinearSVC,44,post_content_for_labeling,"{""analyzer"": ""char_wb"", ""max_features"": 50000, ""ngram_range"": [3, 5], ""min_df"": 2, ""max_df"": 0.95, ""sublinear_tf"": true}",char_wb,50000,"(3, 5)",2,0.95,True,"{""C"": 2.0, ""class_weight"": null}","{""C"": 2.0, ""class_weight"": null}",,,2.0,,,,,,,,0.6929510155316607,0.6326839132077723,0.5940773732660504,0.6047766215174802,0.6869168309923533,0.6929510155316607,0.6867933172856197,0.6929510155316607,0.6929510155316607,0.6929510155316607,1.9559991249998347,0.0021327089998521,False,,success,,173,20,False,False
deep_20260612_180817,04_No_Stopwords,LinearSVC,11,post_content_for_labeling,"{""analyzer"": ""char_wb"", ""max_features"": 50000, ""ngram_range"": [3, 5], ""min_df"": 2, ""max_df"": 0.95, ""sublinear_tf"": true}",char_wb,50000,"(3, 5)",2,0.95,True,"{""C"": 0.3, ""class_weight"": ""balanced""}","{""C"": 0.3, ""class_weight"": ""balanced""}",balanced,,0.3,,,,,,,,0.6738351254480287,0.5967044451643289,0.6318486646202788,0.6046105340535166,0.6962631140515767,0.6738351254480287,0.6784317191359698,0.6738351254480287,0.6738351254480287,0.6738351254480287,1.5212398330004362,0.0020742500000778,False,,success,,174,18,False,False
deep_20260612_180817,01_Raw_Data,LogisticRegression,21,post_content_for_labeling,"{""analyzer"": ""word"", ""max_features"": 20000, ""ngram_range"": [1, 1], ""min_df"": 2, ""max_df"": 0.95, ""sublinear_tf"": true}",word,20000,"(1, 1)",2,0.95,True,"{""C"": 5.0, ""solver"": ""lbfgs""}","{""C"": 5.0, ""solver"": ""lbfgs""}",,lbfgs,5.0,,,,,,,,0.6857825567502986,0.6064647648953159,0.6184635596086787,0.6041462953931717,0.7030022705147996,0.6857825567502986,0.689501901131377,0.6857825567502986,0.6857825567502986,0.6857825567502986,1.8318060000000005,0.0011269170000076,False,,success,,175,21,False,False
deep_20260612_180817,05_Balanced,LogisticRegression,16,post_content_for_labeling,"{""analyzer"": ""char_wb"", ""max_features"": 50000, ""ngram_range"": [4, 6], ""min_df"": 2, ""max_df"": 0.95, ""sublinear_tf"": true}",char_wb,50000,"(4, 6)",2,0.95,True,"{""C"": 1.0, ""solver"": ""lbfgs""}","{""C"": 1.0, ""solver"": ""lbfgs""}",,lbfgs,1.0,,,,,,,,0.6798088410991637,0.5979181669688084,0.6222070261804384,0.6037012740194541,0.6984712648242002,0.6798088410991637,0.6833191271813815,0.6798088410991637,0.6798088410991637,0.6798088410991637,7.184955250000712,0.0037396669995359,False,,success,,176,17,False,False
deep_20260612_180817,02_Basic_Clean,LinearSVC,25,post_content_for_labeling,"{""analyzer"": ""char_wb"", ""max_features"": 50000, ""ngram_range"": [3, 5], ""min_df"": 2, ""max_df"": 0.95, ""sublinear_tf"": true}",char_wb,50000,"(3, 5)",2,0.95,True,"{""C"": 2.0, ""class_weight"": ""balanced""}","{""C"": 2.0, ""class_weight"": ""balanced""}",balanced,,2.0,,,,,,,,0.6893667861409797,0.606954020547641,0.6118066268730386,0.6032428583954531,0.69770901967353,0.6893667861409797,0.6899951962990827,0.6893667861409797,0.6893667861409797,0.6893667861409797,2.161787791000279,0.0021756249998361,False,,success,,177,21,False,False
deep_20260612_180817,02_Basic_Clean,LogisticRegression,40,post_content_for_labeling,"{""analyzer"": ""char_wb"", ""max_features"": 50000, ""ngram_range"": [4, 6], ""min_df"": 2, ""max_df"": 0.95, ""sublinear_tf"": true}",char_wb,50000,"(4, 6)",2,0.95,True,"{""C"": 2.0, ""solver"": ""saga""}","{""C"": 2.0, ""solver"": ""lbfgs""}",,lbfgs,2.0,,,,,,,,0.6606929510155317,0.6017143114488228,0.6243369062963083,0.6031547095069146,0.6882133668391216,0.6606929510155317,0.6680020416447425,0.6606929510155317,0.6606929510155317,0.6606929510155317,198.6362059170001,0.0043788749999293,True,The max_iter was reached which means the coef_ did not converge; LogisticRegression saga raised ConvergenceWarning; fallback to lbfgs,success,LogisticRegression saga raised ConvergenceWarning; fallback to lbfgs,178,14,False,False
deep_20260612_180817,02_Basic_Clean,LogisticRegression,10,post_content_for_labeling,"{""analyzer"": ""word"", ""max_features"": 50000, ""ngram_range"": [1, 2], ""min_df"": 1, ""max_df"": 0.95, ""sublinear_tf"": true}",word,50000,"(1, 2)",1,0.95,True,"{""C"": 0.5, ""solver"": ""lbfgs""}","{""C"": 0.5, ""solver"": ""lbfgs""}",,lbfgs,0.5,,,,,,,,0.6559139784946236,0.5964535529218596,0.6306156571170933,0.6030026742124278,0.6914427240839269,0.6559139784946236,0.6646791278261174,0.6559139784946236,0.6559139784946236,0.6559139784946236,1.8967081249998048,0.0031309590003729,False,,success,,179,15,False,False
deep_20260612_180817,05_Balanced,LinearSVC,7,post_content_for_labeling,"{""analyzer"": ""word"", ""max_features"": 50000, ""ngram_range"": [1, 2], ""min_df"": 3, ""max_df"": 0.95, ""sublinear_tf"": true}",word,50000,"(1, 2)",3,0.95,True,"{""C"": 0.05, ""class_weight"": ""balanced""}","{""C"": 0.05, ""class_weight"": ""balanced""}",balanced,,0.05,,,,,,,,0.6798088410991637,0.5957096261055106,0.6316231667651082,0.6029854963809393,0.6945559687563567,0.6798088410991637,0.6802032038647253,0.6798088410991637,0.6798088410991637,0.6798088410991637,1.6099730839996482,0.0009324579987151,False,,success,,180,20,False,False
deep_20260612_180817,01_Raw_Data,LinearSVC,39,post_content_for_labeling,"{""analyzer"": ""word"", ""max_features"": 30000, ""ngram_range"": [1, 1], ""min_df"": 2, ""max_df"": 0.95, ""sublinear_tf"": true}",word,30000,"(1, 1)",2,0.95,True,"{""C"": 2.0, ""class_weight"": null}","{""C"": 2.0, ""class_weight"": null}",,,2.0,,,,,,,,0.6917562724014337,0.6513392948490562,0.586140455491844,0.602775389090452,0.6892793180904433,0.6917562724014337,0.684817782242929,0.6917562724014337,0.6917562724014337,0.6917562724014337,0.3534561669998766,0.000279583000065,False,,success,,181,21,False,False
deep_20260612_180817,01_Raw_Data,LinearSVC,40,post_content_for_labeling,"{""analyzer"": ""word"", ""max_features"": 50000, ""ngram_range"": [1, 1], ""min_df"": 2, ""max_df"": 0.95, ""sublinear_tf"": true}",word,50000,"(1, 1)",2,0.95,True,"{""C"": 2.0, ""class_weight"": null}","{""C"": 2.0, ""class_weight"": null}",,,2.0,,,,,,,,0.6917562724014337,0.6513392948490562,0.586140455491844,0.602775389090452,0.6892793180904433,0.6917562724014337,0.684817782242929,0.6917562724014337,0.6917562724014337,0.6917562724014337,0.3544427090000681,0.0003003329998136,False,,success,,182,22,False,False
deep_20260612_180817,01_Raw_Data,LinearSVC,38,post_content_for_labeling,"{""analyzer"": ""word"", ""max_features"": 20000, ""ngram_range"": [1, 1], ""min_df"": 2, ""max_df"": 0.95, ""sublinear_tf"": true}",word,20000,"(1, 1)",2,0.95,True,"{""C"": 2.0, ""class_weight"": null}","{""C"": 2.0, ""class_weight"": null}",,,2.0,,,,,,,,0.6917562724014337,0.6513392948490562,0.586140455491844,0.602775389090452,0.6892793180904433,0.6917562724014337,0.684817782242929,0.6917562724014337,0.6917562724014337,0.6917562724014337,0.3560386250001102,0.0002899170003729,False,,success,,183,23,False,False
deep_20260612_180817,02_Basic_Clean,LinearSVC,17,post_content_for_labeling,"{""analyzer"": ""word"", ""max_features"": 20000, ""ngram_range"": [1, 1], ""min_df"": 2, ""max_df"": 0.95, ""sublinear_tf"": true}",word,20000,"(1, 1)",2,0.95,True,"{""C"": 1.0, ""class_weight"": ""balanced""}","{""C"": 1.0, ""class_weight"": ""balanced""}",balanced,,1.0,,,,,,,,0.6881720430107527,0.6057386176744459,0.618456893298326,0.6026470734141386,0.6992595420004524,0.6881720430107527,0.6884092809631713,0.6881720430107527,0.6881720430107527,0.6881720430107527,0.3340828749996944,0.0002987920006489,False,,success,,184,22,False,False
deep_20260612_180817,05_Balanced,LogisticRegression,40,post_content_for_labeling,"{""analyzer"": ""char_wb"", ""max_features"": 50000, ""ngram_range"": [4, 6], ""min_df"": 2, ""max_df"": 0.95, ""sublinear_tf"": true}",char_wb,50000,"(4, 6)",2,0.95,True,"{""C"": 2.0, ""solver"": ""saga""}","{""C"": 2.0, ""solver"": ""saga""}",,saga,2.0,,,,,,,,0.6845878136200717,0.6024490569015255,0.6143260991150609,0.6025223210690004,0.6988647669839974,0.6845878136200717,0.6869911059785241,0.6845878136200717,0.6845878136200717,0.6845878136200717,4.8245079169992096,0.0016434580011264,False,,success,,185,18,False,False
deep_20260612_180817,05_Balanced,LinearSVC,9,post_content_for_labeling,"{""analyzer"": ""char_wb"", ""max_features"": 50000, ""ngram_range"": [3, 5], ""min_df"": 2, ""max_df"": 0.95, ""sublinear_tf"": true}",char_wb,50000,"(3, 5)",2,0.95,True,"{""C"": 0.1, ""class_weight"": ""balanced""}","{""C"": 0.1, ""class_weight"": ""balanced""}",balanced,,0.1,,,,,,,,0.6702508960573477,0.5861584529841717,0.6387576802499622,0.6023852209564146,0.6972413330873959,0.6702508960573477,0.6758568174256842,0.6702508960573477,0.6702508960573477,0.6702508960573477,4.717333999999028,0.0020762500007549,False,,success,,186,21,False,False
deep_20260612_180817,02_Basic_Clean,LinearSVC,40,post_content_for_labeling,"{""analyzer"": ""word"", ""max_features"": 50000, ""ngram_range"": [1, 1], ""min_df"": 2, ""max_df"": 0.95, ""sublinear_tf"": true}",word,50000,"(1, 1)",2,0.95,True,"{""C"": 2.0, ""class_weight"": null}","{""C"": 2.0, ""class_weight"": null}",,,2.0,,,,,,,,0.6905615292712067,0.6484493859081766,0.5873540611712069,0.6023621386806903,0.6866666374643937,0.6905615292712067,0.6830049067436825,0.6905615292712067,0.6905615292712067,0.6905615292712067,0.3483392090001871,0.0002873330004149,False,,success,,187,23,False,False
deep_20260612_180817,02_Basic_Clean,LinearSVC,38,post_content_for_labeling,"{""analyzer"": ""word"", ""max_features"": 20000, ""ngram_range"": [1, 1], ""min_df"": 2, ""max_df"": 0.95, ""sublinear_tf"": true}",word,20000,"(1, 1)",2,0.95,True,"{""C"": 2.0, ""class_weight"": null}","{""C"": 2.0, ""class_weight"": null}",,,2.0,,,,,,,,0.6905615292712067,0.6484493859081766,0.5873540611712069,0.6023621386806903,0.6866666374643937,0.6905615292712067,0.6830049067436825,0.6905615292712067,0.6905615292712067,0.6905615292712067,0.3509837499996138,0.0003659579997474,False,,success,,188,24,False,False
deep_20260612_180817,02_Basic_Clean,LinearSVC,39,post_content_for_labeling,"{""analyzer"": ""word"", ""max_features"": 30000, ""ngram_range"": [1, 1], ""min_df"": 2, ""max_df"": 0.95, ""sublinear_tf"": true}",word,30000,"(1, 1)",2,0.95,True,"{""C"": 2.0, ""class_weight"": null}","{""C"": 2.0, ""class_weight"": null}",,,2.0,,,,,,,,0.6905615292712067,0.6484493859081766,0.5873540611712069,0.6023621386806903,0.6866666374643937,0.6905615292712067,0.6830049067436825,0.6905615292712067,0.6905615292712067,0.6905615292712067,0.3572229999999763,0.0003482089996396,False,,success,,189,25,False,False
deep_20260612_180817,01_Raw_Data,LogisticRegression,9,post_content_for_labeling,"{""analyzer"": ""word"", ""max_features"": 30000, ""ngram_range"": [1, 1], ""min_df"": 2, ""max_df"": 0.95, ""sublinear_tf"": true}",word,30000,"(1, 1)",2,0.95,True,"{""C"": 0.5, ""solver"": ""lbfgs""}","{""C"": 0.5, ""solver"": ""lbfgs""}",,lbfgs,0.5,,,,,,,,0.6403823178016727,0.5864190346097751,0.6427248053434224,0.6021575950050589,0.6821369502628669,0.6403823178016727,0.6510973566093796,0.6403823178016727,0.6403823178016727,0.6403823178016727,0.767534665999996,0.0009004580000038,False,,success,,190,22,False,False
deep_20260612_180817,01_Raw_Data,LinearSVC,11,post_content_for_labeling,"{""analyzer"": ""char_wb"", ""max_features"": 50000, ""ngram_range"": [3, 5], ""min_df"": 2, ""max_df"": 0.95, ""sublinear_tf"": true}",char_wb,50000,"(3, 5)",2,0.95,True,"{""C"": 0.3, ""class_weight"": ""balanced""}","{""C"": 0.3, ""class_weight"": ""balanced""}",balanced,,0.3,,,,,,,,0.6833930704898447,0.5931501063694248,0.630465988607678,0.6019879056038633,0.7010090493180047,0.6833930704898447,0.686649936056671,0.6833930704898447,0.6833930704898447,0.6833930704898447,1.646885542000291,0.002209084000242,False,,success,,191,24,False,False
deep_20260612_180817,01_Raw_Data,LinearSVC,25,post_content_for_labeling,"{""analyzer"": ""char_wb"", ""max_features"": 50000, ""ngram_range"": [3, 5], ""min_df"": 2, ""max_df"": 0.95, ""sublinear_tf"": true}",char_wb,50000,"(3, 5)",2,0.95,True,"{""C"": 2.0, ""class_weight"": ""balanced""}","{""C"": 2.0, ""class_weight"": ""balanced""}",balanced,,2.0,,,,,,,,0.6917562724014337,0.606557841967668,0.6112215856591142,0.6018960486494607,0.6975319526414313,0.6917562724014337,0.691332338437903,0.6917562724014337,0.6917562724014337,0.6917562724014337,2.170740458000182,0.0020005420001325,False,,success,,192,25,False,False
deep_20260612_180817,02_Basic_Clean,LogisticRegression,24,post_content_for_labeling,"{""analyzer"": ""char_wb"", ""max_features"": 50000, ""ngram_range"": [3, 5], ""min_df"": 2, ""max_df"": 0.95, ""sublinear_tf"": true}",char_wb,50000,"(3, 5)",2,0.95,True,"{""C"": 5.0, ""solver"": ""lbfgs""}","{""C"": 5.0, ""solver"": ""lbfgs""}",,lbfgs,5.0,,,,,,,,0.6738351254480287,0.6107259863421389,0.6136277870387454,0.6018760909488512,0.6963932771827249,0.6738351254480287,0.6796414256939814,0.6738351254480287,0.6738351254480287,0.6738351254480287,5.377352874999815,0.004435457999989,False,,success,,193,16,False,False
deep_20260612_180817,04_No_Stopwords,LinearSVC,45,post_content_for_labeling,"{""analyzer"": ""char_wb"", ""max_features"": 50000, ""ngram_range"": [4, 6], ""min_df"": 2, ""max_df"": 0.95, ""sublinear_tf"": true}",char_wb,50000,"(4, 6)",2,0.95,True,"{""C"": 2.0, ""class_weight"": null}","{""C"": 2.0, ""class_weight"": null}",,,2.0,,,,,,,,0.6929510155316607,0.625923802056619,0.5926438226590444,0.601606516823096,0.6874972934710541,0.6929510155316607,0.6869997010412369,0.6929510155316607,0.6929510155316607,0.6929510155316607,1.3253531249993102,0.0015126250000321,False,,success,,194,19,False,False
deep_20260612_180817,05_Balanced,LogisticRegression,26,post_content_for_labeling,"{""analyzer"": ""word"", ""max_features"": 50000, ""ngram_range"": [1, 1], ""min_df"": 2, ""max_df"": 0.95, ""sublinear_tf"": true}",word,50000,"(1, 1)",2,0.95,True,"{""C"": 10.0, ""solver"": ""lbfgs""}","{""C"": 10.0, ""solver"": ""lbfgs""}",,lbfgs,10.0,,,,,,,,0.6786140979689367,0.6180883933694098,0.6079034547290748,0.6015712001476315,0.6847669623461151,0.6786140979689367,0.6750101334760966,0.6786140979689367,0.6786140979689367,0.6786140979689367,2.0976482500009297,0.0005946669989498,False,,success,,195,19,False,False
deep_20260612_180817,05_Balanced,LogisticRegression,25,post_content_for_labeling,"{""analyzer"": ""word"", ""max_features"": 10000, ""ngram_range"": [1, 1], ""min_df"": 2, ""max_df"": 0.95, ""sublinear_tf"": true}",word,10000,"(1, 1)",2,0.95,True,"{""C"": 10.0, ""solver"": ""lbfgs""}","{""C"": 10.0, ""solver"": ""lbfgs""}",,lbfgs,10.0,,,,,,,,0.6786140979689367,0.6180883933694098,0.6079034547290748,0.6015712001476315,0.6847669623461151,0.6786140979689367,0.6750101334760966,0.6786140979689367,0.6786140979689367,0.6786140979689367,2.107045000000653,0.0006582090009032,False,,success,,196,20,False,False
deep_20260612_180817,04_No_Stopwords,LinearSVC,29,post_content_for_labeling,"{""analyzer"": ""char_wb"", ""max_features"": 50000, ""ngram_range"": [4, 6], ""min_df"": 2, ""max_df"": 0.95, ""sublinear_tf"": true}",char_wb,50000,"(4, 6)",2,0.95,True,"{""C"": 5.0, ""class_weight"": ""balanced""}","{""C"": 5.0, ""class_weight"": ""balanced""}",balanced,,5.0,,,,,,,,0.6833930704898447,0.6096561389710197,0.6014974929520094,0.6015681474141217,0.6883414361042286,0.6833930704898447,0.6837089586672676,0.6833930704898447,0.6833930704898447,0.6833930704898447,1.841062334000526,0.0015517920001002,False,,success,,197,20,False,False
deep_20260612_180817,04_No_Stopwords,LogisticRegression,26,post_content_for_labeling,"{""analyzer"": ""word"", ""max_features"": 50000, ""ngram_range"": [1, 1], ""min_df"": 2, ""max_df"": 0.95, ""sublinear_tf"": true}",word,50000,"(1, 1)",2,0.95,True,"{""C"": 10.0, ""solver"": ""lbfgs""}","{""C"": 10.0, ""solver"": ""lbfgs""}",,lbfgs,10.0,,,,,,,,0.6833930704898447,0.6051547307059005,0.6146708308053396,0.6015543505682356,0.6938397628996507,0.6833930704898447,0.6842096815302262,0.6833930704898447,0.6833930704898447,0.6833930704898447,0.8523521669994807,0.0005585420003626,False,,success,,198,15,False,False
deep_20260612_180817,04_No_Stopwords,LogisticRegression,25,post_content_for_labeling,"{""analyzer"": ""word"", ""max_features"": 10000, ""ngram_range"": [1, 1], ""min_df"": 2, ""max_df"": 0.95, ""sublinear_tf"": true}",word,10000,"(1, 1)",2,0.95,True,"{""C"": 10.0, ""solver"": ""lbfgs""}","{""C"": 10.0, ""solver"": ""lbfgs""}",,lbfgs,10.0,,,,,,,,0.6833930704898447,0.6051547307059005,0.6146708308053396,0.6015543505682356,0.6938397628996507,0.6833930704898447,0.6842096815302262,0.6833930704898447,0.6833930704898447,0.6833930704898447,0.8882435840005201,0.0004647499999919,False,,success,,199,16,False,False
deep_20260612_180817,05_Balanced,LogisticRegression,17,post_content_for_labeling,"{""analyzer"": ""word"", ""max_features"": 50000, ""ngram_range"": [1, 1], ""min_df"": 2, ""max_df"": 0.95, ""sublinear_tf"": true}",word,50000,"(1, 1)",2,0.95,True,"{""C"": 2.0, ""solver"": ""lbfgs""}","{""C"": 2.0, ""solver"": ""lbfgs""}",,lbfgs,2.0,,,,,,,,0.6786140979689367,0.6072143215248234,0.6178048798241056,0.6013120609293849,0.6920422227121136,0.6786140979689367,0.6783792774881696,0.6786140979689367,0.6786140979689367,0.6786140979689367,1.7192756670010567,0.0008395410004595,False,,success,,200,21,False,False
deep_20260612_180817,02_Basic_Clean,LinearSVC,29,post_content_for_labeling,"{""analyzer"": ""char_wb"", ""max_features"": 50000, ""ngram_range"": [4, 6], ""min_df"": 2, ""max_df"": 0.95, ""sublinear_tf"": true}",char_wb,50000,"(4, 6)",2,0.95,True,"{""C"": 5.0, ""class_weight"": ""balanced""}","{""C"": 5.0, ""class_weight"": ""balanced""}",balanced,,5.0,,,,,,,,0.6810035842293907,0.6088921035133035,0.60186887867607,0.6012455858223983,0.6806564553724704,0.6810035842293907,0.6787830759645544,0.6810035842293907,0.6810035842293907,0.6810035842293907,1.9158074580000175,0.0014627919999838,False,,success,,201,26,False,False
deep_20260612_180817,02_Basic_Clean,LinearSVC,11,post_content_for_labeling,"{""analyzer"": ""char_wb"", ""max_features"": 50000, ""ngram_range"": [3, 5], ""min_df"": 2, ""max_df"": 0.95, ""sublinear_tf"": true}",char_wb,50000,"(3, 5)",2,0.95,True,"{""C"": 0.3, ""class_weight"": ""balanced""}","{""C"": 0.3, ""class_weight"": ""balanced""}",balanced,,0.3,,,,,,,,0.6750298685782556,0.5949650815003376,0.628258293452401,0.6010316558215993,0.6973609181437268,0.6750298685782556,0.6795639276056538,0.6750298685782556,0.6750298685782556,0.6750298685782556,1.7407141669991688,0.0024278330001834,False,,success,,202,27,False,False
deep_20260612_180817,01_Raw_Data,LinearSVC,7,post_content_for_labeling,"{""analyzer"": ""word"", ""max_features"": 50000, ""ngram_range"": [1, 2], ""min_df"": 3, ""max_df"": 0.95, ""sublinear_tf"": true}",word,50000,"(1, 2)",3,0.95,True,"{""C"": 0.05, ""class_weight"": ""balanced""}","{""C"": 0.05, ""class_weight"": ""balanced""}",balanced,,0.05,,,,,,,,0.6702508960573477,0.5823555286251233,0.6457772527465967,0.6009781940393885,0.6884817709610757,0.6702508960573477,0.6708278400148664,0.6702508960573477,0.6702508960573477,0.6702508960573477,0.5340144169999803,0.0005554170002142,False,,success,,203,26,False,False
deep_20260612_180817,05_Balanced,LinearSVC,45,post_content_for_labeling,"{""analyzer"": ""char_wb"", ""max_features"": 50000, ""ngram_range"": [4, 6], ""min_df"": 2, ""max_df"": 0.95, ""sublinear_tf"": true}",char_wb,50000,"(4, 6)",2,0.95,True,"{""C"": 2.0, ""class_weight"": null}","{""C"": 2.0, ""class_weight"": null}",,,2.0,,,,,,,,0.6833930704898447,0.6130528148334642,0.5999692192274485,0.600905427045617,0.6913124046846661,0.6833930704898447,0.6841560010969372,0.6833930704898447,0.6833930704898447,0.6833930704898447,4.946224749999601,0.0014644999992015,False,,success,,204,22,False,False
deep_20260612_180817,01_Raw_Data,LogisticRegression,40,post_content_for_labeling,"{""analyzer"": ""char_wb"", ""max_features"": 50000, ""ngram_range"": [4, 6], ""min_df"": 2, ""max_df"": 0.95, ""sublinear_tf"": true}",char_wb,50000,"(4, 6)",2,0.95,True,"{""C"": 2.0, ""solver"": ""saga""}","{""C"": 2.0, ""solver"": ""lbfgs""}",,lbfgs,2.0,,,,,,,,0.6654719235364397,0.5952203535472783,0.6223311738304499,0.6008024792977088,0.6912999803561383,0.6654719235364397,0.6727523261016465,0.6654719235364397,0.6654719235364397,0.6654719235364397,209.73549474999993,0.0049184169999989,True,The max_iter was reached which means the coef_ did not converge; LogisticRegression saga raised ConvergenceWarning; fallback to lbfgs,success,LogisticRegression saga raised ConvergenceWarning; fallback to lbfgs,205,23,False,False
deep_20260612_180817,01_Raw_Data,LinearSVC,6,post_content_for_labeling,"{""analyzer"": ""word"", ""max_features"": 50000, ""ngram_range"": [1, 2], ""min_df"": 1, ""max_df"": 0.95, ""sublinear_tf"": true}",word,50000,"(1, 2)",1,0.95,True,"{""C"": 0.05, ""class_weight"": ""balanced""}","{""C"": 0.05, ""class_weight"": ""balanced""}",balanced,,0.05,,,,,,,,0.6714456391875747,0.581777112325935,0.6438475964613832,0.6007585020196483,0.6889219458441075,0.6714456391875747,0.6719882368381759,0.6714456391875747,0.6714456391875747,0.6714456391875747,0.5560598749998462,0.0004720829997495,False,,success,,206,27,False,False
deep_20260612_180817,05_Balanced,LogisticRegression,35,post_content_for_labeling,"{""analyzer"": ""word"", ""max_features"": 30000, ""ngram_range"": [1, 1], ""min_df"": 2, ""max_df"": 0.95, ""sublinear_tf"": true}",word,30000,"(1, 1)",2,0.95,True,"{""C"": 2.0, ""solver"": ""saga""}","{""C"": 2.0, ""solver"": ""saga""}",,saga,2.0,,,,,,,,0.6798088410991637,0.6040295771422975,0.6179273961203438,0.6006967081958904,0.6924158564628082,0.6798088410991637,0.6792830935037278,0.6798088410991637,0.6798088410991637,0.6798088410991637,0.9243973330012524,0.0005523750005522,False,,success,,207,22,False,False
deep_20260612_180817,05_Balanced,LogisticRegression,36,post_content_for_labeling,"{""analyzer"": ""word"", ""max_features"": 50000, ""ngram_range"": [1, 1], ""min_df"": 2, ""max_df"": 0.95, ""sublinear_tf"": true}",word,50000,"(1, 1)",2,0.95,True,"{""C"": 2.0, ""solver"": ""saga""}","{""C"": 2.0, ""solver"": ""saga""}",,saga,2.0,,,,,,,,0.6798088410991637,0.6040295771422975,0.6179273961203438,0.6006967081958904,0.6924158564628082,0.6798088410991637,0.6792830935037278,0.6798088410991637,0.6798088410991637,0.6798088410991637,0.9275617499988584,0.0004401669993967,False,,success,,208,23,False,False
deep_20260612_180817,01_Raw_Data,LinearSVC,12,post_content_for_labeling,"{""analyzer"": ""word"", ""max_features"": 20000, ""ngram_range"": [1, 1], ""min_df"": 2, ""max_df"": 0.95, ""sublinear_tf"": true}",word,20000,"(1, 1)",2,0.95,True,"{""C"": 0.5, ""class_weight"": ""balanced""}","{""C"": 0.5, ""class_weight"": ""balanced""}",balanced,,0.5,,,,,,,,0.6881720430107527,0.5926755739245755,0.6243440711359682,0.6005622963526269,0.7065957350950689,0.6881720430107527,0.692076742789659,0.6881720430107527,0.6881720430107527,0.6881720430107527,0.3261329169999953,0.0002923329998338,False,,success,,209,28,False,False
deep_20260612_180817,05_Balanced,LogisticRegression,12,post_content_for_labeling,"{""analyzer"": ""word"", ""max_features"": 20000, ""ngram_range"": [1, 1], ""min_df"": 2, ""max_df"": 0.95, ""sublinear_tf"": true}",word,20000,"(1, 1)",2,0.95,True,"{""C"": 1.0, ""solver"": ""lbfgs""}","{""C"": 1.0, ""solver"": ""lbfgs""}",,lbfgs,1.0,,,,,,,,0.6714456391875747,0.6021916457289324,0.619311942542241,0.6003557662166861,0.6906288138567384,0.6714456391875747,0.6742295396998308,0.6714456391875747,0.6714456391875747,0.6714456391875747,1.6574015410005811,0.0006704589995933,False,,success,,210,24,False,False
deep_20260612_180817,05_Balanced,LogisticRegression,14,post_content_for_labeling,"{""analyzer"": ""word"", ""max_features"": 50000, ""ngram_range"": [1, 1], ""min_df"": 2, ""max_df"": 0.95, ""sublinear_tf"": true}",word,50000,"(1, 1)",2,0.95,True,"{""C"": 1.0, ""solver"": ""lbfgs""}","{""C"": 1.0, ""solver"": ""lbfgs""}",,lbfgs,1.0,,,,,,,,0.6714456391875747,0.6021916457289324,0.619311942542241,0.6003557662166861,0.6906288138567384,0.6714456391875747,0.6742295396998308,0.6714456391875747,0.6714456391875747,0.6714456391875747,1.6654740829999355,0.0006708340006298,False,,success,,211,25,False,False
deep_20260612_180817,05_Balanced,LogisticRegression,13,post_content_for_labeling,"{""analyzer"": ""word"", ""max_features"": 30000, ""ngram_range"": [1, 1], ""min_df"": 2, ""max_df"": 0.95, ""sublinear_tf"": true}",word,30000,"(1, 1)",2,0.95,True,"{""C"": 1.0, ""solver"": ""lbfgs""}","{""C"": 1.0, ""solver"": ""lbfgs""}",,lbfgs,1.0,,,,,,,,0.6714456391875747,0.6021916457289324,0.619311942542241,0.6003557662166861,0.6906288138567384,0.6714456391875747,0.6742295396998308,0.6714456391875747,0.6714456391875747,0.6714456391875747,2.588354834000711,0.0007469170013791,False,,success,,212,26,False,False
deep_20260612_180817,04_No_Stopwords,LogisticRegression,40,post_content_for_labeling,"{""analyzer"": ""char_wb"", ""max_features"": 50000, ""ngram_range"": [4, 6], ""min_df"": 2, ""max_df"": 0.95, ""sublinear_tf"": true}",char_wb,50000,"(4, 6)",2,0.95,True,"{""C"": 2.0, ""solver"": ""saga""}","{""C"": 2.0, ""solver"": ""lbfgs""}",,lbfgs,2.0,,,,,,,,0.6642771804062126,0.598208113772457,0.6199027613586658,0.6002775379983447,0.69564118734162,0.6642771804062126,0.6734172179351618,0.6642771804062126,0.6642771804062126,0.6642771804062126,192.5956005829994,0.0049365840004611,True,The max_iter was reached which means the coef_ did not converge; LogisticRegression saga raised ConvergenceWarning; fallback to lbfgs,success,LogisticRegression saga raised ConvergenceWarning; fallback to lbfgs,213,17,False,False
deep_20260612_180817,02_Basic_Clean,LinearSVC,45,post_content_for_labeling,"{""analyzer"": ""char_wb"", ""max_features"": 50000, ""ngram_range"": [4, 6], ""min_df"": 2, ""max_df"": 0.95, ""sublinear_tf"": true}",char_wb,50000,"(4, 6)",2,0.95,True,"{""C"": 2.0, ""class_weight"": null}","{""C"": 2.0, ""class_weight"": null}",,,2.0,,,,,,,,0.6941457586618877,0.6178950771118022,0.5959135292359469,0.6001438273098552,0.6864672035298627,0.6941457586618877,0.6873381018132065,0.6941457586618877,0.6941457586618877,0.6941457586618877,1.3624245420005536,0.0013350830004128,False,,success,,214,28,False,False
deep_20260612_180817,05_Balanced,LogisticRegression,39,post_content_for_labeling,"{""analyzer"": ""char_wb"", ""max_features"": 30000, ""ngram_range"": [3, 5], ""min_df"": 2, ""max_df"": 0.95, ""sublinear_tf"": true}",char_wb,30000,"(3, 5)",2,0.95,True,"{""C"": 2.0, ""solver"": ""saga""}","{""C"": 2.0, ""solver"": ""saga""}",,saga,2.0,,,,,,,,0.6786140979689367,0.601244870653313,0.6127353878520959,0.5999258017952084,0.694836271629278,0.6786140979689367,0.6812306954481996,0.6786140979689367,0.6786140979689367,0.6786140979689367,11.888434333000989,0.0029798750001646,False,,success,,215,27,False,False
deep_20260612_180817,01_Raw_Data,LogisticRegression,13,post_content_for_labeling,"{""analyzer"": ""word"", ""max_features"": 30000, ""ngram_range"": [1, 1], ""min_df"": 2, ""max_df"": 0.95, ""sublinear_tf"": true}",word,30000,"(1, 1)",2,0.95,True,"{""C"": 1.0, ""solver"": ""lbfgs""}","{""C"": 1.0, ""solver"": ""lbfgs""}",,lbfgs,1.0,,,,,,,,0.6559139784946236,0.5959923594221507,0.6261365335481346,0.5999145461466462,0.6866896546989621,0.6559139784946236,0.6636403911875073,0.6559139784946236,0.6559139784946236,0.6559139784946236,0.8020452080000027,0.0040020420000033,False,,success,,216,24,False,False
deep_20260612_180817,01_Raw_Data,LogisticRegression,14,post_content_for_labeling,"{""analyzer"": ""word"", ""max_features"": 50000, ""ngram_range"": [1, 1], ""min_df"": 2, ""max_df"": 0.95, ""sublinear_tf"": true}",word,50000,"(1, 1)",2,0.95,True,"{""C"": 1.0, ""solver"": ""lbfgs""}","{""C"": 1.0, ""solver"": ""lbfgs""}",,lbfgs,1.0,,,,,,,,0.6559139784946236,0.5959923594221507,0.6261365335481346,0.5999145461466462,0.6866896546989621,0.6559139784946236,0.6636403911875073,0.6559139784946236,0.6559139784946236,0.6559139784946236,0.8032275409999983,0.0005325409999983,False,,success,,217,25,False,False
deep_20260612_180817,01_Raw_Data,LogisticRegression,12,post_content_for_labeling,"{""analyzer"": ""word"", ""max_features"": 20000, ""ngram_range"": [1, 1], ""min_df"": 2, ""max_df"": 0.95, ""sublinear_tf"": true}",word,20000,"(1, 1)",2,0.95,True,"{""C"": 1.0, ""solver"": ""lbfgs""}","{""C"": 1.0, ""solver"": ""lbfgs""}",,lbfgs,1.0,,,,,,,,0.6559139784946236,0.5959923594221507,0.6261365335481346,0.5999145461466462,0.6866896546989621,0.6559139784946236,0.6636403911875073,0.6559139784946236,0.6559139784946236,0.6559139784946236,2.101092166000001,0.0005494580000018,False,,success,,218,26,False,False
deep_20260612_180817,01_Raw_Data,LogisticRegression,31,post_content_for_labeling,"{""analyzer"": ""word"", ""max_features"": 20000, ""ngram_range"": [1, 1], ""min_df"": 2, ""max_df"": 0.95, ""sublinear_tf"": true}",word,20000,"(1, 1)",2,0.95,True,"{""C"": 1.0, ""solver"": ""saga""}","{""C"": 1.0, ""solver"": ""lbfgs""}",,lbfgs,1.0,,,,,,,,0.6559139784946236,0.5959923594221507,0.6261365335481346,0.5999145461466462,0.6866896546989621,0.6559139784946236,0.6636403911875073,0.6559139784946236,0.6559139784946236,0.6559139784946236,39.33117066700001,0.000903457999982,True,The max_iter was reached which means the coef_ did not converge; LogisticRegression saga raised ConvergenceWarning; fallback to lbfgs,success,LogisticRegression saga raised ConvergenceWarning; fallback to lbfgs,219,27,False,False
deep_20260612_180817,01_Raw_Data,LogisticRegression,30,post_content_for_labeling,"{""analyzer"": ""word"", ""max_features"": 10000, ""ngram_range"": [1, 1], ""min_df"": 2, ""max_df"": 0.95, ""sublinear_tf"": true}",word,10000,"(1, 1)",2,0.95,True,"{""C"": 1.0, ""solver"": ""saga""}","{""C"": 1.0, ""solver"": ""lbfgs""}",,lbfgs,1.0,,,,,,,,0.6559139784946236,0.5959923594221507,0.6261365335481346,0.5999145461466462,0.6866896546989621,0.6559139784946236,0.6636403911875073,0.6559139784946236,0.6559139784946236,0.6559139784946236,46.041786166999984,0.0008119999999962,True,The max_iter was reached which means the coef_ did not converge; LogisticRegression saga raised ConvergenceWarning; fallback to lbfgs,success,LogisticRegression saga raised ConvergenceWarning; fallback to lbfgs,220,28,False,False
deep_20260612_180817,05_Balanced,LogisticRegression,30,post_content_for_labeling,"{""analyzer"": ""word"", ""max_features"": 10000, ""ngram_range"": [1, 1], ""min_df"": 2, ""max_df"": 0.95, ""sublinear_tf"": true}",word,10000,"(1, 1)",2,0.95,True,"{""C"": 1.0, ""solver"": ""saga""}","{""C"": 1.0, ""solver"": ""saga""}",,saga,1.0,,,,,,,,0.6726403823178017,0.6009675632353491,0.6198616951535659,0.5998217913318237,0.6910658152016962,0.6726403823178017,0.6749193762053048,0.6726403823178017,0.6726403823178017,0.6726403823178017,0.9534248750005644,0.0004199579998385,False,,success,,221,28,False,False
deep_20260612_180817,05_Balanced,LogisticRegression,31,post_content_for_labeling,"{""analyzer"": ""word"", ""max_features"": 20000, ""ngram_range"": [1, 1], ""min_df"": 2, ""max_df"": 0.95, ""sublinear_tf"": true}",word,20000,"(1, 1)",2,0.95,True,"{""C"": 1.0, ""solver"": ""saga""}","{""C"": 1.0, ""solver"": ""saga""}",,saga,1.0,,,,,,,,0.6726403823178017,0.6009675632353491,0.6198616951535659,0.5998217913318237,0.6910658152016962,0.6726403823178017,0.6749193762053048,0.6726403823178017,0.6726403823178017,0.6726403823178017,1.025255083999582,0.0004663340005208,False,,success,,222,29,False,False
deep_20260612_180817,05_Balanced,LinearSVC,11,post_content_for_labeling,"{""analyzer"": ""char_wb"", ""max_features"": 50000, ""ngram_range"": [3, 5], ""min_df"": 2, ""max_df"": 0.95, ""sublinear_tf"": true}",char_wb,50000,"(3, 5)",2,0.95,True,"{""C"": 0.3, ""class_weight"": ""balanced""}","{""C"": 0.3, ""class_weight"": ""balanced""}",balanced,,0.3,,,,,,,,0.6810035842293907,0.5946783091416113,0.6196216337134267,0.5997167258454469,0.6995419789111872,0.6810035842293907,0.6847374760637068,0.6810035842293907,0.6810035842293907,0.6810035842293907,4.997733917000005,0.0020634590000554,False,,success,,223,23,False,False
deep_20260612_180817,03_Full_Clean,LinearSVC,29,post_content_for_labeling,"{""analyzer"": ""char_wb"", ""max_features"": 50000, ""ngram_range"": [4, 6], ""min_df"": 2, ""max_df"": 0.95, ""sublinear_tf"": true}",char_wb,50000,"(4, 6)",2,0.95,True,"{""C"": 5.0, ""class_weight"": ""balanced""}","{""C"": 5.0, ""class_weight"": ""balanced""}",balanced,,5.0,,,,,,,,0.6833930704898447,0.6054228049405501,0.6010503192773888,0.5996983856642321,0.6842964656830147,0.6833930704898447,0.6819078492162881,0.6833930704898447,0.6833930704898447,0.6833930704898447,1.9278333339998424,0.0013623749991893,False,,success,,224,22,False,False
deep_20260612_180817,05_Balanced,LogisticRegression,20,post_content_for_labeling,"{""analyzer"": ""char_wb"", ""max_features"": 30000, ""ngram_range"": [3, 5], ""min_df"": 2, ""max_df"": 0.95, ""sublinear_tf"": true}",char_wb,30000,"(3, 5)",2,0.95,True,"{""C"": 2.0, ""solver"": ""lbfgs""}","{""C"": 2.0, ""solver"": ""lbfgs""}",,lbfgs,2.0,,,,,,,,0.6774193548387096,0.6002894162334119,0.6127495349250666,0.5996976318231687,0.693385582324765,0.6774193548387096,0.6801202508329419,0.6774193548387096,0.6774193548387096,0.6774193548387096,9.7587457919999,0.0032119159986905,False,,success,,225,30,False,False
deep_20260612_180817,01_Raw_Data,LinearSVC,22,post_content_for_labeling,"{""analyzer"": ""word"", ""max_features"": 50000, ""ngram_range"": [1, 1], ""min_df"": 2, ""max_df"": 0.95, ""sublinear_tf"": true}",word,50000,"(1, 1)",2,0.95,True,"{""C"": 2.0, ""class_weight"": ""balanced""}","{""C"": 2.0, ""class_weight"": ""balanced""}",balanced,,2.0,,,,,,,,0.6881720430107527,0.6098729998762424,0.6077084161460785,0.5996012375750168,0.6963507042034707,0.6881720430107527,0.6877196631574305,0.6881720430107527,0.6881720430107527,0.6881720430107527,0.3583907079996606,0.0002843340002982,False,,success,,226,29,False,False
deep_20260612_180817,01_Raw_Data,LinearSVC,21,post_content_for_labeling,"{""analyzer"": ""word"", ""max_features"": 20000, ""ngram_range"": [1, 1], ""min_df"": 2, ""max_df"": 0.95, ""sublinear_tf"": true}",word,20000,"(1, 1)",2,0.95,True,"{""C"": 2.0, ""class_weight"": ""balanced""}","{""C"": 2.0, ""class_weight"": ""balanced""}",balanced,,2.0,,,,,,,,0.6881720430107527,0.6098729998762424,0.6077084161460785,0.5996012375750168,0.6963507042034707,0.6881720430107527,0.6877196631574305,0.6881720430107527,0.6881720430107527,0.6881720430107527,0.3587782919998972,0.0002904580001086,False,,success,,227,30,False,False
deep_20260612_180817,02_Basic_Clean,LogisticRegression,25,post_content_for_labeling,"{""analyzer"": ""word"", ""max_features"": 10000, ""ngram_range"": [1, 1], ""min_df"": 2, ""max_df"": 0.95, ""sublinear_tf"": true}",word,10000,"(1, 1)",2,0.95,True,"{""C"": 10.0, ""solver"": ""lbfgs""}","{""C"": 10.0, ""solver"": ""lbfgs""}",,lbfgs,10.0,,,,,,,,0.6786140979689367,0.6039262328835706,0.6126246501721123,0.5995803541099061,0.6916840471171519,0.6786140979689367,0.6804771343292838,0.6786140979689367,0.6786140979689367,0.6786140979689367,0.8328763330000584,0.0005676659998243,False,,success,,228,17,False,False
deep_20260612_180817,02_Basic_Clean,LogisticRegression,26,post_content_for_labeling,"{""analyzer"": ""word"", ""max_features"": 50000, ""ngram_range"": [1, 1], ""min_df"": 2, ""max_df"": 0.95, ""sublinear_tf"": true}",word,50000,"(1, 1)",2,0.95,True,"{""C"": 10.0, ""solver"": ""lbfgs""}","{""C"": 10.0, ""solver"": ""lbfgs""}",,lbfgs,10.0,,,,,,,,0.6786140979689367,0.6039262328835706,0.6126246501721123,0.5995803541099061,0.6916840471171519,0.6786140979689367,0.6804771343292838,0.6786140979689367,0.6786140979689367,0.6786140979689367,0.8336125840000932,0.000556625000172,False,,success,,229,18,False,False
deep_20260612_180817,04_No_Stopwords,LinearSVC,39,post_content_for_labeling,"{""analyzer"": ""word"", ""max_features"": 30000, ""ngram_range"": [1, 1], ""min_df"": 2, ""max_df"": 0.95, ""sublinear_tf"": true}",word,30000,"(1, 1)",2,0.95,True,"{""C"": 2.0, ""class_weight"": null}","{""C"": 2.0, ""class_weight"": null}",,,2.0,,,,,,,,0.6905615292712067,0.6371601433571958,0.5880311374392673,0.5995780484944497,0.6836633373493488,0.6905615292712067,0.6823392698025121,0.6905615292712067,0.6905615292712067,0.6905615292712067,0.3303550000000541,0.0002866249997168,False,,success,,230,21,False,False
deep_20260612_180817,04_No_Stopwords,LinearSVC,40,post_content_for_labeling,"{""analyzer"": ""word"", ""max_features"": 50000, ""ngram_range"": [1, 1], ""min_df"": 2, ""max_df"": 0.95, ""sublinear_tf"": true}",word,50000,"(1, 1)",2,0.95,True,"{""C"": 2.0, ""class_weight"": null}","{""C"": 2.0, ""class_weight"": null}",,,2.0,,,,,,,,0.6905615292712067,0.6371601433571958,0.5880311374392673,0.5995780484944497,0.6836633373493488,0.6905615292712067,0.6823392698025121,0.6905615292712067,0.6905615292712067,0.6905615292712067,0.330716583001049,0.000305624998873,False,,success,,231,22,False,False
deep_20260612_180817,04_No_Stopwords,LinearSVC,38,post_content_for_labeling,"{""analyzer"": ""word"", ""max_features"": 20000, ""ngram_range"": [1, 1], ""min_df"": 2, ""max_df"": 0.95, ""sublinear_tf"": true}",word,20000,"(1, 1)",2,0.95,True,"{""C"": 2.0, ""class_weight"": null}","{""C"": 2.0, ""class_weight"": null}",,,2.0,,,,,,,,0.6905615292712067,0.6371601433571958,0.5880311374392673,0.5995780484944497,0.6836633373493488,0.6905615292712067,0.6823392698025121,0.6905615292712067,0.6905615292712067,0.6905615292712067,0.3319412079999893,0.0002806249995046,False,,success,,232,23,False,False
deep_20260612_180817,03_Full_Clean,LogisticRegression,24,post_content_for_labeling,"{""analyzer"": ""char_wb"", ""max_features"": 50000, ""ngram_range"": [3, 5], ""min_df"": 2, ""max_df"": 0.95, ""sublinear_tf"": true}",char_wb,50000,"(3, 5)",2,0.95,True,"{""C"": 5.0, ""solver"": ""lbfgs""}","{""C"": 5.0, ""solver"": ""lbfgs""}",,lbfgs,5.0,,,,,,,,0.6738351254480287,0.604613972803585,0.6118857138288328,0.5992786296186574,0.6941423170377605,0.6738351254480287,0.6788967094912686,0.6738351254480287,0.6738351254480287,0.6738351254480287,5.28344370799914,0.0050961670003744,False,,success,,233,14,False,False
deep_20260612_180817,04_No_Stopwords,LinearSVC,36,post_content_for_labeling,"{""analyzer"": ""word"", ""max_features"": 30000, ""ngram_range"": [1, 1], ""min_df"": 2, ""max_df"": 0.95, ""sublinear_tf"": true}",word,30000,"(1, 1)",2,0.95,True,"{""C"": 1.0, ""class_weight"": null}","{""C"": 1.0, ""class_weight"": null}",,,1.0,,,,,,,,0.6917562724014337,0.6540809858777901,0.5862513120419691,0.5991500544248175,0.6856326309533745,0.6917562724014337,0.6808825991113294,0.6917562724014337,0.6917562724014337,0.6917562724014337,0.3123477499993896,0.000281292001091,False,,success,,234,24,False,False
deep_20260612_180817,04_No_Stopwords,LinearSVC,35,post_content_for_labeling,"{""analyzer"": ""word"", ""max_features"": 20000, ""ngram_range"": [1, 1], ""min_df"": 2, ""max_df"": 0.95, ""sublinear_tf"": true}",word,20000,"(1, 1)",2,0.95,True,"{""C"": 1.0, ""class_weight"": null}","{""C"": 1.0, ""class_weight"": null}",,,1.0,,,,,,,,0.6917562724014337,0.6540809858777901,0.5862513120419691,0.5991500544248175,0.6856326309533745,0.6917562724014337,0.6808825991113294,0.6917562724014337,0.6917562724014337,0.6917562724014337,0.3151502910004637,0.0002792909999698,False,,success,,235,25,False,False
deep_20260612_180817,04_No_Stopwords,LogisticRegression,24,post_content_for_labeling,"{""analyzer"": ""char_wb"", ""max_features"": 50000, ""ngram_range"": [3, 5], ""min_df"": 2, ""max_df"": 0.95, ""sublinear_tf"": true}",char_wb,50000,"(3, 5)",2,0.95,True,"{""C"": 5.0, ""solver"": ""lbfgs""}","{""C"": 5.0, ""solver"": ""lbfgs""}",,lbfgs,5.0,,,,,,,,0.6726403823178017,0.6019109241003754,0.6130023672638254,0.5991457483219788,0.6933403519484188,0.6726403823178017,0.6776344292278356,0.6726403823178017,0.6726403823178017,0.6726403823178017,5.664774457999556,0.0035160830002496,False,,success,,236,18,False,False
deep_20260612_180817,05_Balanced,LogisticRegression,7,post_content_for_labeling,"{""analyzer"": ""word"", ""max_features"": 20000, ""ngram_range"": [1, 1], ""min_df"": 2, ""max_df"": 0.95, ""sublinear_tf"": true}",word,20000,"(1, 1)",2,0.95,True,"{""C"": 0.3, ""solver"": ""lbfgs""}","{""C"": 0.3, ""solver"": ""lbfgs""}",,lbfgs,0.3,,,,,,,,0.6606929510155317,0.5960018254453685,0.6226258643782873,0.599100269545975,0.6897585801282702,0.6606929510155317,0.6680688373196146,0.6606929510155317,0.6606929510155317,0.6606929510155317,1.2713117499988584,0.0006419170003937,False,,success,,237,31,False,False
deep_20260612_180817,03_Full_Clean,LinearSVC,11,post_content_for_labeling,"{""analyzer"": ""char_wb"", ""max_features"": 50000, ""ngram_range"": [3, 5], ""min_df"": 2, ""max_df"": 0.95, ""sublinear_tf"": true}",char_wb,50000,"(3, 5)",2,0.95,True,"{""C"": 0.3, ""class_weight"": ""balanced""}","{""C"": 0.3, ""class_weight"": ""balanced""}",balanced,,0.3,,,,,,,,0.6726403823178017,0.5900206486972561,0.6281724158411685,0.5988542721912163,0.6965898490183954,0.6726403823178017,0.6776450460558139,0.6726403823178017,0.6726403823178017,0.6726403823178017,1.5774737920000916,0.0020765830004165,False,,success,,238,23,False,False
deep_20260612_180817,03_Full_Clean,LinearSVC,45,post_content_for_labeling,"{""analyzer"": ""char_wb"", ""max_features"": 50000, ""ngram_range"": [4, 6], ""min_df"": 2, ""max_df"": 0.95, ""sublinear_tf"": true}",char_wb,50000,"(4, 6)",2,0.95,True,"{""C"": 2.0, ""class_weight"": null}","{""C"": 2.0, ""class_weight"": null}",,,2.0,,,,,,,,0.6953405017921147,0.6151540185012985,0.5953583980925804,0.5988212556653743,0.6876920827396219,0.6953405017921147,0.6886013786516152,0.6953405017921147,0.6953405017921147,0.6953405017921147,1.3549864579999849,0.0018397080002614,False,,success,,239,24,False,False
deep_20260612_180817,04_No_Stopwords,LogisticRegression,21,post_content_for_labeling,"{""analyzer"": ""word"", ""max_features"": 20000, ""ngram_range"": [1, 1], ""min_df"": 2, ""max_df"": 0.95, ""sublinear_tf"": true}",word,20000,"(1, 1)",2,0.95,True,"{""C"": 5.0, ""solver"": ""lbfgs""}","{""C"": 5.0, ""solver"": ""lbfgs""}",,lbfgs,5.0,,,,,,,,0.6726403823178017,0.5992531549535415,0.6173873694466948,0.5987078944692472,0.6938282628474367,0.6726403823178017,0.6775536436180569,0.6726403823178017,0.6726403823178017,0.6726403823178017,0.7833761669999149,0.0006232080004338,False,,success,,240,19,False,False
deep_20260612_180817,02_Basic_Clean,LogisticRegression,20,post_content_for_labeling,"{""analyzer"": ""char_wb"", ""max_features"": 30000, ""ngram_range"": [3, 5], ""min_df"": 2, ""max_df"": 0.95, ""sublinear_tf"": true}",char_wb,30000,"(3, 5)",2,0.95,True,"{""C"": 2.0, ""solver"": ""lbfgs""}","{""C"": 2.0, ""solver"": ""lbfgs""}",,lbfgs,2.0,,,,,,,,0.6559139784946236,0.5941406059281618,0.620499492829504,0.5984809654277026,0.6865120131551223,0.6559139784946236,0.6648491680751244,0.6559139784946236,0.6559139784946236,0.6559139784946236,3.700340249999954,0.0027500840001266,False,,success,,241,19,False,False
deep_20260612_180817,02_Basic_Clean,LogisticRegression,39,post_content_for_labeling,"{""analyzer"": ""char_wb"", ""max_features"": 30000, ""ngram_range"": [3, 5], ""min_df"": 2, ""max_df"": 0.95, ""sublinear_tf"": true}",char_wb,30000,"(3, 5)",2,0.95,True,"{""C"": 2.0, ""solver"": ""saga""}","{""C"": 2.0, ""solver"": ""lbfgs""}",,lbfgs,2.0,,,,,,,,0.6559139784946236,0.5941406059281618,0.620499492829504,0.5984809654277026,0.6865120131551223,0.6559139784946236,0.6648491680751244,0.6559139784946236,0.6559139784946236,0.6559139784946236,285.1123862499999,0.0043199169999752,True,The max_iter was reached which means the coef_ did not converge; LogisticRegression saga raised ConvergenceWarning; fallback to lbfgs,success,LogisticRegression saga raised ConvergenceWarning; fallback to lbfgs,242,20,False,False
deep_20260612_180817,02_Basic_Clean,LinearSVC,12,post_content_for_labeling,"{""analyzer"": ""word"", ""max_features"": 20000, ""ngram_range"": [1, 1], ""min_df"": 2, ""max_df"": 0.95, ""sublinear_tf"": true}",word,20000,"(1, 1)",2,0.95,True,"{""C"": 0.5, ""class_weight"": ""balanced""}","{""C"": 0.5, ""class_weight"": ""balanced""}",balanced,,0.5,,,,,,,,0.6833930704898447,0.5931464368627427,0.6242577766351604,0.5982968033462942,0.7018679975760903,0.6833930704898447,0.6857360438937825,0.6833930704898447,0.6833930704898447,0.6833930704898447,0.3901579999992464,0.0004516250000961,False,,success,,243,29,False,False
deep_20260612_180817,03_Full_Clean,LogisticRegression,10,post_content_for_labeling,"{""analyzer"": ""word"", ""max_features"": 50000, ""ngram_range"": [1, 2], ""min_df"": 1, ""max_df"": 0.95, ""sublinear_tf"": true}",word,50000,"(1, 2)",1,0.95,True,"{""C"": 0.5, ""solver"": ""lbfgs""}","{""C"": 0.5, ""solver"": ""lbfgs""}",,lbfgs,0.5,,,,,,,,0.6547192353643967,0.5871102044246563,0.629118164948469,0.5982424698030392,0.6924979542391687,0.6547192353643967,0.6647985925918307,0.6547192353643967,0.6547192353643967,0.6547192353643967,2.283381124999323,0.0033617500002947,False,,success,,244,15,False,False
deep_20260612_180817,04_No_Stopwords,LinearSVC,6,post_content_for_labeling,"{""analyzer"": ""word"", ""max_features"": 50000, ""ngram_range"": [1, 2], ""min_df"": 1, ""max_df"": 0.95, ""sublinear_tf"": true}",word,50000,"(1, 2)",1,0.95,True,"{""C"": 0.05, ""class_weight"": ""balanced""}","{""C"": 0.05, ""class_weight"": ""balanced""}",balanced,,0.05,,,,,,,,0.6678614097968937,0.5809593528334718,0.6470412564105947,0.5982188568739695,0.6934484523469392,0.6678614097968937,0.6699726851201029,0.6678614097968937,0.6678614097968937,0.6678614097968937,0.5506601249999221,0.0008444579998467,False,,success,,245,26,False,False
deep_20260612_180817,02_Basic_Clean,LogisticRegression,21,post_content_for_labeling,"{""analyzer"": ""word"", ""max_features"": 20000, ""ngram_range"": [1, 1], ""min_df"": 2, ""max_df"": 0.95, ""sublinear_tf"": true}",word,20000,"(1, 1)",2,0.95,True,"{""C"": 5.0, ""solver"": ""lbfgs""}","{""C"": 5.0, ""solver"": ""lbfgs""}",,lbfgs,5.0,,,,,,,,0.6750298685782556,0.599897318361147,0.615126691741091,0.5979818367044085,0.693330053468042,0.6750298685782556,0.6786635166033613,0.6750298685782556,0.6750298685782556,0.6750298685782556,0.8104112500000156,0.0006237499997041,False,,success,,246,21,False,False
deep_20260612_180817,02_Basic_Clean,LinearSVC,6,post_content_for_labeling,"{""analyzer"": ""word"", ""max_features"": 50000, ""ngram_range"": [1, 2], ""min_df"": 1, ""max_df"": 0.95, ""sublinear_tf"": true}",word,50000,"(1, 2)",1,0.95,True,"{""C"": 0.05, ""class_weight"": ""balanced""}","{""C"": 0.05, ""class_weight"": ""balanced""}",balanced,,0.05,,,,,,,,0.6678614097968937,0.5803446754403901,0.6419634743915026,0.5979245716895119,0.6912441598560729,0.6678614097968937,0.6701234685796801,0.6678614097968937,0.6678614097968937,0.6678614097968937,0.5500766249997469,0.0004244580004524,False,,success,,247,30,False,False
deep_20260612_180817,02_Basic_Clean,LogisticRegression,17,post_content_for_labeling,"{""analyzer"": ""word"", ""max_features"": 50000, ""ngram_range"": [1, 1], ""min_df"": 2, ""max_df"": 0.95, ""sublinear_tf"": true}",word,50000,"(1, 1)",2,0.95,True,"{""C"": 2.0, ""solver"": ""lbfgs""}","{""C"": 2.0, ""solver"": ""lbfgs""}",,lbfgs,2.0,,,,,,,,0.6654719235364397,0.5968492019132566,0.6216605231846728,0.5979204002631691,0.6915838269429166,0.6654719235364397,0.6714342138753697,0.6654719235364397,0.6654719235364397,0.6654719235364397,0.6355504580001252,0.000536208000085,False,,success,,248,22,False,False
deep_20260612_180817,02_Basic_Clean,LogisticRegression,35,post_content_for_labeling,"{""analyzer"": ""word"", ""max_features"": 30000, ""ngram_range"": [1, 1], ""min_df"": 2, ""max_df"": 0.95, ""sublinear_tf"": true}",word,30000,"(1, 1)",2,0.95,True,"{""C"": 2.0, ""solver"": ""saga""}","{""C"": 2.0, ""solver"": ""lbfgs""}",,lbfgs,2.0,,,,,,,,0.6654719235364397,0.5968492019132566,0.6216605231846728,0.5979204002631691,0.6915838269429166,0.6654719235364397,0.6714342138753697,0.6654719235364397,0.6654719235364397,0.6654719235364397,35.76037808300043,0.0010573330000624,True,The max_iter was reached which means the coef_ did not converge; LogisticRegression saga raised ConvergenceWarning; fallback to lbfgs,success,LogisticRegression saga raised ConvergenceWarning; fallback to lbfgs,249,23,False,False
deep_20260612_180817,02_Basic_Clean,LogisticRegression,36,post_content_for_labeling,"{""analyzer"": ""word"", ""max_features"": 50000, ""ngram_range"": [1, 1], ""min_df"": 2, ""max_df"": 0.95, ""sublinear_tf"": true}",word,50000,"(1, 1)",2,0.95,True,"{""C"": 2.0, ""solver"": ""saga""}","{""C"": 2.0, ""solver"": ""lbfgs""}",,lbfgs,2.0,,,,,,,,0.6654719235364397,0.5968492019132566,0.6216605231846728,0.5979204002631691,0.6915838269429166,0.6654719235364397,0.6714342138753697,0.6654719235364397,0.6654719235364397,0.6654719235364397,37.24644929200031,0.0014948749999348,True,The max_iter was reached which means the coef_ did not converge; LogisticRegression saga raised ConvergenceWarning; fallback to lbfgs,success,LogisticRegression saga raised ConvergenceWarning; fallback to lbfgs,250,24,False,False
deep_20260612_180817,01_Raw_Data,LogisticRegression,8,post_content_for_labeling,"{""analyzer"": ""word"", ""max_features"": 50000, ""ngram_range"": [1, 2], ""min_df"": 3, ""max_df"": 0.95, ""sublinear_tf"": true}",word,50000,"(1, 2)",3,0.95,True,"{""C"": 0.3, ""solver"": ""lbfgs""}","{""C"": 0.3, ""solver"": ""lbfgs""}",,lbfgs,0.3,,,,,,,,0.6463560334528077,0.5801935487817073,0.6414688750208885,0.5978450552381636,0.6888566361986281,0.6463560334528077,0.6563760581874923,0.6463560334528077,0.6463560334528077,0.6463560334528077,2.9062254580000015,0.0014150000000014,False,,success,,251,29,False,False
deep_20260612_180817,01_Raw_Data,LogisticRegression,20,post_content_for_labeling,"{""analyzer"": ""char_wb"", ""max_features"": 30000, ""ngram_range"": [3, 5], ""min_df"": 2, ""max_df"": 0.95, ""sublinear_tf"": true}",char_wb,30000,"(3, 5)",2,0.95,True,"{""C"": 2.0, ""solver"": ""lbfgs""}","{""C"": 2.0, ""solver"": ""lbfgs""}",,lbfgs,2.0,,,,,,,,0.6618876941457587,0.5938854182592381,0.6181805642551983,0.5978269809443313,0.6912110534615289,0.6618876941457587,0.670693768573124,0.6618876941457587,0.6618876941457587,0.6618876941457587,6.496099833000002,0.0131535829999904,False,,success,,252,30,False,False
deep_20260612_180817,01_Raw_Data,LogisticRegression,39,post_content_for_labeling,"{""analyzer"": ""char_wb"", ""max_features"": 30000, ""ngram_range"": [3, 5], ""min_df"": 2, ""max_df"": 0.95, ""sublinear_tf"": true}",char_wb,30000,"(3, 5)",2,0.95,True,"{""C"": 2.0, ""solver"": ""saga""}","{""C"": 2.0, ""solver"": ""lbfgs""}",,lbfgs,2.0,,,,,,,,0.6618876941457587,0.5938854182592381,0.6181805642551983,0.5978269809443313,0.6912110534615289,0.6618876941457587,0.670693768573124,0.6618876941457587,0.6618876941457587,0.6618876941457587,296.95724099999995,0.0045102499999529,True,The max_iter was reached which means the coef_ did not converge; LogisticRegression saga raised ConvergenceWarning; fallback to lbfgs,success,LogisticRegression saga raised ConvergenceWarning; fallback to lbfgs,253,31,False,False
deep_20260612_180817,03_Full_Clean,LogisticRegression,21,post_content_for_labeling,"{""analyzer"": ""word"", ""max_features"": 20000, ""ngram_range"": [1, 1], ""min_df"": 2, ""max_df"": 0.95, ""sublinear_tf"": true}",word,20000,"(1, 1)",2,0.95,True,"{""C"": 5.0, ""solver"": ""lbfgs""}","{""C"": 5.0, ""solver"": ""lbfgs""}",,lbfgs,5.0,,,,,,,,0.6738351254480287,0.5986805281505516,0.6150725035733126,0.5973837056815322,0.6934555371318462,0.6738351254480287,0.678057162574318,0.6738351254480287,0.6738351254480287,0.6738351254480287,0.765290332999939,0.0004909170002065,False,,success,,254,16,False,False
deep_20260612_180817,04_No_Stopwords,LogisticRegression,17,post_content_for_labeling,"{""analyzer"": ""word"", ""max_features"": 50000, ""ngram_range"": [1, 1], ""min_df"": 2, ""max_df"": 0.95, ""sublinear_tf"": true}",word,50000,"(1, 1)",2,0.95,True,"{""C"": 2.0, ""solver"": ""lbfgs""}","{""C"": 2.0, ""solver"": ""lbfgs""}",,lbfgs,2.0,,,,,,,,0.6642771804062126,0.5937737705544002,0.6212702032074257,0.5973646532452533,0.6920666308126788,0.6642771804062126,0.6713884620335157,0.6642771804062126,0.6642771804062126,0.6642771804062126,0.7501965840001503,0.0006336250007734,False,,success,,255,20,False,False
deep_20260612_180817,04_No_Stopwords,LogisticRegression,35,post_content_for_labeling,"{""analyzer"": ""word"", ""max_features"": 30000, ""ngram_range"": [1, 1], ""min_df"": 2, ""max_df"": 0.95, ""sublinear_tf"": true}",word,30000,"(1, 1)",2,0.95,True,"{""C"": 2.0, ""solver"": ""saga""}","{""C"": 2.0, ""solver"": ""lbfgs""}",,lbfgs,2.0,,,,,,,,0.6642771804062126,0.5937737705544002,0.6212702032074257,0.5973646532452533,0.6920666308126788,0.6642771804062126,0.6713884620335157,0.6642771804062126,0.6642771804062126,0.6642771804062126,33.90200379199996,0.0010446249998494,True,The max_iter was reached which means the coef_ did not converge; LogisticRegression saga raised ConvergenceWarning; fallback to lbfgs,success,LogisticRegression saga raised ConvergenceWarning; fallback to lbfgs,256,21,False,False
deep_20260612_180817,04_No_Stopwords,LogisticRegression,36,post_content_for_labeling,"{""analyzer"": ""word"", ""max_features"": 50000, ""ngram_range"": [1, 1], ""min_df"": 2, ""max_df"": 0.95, ""sublinear_tf"": true}",word,50000,"(1, 1)",2,0.95,True,"{""C"": 2.0, ""solver"": ""saga""}","{""C"": 2.0, ""solver"": ""lbfgs""}",,lbfgs,2.0,,,,,,,,0.6642771804062126,0.5937737705544002,0.6212702032074257,0.5973646532452533,0.6920666308126788,0.6642771804062126,0.6713884620335157,0.6642771804062126,0.6642771804062126,0.6642771804062126,36.08496604099946,0.0010664589999578,True,The max_iter was reached which means the coef_ did not converge; LogisticRegression saga raised ConvergenceWarning; fallback to lbfgs,success,LogisticRegression saga raised ConvergenceWarning; fallback to lbfgs,257,22,False,False
deep_20260612_180817,05_Balanced,LogisticRegression,9,post_content_for_labeling,"{""analyzer"": ""word"", ""max_features"": 30000, ""ngram_range"": [1, 1], ""min_df"": 2, ""max_df"": 0.95, ""sublinear_tf"": true}",word,30000,"(1, 1)",2,0.95,True,"{""C"": 0.5, ""solver"": ""lbfgs""}","{""C"": 0.5, ""solver"": ""lbfgs""}",,lbfgs,0.5,,,,,,,,0.6630824372759857,0.5934093342142127,0.6207237706474329,0.5972328810762589,0.6874702762692488,0.6630824372759857,0.6685222204453312,0.6630824372759857,0.6630824372759857,0.6630824372759857,2.278324958000667,0.0008029589989746,False,,success,,258,32,False,False
deep_20260612_180817,04_No_Stopwords,LinearSVC,8,post_content_for_labeling,"{""analyzer"": ""word"", ""max_features"": 50000, ""ngram_range"": [1, 1], ""min_df"": 2, ""max_df"": 0.95, ""sublinear_tf"": true}",word,50000,"(1, 1)",2,0.95,True,"{""C"": 0.1, ""class_weight"": ""balanced""}","{""C"": 0.1, ""class_weight"": ""balanced""}",balanced,,0.1,,,,,,,,0.6559139784946236,0.5734706164065849,0.6449939738439617,0.5971936048445189,0.6862337700941189,0.6559139784946236,0.6615185674410056,0.6559139784946236,0.6559139784946236,0.6559139784946236,0.3004241660000843,0.0002851659992302,False,,success,,259,27,False,False
deep_20260612_180817,03_Full_Clean,LinearSVC,39,post_content_for_labeling,"{""analyzer"": ""word"", ""max_features"": 30000, ""ngram_range"": [1, 1], ""min_df"": 2, ""max_df"": 0.95, ""sublinear_tf"": true}",word,30000,"(1, 1)",2,0.95,True,"{""C"": 2.0, ""class_weight"": null}","{""C"": 2.0, ""class_weight"": null}",,,2.0,,,,,,,,0.6833930704898447,0.6303648603750327,0.5844636926161115,0.5971215943206342,0.6768335273711914,0.6833930704898447,0.676050390223227,0.6833930704898447,0.6833930704898447,0.6833930704898447,0.3506050830001186,0.0002801250002448,False,,success,,260,25,False,False
deep_20260612_180817,03_Full_Clean,LinearSVC,40,post_content_for_labeling,"{""analyzer"": ""word"", ""max_features"": 50000, ""ngram_range"": [1, 1], ""min_df"": 2, ""max_df"": 0.95, ""sublinear_tf"": true}",word,50000,"(1, 1)",2,0.95,True,"{""C"": 2.0, ""class_weight"": null}","{""C"": 2.0, ""class_weight"": null}",,,2.0,,,,,,,,0.6833930704898447,0.6303648603750327,0.5844636926161115,0.5971215943206342,0.6768335273711914,0.6833930704898447,0.676050390223227,0.6833930704898447,0.6833930704898447,0.6833930704898447,0.3511598330005654,0.0002918749996752,False,,success,,261,26,False,False
deep_20260612_180817,03_Full_Clean,LinearSVC,38,post_content_for_labeling,"{""analyzer"": ""word"", ""max_features"": 20000, ""ngram_range"": [1, 1], ""min_df"": 2, ""max_df"": 0.95, ""sublinear_tf"": true}",word,20000,"(1, 1)",2,0.95,True,"{""C"": 2.0, ""class_weight"": null}","{""C"": 2.0, ""class_weight"": null}",,,2.0,,,,,,,,0.6833930704898447,0.6303648603750327,0.5844636926161115,0.5971215943206342,0.6768335273711914,0.6833930704898447,0.676050390223227,0.6833930704898447,0.6833930704898447,0.6833930704898447,0.3521071249997476,0.0002859590003936,False,,success,,262,27,False,False
deep_20260612_180817,05_Balanced,LinearSVC,5,post_content_for_labeling,"{""analyzer"": ""word"", ""max_features"": 20000, ""ngram_range"": [1, 1], ""min_df"": 2, ""max_df"": 0.95, ""sublinear_tf"": true}",word,20000,"(1, 1)",2,0.95,True,"{""C"": 0.05, ""class_weight"": ""balanced""}","{""C"": 0.05, ""class_weight"": ""balanced""}",balanced,,0.05,,,,,,,,0.6618876941457587,0.5720506717589542,0.6468714088492906,0.597032491349421,0.6943728989160567,0.6618876941457587,0.6683987548012578,0.6618876941457587,0.6618876941457587,0.6618876941457587,1.116240208999443,0.0003550420005922,False,,success,,263,24,False,False
deep_20260612_180817,04_No_Stopwords,LinearSVC,12,post_content_for_labeling,"{""analyzer"": ""word"", ""max_features"": 20000, ""ngram_range"": [1, 1], ""min_df"": 2, ""max_df"": 0.95, ""sublinear_tf"": true}",word,20000,"(1, 1)",2,0.95,True,"{""C"": 0.5, ""class_weight"": ""balanced""}","{""C"": 0.5, ""class_weight"": ""balanced""}",balanced,,0.5,,,,,,,,0.6774193548387096,0.5898761947623086,0.6212128447266504,0.5966898988664886,0.6947883901306272,0.6774193548387096,0.680307381530532,0.6774193548387096,0.6774193548387096,0.6774193548387096,0.3061401670001942,0.0002996670009451,False,,success,,264,28,False,False
deep_20260612_180817,02_Basic_Clean,LinearSVC,7,post_content_for_labeling,"{""analyzer"": ""word"", ""max_features"": 50000, ""ngram_range"": [1, 2], ""min_df"": 3, ""max_df"": 0.95, ""sublinear_tf"": true}",word,50000,"(1, 2)",3,0.95,True,"{""C"": 0.05, ""class_weight"": ""balanced""}","{""C"": 0.05, ""class_weight"": ""balanced""}",balanced,,0.05,,,,,,,,0.6654719235364397,0.5797045879558107,0.6410775873263962,0.5966764989638246,0.6882000412204998,0.6654719235364397,0.6675122584974339,0.6654719235364397,0.6654719235364397,0.6654719235364397,0.5284070409998094,0.0004757090000566,False,,success,,265,31,False,False
deep_20260612_180817,05_Balanced,LinearSVC,20,post_content_for_labeling,"{""analyzer"": ""char_wb"", ""max_features"": 50000, ""ngram_range"": [4, 6], ""min_df"": 2, ""max_df"": 0.95, ""sublinear_tf"": true}",char_wb,50000,"(4, 6)",2,0.95,True,"{""C"": 1.0, ""class_weight"": ""balanced""}","{""C"": 1.0, ""class_weight"": ""balanced""}",balanced,,1.0,,,,,,,,0.6833930704898447,0.6039658871825967,0.6015808686719153,0.5966175275478021,0.6922329549761259,0.6833930704898447,0.6836439920291348,0.6833930704898447,0.6833930704898447,0.6833930704898447,4.066475457999331,0.0015749579997645,False,,success,,266,25,False,False
deep_20260612_180817,03_Full_Clean,LogisticRegression,26,post_content_for_labeling,"{""analyzer"": ""word"", ""max_features"": 50000, ""ngram_range"": [1, 1], ""min_df"": 2, ""max_df"": 0.95, ""sublinear_tf"": true}",word,50000,"(1, 1)",2,0.95,True,"{""C"": 10.0, ""solver"": ""lbfgs""}","{""C"": 10.0, ""solver"": ""lbfgs""}",,lbfgs,10.0,,,,,,,,0.6762246117084827,0.5991739651015284,0.6098878940276483,0.5958990614954383,0.6915917110006008,0.6762246117084827,0.6789729146917953,0.6762246117084827,0.6762246117084827,0.6762246117084827,0.90285700000004,0.0006375419998221,False,,success,,267,17,False,False
deep_20260612_180817,03_Full_Clean,LogisticRegression,25,post_content_for_labeling,"{""analyzer"": ""word"", ""max_features"": 10000, ""ngram_range"": [1, 1], ""min_df"": 2, ""max_df"": 0.95, ""sublinear_tf"": true}",word,10000,"(1, 1)",2,0.95,True,"{""C"": 10.0, ""solver"": ""lbfgs""}","{""C"": 10.0, ""solver"": ""lbfgs""}",,lbfgs,10.0,,,,,,,,0.6762246117084827,0.5991739651015284,0.6098878940276483,0.5958990614954383,0.6915917110006008,0.6762246117084827,0.6789729146917953,0.6762246117084827,0.6762246117084827,0.6762246117084827,0.910574667000219,0.0005007079998904,False,,success,,268,18,False,False
deep_20260612_180817,02_Basic_Clean,LinearSVC,43,post_content_for_labeling,"{""analyzer"": ""char_wb"", ""max_features"": 30000, ""ngram_range"": [3, 5], ""min_df"": 2, ""max_df"": 0.95, ""sublinear_tf"": true}",char_wb,30000,"(3, 5)",2,0.95,True,"{""C"": 2.0, ""class_weight"": null}","{""C"": 2.0, ""class_weight"": null}",,,2.0,,,,,,,,0.6905615292712067,0.6181178015679146,0.5861266832777942,0.5956492997587529,0.6853988977112522,0.6905615292712067,0.6852233200114712,0.6905615292712067,0.6905615292712067,0.6905615292712067,1.9230018750004092,0.001748707999468,False,,success,,269,32,False,False
deep_20260612_180817,03_Full_Clean,LinearSVC,17,post_content_for_labeling,"{""analyzer"": ""word"", ""max_features"": 20000, ""ngram_range"": [1, 1], ""min_df"": 2, ""max_df"": 0.95, ""sublinear_tf"": true}",word,20000,"(1, 1)",2,0.95,True,"{""C"": 1.0, ""class_weight"": ""balanced""}","{""C"": 1.0, ""class_weight"": ""balanced""}",balanced,,1.0,,,,,,,,0.6833930704898447,0.5950881959489089,0.610718148527527,0.5956059008013241,0.6951760471587906,0.6833930704898447,0.6850364587541717,0.6833930704898447,0.6833930704898447,0.6833930704898447,0.3768197919998783,0.0004064999993715,False,,success,,270,28,False,False
deep_20260612_180817,04_No_Stopwords,LinearSVC,7,post_content_for_labeling,"{""analyzer"": ""word"", ""max_features"": 50000, ""ngram_range"": [1, 2], ""min_df"": 3, ""max_df"": 0.95, ""sublinear_tf"": true}",word,50000,"(1, 2)",3,0.95,True,"{""C"": 0.05, ""class_weight"": ""balanced""}","{""C"": 0.05, ""class_weight"": ""balanced""}",balanced,,0.05,,,,,,,,0.6666666666666666,0.5732166880689679,0.645932724260655,0.5955612964905603,0.6920024664324045,0.6666666666666666,0.6698906915775781,0.6666666666666666,0.6666666666666666,0.6666666666666666,0.512230250000357,0.0005217080015427,False,,success,,271,29,False,False
deep_20260612_180817,04_No_Stopwords,LinearSVC,44,post_content_for_labeling,"{""analyzer"": ""char_wb"", ""max_features"": 50000, ""ngram_range"": [3, 5], ""min_df"": 2, ""max_df"": 0.95, ""sublinear_tf"": true}",char_wb,50000,"(3, 5)",2,0.95,True,"{""C"": 2.0, ""class_weight"": null}","{""C"": 2.0, ""class_weight"": null}",,,2.0,,,,,,,,0.6893667861409797,0.6229261446022872,0.5844227921800871,0.5955276563223129,0.6836039285299503,0.6893667861409797,0.6830222609589041,0.6893667861409797,0.6893667861409797,0.6893667861409797,1.8805295419988397,0.0020544580002024,False,,success,,272,30,False,False
deep_20260612_180817,02_Basic_Clean,LinearSVC,22,post_content_for_labeling,"{""analyzer"": ""word"", ""max_features"": 50000, ""ngram_range"": [1, 1], ""min_df"": 2, ""max_df"": 0.95, ""sublinear_tf"": true}",word,50000,"(1, 1)",2,0.95,True,"{""C"": 2.0, ""class_weight"": ""balanced""}","{""C"": 2.0, ""class_weight"": ""balanced""}",balanced,,2.0,,,,,,,,0.6810035842293907,0.5989195874725138,0.6063680803617766,0.5955092056518487,0.6898453287998974,0.6810035842293907,0.6814980757308962,0.6810035842293907,0.6810035842293907,0.6810035842293907,0.3608820420004122,0.0002991250003105,False,,success,,273,33,False,False
deep_20260612_180817,02_Basic_Clean,LinearSVC,21,post_content_for_labeling,"{""analyzer"": ""word"", ""max_features"": 20000, ""ngram_range"": [1, 1], ""min_df"": 2, ""max_df"": 0.95, ""sublinear_tf"": true}",word,20000,"(1, 1)",2,0.95,True,"{""C"": 2.0, ""class_weight"": ""balanced""}","{""C"": 2.0, ""class_weight"": ""balanced""}",balanced,,2.0,,,,,,,,0.6810035842293907,0.5989195874725138,0.6063680803617766,0.5955092056518487,0.6898453287998974,0.6810035842293907,0.6814980757308962,0.6810035842293907,0.6810035842293907,0.6810035842293907,0.3928589590004776,0.0003769169998122,False,,success,,274,34,False,False
deep_20260612_180817,02_Basic_Clean,LogisticRegression,9,post_content_for_labeling,"{""analyzer"": ""word"", ""max_features"": 30000, ""ngram_range"": [1, 1], ""min_df"": 2, ""max_df"": 0.95, ""sublinear_tf"": true}",word,30000,"(1, 1)",2,0.95,True,"{""C"": 0.5, ""solver"": ""lbfgs""}","{""C"": 0.5, ""solver"": ""lbfgs""}",,lbfgs,0.5,,,,,,,,0.6332138590203107,0.5793784455286323,0.6358232798830468,0.5954739808898907,0.6741641397063903,0.6332138590203107,0.6435783335574,0.6332138590203107,0.6332138590203107,0.6332138590203107,0.5407498750000741,0.0006481670002358,False,,success,,275,25,False,False
deep_20260612_180817,03_Full_Clean,LogisticRegression,40,post_content_for_labeling,"{""analyzer"": ""char_wb"", ""max_features"": 50000, ""ngram_range"": [4, 6], ""min_df"": 2, ""max_df"": 0.95, ""sublinear_tf"": true}",char_wb,50000,"(4, 6)",2,0.95,True,"{""C"": 2.0, ""solver"": ""saga""}","{""C"": 2.0, ""solver"": ""lbfgs""}",,lbfgs,2.0,,,,,,,,0.6583034647550776,0.5899273136784327,0.6180725823849257,0.5950753665334794,0.6868025209840753,0.6583034647550776,0.666063429506579,0.6583034647550776,0.6583034647550776,0.6583034647550776,208.08492516600015,0.0035295829993629,True,The max_iter was reached which means the coef_ did not converge; LogisticRegression saga raised ConvergenceWarning; fallback to lbfgs,success,LogisticRegression saga raised ConvergenceWarning; fallback to lbfgs,276,19,False,False
deep_20260612_180817,03_Full_Clean,LinearSVC,6,post_content_for_labeling,"{""analyzer"": ""word"", ""max_features"": 50000, ""ngram_range"": [1, 2], ""min_df"": 1, ""max_df"": 0.95, ""sublinear_tf"": true}",word,50000,"(1, 2)",1,0.95,True,"{""C"": 0.05, ""class_weight"": ""balanced""}","{""C"": 0.05, ""class_weight"": ""balanced""}",balanced,,0.05,,,,,,,,0.6642771804062126,0.5765011796609311,0.6429430106116978,0.5949379360530676,0.6893206052981735,0.6642771804062126,0.6660827304272845,0.6642771804062126,0.6642771804062126,0.6642771804062126,0.5517381670006216,0.000440583999989,False,,success,,277,29,False,False
deep_20260612_180817,05_Balanced,LogisticRegression,5,post_content_for_labeling,"{""analyzer"": ""word"", ""max_features"": 70000, ""ngram_range"": [1, 2], ""min_df"": 2, ""max_df"": 0.95, ""sublinear_tf"": true}",word,70000,"(1, 2)",2,0.95,True,"{""C"": 0.1, ""solver"": ""lbfgs""}","{""C"": 0.1, ""solver"": ""lbfgs""}",,lbfgs,0.1,,,,,,,,0.6535244922341696,0.5865669655524947,0.6253695873205535,0.594834954434054,0.6844824187668258,0.6535244922341696,0.659983689325982,0.6535244922341696,0.6535244922341696,0.6535244922341696,3.9535935830008384,0.0046287080003821,False,,success,,278,33,False,False
deep_20260612_180817,01_Raw_Data,LinearSVC,8,post_content_for_labeling,"{""analyzer"": ""word"", ""max_features"": 50000, ""ngram_range"": [1, 1], ""min_df"": 2, ""max_df"": 0.95, ""sublinear_tf"": true}",word,50000,"(1, 1)",2,0.95,True,"{""C"": 0.1, ""class_weight"": ""balanced""}","{""C"": 0.1, ""class_weight"": ""balanced""}",balanced,,0.1,,,,,,,,0.6678614097968937,0.5763307485284016,0.6392376913496629,0.5948194281740883,0.6920240085570539,0.6678614097968937,0.6707566316867165,0.6678614097968937,0.6678614097968937,0.6678614097968937,0.3146517919999496,0.0002995830000145,False,,success,,279,31,False,False
deep_20260612_180817,04_No_Stopwords,LogisticRegression,16,post_content_for_labeling,"{""analyzer"": ""char_wb"", ""max_features"": 50000, ""ngram_range"": [4, 6], ""min_df"": 2, ""max_df"": 0.95, ""sublinear_tf"": true}",char_wb,50000,"(4, 6)",2,0.95,True,"{""C"": 1.0, ""solver"": ""lbfgs""}","{""C"": 1.0, ""solver"": ""lbfgs""}",,lbfgs,1.0,,,,,,,,0.6427718040621266,0.5854560305179967,0.6276939973659547,0.5946315597960229,0.6824483374994859,0.6427718040621266,0.6532922427235331,0.6427718040621266,0.6427718040621266,0.6427718040621266,3.263834374999533,0.0056354170001213,False,,success,,280,23,False,False
deep_20260612_180817,04_No_Stopwords,LinearSVC,17,post_content_for_labeling,"{""analyzer"": ""word"", ""max_features"": 20000, ""ngram_range"": [1, 1], ""min_df"": 2, ""max_df"": 0.95, ""sublinear_tf"": true}",word,20000,"(1, 1)",2,0.95,True,"{""C"": 1.0, ""class_weight"": ""balanced""}","{""C"": 1.0, ""class_weight"": ""balanced""}",balanced,,1.0,,,,,,,,0.6798088410991637,0.5891939672987837,0.6117235560381248,0.5941750414211869,0.6932090580855454,0.6798088410991637,0.6825593832579021,0.6798088410991637,0.6798088410991637,0.6798088410991637,0.3361216670000431,0.0003943330011679,False,,success,,281,31,False,False
deep_20260612_180817,05_Balanced,LinearSVC,12,post_content_for_labeling,"{""analyzer"": ""word"", ""max_features"": 20000, ""ngram_range"": [1, 1], ""min_df"": 2, ""max_df"": 0.95, ""sublinear_tf"": true}",word,20000,"(1, 1)",2,0.95,True,"{""C"": 0.5, ""class_weight"": ""balanced""}","{""C"": 0.5, ""class_weight"": ""balanced""}",balanced,,0.5,,,,,,,,0.6762246117084827,0.5908742500859008,0.6094674229318402,0.5939916011301055,0.6869609489550272,0.6762246117084827,0.6773987949394963,0.6762246117084827,0.6762246117084827,0.6762246117084827,1.3757635410001967,0.0003625839999585,False,,success,,282,26,False,False
deep_20260612_180817,03_Full_Clean,LogisticRegression,17,post_content_for_labeling,"{""analyzer"": ""word"", ""max_features"": 50000, ""ngram_range"": [1, 1], ""min_df"": 2, ""max_df"": 0.95, ""sublinear_tf"": true}",word,50000,"(1, 1)",2,0.95,True,"{""C"": 2.0, ""solver"": ""lbfgs""}","{""C"": 2.0, ""solver"": ""lbfgs""}",,lbfgs,2.0,,,,,,,,0.6630824372759857,0.5922915997055792,0.6160465379837604,0.5937957756239461,0.6902253596697848,0.6630824372759857,0.6699715283903059,0.6630824372759857,0.6630824372759857,0.6630824372759857,0.6412286249997123,0.0005322500001057,False,,success,,283,20,False,False
deep_20260612_180817,03_Full_Clean,LogisticRegression,35,post_content_for_labeling,"{""analyzer"": ""word"", ""max_features"": 30000, ""ngram_range"": [1, 1], ""min_df"": 2, ""max_df"": 0.95, ""sublinear_tf"": true}",word,30000,"(1, 1)",2,0.95,True,"{""C"": 2.0, ""solver"": ""saga""}","{""C"": 2.0, ""solver"": ""lbfgs""}",,lbfgs,2.0,,,,,,,,0.6630824372759857,0.5922915997055792,0.6160465379837604,0.5937957756239461,0.6902253596697848,0.6630824372759857,0.6699715283903059,0.6630824372759857,0.6630824372759857,0.6630824372759857,35.342426250000244,0.0009072090006156,True,The max_iter was reached which means the coef_ did not converge; LogisticRegression saga raised ConvergenceWarning; fallback to lbfgs,success,LogisticRegression saga raised ConvergenceWarning; fallback to lbfgs,284,21,False,False
deep_20260612_180817,03_Full_Clean,LogisticRegression,36,post_content_for_labeling,"{""analyzer"": ""word"", ""max_features"": 50000, ""ngram_range"": [1, 1], ""min_df"": 2, ""max_df"": 0.95, ""sublinear_tf"": true}",word,50000,"(1, 1)",2,0.95,True,"{""C"": 2.0, ""solver"": ""saga""}","{""C"": 2.0, ""solver"": ""lbfgs""}",,lbfgs,2.0,,,,,,,,0.6630824372759857,0.5922915997055792,0.6160465379837604,0.5937957756239461,0.6902253596697848,0.6630824372759857,0.6699715283903059,0.6630824372759857,0.6630824372759857,0.6630824372759857,36.636477625000225,0.0007359170003837,True,The max_iter was reached which means the coef_ did not converge; LogisticRegression saga raised ConvergenceWarning; fallback to lbfgs,success,LogisticRegression saga raised ConvergenceWarning; fallback to lbfgs,285,22,False,False
deep_20260612_180817,04_No_Stopwords,LogisticRegression,20,post_content_for_labeling,"{""analyzer"": ""char_wb"", ""max_features"": 30000, ""ngram_range"": [3, 5], ""min_df"": 2, ""max_df"": 0.95, ""sublinear_tf"": true}",char_wb,30000,"(3, 5)",2,0.95,True,"{""C"": 2.0, ""solver"": ""lbfgs""}","{""C"": 2.0, ""solver"": ""lbfgs""}",,lbfgs,2.0,,,,,,,,0.6583034647550776,0.5896196890677521,0.6152531973309802,0.5937752160576045,0.688307473823788,0.6583034647550776,0.6667358517517815,0.6583034647550776,0.6583034647550776,0.6583034647550776,3.7948786249999102,0.0031327079996117,False,,success,,286,24,False,False
deep_20260612_180817,04_No_Stopwords,LogisticRegression,39,post_content_for_labeling,"{""analyzer"": ""char_wb"", ""max_features"": 30000, ""ngram_range"": [3, 5], ""min_df"": 2, ""max_df"": 0.95, ""sublinear_tf"": true}",char_wb,30000,"(3, 5)",2,0.95,True,"{""C"": 2.0, ""solver"": ""saga""}","{""C"": 2.0, ""solver"": ""lbfgs""}",,lbfgs,2.0,,,,,,,,0.6583034647550776,0.5896196890677521,0.6152531973309802,0.5937752160576045,0.688307473823788,0.6583034647550776,0.6667358517517815,0.6583034647550776,0.6583034647550776,0.6583034647550776,276.2249217079998,0.0056904160001067,True,The max_iter was reached which means the coef_ did not converge; LogisticRegression saga raised ConvergenceWarning; fallback to lbfgs,success,LogisticRegression saga raised ConvergenceWarning; fallback to lbfgs,287,25,False,False
deep_20260612_180817,02_Basic_Clean,LinearSVC,28,post_content_for_labeling,"{""analyzer"": ""char_wb"", ""max_features"": 50000, ""ngram_range"": [3, 5], ""min_df"": 2, ""max_df"": 0.95, ""sublinear_tf"": true}",char_wb,50000,"(3, 5)",2,0.95,True,"{""C"": 5.0, ""class_weight"": ""balanced""}","{""C"": 5.0, ""class_weight"": ""balanced""}",balanced,,5.0,,,,,,,,0.6833930704898447,0.5991525560534016,0.5989970033498336,0.5935919921375318,0.687477151130448,0.6833930704898447,0.6825969385017012,0.6833930704898447,0.6833930704898447,0.6833930704898447,2.792166416999862,0.0021799590003865,False,,success,,288,35,False,False
deep_20260612_180817,02_Basic_Clean,LinearSVC,8,post_content_for_labeling,"{""analyzer"": ""word"", ""max_features"": 50000, ""ngram_range"": [1, 1], ""min_df"": 2, ""max_df"": 0.95, ""sublinear_tf"": true}",word,50000,"(1, 1)",2,0.95,True,"{""C"": 0.1, ""class_weight"": ""balanced""}","{""C"": 0.1, ""class_weight"": ""balanced""}",balanced,,0.1,,,,,,,,0.6606929510155317,0.5739058472420943,0.6391620313915162,0.5935100563670348,0.687179646966522,0.6606929510155317,0.6644060077669859,0.6606929510155317,0.6606929510155317,0.6606929510155317,0.3077540000003864,0.0002888750004785,False,,success,,289,36,False,False
deep_20260612_180817,05_Balanced,LinearSVC,25,post_content_for_labeling,"{""analyzer"": ""char_wb"", ""max_features"": 50000, ""ngram_range"": [3, 5], ""min_df"": 2, ""max_df"": 0.95, ""sublinear_tf"": true}",char_wb,50000,"(3, 5)",2,0.95,True,"{""C"": 2.0, ""class_weight"": ""balanced""}","{""C"": 2.0, ""class_weight"": ""balanced""}",balanced,,2.0,,,,,,,,0.6810035842293907,0.605646181656741,0.5950968710645066,0.5934651408658017,0.6892221760664936,0.6810035842293907,0.6808559142634378,0.6810035842293907,0.6810035842293907,0.6810035842293907,7.448297334000017,0.0021522499991988,False,,success,,290,27,False,False
deep_20260612_180817,05_Balanced,LinearSVC,44,post_content_for_labeling,"{""analyzer"": ""char_wb"", ""max_features"": 50000, ""ngram_range"": [3, 5], ""min_df"": 2, ""max_df"": 0.95, ""sublinear_tf"": true}",char_wb,50000,"(3, 5)",2,0.95,True,"{""C"": 2.0, ""class_weight"": null}","{""C"": 2.0, ""class_weight"": null}",,,2.0,,,,,,,,0.6810035842293907,0.605646181656741,0.5950968710645066,0.5934651408658017,0.6892221760664936,0.6810035842293907,0.6808559142634378,0.6810035842293907,0.6810035842293907,0.6810035842293907,7.65240625000115,0.0119389579995186,False,,success,,291,28,False,False
deep_20260612_180817,03_Full_Clean,LinearSVC,9,post_content_for_labeling,"{""analyzer"": ""char_wb"", ""max_features"": 50000, ""ngram_range"": [3, 5], ""min_df"": 2, ""max_df"": 0.95, ""sublinear_tf"": true}",char_wb,50000,"(3, 5)",2,0.95,True,"{""C"": 0.1, ""class_weight"": ""balanced""}","{""C"": 0.1, ""class_weight"": ""balanced""}",balanced,,0.1,,,,,,,,0.6523297491039427,0.5752423540330354,0.6364247023122563,0.5931927104845159,0.6839893099455661,0.6523297491039427,0.6585408951434456,0.6523297491039427,0.6523297491039427,0.6523297491039427,1.600612708000881,0.002320083000086,False,,success,,292,30,False,False
deep_20260612_180817,03_Full_Clean,LogisticRegression,9,post_content_for_labeling,"{""analyzer"": ""word"", ""max_features"": 30000, ""ngram_range"": [1, 1], ""min_df"": 2, ""max_df"": 0.95, ""sublinear_tf"": true}",word,30000,"(1, 1)",2,0.95,True,"{""C"": 0.5, ""solver"": ""lbfgs""}","{""C"": 0.5, ""solver"": ""lbfgs""}",,lbfgs,0.5,,,,,,,,0.6320191158900836,0.5765131352715872,0.6344777468945119,0.5931634666817793,0.6755215945836309,0.6320191158900836,0.6430736905493275,0.6320191158900836,0.6320191158900836,0.6320191158900836,0.5637453340004868,0.0005755409993071,False,,success,,293,23,False,False
deep_20260612_180817,04_No_Stopwords,LogisticRegression,13,post_content_for_labeling,"{""analyzer"": ""word"", ""max_features"": 30000, ""ngram_range"": [1, 1], ""min_df"": 2, ""max_df"": 0.95, ""sublinear_tf"": true}",word,30000,"(1, 1)",2,0.95,True,"{""C"": 1.0, ""solver"": ""lbfgs""}","{""C"": 1.0, ""solver"": ""lbfgs""}",,lbfgs,1.0,,,,,,,,0.6451612903225806,0.5826219187635195,0.6220129224579656,0.5927664002699183,0.6826296597924365,0.6451612903225806,0.6563016816048757,0.6451612903225806,0.6451612903225806,0.6451612903225806,0.5976021659998878,0.0006495420002465,False,,success,,294,26,False,False
deep_20260612_180817,04_No_Stopwords,LogisticRegression,14,post_content_for_labeling,"{""analyzer"": ""word"", ""max_features"": 50000, ""ngram_range"": [1, 1], ""min_df"": 2, ""max_df"": 0.95, ""sublinear_tf"": true}",word,50000,"(1, 1)",2,0.95,True,"{""C"": 1.0, ""solver"": ""lbfgs""}","{""C"": 1.0, ""solver"": ""lbfgs""}",,lbfgs,1.0,,,,,,,,0.6451612903225806,0.5826219187635195,0.6220129224579656,0.5927664002699183,0.6826296597924365,0.6451612903225806,0.6563016816048757,0.6451612903225806,0.6451612903225806,0.6451612903225806,0.6077640840003369,0.0006244589994821,False,,success,,295,27,False,False
deep_20260612_180817,04_No_Stopwords,LogisticRegression,12,post_content_for_labeling,"{""analyzer"": ""word"", ""max_features"": 20000, ""ngram_range"": [1, 1], ""min_df"": 2, ""max_df"": 0.95, ""sublinear_tf"": true}",word,20000,"(1, 1)",2,0.95,True,"{""C"": 1.0, ""solver"": ""lbfgs""}","{""C"": 1.0, ""solver"": ""lbfgs""}",,lbfgs,1.0,,,,,,,,0.6451612903225806,0.5826219187635195,0.6220129224579656,0.5927664002699183,0.6826296597924365,0.6451612903225806,0.6563016816048757,0.6451612903225806,0.6451612903225806,0.6451612903225806,0.6687225000005128,0.0006148749998828,False,,success,,296,28,False,False
deep_20260612_180817,04_No_Stopwords,LogisticRegression,31,post_content_for_labeling,"{""analyzer"": ""word"", ""max_features"": 20000, ""ngram_range"": [1, 1], ""min_df"": 2, ""max_df"": 0.95, ""sublinear_tf"": true}",word,20000,"(1, 1)",2,0.95,True,"{""C"": 1.0, ""solver"": ""saga""}","{""C"": 1.0, ""solver"": ""lbfgs""}",,lbfgs,1.0,,,,,,,,0.6451612903225806,0.5826219187635195,0.6220129224579656,0.5927664002699183,0.6826296597924365,0.6451612903225806,0.6563016816048757,0.6451612903225806,0.6451612903225806,0.6451612903225806,33.82310179199976,0.0008794169998509,True,The max_iter was reached which means the coef_ did not converge; LogisticRegression saga raised ConvergenceWarning; fallback to lbfgs,success,LogisticRegression saga raised ConvergenceWarning; fallback to lbfgs,297,29,False,False
deep_20260612_180817,04_No_Stopwords,LogisticRegression,30,post_content_for_labeling,"{""analyzer"": ""word"", ""max_features"": 10000, ""ngram_range"": [1, 1], ""min_df"": 2, ""max_df"": 0.95, ""sublinear_tf"": true}",word,10000,"(1, 1)",2,0.95,True,"{""C"": 1.0, ""solver"": ""saga""}","{""C"": 1.0, ""solver"": ""lbfgs""}",,lbfgs,1.0,,,,,,,,0.6451612903225806,0.5826219187635195,0.6220129224579656,0.5927664002699183,0.6826296597924365,0.6451612903225806,0.6563016816048757,0.6451612903225806,0.6451612903225806,0.6451612903225806,33.893406958000014,0.0007311250001293,True,The max_iter was reached which means the coef_ did not converge; LogisticRegression saga raised ConvergenceWarning; fallback to lbfgs,success,LogisticRegression saga raised ConvergenceWarning; fallback to lbfgs,298,30,False,False
deep_20260612_180817,01_Raw_Data,LogisticRegression,16,post_content_for_labeling,"{""analyzer"": ""char_wb"", ""max_features"": 50000, ""ngram_range"": [4, 6], ""min_df"": 2, ""max_df"": 0.95, ""sublinear_tf"": true}",char_wb,50000,"(4, 6)",2,0.95,True,"{""C"": 1.0, ""solver"": ""lbfgs""}","{""C"": 1.0, ""solver"": ""lbfgs""}",,lbfgs,1.0,,,,,,,,0.6463560334528077,0.5833232145417837,0.625842885038623,0.592533876404652,0.6815645611842758,0.6463560334528077,0.65567174402843,0.6463560334528077,0.6463560334528077,0.6463560334528077,4.639055874999997,0.0055232499999959,False,,success,,299,32,False,False
deep_20260612_180817,04_No_Stopwords,LinearSVC,25,post_content_for_labeling,"{""analyzer"": ""char_wb"", ""max_features"": 50000, ""ngram_range"": [3, 5], ""min_df"": 2, ""max_df"": 0.95, ""sublinear_tf"": true}",char_wb,50000,"(3, 5)",2,0.95,True,"{""C"": 2.0, ""class_weight"": ""balanced""}","{""C"": 2.0, ""class_weight"": ""balanced""}",balanced,,2.0,,,,,,,,0.6869772998805257,0.5959254631457399,0.5999408111601008,0.5924848738506499,0.6940888186566727,0.6869772998805257,0.6874547093593733,0.6869772998805257,0.6869772998805257,0.6869772998805257,1.992358207999132,0.0020312500000727,False,,success,,300,32,False,False
deep_20260612_180817,03_Full_Clean,LinearSVC,28,post_content_for_labeling,"{""analyzer"": ""char_wb"", ""max_features"": 50000, ""ngram_range"": [3, 5], ""min_df"": 2, ""max_df"": 0.95, ""sublinear_tf"": true}",char_wb,50000,"(3, 5)",2,0.95,True,"{""C"": 5.0, ""class_weight"": ""balanced""}","{""C"": 5.0, ""class_weight"": ""balanced""}",balanced,,5.0,,,,,,,,0.6821983273596177,0.598280453617331,0.5962474973037275,0.592073488282493,0.687539784700528,0.6821983273596177,0.6817981417759438,0.6821983273596177,0.6821983273596177,0.6821983273596177,2.6750177909998456,0.0020856250002907,False,,success,,301,31,False,False
deep_20260612_180817,02_Basic_Clean,LinearSVC,9,post_content_for_labeling,"{""analyzer"": ""char_wb"", ""max_features"": 50000, ""ngram_range"": [3, 5], ""min_df"": 2, ""max_df"": 0.95, ""sublinear_tf"": true}",char_wb,50000,"(3, 5)",2,0.95,True,"{""C"": 0.1, ""class_weight"": ""balanced""}","{""C"": 0.1, ""class_weight"": ""balanced""}",balanced,,0.1,,,,,,,,0.6535244922341696,0.5756154644887344,0.6334103877083984,0.5919681955688894,0.6859553408805816,0.6535244922341696,0.6602390251413943,0.6535244922341696,0.6535244922341696,0.6535244922341696,1.875597792000008,0.0025740420005604,False,,success,,302,37,False,False
deep_20260612_180817,01_Raw_Data,LinearSVC,44,post_content_for_labeling,"{""analyzer"": ""char_wb"", ""max_features"": 50000, ""ngram_range"": [3, 5], ""min_df"": 2, ""max_df"": 0.95, ""sublinear_tf"": true}",char_wb,50000,"(3, 5)",2,0.95,True,"{""C"": 2.0, ""class_weight"": null}","{""C"": 2.0, ""class_weight"": null}",,,2.0,,,,,,,,0.6965352449223416,0.6181687626414138,0.5838025772692119,0.591593079577211,0.6882553940830569,0.6965352449223416,0.6890480207029407,0.6965352449223416,0.6965352449223416,0.6965352449223416,2.020511374999842,0.0022953749999032,False,,success,,303,32,False,False
deep_20260612_180817,01_Raw_Data,LinearSVC,9,post_content_for_labeling,"{""analyzer"": ""char_wb"", ""max_features"": 50000, ""ngram_range"": [3, 5], ""min_df"": 2, ""max_df"": 0.95, ""sublinear_tf"": true}",char_wb,50000,"(3, 5)",2,0.95,True,"{""C"": 0.1, ""class_weight"": ""balanced""}","{""C"": 0.1, ""class_weight"": ""balanced""}",balanced,,0.1,,,,,,,,0.6535244922341696,0.5714069048365902,0.6349468020172322,0.5915268930113032,0.6820904608951214,0.6535244922341696,0.6593677492052927,0.6535244922341696,0.6535244922341696,0.6535244922341696,2.04072083400024,0.0026850839999497,False,,success,,304,33,False,False
deep_20260612_180817,01_Raw_Data,LinearSVC,1,post_content_for_labeling,"{""analyzer"": ""word"", ""max_features"": 50000, ""ngram_range"": [1, 2], ""min_df"": 1, ""max_df"": 0.95, ""sublinear_tf"": true}",word,50000,"(1, 2)",1,0.95,True,"{""C"": 0.03, ""class_weight"": ""balanced""}","{""C"": 0.03, ""class_weight"": ""balanced""}",balanced,,0.03,,,,,,,,0.6583034647550776,0.5714186315910821,0.6412248483426655,0.5914283833153936,0.6789949696787383,0.6583034647550776,0.6588564780876374,0.6583034647550776,0.6583034647550776,0.6583034647550776,0.6252067079999506,0.0014285830002336,False,,success,,305,34,False,False
deep_20260612_180817,03_Full_Clean,LinearSVC,43,post_content_for_labeling,"{""analyzer"": ""char_wb"", ""max_features"": 30000, ""ngram_range"": [3, 5], ""min_df"": 2, ""max_df"": 0.95, ""sublinear_tf"": true}",char_wb,30000,"(3, 5)",2,0.95,True,"{""C"": 2.0, ""class_weight"": null}","{""C"": 2.0, ""class_weight"": null}",,,2.0,,,,,,,,0.6869772998805257,0.6143087812617504,0.582516201262353,0.5913443374846059,0.6826064804872494,0.6869772998805257,0.6817753358169563,0.6869772998805257,0.6869772998805257,0.6869772998805257,1.9161935419997465,0.0016444580005554,False,,success,,306,32,False,False
deep_20260612_180817,05_Balanced,LogisticRegression,24,post_content_for_labeling,"{""analyzer"": ""char_wb"", ""max_features"": 50000, ""ngram_range"": [3, 5], ""min_df"": 2, ""max_df"": 0.95, ""sublinear_tf"": true}",char_wb,50000,"(3, 5)",2,0.95,True,"{""C"": 5.0, ""solver"": ""lbfgs""}","{""C"": 5.0, ""solver"": ""lbfgs""}",,lbfgs,5.0,,,,,,,,0.6833930704898447,0.5962515269864586,0.5985930349133309,0.5911087782659671,0.6965023769492023,0.6833930704898447,0.6846479023022767,0.6833930704898447,0.6833930704898447,0.6833930704898447,13.136097166001491,0.0048501250003027,False,,success,,307,34,False,False
deep_20260612_180817,02_Basic_Clean,LinearSVC,1,post_content_for_labeling,"{""analyzer"": ""word"", ""max_features"": 50000, ""ngram_range"": [1, 2], ""min_df"": 1, ""max_df"": 0.95, ""sublinear_tf"": true}",word,50000,"(1, 2)",1,0.95,True,"{""C"": 0.03, ""class_weight"": ""balanced""}","{""C"": 0.03, ""class_weight"": ""balanced""}",balanced,,0.03,,,,,,,,0.6583034647550776,0.5696803849375859,0.6429864541163078,0.591105822715285,0.6838091057239084,0.6583034647550776,0.6603413875155695,0.6583034647550776,0.6583034647550776,0.6583034647550776,0.6242717080003786,0.001691500000561,False,,success,,308,38,False,False
deep_20260612_180817,02_Basic_Clean,LogisticRegression,8,post_content_for_labeling,"{""analyzer"": ""word"", ""max_features"": 50000, ""ngram_range"": [1, 2], ""min_df"": 3, ""max_df"": 0.95, ""sublinear_tf"": true}",word,50000,"(1, 2)",3,0.95,True,"{""C"": 0.3, ""solver"": ""lbfgs""}","{""C"": 0.3, ""solver"": ""lbfgs""}",,lbfgs,0.3,,,,,,,,0.6427718040621266,0.5753868901810363,0.6323185035485355,0.5909204837724902,0.6883195963386451,0.6427718040621266,0.6543859725151329,0.6427718040621266,0.6427718040621266,0.6427718040621266,1.1444781670002158,0.0011126669996883,False,,success,,309,26,False,False
deep_20260612_180817,04_No_Stopwords,LinearSVC,9,post_content_for_labeling,"{""analyzer"": ""char_wb"", ""max_features"": 50000, ""ngram_range"": [3, 5], ""min_df"": 2, ""max_df"": 0.95, ""sublinear_tf"": true}",char_wb,50000,"(3, 5)",2,0.95,True,"{""C"": 0.1, ""class_weight"": ""balanced""}","{""C"": 0.1, ""class_weight"": ""balanced""}",balanced,,0.1,,,,,,,,0.6511350059737157,0.573631072564646,0.6359571042446527,0.590897011091907,0.6868849399189976,0.6511350059737157,0.6581249090685163,0.6511350059737157,0.6511350059737157,0.6511350059737157,1.489004584000213,0.0021694999995816,False,,success,,310,33,False,False
deep_20260612_180817,05_Balanced,LinearSVC,29,post_content_for_labeling,"{""analyzer"": ""char_wb"", ""max_features"": 50000, ""ngram_range"": [4, 6], ""min_df"": 2, ""max_df"": 0.95, ""sublinear_tf"": true}",char_wb,50000,"(4, 6)",2,0.95,True,"{""C"": 5.0, ""class_weight"": ""balanced""}","{""C"": 5.0, ""class_weight"": ""balanced""}",balanced,,5.0,,,,,,,,0.6690561529271206,0.602713236014403,0.5891263595980255,0.5908117470318768,0.6757940553348437,0.6690561529271206,0.669658976426237,0.6690561529271206,0.6690561529271206,0.6690561529271206,8.010978459000398,0.0018496249995223,False,,success,,311,29,False,False
deep_20260612_180817,03_Full_Clean,LinearSVC,21,post_content_for_labeling,"{""analyzer"": ""word"", ""max_features"": 20000, ""ngram_range"": [1, 1], ""min_df"": 2, ""max_df"": 0.95, ""sublinear_tf"": true}",word,20000,"(1, 1)",2,0.95,True,"{""C"": 2.0, ""class_weight"": ""balanced""}","{""C"": 2.0, ""class_weight"": ""balanced""}",balanced,,2.0,,,,,,,,0.6750298685782556,0.5939973396046543,0.5974937899007059,0.5907803773853458,0.6821994844479329,0.6750298685782556,0.6760027263907248,0.6750298685782556,0.6750298685782556,0.6750298685782556,0.3928539159996944,0.0003742500002772,False,,success,,312,33,False,False
deep_20260612_180817,03_Full_Clean,LinearSVC,22,post_content_for_labeling,"{""analyzer"": ""word"", ""max_features"": 50000, ""ngram_range"": [1, 1], ""min_df"": 2, ""max_df"": 0.95, ""sublinear_tf"": true}",word,50000,"(1, 1)",2,0.95,True,"{""C"": 2.0, ""class_weight"": ""balanced""}","{""C"": 2.0, ""class_weight"": ""balanced""}",balanced,,2.0,,,,,,,,0.6750298685782556,0.5939973396046543,0.5974937899007059,0.5907803773853458,0.6821994844479329,0.6750298685782556,0.6760027263907248,0.6750298685782556,0.6750298685782556,0.6750298685782556,0.431870291999985,0.0003961669999625,False,,success,,313,34,False,False
deep_20260612_180817,05_Balanced,LinearSVC,8,post_content_for_labeling,"{""analyzer"": ""word"", ""max_features"": 50000, ""ngram_range"": [1, 1], ""min_df"": 2, ""max_df"": 0.95, ""sublinear_tf"": true}",word,50000,"(1, 1)",2,0.95,True,"{""C"": 0.1, ""class_weight"": ""balanced""}","{""C"": 0.1, ""class_weight"": ""balanced""}",balanced,,0.1,,,,,,,,0.6642771804062126,0.5743879631367064,0.6289667063580601,0.5907574758219766,0.6910703297121752,0.6642771804062126,0.669465569208229,0.6642771804062126,0.6642771804062126,0.6642771804062126,1.123387792000358,0.0003737080005521,False,,success,,314,30,False,False
deep_20260612_180817,03_Full_Clean,LogisticRegression,20,post_content_for_labeling,"{""analyzer"": ""char_wb"", ""max_features"": 30000, ""ngram_range"": [3, 5], ""min_df"": 2, ""max_df"": 0.95, ""sublinear_tf"": true}",char_wb,30000,"(3, 5)",2,0.95,True,"{""C"": 2.0, ""solver"": ""lbfgs""}","{""C"": 2.0, ""solver"": ""lbfgs""}",,lbfgs,2.0,,,,,,,,0.6535244922341696,0.58563619244033,0.6132532183492435,0.5907098605821707,0.6830697503689959,0.6535244922341696,0.6618087792193588,0.6535244922341696,0.6535244922341696,0.6535244922341696,3.993307999999161,0.0032819160005601,False,,success,,315,24,False,False
deep_20260612_180817,03_Full_Clean,LogisticRegression,39,post_content_for_labeling,"{""analyzer"": ""char_wb"", ""max_features"": 30000, ""ngram_range"": [3, 5], ""min_df"": 2, ""max_df"": 0.95, ""sublinear_tf"": true}",char_wb,30000,"(3, 5)",2,0.95,True,"{""C"": 2.0, ""solver"": ""saga""}","{""C"": 2.0, ""solver"": ""lbfgs""}",,lbfgs,2.0,,,,,,,,0.6535244922341696,0.58563619244033,0.6132532183492435,0.5907098605821707,0.6830697503689959,0.6535244922341696,0.6618087792193588,0.6535244922341696,0.6535244922341696,0.6535244922341696,285.27989416699984,0.0045256249995873,True,The max_iter was reached which means the coef_ did not converge; LogisticRegression saga raised ConvergenceWarning; fallback to lbfgs,success,LogisticRegression saga raised ConvergenceWarning; fallback to lbfgs,316,25,False,False
deep_20260612_180817,03_Full_Clean,LinearSVC,12,post_content_for_labeling,"{""analyzer"": ""word"", ""max_features"": 20000, ""ngram_range"": [1, 1], ""min_df"": 2, ""max_df"": 0.95, ""sublinear_tf"": true}",word,20000,"(1, 1)",2,0.95,True,"{""C"": 0.5, ""class_weight"": ""balanced""}","{""C"": 0.5, ""class_weight"": ""balanced""}",balanced,,0.5,,,,,,,,0.6726403823178017,0.5888745860514323,0.6116484633574636,0.5902193599752075,0.6913959950203901,0.6726403823178017,0.6758745871388465,0.6726403823178017,0.6726403823178017,0.6726403823178017,0.3218499999993582,0.000285416999759,False,,success,,317,35,False,False
deep_20260612_180817,02_Basic_Clean,LogisticRegression,16,post_content_for_labeling,"{""analyzer"": ""char_wb"", ""max_features"": 50000, ""ngram_range"": [4, 6], ""min_df"": 2, ""max_df"": 0.95, ""sublinear_tf"": true}",char_wb,50000,"(4, 6)",2,0.95,True,"{""C"": 1.0, ""solver"": ""lbfgs""}","{""C"": 1.0, ""solver"": ""lbfgs""}",,lbfgs,1.0,,,,,,,,0.6391875746714456,0.5825610010341064,0.6194490781036339,0.5901277646639422,0.6764982642979058,0.6391875746714456,0.6494450596084004,0.6391875746714456,0.6391875746714456,0.6391875746714456,3.588329541999883,0.0033373750002283,False,,success,,318,27,False,False
deep_20260612_180817,04_No_Stopwords,LinearSVC,28,post_content_for_labeling,"{""analyzer"": ""char_wb"", ""max_features"": 50000, ""ngram_range"": [3, 5], ""min_df"": 2, ""max_df"": 0.95, ""sublinear_tf"": true}",char_wb,50000,"(3, 5)",2,0.95,True,"{""C"": 5.0, ""class_weight"": ""balanced""}","{""C"": 5.0, ""class_weight"": ""balanced""}",balanced,,5.0,,,,,,,,0.6845878136200717,0.596389724677837,0.591785941663366,0.5900451987647517,0.6895606070606358,0.6845878136200717,0.6846819694427198,0.6845878136200717,0.6845878136200717,0.6845878136200717,2.605036832999758,0.0021209160004218,False,,success,,319,34,False,False
deep_20260612_180817,01_Raw_Data,LinearSVC,2,post_content_for_labeling,"{""analyzer"": ""word"", ""max_features"": 50000, ""ngram_range"": [1, 2], ""min_df"": 3, ""max_df"": 0.95, ""sublinear_tf"": true}",word,50000,"(1, 2)",3,0.95,True,"{""C"": 0.03, ""class_weight"": ""balanced""}","{""C"": 0.03, ""class_weight"": ""balanced""}",balanced,,0.03,,,,,,,,0.6571087216248507,0.567681450374105,0.6398059591950622,0.5887401512519808,0.6772743059316484,0.6571087216248507,0.6573025704892179,0.6571087216248507,0.6571087216248507,0.6571087216248507,0.5457284999997682,0.0007221669998216,False,,success,,320,35,False,False
deep_20260612_180817,03_Full_Clean,LinearSVC,7,post_content_for_labeling,"{""analyzer"": ""word"", ""max_features"": 50000, ""ngram_range"": [1, 2], ""min_df"": 3, ""max_df"": 0.95, ""sublinear_tf"": true}",word,50000,"(1, 2)",3,0.95,True,"{""C"": 0.05, ""class_weight"": ""balanced""}","{""C"": 0.05, ""class_weight"": ""balanced""}",balanced,,0.05,,,,,,,,0.6630824372759857,0.568272471145133,0.6375903565705772,0.588375469871796,0.6855663347042042,0.6630824372759857,0.6648137248907238,0.6630824372759857,0.6630824372759857,0.6630824372759857,0.5290480000003299,0.0005336249996616,False,,success,,321,36,False,False
deep_20260612_180817,04_No_Stopwords,LogisticRegression,8,post_content_for_labeling,"{""analyzer"": ""word"", ""max_features"": 50000, ""ngram_range"": [1, 2], ""min_df"": 3, ""max_df"": 0.95, ""sublinear_tf"": true}",word,50000,"(1, 2)",3,0.95,True,"{""C"": 0.3, ""solver"": ""lbfgs""}","{""C"": 0.3, ""solver"": ""lbfgs""}",,lbfgs,0.3,,,,,,,,0.6379928315412187,0.5712838340311999,0.6322442187577724,0.5883367551225017,0.6903560682082698,0.6379928315412187,0.6518026683000018,0.6379928315412187,0.6379928315412187,0.6379928315412187,1.8173597080003672,0.0023230830001921,False,,success,,322,31,False,False
deep_20260612_180817,04_No_Stopwords,LinearSVC,22,post_content_for_labeling,"{""analyzer"": ""word"", ""max_features"": 50000, ""ngram_range"": [1, 1], ""min_df"": 2, ""max_df"": 0.95, ""sublinear_tf"": true}",word,50000,"(1, 1)",2,0.95,True,"{""C"": 2.0, ""class_weight"": ""balanced""}","{""C"": 2.0, ""class_weight"": ""balanced""}",balanced,,2.0,,,,,,,,0.6738351254480287,0.5883527909723598,0.5971323297987471,0.587623686304213,0.6827077041406489,0.6738351254480287,0.6753094806045667,0.6738351254480287,0.6738351254480287,0.6738351254480287,0.3946371670008375,0.0003728330011654,False,,success,,323,35,False,False
deep_20260612_180817,04_No_Stopwords,LinearSVC,21,post_content_for_labeling,"{""analyzer"": ""word"", ""max_features"": 20000, ""ngram_range"": [1, 1], ""min_df"": 2, ""max_df"": 0.95, ""sublinear_tf"": true}",word,20000,"(1, 1)",2,0.95,True,"{""C"": 2.0, ""class_weight"": ""balanced""}","{""C"": 2.0, ""class_weight"": ""balanced""}",balanced,,2.0,,,,,,,,0.6738351254480287,0.5883527909723598,0.5971323297987471,0.587623686304213,0.6827077041406489,0.6738351254480287,0.6753094806045667,0.6738351254480287,0.6738351254480287,0.6738351254480287,0.4824459590017795,0.0004911670002911,False,,success,,324,36,False,False
deep_20260612_180817,03_Full_Clean,LogisticRegression,16,post_content_for_labeling,"{""analyzer"": ""char_wb"", ""max_features"": 50000, ""ngram_range"": [4, 6], ""min_df"": 2, ""max_df"": 0.95, ""sublinear_tf"": true}",char_wb,50000,"(4, 6)",2,0.95,True,"{""C"": 1.0, ""solver"": ""lbfgs""}","{""C"": 1.0, ""solver"": ""lbfgs""}",,lbfgs,1.0,,,,,,,,0.6379928315412187,0.5757133459603528,0.6220631795357672,0.5873097249008501,0.6778015378717291,0.6379928315412187,0.6490081425596494,0.6379928315412187,0.6379928315412187,0.6379928315412187,2.602522000000135,0.0050618340001165,False,,success,,325,26,False,False
deep_20260612_180817,01_Raw_Data,LinearSVC,43,post_content_for_labeling,"{""analyzer"": ""char_wb"", ""max_features"": 30000, ""ngram_range"": [3, 5], ""min_df"": 2, ""max_df"": 0.95, ""sublinear_tf"": true}",char_wb,30000,"(3, 5)",2,0.95,True,"{""C"": 2.0, ""class_weight"": null}","{""C"": 2.0, ""class_weight"": null}",,,2.0,,,,,,,,0.6869772998805257,0.6128964250365319,0.5765383085501149,0.5865094744885384,0.6804684083936265,0.6869772998805257,0.6804702172131641,0.6869772998805257,0.6869772998805257,0.6869772998805257,1.9667927079999572,0.0019141660000059,False,,success,,326,36,False,False
deep_20260612_180817,05_Balanced,LinearSVC,30,post_content_for_labeling,"{""analyzer"": ""word"", ""max_features"": 30000, ""ngram_range"": [1, 1], ""min_df"": 2, ""max_df"": 0.95, ""sublinear_tf"": true}",word,30000,"(1, 1)",2,0.95,True,"{""C"": 10.0, ""class_weight"": ""balanced""}","{""C"": 10.0, ""class_weight"": ""balanced""}",balanced,,10.0,,,,,,,,0.6571087216248507,0.6066871370524715,0.5824562653925404,0.5864081517144143,0.6612399544194826,0.6571087216248507,0.6559346696043211,0.6571087216248507,0.6571087216248507,0.6571087216248507,5.335397374999957,0.0003677499989862,False,,success,,327,31,False,False
deep_20260612_180817,05_Balanced,LinearSVC,31,post_content_for_labeling,"{""analyzer"": ""word"", ""max_features"": 50000, ""ngram_range"": [1, 1], ""min_df"": 2, ""max_df"": 0.95, ""sublinear_tf"": true}",word,50000,"(1, 1)",2,0.95,True,"{""C"": 10.0, ""class_weight"": ""balanced""}","{""C"": 10.0, ""class_weight"": ""balanced""}",balanced,,10.0,,,,,,,,0.6571087216248507,0.6066871370524715,0.5824562653925404,0.5864081517144143,0.6612399544194826,0.6571087216248507,0.6559346696043211,0.6571087216248507,0.6571087216248507,0.6571087216248507,5.335794459000681,0.0003771250012505,False,,success,,328,32,False,False
deep_20260612_180817,04_No_Stopwords,LinearSVC,5,post_content_for_labeling,"{""analyzer"": ""word"", ""max_features"": 20000, ""ngram_range"": [1, 1], ""min_df"": 2, ""max_df"": 0.95, ""sublinear_tf"": true}",word,20000,"(1, 1)",2,0.95,True,"{""C"": 0.05, ""class_weight"": ""balanced""}","{""C"": 0.05, ""class_weight"": ""balanced""}",balanced,,0.05,,,,,,,,0.6487455197132617,0.5633098848692113,0.6378603644633696,0.5862799147859457,0.6807463914552405,0.6487455197132617,0.6536845255574756,0.6487455197132617,0.6487455197132617,0.6487455197132617,0.3056358750000072,0.0002926659999502,False,,success,,329,37,False,False
deep_20260612_180817,04_No_Stopwords,LinearSVC,43,post_content_for_labeling,"{""analyzer"": ""char_wb"", ""max_features"": 30000, ""ngram_range"": [3, 5], ""min_df"": 2, ""max_df"": 0.95, ""sublinear_tf"": true}",char_wb,30000,"(3, 5)",2,0.95,True,"{""C"": 2.0, ""class_weight"": null}","{""C"": 2.0, ""class_weight"": null}",,,2.0,,,,,,,,0.6869772998805257,0.6132077244475042,0.5779327205240071,0.5860458857437987,0.6825455098886777,0.6869772998805257,0.6806380456469343,0.6869772998805257,0.6869772998805257,0.6869772998805257,1.8769213329997,0.0018202499995823,False,,success,,330,38,False,False
deep_20260612_180817,01_Raw_Data,LinearSVC,28,post_content_for_labeling,"{""analyzer"": ""char_wb"", ""max_features"": 50000, ""ngram_range"": [3, 5], ""min_df"": 2, ""max_df"": 0.95, ""sublinear_tf"": true}",char_wb,50000,"(3, 5)",2,0.95,True,"{""C"": 5.0, ""class_weight"": ""balanced""}","{""C"": 5.0, ""class_weight"": ""balanced""}",balanced,,5.0,,,,,,,,0.6857825567502986,0.5936512875713437,0.5880722409502924,0.5858450664783731,0.6880464808888843,0.6857825567502986,0.6846273143917516,0.6857825567502986,0.6857825567502986,0.6857825567502986,2.7160489580001013,0.0022457079999185,False,,success,,331,37,False,False
deep_20260612_180817,05_Balanced,LinearSVC,17,post_content_for_labeling,"{""analyzer"": ""word"", ""max_features"": 20000, ""ngram_range"": [1, 1], ""min_df"": 2, ""max_df"": 0.95, ""sublinear_tf"": true}",word,20000,"(1, 1)",2,0.95,True,"{""C"": 1.0, ""class_weight"": ""balanced""}","{""C"": 1.0, ""class_weight"": ""balanced""}",balanced,,1.0,,,,,,,,0.6690561529271206,0.5940477509469896,0.5936183426479624,0.5855693393929813,0.6791358669261174,0.6690561529271206,0.6696775520131627,0.6690561529271206,0.6690561529271206,0.6690561529271206,1.6740965409990167,0.0003583750003599,False,,success,,332,33,False,False
deep_20260612_180817,05_Balanced,LinearSVC,36,post_content_for_labeling,"{""analyzer"": ""word"", ""max_features"": 30000, ""ngram_range"": [1, 1], ""min_df"": 2, ""max_df"": 0.95, ""sublinear_tf"": true}",word,30000,"(1, 1)",2,0.95,True,"{""C"": 1.0, ""class_weight"": null}","{""C"": 1.0, ""class_weight"": null}",,,1.0,,,,,,,,0.6690561529271206,0.5940477509469896,0.5936183426479624,0.5855693393929813,0.6791358669261174,0.6690561529271206,0.6696775520131627,0.6690561529271206,0.6690561529271206,0.6690561529271206,1.797811417000048,0.0007795829988026,False,,success,,333,34,False,False
deep_20260612_180817,05_Balanced,LinearSVC,35,post_content_for_labeling,"{""analyzer"": ""word"", ""max_features"": 20000, ""ngram_range"": [1, 1], ""min_df"": 2, ""max_df"": 0.95, ""sublinear_tf"": true}",word,20000,"(1, 1)",2,0.95,True,"{""C"": 1.0, ""class_weight"": null}","{""C"": 1.0, ""class_weight"": null}",,,1.0,,,,,,,,0.6690561529271206,0.5940477509469896,0.5936183426479624,0.5855693393929813,0.6791358669261174,0.6690561529271206,0.6696775520131627,0.6690561529271206,0.6690561529271206,0.6690561529271206,1.8075537089989664,0.0006856250001874,False,,success,,334,35,False,False
deep_20260612_180817,01_Raw_Data,LinearSVC,45,post_content_for_labeling,"{""analyzer"": ""char_wb"", ""max_features"": 50000, ""ngram_range"": [4, 6], ""min_df"": 2, ""max_df"": 0.95, ""sublinear_tf"": true}",char_wb,50000,"(4, 6)",2,0.95,True,"{""C"": 2.0, ""class_weight"": null}","{""C"": 2.0, ""class_weight"": null}",,,2.0,,,,,,,,0.6929510155316607,0.6045301422665802,0.5808075079732195,0.5852662965080285,0.6825675627381236,0.6929510155316607,0.6847106949117389,0.6929510155316607,0.6929510155316607,0.6929510155316607,1.4519255830000477,0.0015345419997174,False,,success,,335,38,False,False
deep_20260612_180817,03_Full_Clean,LogisticRegression,8,post_content_for_labeling,"{""analyzer"": ""word"", ""max_features"": 50000, ""ngram_range"": [1, 2], ""min_df"": 3, ""max_df"": 0.95, ""sublinear_tf"": true}",word,50000,"(1, 2)",3,0.95,True,"{""C"": 0.3, ""solver"": ""lbfgs""}","{""C"": 0.3, ""solver"": ""lbfgs""}",,lbfgs,0.3,,,,,,,,0.6344086021505376,0.5689440617703343,0.6285490208338196,0.5850839605210713,0.6818134603332752,0.6344086021505376,0.6464504471978454,0.6344086021505376,0.6344086021505376,0.6344086021505376,1.2866633749999892,0.0010876669994104,False,,success,,336,27,False,False
deep_20260612_180817,05_Balanced,LogisticRegression,11,post_content_for_labeling,"{""analyzer"": ""char_wb"", ""max_features"": 30000, ""ngram_range"": [3, 5], ""min_df"": 2, ""max_df"": 0.95, ""sublinear_tf"": true}",char_wb,30000,"(3, 5)",2,0.95,True,"{""C"": 0.5, ""solver"": ""lbfgs""}","{""C"": 0.5, ""solver"": ""lbfgs""}",,lbfgs,0.5,,,,,,,,0.6511350059737157,0.575428200258132,0.6108699847470755,0.5846551209845863,0.681918110743878,0.6511350059737157,0.6593355261742812,0.6511350059737157,0.6511350059737157,0.6511350059737157,7.429091291000077,0.0033782910013542,False,,success,,337,35,False,False
deep_20260612_180817,03_Full_Clean,LinearSVC,34,post_content_for_labeling,"{""analyzer"": ""char_wb"", ""max_features"": 50000, ""ngram_range"": [3, 5], ""min_df"": 2, ""max_df"": 0.95, ""sublinear_tf"": true}",char_wb,50000,"(3, 5)",2,0.95,True,"{""C"": 10.0, ""class_weight"": ""balanced""}","{""C"": 10.0, ""class_weight"": ""balanced""}",balanced,,10.0,,,,,,,,0.6762246117084827,0.5918388968409357,0.586487572875286,0.5846351269249412,0.6802579559925446,0.6762246117084827,0.675466902567063,0.6762246117084827,0.6762246117084827,0.6762246117084827,3.632655583000087,0.0021005000007789,False,,success,,338,37,False,False
deep_20260612_180817,05_Balanced,LinearSVC,28,post_content_for_labeling,"{""analyzer"": ""char_wb"", ""max_features"": 50000, ""ngram_range"": [3, 5], ""min_df"": 2, ""max_df"": 0.95, ""sublinear_tf"": true}",char_wb,50000,"(3, 5)",2,0.95,True,"{""C"": 5.0, ""class_weight"": ""balanced""}","{""C"": 5.0, ""class_weight"": ""balanced""}",balanced,,5.0,,,,,,,,0.6750298685782556,0.5972297451502001,0.5836834120990034,0.5845769319860321,0.6824174464809636,0.6750298685782556,0.6751023267030899,0.6750298685782556,0.6750298685782556,0.6750298685782556,11.831834874999911,0.0049310840004181,False,,success,,339,36,False,False
deep_20260612_180817,04_No_Stopwords,LinearSVC,1,post_content_for_labeling,"{""analyzer"": ""word"", ""max_features"": 50000, ""ngram_range"": [1, 2], ""min_df"": 1, ""max_df"": 0.95, ""sublinear_tf"": true}",word,50000,"(1, 2)",1,0.95,True,"{""C"": 0.03, ""class_weight"": ""balanced""}","{""C"": 0.03, ""class_weight"": ""balanced""}",balanced,,0.03,,,,,,,,0.6523297491039427,0.5632673382960846,0.640876146135699,0.5841380652536436,0.6784798961360919,0.6523297491039427,0.6534898704841586,0.6523297491039427,0.6523297491039427,0.6523297491039427,0.5635114999986399,0.0004767079990415,False,,success,,340,39,False,False
deep_20260612_180817,03_Full_Clean,LinearSVC,1,post_content_for_labeling,"{""analyzer"": ""word"", ""max_features"": 50000, ""ngram_range"": [1, 2], ""min_df"": 1, ""max_df"": 0.95, ""sublinear_tf"": true}",word,50000,"(1, 2)",1,0.95,True,"{""C"": 0.03, ""class_weight"": ""balanced""}","{""C"": 0.03, ""class_weight"": ""balanced""}",balanced,,0.03,,,,,,,,0.6523297491039427,0.5620983807411314,0.6391872808118115,0.58400968243975,0.6769181853601872,0.6523297491039427,0.6529303232340387,0.6523297491039427,0.6523297491039427,0.6523297491039427,0.6045973330001289,0.0016272920001938,False,,success,,341,38,False,False
deep_20260612_180817,02_Basic_Clean,LogisticRegression,13,post_content_for_labeling,"{""analyzer"": ""word"", ""max_features"": 30000, ""ngram_range"": [1, 1], ""min_df"": 2, ""max_df"": 0.95, ""sublinear_tf"": true}",word,30000,"(1, 1)",2,0.95,True,"{""C"": 1.0, ""solver"": ""lbfgs""}","{""C"": 1.0, ""solver"": ""lbfgs""}",,lbfgs,1.0,,,,,,,,0.6439665471923537,0.578781256999088,0.6109602334695976,0.5834864889940823,0.6759619753470402,0.6439665471923537,0.6520190104150134,0.6439665471923537,0.6439665471923537,0.6439665471923537,0.6856647919998977,0.0005379160002121,False,,success,,342,28,False,False
deep_20260612_180817,02_Basic_Clean,LogisticRegression,14,post_content_for_labeling,"{""analyzer"": ""word"", ""max_features"": 50000, ""ngram_range"": [1, 1], ""min_df"": 2, ""max_df"": 0.95, ""sublinear_tf"": true}",word,50000,"(1, 1)",2,0.95,True,"{""C"": 1.0, ""solver"": ""lbfgs""}","{""C"": 1.0, ""solver"": ""lbfgs""}",,lbfgs,1.0,,,,,,,,0.6439665471923537,0.578781256999088,0.6109602334695976,0.5834864889940823,0.6759619753470402,0.6439665471923537,0.6520190104150134,0.6439665471923537,0.6439665471923537,0.6439665471923537,0.7272374999997737,0.0007118329999684,False,,success,,343,29,False,False
deep_20260612_180817,02_Basic_Clean,LogisticRegression,12,post_content_for_labeling,"{""analyzer"": ""word"", ""max_features"": 20000, ""ngram_range"": [1, 1], ""min_df"": 2, ""max_df"": 0.95, ""sublinear_tf"": true}",word,20000,"(1, 1)",2,0.95,True,"{""C"": 1.0, ""solver"": ""lbfgs""}","{""C"": 1.0, ""solver"": ""lbfgs""}",,lbfgs,1.0,,,,,,,,0.6439665471923537,0.578781256999088,0.6109602334695976,0.5834864889940823,0.6759619753470402,0.6439665471923537,0.6520190104150134,0.6439665471923537,0.6439665471923537,0.6439665471923537,1.302735333000328,0.0007341249997807,False,,success,,344,30,False,False
deep_20260612_180817,02_Basic_Clean,LogisticRegression,30,post_content_for_labeling,"{""analyzer"": ""word"", ""max_features"": 10000, ""ngram_range"": [1, 1], ""min_df"": 2, ""max_df"": 0.95, ""sublinear_tf"": true}",word,10000,"(1, 1)",2,0.95,True,"{""C"": 1.0, ""solver"": ""saga""}","{""C"": 1.0, ""solver"": ""lbfgs""}",,lbfgs,1.0,,,,,,,,0.6439665471923537,0.578781256999088,0.6109602334695976,0.5834864889940823,0.6759619753470402,0.6439665471923537,0.6520190104150134,0.6439665471923537,0.6439665471923537,0.6439665471923537,35.847539750000124,0.0006505420001303,True,The max_iter was reached which means the coef_ did not converge; LogisticRegression saga raised ConvergenceWarning; fallback to lbfgs,success,LogisticRegression saga raised ConvergenceWarning; fallback to lbfgs,345,31,False,False
deep_20260612_180817,02_Basic_Clean,LogisticRegression,31,post_content_for_labeling,"{""analyzer"": ""word"", ""max_features"": 20000, ""ngram_range"": [1, 1], ""min_df"": 2, ""max_df"": 0.95, ""sublinear_tf"": true}",word,20000,"(1, 1)",2,0.95,True,"{""C"": 1.0, ""solver"": ""saga""}","{""C"": 1.0, ""solver"": ""lbfgs""}",,lbfgs,1.0,,,,,,,,0.6439665471923537,0.578781256999088,0.6109602334695976,0.5834864889940823,0.6759619753470402,0.6439665471923537,0.6520190104150134,0.6439665471923537,0.6439665471923537,0.6439665471923537,35.92748808400029,0.0006051249997653,True,The max_iter was reached which means the coef_ did not converge; LogisticRegression saga raised ConvergenceWarning; fallback to lbfgs,success,LogisticRegression saga raised ConvergenceWarning; fallback to lbfgs,346,32,False,False
deep_20260612_180817,03_Full_Clean,LinearSVC,8,post_content_for_labeling,"{""analyzer"": ""word"", ""max_features"": 50000, ""ngram_range"": [1, 1], ""min_df"": 2, ""max_df"": 0.95, ""sublinear_tf"": true}",word,50000,"(1, 1)",2,0.95,True,"{""C"": 0.1, ""class_weight"": ""balanced""}","{""C"": 0.1, ""class_weight"": ""balanced""}",balanced,,0.1,,,,,,,,0.6559139784946236,0.5627344750871521,0.6282088961765311,0.5832322704255595,0.6829392155490774,0.6559139784946236,0.6599940306519244,0.6559139784946236,0.6559139784946236,0.6559139784946236,0.3118653330002416,0.0002995830000145,False,,success,,347,39,False,False
deep_20260612_180817,01_Raw_Data,LinearSVC,34,post_content_for_labeling,"{""analyzer"": ""char_wb"", ""max_features"": 50000, ""ngram_range"": [3, 5], ""min_df"": 2, ""max_df"": 0.95, ""sublinear_tf"": true}",char_wb,50000,"(3, 5)",2,0.95,True,"{""C"": 10.0, ""class_weight"": ""balanced""}","{""C"": 10.0, ""class_weight"": ""balanced""}",balanced,,10.0,,,,,,,,0.6821983273596177,0.5920896860875323,0.5840611288735512,0.58321375242145,0.6843263390171686,0.6821983273596177,0.6809811699123782,0.6821983273596177,0.6821983273596177,0.6821983273596177,3.4084416669998063,0.002208709000115,False,,success,,348,39,False,False
deep_20260612_180817,01_Raw_Data,LinearSVC,29,post_content_for_labeling,"{""analyzer"": ""char_wb"", ""max_features"": 50000, ""ngram_range"": [4, 6], ""min_df"": 2, ""max_df"": 0.95, ""sublinear_tf"": true}",char_wb,50000,"(4, 6)",2,0.95,True,"{""C"": 5.0, ""class_weight"": ""balanced""}","{""C"": 5.0, ""class_weight"": ""balanced""}",balanced,,5.0,,,,,,,,0.6821983273596177,0.5921911494011294,0.5816568509478415,0.5831184665972702,0.6827311300263961,0.6821983273596177,0.6808591847274097,0.6821983273596177,0.6821983273596177,0.6821983273596177,1.894137041999784,0.0018828339998435,False,,success,,349,40,False,False
deep_20260612_180817,05_Balanced,LogisticRegression,6,post_content_for_labeling,"{""analyzer"": ""word"", ""max_features"": 50000, ""ngram_range"": [1, 3], ""min_df"": 2, ""max_df"": 0.95, ""sublinear_tf"": true}",word,50000,"(1, 3)",2,0.95,True,"{""C"": 0.1, ""solver"": ""lbfgs""}","{""C"": 0.1, ""solver"": ""lbfgs""}",,lbfgs,0.1,,,,,,,,0.6427718040621266,0.5775105613057254,0.6105351080743096,0.5824257443029976,0.6731593406287129,0.6427718040621266,0.6478969343933475,0.6427718040621266,0.6427718040621266,0.6427718040621266,3.919397875000868,0.0034350839996477,False,,success,,350,36,False,False
deep_20260612_180817,03_Full_Clean,LogisticRegression,12,post_content_for_labeling,"{""analyzer"": ""word"", ""max_features"": 20000, ""ngram_range"": [1, 1], ""min_df"": 2, ""max_df"": 0.95, ""sublinear_tf"": true}",word,20000,"(1, 1)",2,0.95,True,"{""C"": 1.0, ""solver"": ""lbfgs""}","{""C"": 1.0, ""solver"": ""lbfgs""}",,lbfgs,1.0,,,,,,,,0.6427718040621266,0.5755221621507145,0.6094285302893949,0.5819547238247762,0.6744901293802879,0.6427718040621266,0.6511230119223361,0.6427718040621266,0.6427718040621266,0.6427718040621266,0.510892541999965,0.0006248329991649,False,,success,,351,28,False,False
deep_20260612_180817,03_Full_Clean,LogisticRegression,13,post_content_for_labeling,"{""analyzer"": ""word"", ""max_features"": 30000, ""ngram_range"": [1, 1], ""min_df"": 2, ""max_df"": 0.95, ""sublinear_tf"": true}",word,30000,"(1, 1)",2,0.95,True,"{""C"": 1.0, ""solver"": ""lbfgs""}","{""C"": 1.0, ""solver"": ""lbfgs""}",,lbfgs,1.0,,,,,,,,0.6427718040621266,0.5755221621507145,0.6094285302893949,0.5819547238247762,0.6744901293802879,0.6427718040621266,0.6511230119223361,0.6427718040621266,0.6427718040621266,0.6427718040621266,0.5258981670003777,0.0006400000002031,False,,success,,352,29,False,False
deep_20260612_180817,03_Full_Clean,LogisticRegression,14,post_content_for_labeling,"{""analyzer"": ""word"", ""max_features"": 50000, ""ngram_range"": [1, 1], ""min_df"": 2, ""max_df"": 0.95, ""sublinear_tf"": true}",word,50000,"(1, 1)",2,0.95,True,"{""C"": 1.0, ""solver"": ""lbfgs""}","{""C"": 1.0, ""solver"": ""lbfgs""}",,lbfgs,1.0,,,,,,,,0.6427718040621266,0.5755221621507145,0.6094285302893949,0.5819547238247762,0.6744901293802879,0.6427718040621266,0.6511230119223361,0.6427718040621266,0.6427718040621266,0.6427718040621266,1.295977832999597,0.0007191249997049,False,,success,,353,30,False,False
deep_20260612_180817,03_Full_Clean,LogisticRegression,31,post_content_for_labeling,"{""analyzer"": ""word"", ""max_features"": 20000, ""ngram_range"": [1, 1], ""min_df"": 2, ""max_df"": 0.95, ""sublinear_tf"": true}",word,20000,"(1, 1)",2,0.95,True,"{""C"": 1.0, ""solver"": ""saga""}","{""C"": 1.0, ""solver"": ""lbfgs""}",,lbfgs,1.0,,,,,,,,0.6427718040621266,0.5755221621507145,0.6094285302893949,0.5819547238247762,0.6744901293802879,0.6427718040621266,0.6511230119223361,0.6427718040621266,0.6427718040621266,0.6427718040621266,35.338767582999935,0.0005813340003442,True,The max_iter was reached which means the coef_ did not converge; LogisticRegression saga raised ConvergenceWarning; fallback to lbfgs,success,LogisticRegression saga raised ConvergenceWarning; fallback to lbfgs,354,31,False,False
deep_20260612_180817,03_Full_Clean,LogisticRegression,30,post_content_for_labeling,"{""analyzer"": ""word"", ""max_features"": 10000, ""ngram_range"": [1, 1], ""min_df"": 2, ""max_df"": 0.95, ""sublinear_tf"": true}",word,10000,"(1, 1)",2,0.95,True,"{""C"": 1.0, ""solver"": ""saga""}","{""C"": 1.0, ""solver"": ""lbfgs""}",,lbfgs,1.0,,,,,,,,0.6427718040621266,0.5755221621507145,0.6094285302893949,0.5819547238247762,0.6744901293802879,0.6427718040621266,0.6511230119223361,0.6427718040621266,0.6427718040621266,0.6427718040621266,35.89886233300058,0.0008575419997214,True,The max_iter was reached which means the coef_ did not converge; LogisticRegression saga raised ConvergenceWarning; fallback to lbfgs,success,LogisticRegression saga raised ConvergenceWarning; fallback to lbfgs,355,32,False,False
deep_20260612_180817,01_Raw_Data,LinearSVC,5,post_content_for_labeling,"{""analyzer"": ""word"", ""max_features"": 20000, ""ngram_range"": [1, 1], ""min_df"": 2, ""max_df"": 0.95, ""sublinear_tf"": true}",word,20000,"(1, 1)",2,0.95,True,"{""C"": 0.05, ""class_weight"": ""balanced""}","{""C"": 0.05, ""class_weight"": ""balanced""}",balanced,,0.05,,,,,,,,0.6499402628434886,0.561953198309116,0.63084231957605,0.5812723896319808,0.6763558746830868,0.6499402628434886,0.6529685048068239,0.6499402628434886,0.6499402628434886,0.6499402628434886,0.3076662909998049,0.0003085000003011,False,,success,,356,41,False,False
deep_20260612_180817,02_Basic_Clean,LinearSVC,5,post_content_for_labeling,"{""analyzer"": ""word"", ""max_features"": 20000, ""ngram_range"": [1, 1], ""min_df"": 2, ""max_df"": 0.95, ""sublinear_tf"": true}",word,20000,"(1, 1)",2,0.95,True,"{""C"": 0.05, ""class_weight"": ""balanced""}","{""C"": 0.05, ""class_weight"": ""balanced""}",balanced,,0.05,,,,,,,,0.6475507765830346,0.561153008463153,0.6313207709396031,0.5811838127202188,0.6759019444746323,0.6475507765830346,0.6509869165797341,0.6475507765830346,0.6475507765830346,0.6475507765830346,0.3076459170006274,0.0003171250000377,False,,success,,357,39,False,False
deep_20260612_180817,02_Basic_Clean,LinearSVC,2,post_content_for_labeling,"{""analyzer"": ""word"", ""max_features"": 50000, ""ngram_range"": [1, 2], ""min_df"": 3, ""max_df"": 0.95, ""sublinear_tf"": true}",word,50000,"(1, 2)",3,0.95,True,"{""C"": 0.03, ""class_weight"": ""balanced""}","{""C"": 0.03, ""class_weight"": ""balanced""}",balanced,,0.03,,,,,,,,0.6499402628434886,0.5587634441738147,0.6344846695648694,0.5806034496029818,0.674769421465605,0.6499402628434886,0.6518517882881013,0.6499402628434886,0.6499402628434886,0.6499402628434886,0.5520525410001937,0.0006699579998894,False,,success,,358,40,False,False
deep_20260612_180817,04_No_Stopwords,LinearSVC,2,post_content_for_labeling,"{""analyzer"": ""word"", ""max_features"": 50000, ""ngram_range"": [1, 2], ""min_df"": 3, ""max_df"": 0.95, ""sublinear_tf"": true}",word,50000,"(1, 2)",3,0.95,True,"{""C"": 0.03, ""class_weight"": ""balanced""}","{""C"": 0.03, ""class_weight"": ""balanced""}",balanced,,0.03,,,,,,,,0.6499402628434886,0.5559540993685738,0.6409817997122071,0.5805429550637041,0.682016740908075,0.6499402628434886,0.6538626580290152,0.6499402628434886,0.6499402628434886,0.6499402628434886,0.5138335829997231,0.0005533330004254,False,,success,,359,40,False,False
deep_20260612_180817,04_No_Stopwords,LogisticRegression,7,post_content_for_labeling,"{""analyzer"": ""word"", ""max_features"": 20000, ""ngram_range"": [1, 1], ""min_df"": 2, ""max_df"": 0.95, ""sublinear_tf"": true}",word,20000,"(1, 1)",2,0.95,True,"{""C"": 0.3, ""solver"": ""lbfgs""}","{""C"": 0.3, ""solver"": ""lbfgs""}",,lbfgs,0.3,,,,,,,,0.6176821983273596,0.5612059694745672,0.6279064568754142,0.5799574694330011,0.6687562711954514,0.6176821983273596,0.6299900849177288,0.6176821983273596,0.6176821983273596,0.6176821983273596,0.5026738329997897,0.0005869169999641,False,,success,,360,32,False,False
deep_20260612_180817,02_Basic_Clean,LinearSVC,34,post_content_for_labeling,"{""analyzer"": ""char_wb"", ""max_features"": 50000, ""ngram_range"": [3, 5], ""min_df"": 2, ""max_df"": 0.95, ""sublinear_tf"": true}",char_wb,50000,"(3, 5)",2,0.95,True,"{""C"": 10.0, ""class_weight"": ""balanced""}","{""C"": 10.0, ""class_weight"": ""balanced""}",balanced,,10.0,,,,,,,,0.6786140979689367,0.5895752931855107,0.5810211959838669,0.579942310532354,0.6816718600825634,0.6786140979689367,0.6775343613082976,0.6786140979689367,0.6786140979689367,0.6786140979689367,3.754479917000026,0.0021122090001881,False,,success,,361,41,False,False
deep_20260612_180817,01_Raw_Data,LogisticRegression,7,post_content_for_labeling,"{""analyzer"": ""word"", ""max_features"": 20000, ""ngram_range"": [1, 1], ""min_df"": 2, ""max_df"": 0.95, ""sublinear_tf"": true}",word,20000,"(1, 1)",2,0.95,True,"{""C"": 0.3, ""solver"": ""lbfgs""}","{""C"": 0.3, ""solver"": ""lbfgs""}",,lbfgs,0.3,,,,,,,,0.6200716845878136,0.5600457048207792,0.6288861413614635,0.5796982596693573,0.6654850374095733,0.6200716845878136,0.6304875686668938,0.6200716845878136,0.6200716845878136,0.6200716845878136,1.9125102920000003,0.0005575000000028,False,,success,,362,33,False,False
deep_20260612_180817,05_Balanced,LinearSVC,34,post_content_for_labeling,"{""analyzer"": ""char_wb"", ""max_features"": 50000, ""ngram_range"": [3, 5], ""min_df"": 2, ""max_df"": 0.95, ""sublinear_tf"": true}",char_wb,50000,"(3, 5)",2,0.95,True,"{""C"": 10.0, ""class_weight"": ""balanced""}","{""C"": 10.0, ""class_weight"": ""balanced""}",balanced,,10.0,,,,,,,,0.6702508960573477,0.5947714751104379,0.5752877918479331,0.5796229130302643,0.6761248566236931,0.6702508960573477,0.6700156637973381,0.6702508960573477,0.6702508960573477,0.6702508960573477,18.29852604199914,0.0025376670000696,False,,success,,363,37,False,False
deep_20260612_180817,05_Balanced,RandomForest,17,post_content_for_labeling,"{""analyzer"": ""word"", ""max_features"": 20000, ""ngram_range"": [1, 1], ""min_df"": 2, ""max_df"": 0.95, ""sublinear_tf"": true}",word,20000,"(1, 1)",2,0.95,True,"{""n_estimators"": 300, ""max_depth"": 100, ""max_features"": ""log2"", ""min_samples_leaf"": 1}","{""n_estimators"": 300, ""max_depth"": 100, ""max_features"": ""log2"", ""min_samples_leaf"": 1}",,,,300.0,100.0,,,,,,0.6714456391875747,0.6784194905437447,0.5685872965939912,0.5795625138085282,0.6774860386131836,0.6714456391875747,0.6542189025855698,0.6714456391875747,0.6714456391875747,0.6714456391875747,2.285512624999683,0.0531118330000026,False,,success,,364,1,True,False
deep_20260612_180817,05_Balanced,RandomForest,18,post_content_for_labeling,"{""analyzer"": ""word"", ""max_features"": 30000, ""ngram_range"": [1, 1], ""min_df"": 2, ""max_df"": 0.95, ""sublinear_tf"": true}",word,30000,"(1, 1)",2,0.95,True,"{""n_estimators"": 300, ""max_depth"": 100, ""max_features"": ""log2"", ""min_samples_leaf"": 1}","{""n_estimators"": 300, ""max_depth"": 100, ""max_features"": ""log2"", ""min_samples_leaf"": 1}",,,,300.0,100.0,,,,,,0.6714456391875747,0.6784194905437447,0.5685872965939912,0.5795625138085282,0.6774860386131836,0.6714456391875747,0.6542189025855698,0.6714456391875747,0.6714456391875747,0.6714456391875747,2.320373500000642,0.0513801249999232,False,,success,,365,2,False,False
deep_20260612_180817,02_Basic_Clean,LogisticRegression,7,post_content_for_labeling,"{""analyzer"": ""word"", ""max_features"": 20000, ""ngram_range"": [1, 1], ""min_df"": 2, ""max_df"": 0.95, ""sublinear_tf"": true}",word,20000,"(1, 1)",2,0.95,True,"{""C"": 0.3, ""solver"": ""lbfgs""}","{""C"": 0.3, ""solver"": ""lbfgs""}",,lbfgs,0.3,,,,,,,,0.6200716845878136,0.5587597907534408,0.6293531164702661,0.5790943188236307,0.663925698633405,0.6200716845878136,0.6295216214657022,0.6200716845878136,0.6200716845878136,0.6200716845878136,0.4963454170001569,0.0007207079997897,False,,success,,366,33,False,False
deep_20260612_180817,04_No_Stopwords,RandomForest,18,post_content_for_labeling,"{""analyzer"": ""word"", ""max_features"": 30000, ""ngram_range"": [1, 1], ""min_df"": 2, ""max_df"": 0.95, ""sublinear_tf"": true}",word,30000,"(1, 1)",2,0.95,True,"{""n_estimators"": 300, ""max_depth"": 100, ""max_features"": ""log2"", ""min_samples_leaf"": 1}","{""n_estimators"": 300, ""max_depth"": 100, ""max_features"": ""log2"", ""min_samples_leaf"": 1}",,,,300.0,100.0,,,,,,0.6762246117084827,0.7114997396366721,0.5506501933915555,0.5788321146409138,0.6860099755946085,0.6762246117084827,0.6520380974626894,0.6762246117084827,0.6762246117084827,0.6762246117084827,0.8395077079994735,0.0300054580002324,False,,success,,367,1,True,False
deep_20260612_180817,04_No_Stopwords,RandomForest,17,post_content_for_labeling,"{""analyzer"": ""word"", ""max_features"": 20000, ""ngram_range"": [1, 1], ""min_df"": 2, ""max_df"": 0.95, ""sublinear_tf"": true}",word,20000,"(1, 1)",2,0.95,True,"{""n_estimators"": 300, ""max_depth"": 100, ""max_features"": ""log2"", ""min_samples_leaf"": 1}","{""n_estimators"": 300, ""max_depth"": 100, ""max_features"": ""log2"", ""min_samples_leaf"": 1}",,,,300.0,100.0,,,,,,0.6762246117084827,0.7114997396366721,0.5506501933915555,0.5788321146409138,0.6860099755946085,0.6762246117084827,0.6520380974626894,0.6762246117084827,0.6762246117084827,0.6762246117084827,0.8448814169996695,0.0319185839998681,False,,success,,368,2,False,False
deep_20260612_180817,05_Balanced,LinearSVC,21,post_content_for_labeling,"{""analyzer"": ""word"", ""max_features"": 20000, ""ngram_range"": [1, 1], ""min_df"": 2, ""max_df"": 0.95, ""sublinear_tf"": true}",word,20000,"(1, 1)",2,0.95,True,"{""C"": 2.0, ""class_weight"": ""balanced""}","{""C"": 2.0, ""class_weight"": ""balanced""}",balanced,,2.0,,,,,,,,0.6618876941457587,0.5875734306158164,0.5814416249181741,0.5786314303730178,0.6675201754590917,0.6618876941457587,0.6611576408239214,0.6618876941457587,0.6618876941457587,0.6618876941457587,2.3282035419997555,0.0003520419995766,False,,success,,369,38,False,False
deep_20260612_180817,05_Balanced,LinearSVC,22,post_content_for_labeling,"{""analyzer"": ""word"", ""max_features"": 50000, ""ngram_range"": [1, 1], ""min_df"": 2, ""max_df"": 0.95, ""sublinear_tf"": true}",word,50000,"(1, 1)",2,0.95,True,"{""C"": 2.0, ""class_weight"": ""balanced""}","{""C"": 2.0, ""class_weight"": ""balanced""}",balanced,,2.0,,,,,,,,0.6618876941457587,0.5875734306158164,0.5814416249181741,0.5786314303730178,0.6675201754590917,0.6618876941457587,0.6611576408239214,0.6618876941457587,0.6618876941457587,0.6618876941457587,2.3350617090000014,0.0006285830004344,False,,success,,370,39,False,False
deep_20260612_180817,05_Balanced,LinearSVC,38,post_content_for_labeling,"{""analyzer"": ""word"", ""max_features"": 20000, ""ngram_range"": [1, 1], ""min_df"": 2, ""max_df"": 0.95, ""sublinear_tf"": true}",word,20000,"(1, 1)",2,0.95,True,"{""C"": 2.0, ""class_weight"": null}","{""C"": 2.0, ""class_weight"": null}",,,2.0,,,,,,,,0.6618876941457587,0.5875734306158164,0.5814416249181741,0.5786314303730178,0.6675201754590917,0.6618876941457587,0.6611576408239214,0.6618876941457587,0.6618876941457587,0.6618876941457587,2.3699537079992297,0.0003932910003641,False,,success,,371,40,False,False
deep_20260612_180817,05_Balanced,LinearSVC,39,post_content_for_labeling,"{""analyzer"": ""word"", ""max_features"": 30000, ""ngram_range"": [1, 1], ""min_df"": 2, ""max_df"": 0.95, ""sublinear_tf"": true}",word,30000,"(1, 1)",2,0.95,True,"{""C"": 2.0, ""class_weight"": null}","{""C"": 2.0, ""class_weight"": null}",,,2.0,,,,,,,,0.6618876941457587,0.5875734306158164,0.5814416249181741,0.5786314303730178,0.6675201754590917,0.6618876941457587,0.6611576408239214,0.6618876941457587,0.6618876941457587,0.6618876941457587,2.4014355839990458,0.0004062079988216,False,,success,,372,41,False,False
deep_20260612_180817,05_Balanced,LinearSVC,40,post_content_for_labeling,"{""analyzer"": ""word"", ""max_features"": 50000, ""ngram_range"": [1, 1], ""min_df"": 2, ""max_df"": 0.95, ""sublinear_tf"": true}",word,50000,"(1, 1)",2,0.95,True,"{""C"": 2.0, ""class_weight"": null}","{""C"": 2.0, ""class_weight"": null}",,,2.0,,,,,,,,0.6618876941457587,0.5875734306158164,0.5814416249181741,0.5786314303730178,0.6675201754590917,0.6618876941457587,0.6611576408239214,0.6618876941457587,0.6618876941457587,0.6618876941457587,2.4328782920001686,0.0003957499993703,False,,success,,373,42,False,False
deep_20260612_180817,05_Balanced,LogisticRegression,1,post_content_for_labeling,"{""analyzer"": ""word"", ""max_features"": 50000, ""ngram_range"": [1, 2], ""min_df"": 1, ""max_df"": 0.95, ""sublinear_tf"": true}",word,50000,"(1, 2)",1,0.95,True,"{""C"": 0.05, ""solver"": ""lbfgs""}","{""C"": 0.05, ""solver"": ""lbfgs""}",,lbfgs,0.05,,,,,,,,0.6332138590203107,0.5591849938763243,0.6293811388547113,0.5786177020494847,0.6706904688448553,0.6332138590203107,0.6382434908291119,0.6332138590203107,0.6332138590203107,0.6332138590203107,3.3172353749996546,0.0040692920010769,False,,success,,374,37,False,False
deep_20260612_180817,04_No_Stopwords,LogisticRegression,9,post_content_for_labeling,"{""analyzer"": ""word"", ""max_features"": 30000, ""ngram_range"": [1, 1], ""min_df"": 2, ""max_df"": 0.95, ""sublinear_tf"": true}",word,30000,"(1, 1)",2,0.95,True,"{""C"": 0.5, ""solver"": ""lbfgs""}","{""C"": 0.5, ""solver"": ""lbfgs""}",,lbfgs,0.5,,,,,,,,0.6236559139784946,0.5638047277776644,0.6176307103360953,0.5779882562994989,0.6704492521499247,0.6236559139784946,0.635922660436635,0.6236559139784946,0.6236559139784946,0.6236559139784946,1.325594832999741,0.0006529590000354,False,,success,,375,33,False,False
deep_20260612_180817,05_Balanced,LinearSVC,43,post_content_for_labeling,"{""analyzer"": ""char_wb"", ""max_features"": 30000, ""ngram_range"": [3, 5], ""min_df"": 2, ""max_df"": 0.95, ""sublinear_tf"": true}",char_wb,30000,"(3, 5)",2,0.95,True,"{""C"": 2.0, ""class_weight"": null}","{""C"": 2.0, ""class_weight"": null}",,,2.0,,,,,,,,0.6738351254480287,0.5887475548084201,0.5830242801993462,0.5778839711117468,0.6804852828350966,0.6738351254480287,0.6723233953326269,0.6738351254480287,0.6738351254480287,0.6738351254480287,7.083921833998829,0.0024146669984475,False,,success,,376,43,False,False
deep_20260612_180817,02_Basic_Clean,LogisticRegression,11,post_content_for_labeling,"{""analyzer"": ""char_wb"", ""max_features"": 30000, ""ngram_range"": [3, 5], ""min_df"": 2, ""max_df"": 0.95, ""sublinear_tf"": true}",char_wb,30000,"(3, 5)",2,0.95,True,"{""C"": 0.5, ""solver"": ""lbfgs""}","{""C"": 0.5, ""solver"": ""lbfgs""}",,lbfgs,0.5,,,,,,,,0.6224611708482676,0.5698354457468859,0.614005095891289,0.5776287024057333,0.66993169667325,0.6224611708482676,0.6349598369128345,0.6224611708482676,0.6224611708482676,0.6224611708482676,3.33987445799994,0.0038946660001784,False,,success,,377,34,False,False
deep_20260612_180817,04_No_Stopwords,LogisticRegression,11,post_content_for_labeling,"{""analyzer"": ""char_wb"", ""max_features"": 30000, ""ngram_range"": [3, 5], ""min_df"": 2, ""max_df"": 0.95, ""sublinear_tf"": true}",char_wb,30000,"(3, 5)",2,0.95,True,"{""C"": 0.5, ""solver"": ""lbfgs""}","{""C"": 0.5, ""solver"": ""lbfgs""}",,lbfgs,0.5,,,,,,,,0.6248506571087217,0.5692029758728924,0.6138230382709783,0.5773905998811872,0.6714973848245603,0.6248506571087217,0.6370463803024605,0.6248506571087217,0.6248506571087217,0.6248506571087217,2.7883245829998486,0.0033806250003181,False,,success,,378,34,False,False
deep_20260612_180817,05_Balanced,LinearSVC,3,post_content_for_labeling,"{""analyzer"": ""char_wb"", ""max_features"": 30000, ""ngram_range"": [3, 5], ""min_df"": 2, ""max_df"": 0.95, ""sublinear_tf"": true}",char_wb,30000,"(3, 5)",2,0.95,True,"{""C"": 0.03, ""class_weight"": ""balanced""}","{""C"": 0.03, ""class_weight"": ""balanced""}",balanced,,0.03,,,,,,,,0.6379928315412187,0.5534366898007878,0.6334090894132488,0.5771949066576277,0.6846974495561735,0.6379928315412187,0.6483976683952284,0.6379928315412187,0.6379928315412187,0.6379928315412187,4.966804458999832,0.0020659170004364,False,,success,,379,44,False,False
deep_20260612_180817,01_Raw_Data,LogisticRegression,11,post_content_for_labeling,"{""analyzer"": ""char_wb"", ""max_features"": 30000, ""ngram_range"": [3, 5], ""min_df"": 2, ""max_df"": 0.95, ""sublinear_tf"": true}",char_wb,30000,"(3, 5)",2,0.95,True,"{""C"": 0.5, ""solver"": ""lbfgs""}","{""C"": 0.5, ""solver"": ""lbfgs""}",,lbfgs,0.5,,,,,,,,0.6308243727598566,0.5681991098956661,0.6110047005780012,0.5771225604782643,0.6700610266839351,0.6308243727598566,0.6414731381760356,0.6308243727598566,0.6308243727598566,0.6308243727598566,4.972624791000001,0.0044226249999965,False,,success,,380,34,False,False
deep_20260612_180817,04_No_Stopwords,LinearSVC,34,post_content_for_labeling,"{""analyzer"": ""char_wb"", ""max_features"": 50000, ""ngram_range"": [3, 5], ""min_df"": 2, ""max_df"": 0.95, ""sublinear_tf"": true}",char_wb,50000,"(3, 5)",2,0.95,True,"{""C"": 10.0, ""class_weight"": ""balanced""}","{""C"": 10.0, ""class_weight"": ""balanced""}",balanced,,10.0,,,,,,,,0.6762246117084827,0.5842558888341649,0.577007760398503,0.5769503944352661,0.6781980086515673,0.6762246117084827,0.6749850216959308,0.6762246117084827,0.6762246117084827,0.6762246117084827,3.6131736669995007,0.0020582079996529,False,,success,,381,41,False,False
deep_20260612_180817,03_Full_Clean,LogisticRegression,7,post_content_for_labeling,"{""analyzer"": ""word"", ""max_features"": 20000, ""ngram_range"": [1, 1], ""min_df"": 2, ""max_df"": 0.95, ""sublinear_tf"": true}",word,20000,"(1, 1)",2,0.95,True,"{""C"": 0.3, ""solver"": ""lbfgs""}","{""C"": 0.3, ""solver"": ""lbfgs""}",,lbfgs,0.3,,,,,,,,0.6152927120669056,0.5560706384058921,0.6254912511350639,0.5762010246693278,0.6610328729949797,0.6152927120669056,0.6257322939634893,0.6152927120669056,0.6152927120669056,0.6152927120669056,1.1887210419999974,0.0005559999999604,False,,success,,382,33,False,False
deep_20260612_180817,02_Basic_Clean,LinearSVC,31,post_content_for_labeling,"{""analyzer"": ""word"", ""max_features"": 50000, ""ngram_range"": [1, 1], ""min_df"": 2, ""max_df"": 0.95, ""sublinear_tf"": true}",word,50000,"(1, 1)",2,0.95,True,"{""C"": 10.0, ""class_weight"": ""balanced""}","{""C"": 10.0, ""class_weight"": ""balanced""}",balanced,,10.0,,,,,,,,0.6606929510155317,0.5853701032884542,0.5731611285928114,0.5752587214491589,0.6669204829982112,0.6606929510155317,0.6616420532155782,0.6606929510155317,0.6606929510155317,0.6606929510155317,0.5087695419997544,0.0003310000001874,False,,success,,383,42,False,False
deep_20260612_180817,02_Basic_Clean,LinearSVC,30,post_content_for_labeling,"{""analyzer"": ""word"", ""max_features"": 30000, ""ngram_range"": [1, 1], ""min_df"": 2, ""max_df"": 0.95, ""sublinear_tf"": true}",word,30000,"(1, 1)",2,0.95,True,"{""C"": 10.0, ""class_weight"": ""balanced""}","{""C"": 10.0, ""class_weight"": ""balanced""}",balanced,,10.0,,,,,,,,0.6606929510155317,0.5853701032884542,0.5731611285928114,0.5752587214491589,0.6669204829982112,0.6606929510155317,0.6616420532155782,0.6606929510155317,0.6606929510155317,0.6606929510155317,0.5088925000000017,0.0002942500004792,False,,success,,384,43,False,False
deep_20260612_180817,04_No_Stopwords,LinearSVC,30,post_content_for_labeling,"{""analyzer"": ""word"", ""max_features"": 30000, ""ngram_range"": [1, 1], ""min_df"": 2, ""max_df"": 0.95, ""sublinear_tf"": true}",word,30000,"(1, 1)",2,0.95,True,"{""C"": 10.0, ""class_weight"": ""balanced""}","{""C"": 10.0, ""class_weight"": ""balanced""}",balanced,,10.0,,,,,,,,0.6606929510155317,0.5872841942342051,0.5716197362169619,0.5751814802506533,0.660564005581722,0.6606929510155317,0.6584920112371405,0.6606929510155317,0.6606929510155317,0.6606929510155317,0.475812833999953,0.0002802079998218,False,,success,,385,42,False,False
deep_20260612_180817,04_No_Stopwords,LinearSVC,31,post_content_for_labeling,"{""analyzer"": ""word"", ""max_features"": 50000, ""ngram_range"": [1, 1], ""min_df"": 2, ""max_df"": 0.95, ""sublinear_tf"": true}",word,50000,"(1, 1)",2,0.95,True,"{""C"": 10.0, ""class_weight"": ""balanced""}","{""C"": 10.0, ""class_weight"": ""balanced""}",balanced,,10.0,,,,,,,,0.6606929510155317,0.5872841942342051,0.5716197362169619,0.5751814802506533,0.660564005581722,0.6606929510155317,0.6584920112371405,0.6606929510155317,0.6606929510155317,0.6606929510155317,0.4758143750004819,0.0003252919996157,False,,success,,386,43,False,False
deep_20260612_180817,03_Full_Clean,LinearSVC,2,post_content_for_labeling,"{""analyzer"": ""word"", ""max_features"": 50000, ""ngram_range"": [1, 2], ""min_df"": 3, ""max_df"": 0.95, ""sublinear_tf"": true}",word,50000,"(1, 2)",3,0.95,True,"{""C"": 0.03, ""class_weight"": ""balanced""}","{""C"": 0.03, ""class_weight"": ""balanced""}",balanced,,0.03,,,,,,,,0.6463560334528077,0.5507586299124865,0.6348632381252732,0.5749931059375599,0.6727571151845644,0.6463560334528077,0.6482053078838292,0.6463560334528077,0.6463560334528077,0.6463560334528077,0.5375767909999922,0.0007714169996688,False,,success,,387,40,False,False
deep_20260612_180817,01_Raw_Data,LinearSVC,31,post_content_for_labeling,"{""analyzer"": ""word"", ""max_features"": 50000, ""ngram_range"": [1, 1], ""min_df"": 2, ""max_df"": 0.95, ""sublinear_tf"": true}",word,50000,"(1, 1)",2,0.95,True,"{""C"": 10.0, ""class_weight"": ""balanced""}","{""C"": 10.0, ""class_weight"": ""balanced""}",balanced,,10.0,,,,,,,,0.6630824372759857,0.5852106541078603,0.5754470677420478,0.5749284504277271,0.6654801757909884,0.6630824372759857,0.6619026417393494,0.6630824372759857,0.6630824372759857,0.6630824372759857,0.4948761250002462,0.0003010000000358,False,,success,,388,42,False,False
deep_20260612_180817,01_Raw_Data,LinearSVC,30,post_content_for_labeling,"{""analyzer"": ""word"", ""max_features"": 30000, ""ngram_range"": [1, 1], ""min_df"": 2, ""max_df"": 0.95, ""sublinear_tf"": true}",word,30000,"(1, 1)",2,0.95,True,"{""C"": 10.0, ""class_weight"": ""balanced""}","{""C"": 10.0, ""class_weight"": ""balanced""}",balanced,,10.0,,,,,,,,0.6630824372759857,0.5852106541078603,0.5754470677420478,0.5749284504277271,0.6654801757909884,0.6630824372759857,0.6619026417393494,0.6630824372759857,0.6630824372759857,0.6630824372759857,0.4979444169998714,0.000296624999919,False,,success,,389,43,False,False
deep_20260612_180817,03_Full_Clean,LogisticRegression,11,post_content_for_labeling,"{""analyzer"": ""char_wb"", ""max_features"": 30000, ""ngram_range"": [3, 5], ""min_df"": 2, ""max_df"": 0.95, ""sublinear_tf"": true}",char_wb,30000,"(3, 5)",2,0.95,True,"{""C"": 0.5, ""solver"": ""lbfgs""}","{""C"": 0.5, ""solver"": ""lbfgs""}",,lbfgs,0.5,,,,,,,,0.6212664277180406,0.5643465759216515,0.6123118725845162,0.5740920897785374,0.667181911366355,0.6212664277180406,0.632908184074264,0.6212664277180406,0.6212664277180406,0.6212664277180406,2.7441657500003203,0.003608166000049,False,,success,,390,34,False,False
deep_20260612_180817,03_Full_Clean,LinearSVC,5,post_content_for_labeling,"{""analyzer"": ""word"", ""max_features"": 20000, ""ngram_range"": [1, 1], ""min_df"": 2, ""max_df"": 0.95, ""sublinear_tf"": true}",word,20000,"(1, 1)",2,0.95,True,"{""C"": 0.05, ""class_weight"": ""balanced""}","{""C"": 0.05, ""class_weight"": ""balanced""}",balanced,,0.05,,,,,,,,0.6439665471923537,0.550848669110908,0.6272472356094491,0.5739979165719253,0.6745440540244818,0.6439665471923537,0.6481380231939257,0.6439665471923537,0.6439665471923537,0.6439665471923537,0.3106855000005453,0.0002935829998023,False,,success,,391,41,False,False
deep_20260612_180817,05_Balanced,LogisticRegression,2,post_content_for_labeling,"{""analyzer"": ""word"", ""max_features"": 50000, ""ngram_range"": [1, 2], ""min_df"": 3, ""max_df"": 0.95, ""sublinear_tf"": true}",word,50000,"(1, 2)",3,0.95,True,"{""C"": 0.05, ""solver"": ""lbfgs""}","{""C"": 0.05, ""solver"": ""lbfgs""}",,lbfgs,0.05,,,,,,,,0.6320191158900836,0.5552435715997224,0.6224738304768147,0.5736330709507816,0.6695080731405155,0.6320191158900836,0.6368940937727233,0.6320191158900836,0.6320191158900836,0.6320191158900836,2.446073458999308,0.0033013329993991,False,,success,,392,38,False,False
deep_20260612_180817,05_Balanced,LinearSVC,4,post_content_for_labeling,"{""analyzer"": ""char_wb"", ""max_features"": 50000, ""ngram_range"": [4, 6], ""min_df"": 2, ""max_df"": 0.95, ""sublinear_tf"": true}",char_wb,50000,"(4, 6)",2,0.95,True,"{""C"": 0.03, ""class_weight"": ""balanced""}","{""C"": 0.03, ""class_weight"": ""balanced""}",balanced,,0.03,,,,,,,,0.6320191158900836,0.5498633980946668,0.6281126146469612,0.5733191116917532,0.6763567951304192,0.6320191158900836,0.6411635062893756,0.6320191158900836,0.6320191158900836,0.6320191158900836,4.147108334000222,0.0020186250003462,False,,success,,393,45,False,False
deep_20260612_180817,05_Balanced,LogisticRegression,4,post_content_for_labeling,"{""analyzer"": ""word"", ""max_features"": 10000, ""ngram_range"": [1, 1], ""min_df"": 2, ""max_df"": 0.95, ""sublinear_tf"": true}",word,10000,"(1, 1)",2,0.95,True,"{""C"": 0.1, ""solver"": ""lbfgs""}","{""C"": 0.1, ""solver"": ""lbfgs""}",,lbfgs,0.1,,,,,,,,0.6248506571087217,0.5634286177352349,0.6073257936874581,0.5713798167503805,0.672657450750247,0.6248506571087217,0.6373547208411261,0.6248506571087217,0.6248506571087217,0.6248506571087217,1.1710535420006636,0.0004782910000358,False,,success,,394,39,False,False
deep_20260612_180817,05_Balanced,RandomForest,11,post_content_for_labeling,"{""analyzer"": ""word"", ""max_features"": 50000, ""ngram_range"": [1, 2], ""min_df"": 1, ""max_df"": 0.95, ""sublinear_tf"": true}",word,50000,"(1, 2)",1,0.95,True,"{""n_estimators"": 200, ""max_depth"": 100, ""max_features"": ""sqrt"", ""min_samples_leaf"": 1}","{""n_estimators"": 200, ""max_depth"": 100, ""max_features"": ""sqrt"", ""min_samples_leaf"": 1}",,,,200.0,100.0,,,,,,0.6344086021505376,0.6616772361496718,0.5629142302001657,0.570876833664695,0.6499985698417554,0.6344086021505376,0.620969375258998,0.6344086021505376,0.6344086021505376,0.6344086021505376,4.1344617499999,0.0375072499991802,False,,success,,395,3,False,False
deep_20260612_180817,01_Raw_Data,RandomForest,11,post_content_for_labeling,"{""analyzer"": ""word"", ""max_features"": 50000, ""ngram_range"": [1, 2], ""min_df"": 1, ""max_df"": 0.95, ""sublinear_tf"": true}",word,50000,"(1, 2)",1,0.95,True,"{""n_estimators"": 200, ""max_depth"": 100, ""max_features"": ""sqrt"", ""min_samples_leaf"": 1}","{""n_estimators"": 200, ""max_depth"": 100, ""max_features"": ""sqrt"", ""min_samples_leaf"": 1}",,,,200.0,100.0,,,,,,0.6439665471923537,0.7047826828506422,0.5507998072566878,0.5697750815965782,0.6656281399322856,0.6439665471923537,0.6285652488180238,0.6439665471923537,0.6439665471923537,0.6439665471923537,2.0469676250002067,0.0267486660000031,False,,success,,396,1,True,False
deep_20260612_180817,03_Full_Clean,LinearSVC,31,post_content_for_labeling,"{""analyzer"": ""word"", ""max_features"": 50000, ""ngram_range"": [1, 1], ""min_df"": 2, ""max_df"": 0.95, ""sublinear_tf"": true}",word,50000,"(1, 1)",2,0.95,True,"{""C"": 10.0, ""class_weight"": ""balanced""}","{""C"": 10.0, ""class_weight"": ""balanced""}",balanced,,10.0,,,,,,,,0.6511350059737157,0.580785027248516,0.5647933365923614,0.569118768585897,0.6527271622177276,0.6511350059737157,0.6499181789568109,0.6511350059737157,0.6511350059737157,0.6511350059737157,0.4942441250004776,0.0002986669996971,False,,success,,397,42,False,False
deep_20260612_180817,03_Full_Clean,LinearSVC,30,post_content_for_labeling,"{""analyzer"": ""word"", ""max_features"": 30000, ""ngram_range"": [1, 1], ""min_df"": 2, ""max_df"": 0.95, ""sublinear_tf"": true}",word,30000,"(1, 1)",2,0.95,True,"{""C"": 10.0, ""class_weight"": ""balanced""}","{""C"": 10.0, ""class_weight"": ""balanced""}",balanced,,10.0,,,,,,,,0.6511350059737157,0.580785027248516,0.5647933365923614,0.569118768585897,0.6527271622177276,0.6511350059737157,0.6499181789568109,0.6511350059737157,0.6511350059737157,0.6511350059737157,0.4953802500003803,0.0002925420003521,False,,success,,398,43,False,False
deep_20260612_180817,05_Balanced,RandomForest,10,post_content_for_labeling,"{""analyzer"": ""word"", ""max_features"": 50000, ""ngram_range"": [1, 3], ""min_df"": 2, ""max_df"": 0.95, ""sublinear_tf"": true}",word,50000,"(1, 3)",2,0.95,True,"{""n_estimators"": 200, ""max_depth"": 100, ""max_features"": ""sqrt"", ""min_samples_leaf"": 1}","{""n_estimators"": 200, ""max_depth"": 100, ""max_features"": ""sqrt"", ""min_samples_leaf"": 1}",,,,200.0,100.0,,,,,,0.6248506571087217,0.6437434766539454,0.5578852509185053,0.5681562641972709,0.6365292475275103,0.6248506571087217,0.6128839286711779,0.6248506571087217,0.6248506571087217,0.6248506571087217,4.680763999998817,0.0265956659986841,False,,success,,399,4,False,False
deep_20260612_180817,01_Raw_Data,LinearSVC,4,post_content_for_labeling,"{""analyzer"": ""char_wb"", ""max_features"": 50000, ""ngram_range"": [4, 6], ""min_df"": 2, ""max_df"": 0.95, ""sublinear_tf"": true}",char_wb,50000,"(4, 6)",2,0.95,True,"{""C"": 0.03, ""class_weight"": ""balanced""}","{""C"": 0.03, ""class_weight"": ""balanced""}",balanced,,0.03,,,,,,,,0.6296296296296297,0.5438721671743697,0.6201794899141948,0.5631926038580557,0.6623937185305632,0.6296296296296297,0.6344120238984419,0.6296296296296297,0.6296296296296297,0.6296296296296297,1.1065301670000736,0.0016621250001662,False,,success,,400,44,False,False
deep_20260612_180817,03_Full_Clean,RandomForest,16,post_content_for_labeling,"{""analyzer"": ""word"", ""max_features"": 50000, ""ngram_range"": [1, 2], ""min_df"": 3, ""max_df"": 0.95, ""sublinear_tf"": true}",word,50000,"(1, 2)",3,0.95,True,"{""n_estimators"": 200, ""max_depth"": null, ""max_features"": ""sqrt"", ""min_samples_leaf"": 2}","{""n_estimators"": 200, ""max_depth"": null, ""max_features"": ""sqrt"", ""min_samples_leaf"": 2}",,,,200.0,,,,,,,0.6176821983273596,0.5604477272125584,0.6017208879398739,0.5624164063751229,0.6244547020275103,0.6176821983273596,0.6100570144357512,0.6176821983273596,0.6176821983273596,0.6176821983273596,1.2304826250001497,0.0310115829997812,False,,success,,401,1,True,False
deep_20260612_180817,05_Balanced,RandomForest,15,post_content_for_labeling,"{""analyzer"": ""word"", ""max_features"": 70000, ""ngram_range"": [1, 2], ""min_df"": 2, ""max_df"": 0.95, ""sublinear_tf"": true}",word,70000,"(1, 2)",2,0.95,True,"{""n_estimators"": 200, ""max_depth"": null, ""max_features"": ""sqrt"", ""min_samples_leaf"": 2}","{""n_estimators"": 200, ""max_depth"": null, ""max_features"": ""sqrt"", ""min_samples_leaf"": 2}",,,,200.0,,,,,,,0.6236559139784946,0.5979963405016212,0.5861915994414124,0.5619724247101829,0.6315801501313332,0.6236559139784946,0.610795401033159,0.6236559139784946,0.6236559139784946,0.6236559139784946,4.455052834000526,0.0395522919989161,False,,success,,402,5,False,False
deep_20260612_180817,05_Balanced,RandomForest,5,post_content_for_labeling,"{""analyzer"": ""word"", ""max_features"": 30000, ""ngram_range"": [1, 2], ""min_df"": 2, ""max_df"": 0.95, ""sublinear_tf"": true}",word,30000,"(1, 2)",2,0.95,True,"{""n_estimators"": 300, ""max_depth"": null, ""max_features"": ""sqrt"", ""min_samples_leaf"": 1}","{""n_estimators"": 300, ""max_depth"": null, ""max_features"": ""sqrt"", ""min_samples_leaf"": 1}",,,,300.0,,,,,,,0.6248506571087217,0.6691237309742722,0.5414381549712646,0.5613796242977865,0.6486430363030797,0.6248506571087217,0.6073899766048385,0.6248506571087217,0.6248506571087217,0.6248506571087217,7.480172042000049,0.0894522500002494,False,,success,,403,6,False,False
deep_20260612_180817,05_Balanced,RandomForest,7,post_content_for_labeling,"{""analyzer"": ""word"", ""max_features"": 50000, ""ngram_range"": [1, 2], ""min_df"": 2, ""max_df"": 0.95, ""sublinear_tf"": true}",word,50000,"(1, 2)",2,0.95,True,"{""n_estimators"": 200, ""max_depth"": 50, ""max_features"": ""sqrt"", ""min_samples_leaf"": 1}","{""n_estimators"": 200, ""max_depth"": 50, ""max_features"": ""sqrt"", ""min_samples_leaf"": 1}",,,,200.0,50.0,,,,,,0.6033452807646356,0.5717623320323311,0.5897372253773159,0.5607240685709786,0.6065422934483758,0.6033452807646356,0.5951680656643498,0.6033452807646356,0.6033452807646356,0.6033452807646356,2.4436691669998254,0.0269595829995523,False,,success,,404,7,False,False
deep_20260612_180817,01_Raw_Data,LinearSVC,3,post_content_for_labeling,"{""analyzer"": ""char_wb"", ""max_features"": 30000, ""ngram_range"": [3, 5], ""min_df"": 2, ""max_df"": 0.95, ""sublinear_tf"": true}",char_wb,30000,"(3, 5)",2,0.95,True,"{""C"": 0.03, ""class_weight"": ""balanced""}","{""C"": 0.03, ""class_weight"": ""balanced""}",balanced,,0.03,,,,,,,,0.6260454002389486,0.5348289999022653,0.6213196344490362,0.5605102581040086,0.6592781554574975,0.6260454002389486,0.6314333091852028,0.6260454002389486,0.6260454002389486,0.6260454002389486,1.77704116599989,0.001913333000175,False,,success,,405,45,False,False
deep_20260612_180817,02_Basic_Clean,RandomForest,16,post_content_for_labeling,"{""analyzer"": ""word"", ""max_features"": 50000, ""ngram_range"": [1, 2], ""min_df"": 3, ""max_df"": 0.95, ""sublinear_tf"": true}",word,50000,"(1, 2)",3,0.95,True,"{""n_estimators"": 200, ""max_depth"": null, ""max_features"": ""sqrt"", ""min_samples_leaf"": 2}","{""n_estimators"": 200, ""max_depth"": null, ""max_features"": ""sqrt"", ""min_samples_leaf"": 2}",,,,200.0,,,,,,,0.6140979689366786,0.5694773575848571,0.5969428424467909,0.5599634590919775,0.6196371286774773,0.6140979689366786,0.6053719226146533,0.6140979689366786,0.6140979689366786,0.6140979689366786,1.1976831670003776,0.0320139580003342,False,,success,,406,1,True,False
deep_20260612_180817,04_No_Stopwords,RandomForest,6,post_content_for_labeling,"{""analyzer"": ""word"", ""max_features"": 50000, ""ngram_range"": [1, 1], ""min_df"": 2, ""max_df"": 0.95, ""sublinear_tf"": true}",word,50000,"(1, 1)",2,0.95,True,"{""n_estimators"": 200, ""max_depth"": 50, ""max_features"": ""sqrt"", ""min_samples_leaf"": 1}","{""n_estimators"": 200, ""max_depth"": 50, ""max_features"": ""sqrt"", ""min_samples_leaf"": 1}",,,,200.0,50.0,,,,,,0.6093189964157706,0.6164173026323797,0.5589905657973723,0.5598710823421792,0.6152130277891271,0.6093189964157706,0.598488835705931,0.6093189964157706,0.6093189964157706,0.6093189964157706,0.929253458999483,0.0346177080000416,False,,success,,407,3,False,False
deep_20260612_180817,01_Raw_Data,LogisticRegression,6,post_content_for_labeling,"{""analyzer"": ""word"", ""max_features"": 50000, ""ngram_range"": [1, 3], ""min_df"": 2, ""max_df"": 0.95, ""sublinear_tf"": true}",word,50000,"(1, 3)",2,0.95,True,"{""C"": 0.1, ""solver"": ""lbfgs""}","{""C"": 0.1, ""solver"": ""lbfgs""}",,lbfgs,0.1,,,,,,,,0.6081242532855436,0.531817471953261,0.6307375628881923,0.5594645050698295,0.6634856832321279,0.6081242532855436,0.6149627061029248,0.6081242532855436,0.6081242532855436,0.6081242532855436,5.297873834000001,0.0041174169999997,False,,success,,408,35,False,False
deep_20260612_180817,04_No_Stopwords,LogisticRegression,5,post_content_for_labeling,"{""analyzer"": ""word"", ""max_features"": 70000, ""ngram_range"": [1, 2], ""min_df"": 2, ""max_df"": 0.95, ""sublinear_tf"": true}",word,70000,"(1, 2)",2,0.95,True,"{""C"": 0.1, ""solver"": ""lbfgs""}","{""C"": 0.1, ""solver"": ""lbfgs""}",,lbfgs,0.1,,,,,,,,0.6033452807646356,0.5308283769237195,0.6321287340705459,0.5587433367015692,0.6666536255142836,0.6033452807646356,0.6115799331099219,0.6033452807646356,0.6033452807646356,0.6033452807646356,1.7486743330000536,0.0034606250001161,False,,success,,409,35,False,False
deep_20260612_180817,01_Raw_Data,LogisticRegression,5,post_content_for_labeling,"{""analyzer"": ""word"", ""max_features"": 70000, ""ngram_range"": [1, 2], ""min_df"": 2, ""max_df"": 0.95, ""sublinear_tf"": true}",word,70000,"(1, 2)",2,0.95,True,"{""C"": 0.1, ""solver"": ""lbfgs""}","{""C"": 0.1, ""solver"": ""lbfgs""}",,lbfgs,0.1,,,,,,,,0.6081242532855436,0.5321741952188113,0.626034788390581,0.5586103465240699,0.6631873204756898,0.6081242532855436,0.6153049922486943,0.6081242532855436,0.6081242532855436,0.6081242532855436,1.339418417000001,0.00379225,False,,success,,410,36,False,False
deep_20260612_180817,01_Raw_Data,RandomForest,12,post_content_for_labeling,"{""analyzer"": ""word"", ""max_features"": 50000, ""ngram_range"": [1, 2], ""min_df"": 3, ""max_df"": 0.95, ""sublinear_tf"": true}",word,50000,"(1, 2)",3,0.95,True,"{""n_estimators"": 200, ""max_depth"": 100, ""max_features"": ""sqrt"", ""min_samples_leaf"": 1}","{""n_estimators"": 200, ""max_depth"": 100, ""max_features"": ""sqrt"", ""min_samples_leaf"": 1}",,,,200.0,100.0,,,,,,0.6200716845878136,0.6819121430208883,0.5457159988469652,0.5585521261520183,0.6442099134778067,0.6200716845878136,0.603628936858861,0.6200716845878136,0.6200716845878136,0.6200716845878136,1.6546087500000797,0.0251994580000882,False,,success,,411,2,False,False
deep_20260612_180817,01_Raw_Data,RandomForest,16,post_content_for_labeling,"{""analyzer"": ""word"", ""max_features"": 50000, ""ngram_range"": [1, 2], ""min_df"": 3, ""max_df"": 0.95, ""sublinear_tf"": true}",word,50000,"(1, 2)",3,0.95,True,"{""n_estimators"": 200, ""max_depth"": null, ""max_features"": ""sqrt"", ""min_samples_leaf"": 2}","{""n_estimators"": 200, ""max_depth"": null, ""max_features"": ""sqrt"", ""min_samples_leaf"": 2}",,,,200.0,,,,,,,0.6236559139784946,0.5528319319661914,0.5936139472208244,0.558552047106514,0.6270957457570943,0.6236559139784946,0.6162160808371736,0.6236559139784946,0.6236559139784946,0.6236559139784946,1.2337797920001776,0.0254665830000249,False,,success,,412,3,False,False
deep_20260612_180817,01_Raw_Data,RandomForest,6,post_content_for_labeling,"{""analyzer"": ""word"", ""max_features"": 50000, ""ngram_range"": [1, 1], ""min_df"": 2, ""max_df"": 0.95, ""sublinear_tf"": true}",word,50000,"(1, 1)",2,0.95,True,"{""n_estimators"": 200, ""max_depth"": 50, ""max_features"": ""sqrt"", ""min_samples_leaf"": 1}","{""n_estimators"": 200, ""max_depth"": 50, ""max_features"": ""sqrt"", ""min_samples_leaf"": 1}",,,,200.0,50.0,,,,,,0.6057347670250897,0.6344304626675564,0.5548320018062702,0.5579096905628207,0.6145409958568839,0.6057347670250897,0.5930043765023029,0.6057347670250897,0.6057347670250897,0.6057347670250897,0.7852067090000219,0.0269044169999688,False,,success,,413,4,False,False
deep_20260612_180817,01_Raw_Data,RandomForest,15,post_content_for_labeling,"{""analyzer"": ""word"", ""max_features"": 70000, ""ngram_range"": [1, 2], ""min_df"": 2, ""max_df"": 0.95, ""sublinear_tf"": true}",word,70000,"(1, 2)",2,0.95,True,"{""n_estimators"": 200, ""max_depth"": null, ""max_features"": ""sqrt"", ""min_samples_leaf"": 2}","{""n_estimators"": 200, ""max_depth"": null, ""max_features"": ""sqrt"", ""min_samples_leaf"": 2}",,,,200.0,,,,,,,0.6140979689366786,0.5546758062648236,0.5995725051884551,0.5566685102994433,0.6256950121610281,0.6140979689366786,0.6087969890717053,0.6140979689366786,0.6140979689366786,0.6140979689366786,1.240826457999901,0.0266815420000057,False,,success,,414,5,False,False
deep_20260612_180817,02_Basic_Clean,RandomForest,7,post_content_for_labeling,"{""analyzer"": ""word"", ""max_features"": 50000, ""ngram_range"": [1, 2], ""min_df"": 2, ""max_df"": 0.95, ""sublinear_tf"": true}",word,50000,"(1, 2)",2,0.95,True,"{""n_estimators"": 200, ""max_depth"": 50, ""max_features"": ""sqrt"", ""min_samples_leaf"": 1}","{""n_estimators"": 200, ""max_depth"": 50, ""max_features"": ""sqrt"", ""min_samples_leaf"": 1}",,,,200.0,50.0,,,,,,0.6093189964157706,0.5983923941453915,0.5717486329786283,0.5563557392237062,0.6114774794155923,0.6093189964157706,0.5983762233991329,0.6093189964157706,0.6093189964157706,0.6093189964157706,1.2331827089997205,0.0270476660002714,False,,success,,415,2,False,False
deep_20260612_180817,02_Basic_Clean,RandomForest,8,post_content_for_labeling,"{""analyzer"": ""word"", ""max_features"": 70000, ""ngram_range"": [1, 2], ""min_df"": 2, ""max_df"": 0.95, ""sublinear_tf"": true}",word,70000,"(1, 2)",2,0.95,True,"{""n_estimators"": 200, ""max_depth"": 50, ""max_features"": ""sqrt"", ""min_samples_leaf"": 1}","{""n_estimators"": 200, ""max_depth"": 50, ""max_features"": ""sqrt"", ""min_samples_leaf"": 1}",,,,200.0,50.0,,,,,,0.6093189964157706,0.5983923941453915,0.5717486329786283,0.5563557392237062,0.6114774794155923,0.6093189964157706,0.5983762233991329,0.6093189964157706,0.6093189964157706,0.6093189964157706,1.3104917089999617,0.029667290999896,False,,success,,416,3,False,False
deep_20260612_180817,02_Basic_Clean,LogisticRegression,5,post_content_for_labeling,"{""analyzer"": ""word"", ""max_features"": 70000, ""ngram_range"": [1, 2], ""min_df"": 2, ""max_df"": 0.95, ""sublinear_tf"": true}",word,70000,"(1, 2)",2,0.95,True,"{""C"": 0.1, ""solver"": ""lbfgs""}","{""C"": 0.1, ""solver"": ""lbfgs""}",,lbfgs,0.1,,,,,,,,0.6081242532855436,0.5326219640672323,0.6252881005905673,0.5562964884738398,0.6695547723061642,0.6081242532855436,0.6163477411594378,0.6081242532855436,0.6081242532855436,0.6081242532855436,1.6825083339999765,0.0022081249999246,False,,success,,417,35,False,False
deep_20260612_180817,05_Balanced,RandomForest,16,post_content_for_labeling,"{""analyzer"": ""word"", ""max_features"": 50000, ""ngram_range"": [1, 2], ""min_df"": 3, ""max_df"": 0.95, ""sublinear_tf"": true}",word,50000,"(1, 2)",3,0.95,True,"{""n_estimators"": 200, ""max_depth"": null, ""max_features"": ""sqrt"", ""min_samples_leaf"": 2}","{""n_estimators"": 200, ""max_depth"": null, ""max_features"": ""sqrt"", ""min_samples_leaf"": 2}",,,,200.0,,,,,,,0.6224611708482676,0.5973347868004237,0.5693022527111348,0.5553892441711469,0.6267481736625945,0.6224611708482676,0.6085777765539896,0.6224611708482676,0.6224611708482676,0.6224611708482676,4.1584670419997565,0.0391591660008998,False,,success,,418,8,False,False
deep_20260612_180817,01_Raw_Data,RandomForest,10,post_content_for_labeling,"{""analyzer"": ""word"", ""max_features"": 50000, ""ngram_range"": [1, 3], ""min_df"": 2, ""max_df"": 0.95, ""sublinear_tf"": true}",word,50000,"(1, 3)",2,0.95,True,"{""n_estimators"": 200, ""max_depth"": 100, ""max_features"": ""sqrt"", ""min_samples_leaf"": 1}","{""n_estimators"": 200, ""max_depth"": 100, ""max_features"": ""sqrt"", ""min_samples_leaf"": 1}",,,,200.0,100.0,,,,,,0.6296296296296297,0.6623970388514357,0.5440887148768129,0.5551257299160863,0.6406154795673686,0.6296296296296297,0.6122370251191157,0.6296296296296297,0.6296296296296297,0.6296296296296297,2.5306335420000323,0.0269881669998994,False,,success,,419,6,False,False
deep_20260612_180817,02_Basic_Clean,RandomForest,13,post_content_for_labeling,"{""analyzer"": ""word"", ""max_features"": 10000, ""ngram_range"": [1, 1], ""min_df"": 2, ""max_df"": 0.95, ""sublinear_tf"": true}",word,10000,"(1, 1)",2,0.95,True,"{""n_estimators"": 200, ""max_depth"": null, ""max_features"": ""sqrt"", ""min_samples_leaf"": 2}","{""n_estimators"": 200, ""max_depth"": null, ""max_features"": ""sqrt"", ""min_samples_leaf"": 2}",,,,200.0,,,,,,,0.6057347670250897,0.5781989119135256,0.5774813550221878,0.5551056276248254,0.6092981020851271,0.6057347670250897,0.5968957938569368,0.6057347670250897,0.6057347670250897,0.6057347670250897,0.8509130410002399,0.026951709000059,False,,success,,420,4,False,False
deep_20260612_180817,02_Basic_Clean,RandomForest,14,post_content_for_labeling,"{""analyzer"": ""word"", ""max_features"": 50000, ""ngram_range"": [1, 1], ""min_df"": 2, ""max_df"": 0.95, ""sublinear_tf"": true}",word,50000,"(1, 1)",2,0.95,True,"{""n_estimators"": 200, ""max_depth"": null, ""max_features"": ""sqrt"", ""min_samples_leaf"": 2}","{""n_estimators"": 200, ""max_depth"": null, ""max_features"": ""sqrt"", ""min_samples_leaf"": 2}",,,,200.0,,,,,,,0.6057347670250897,0.5781989119135256,0.5774813550221878,0.5551056276248254,0.6092981020851271,0.6057347670250897,0.5968957938569368,0.6057347670250897,0.6057347670250897,0.6057347670250897,0.8611874580001313,0.027637125000183,False,,success,,421,5,False,False
deep_20260612_180817,02_Basic_Clean,LinearSVC,3,post_content_for_labeling,"{""analyzer"": ""char_wb"", ""max_features"": 30000, ""ngram_range"": [3, 5], ""min_df"": 2, ""max_df"": 0.95, ""sublinear_tf"": true}",char_wb,30000,"(3, 5)",2,0.95,True,"{""C"": 0.03, ""class_weight"": ""balanced""}","{""C"": 0.03, ""class_weight"": ""balanced""}",balanced,,0.03,,,,,,,,0.6188769414575866,0.5294789778505049,0.6194929222028458,0.5550532685211708,0.6595779040591233,0.6188769414575866,0.6253815271143554,0.6188769414575866,0.6188769414575866,0.6188769414575866,1.7032583330001216,0.0019161660002282,False,,success,,422,44,False,False
deep_20260612_180817,05_Balanced,RandomForest,1,post_content_for_labeling,"{""analyzer"": ""word"", ""max_features"": 30000, ""ngram_range"": [1, 2], ""min_df"": 2, ""max_df"": 0.95, ""sublinear_tf"": true}",word,30000,"(1, 2)",2,0.95,True,"{""n_estimators"": 100, ""max_depth"": null, ""max_features"": ""sqrt"", ""min_samples_leaf"": 1}","{""n_estimators"": 100, ""max_depth"": null, ""max_features"": ""sqrt"", ""min_samples_leaf"": 1}",,,,100.0,,,,,,,0.6081242532855436,0.6711490011490011,0.5350128050350114,0.5547469788616339,0.6331240580882159,0.6081242532855436,0.5922740247020257,0.6081242532855436,0.6081242532855436,0.6081242532855436,3.1638265830006276,0.0256050000007235,False,,success,,423,9,False,False
deep_20260612_180817,04_No_Stopwords,RandomForest,8,post_content_for_labeling,"{""analyzer"": ""word"", ""max_features"": 70000, ""ngram_range"": [1, 2], ""min_df"": 2, ""max_df"": 0.95, ""sublinear_tf"": true}",word,70000,"(1, 2)",2,0.95,True,"{""n_estimators"": 200, ""max_depth"": 50, ""max_features"": ""sqrt"", ""min_samples_leaf"": 1}","{""n_estimators"": 200, ""max_depth"": 50, ""max_features"": ""sqrt"", ""min_samples_leaf"": 1}",,,,200.0,50.0,,,,,,0.6045400238948626,0.5922256481957878,0.5653349754665132,0.5547337315695234,0.6077099602983451,0.6045400238948626,0.5943620244073797,0.6045400238948626,0.6045400238948626,0.6045400238948626,1.1843330829997285,0.032175415999518,False,,success,,424,4,False,False
deep_20260612_180817,04_No_Stopwords,RandomForest,7,post_content_for_labeling,"{""analyzer"": ""word"", ""max_features"": 50000, ""ngram_range"": [1, 2], ""min_df"": 2, ""max_df"": 0.95, ""sublinear_tf"": true}",word,50000,"(1, 2)",2,0.95,True,"{""n_estimators"": 200, ""max_depth"": 50, ""max_features"": ""sqrt"", ""min_samples_leaf"": 1}","{""n_estimators"": 200, ""max_depth"": 50, ""max_features"": ""sqrt"", ""min_samples_leaf"": 1}",,,,200.0,50.0,,,,,,0.6045400238948626,0.5922256481957878,0.5653349754665132,0.5547337315695234,0.6077099602983451,0.6045400238948626,0.5943620244073797,0.6045400238948626,0.6045400238948626,0.6045400238948626,1.620247124999878,0.027047333000155,False,,success,,425,5,False,False
deep_20260612_180817,02_Basic_Clean,LogisticRegression,6,post_content_for_labeling,"{""analyzer"": ""word"", ""max_features"": 50000, ""ngram_range"": [1, 3], ""min_df"": 2, ""max_df"": 0.95, ""sublinear_tf"": true}",word,50000,"(1, 3)",2,0.95,True,"{""C"": 0.1, ""solver"": ""lbfgs""}","{""C"": 0.1, ""solver"": ""lbfgs""}",,lbfgs,0.1,,,,,,,,0.6033452807646356,0.5284730861468346,0.6221633075137353,0.5544378233961895,0.6622544786796415,0.6033452807646356,0.6122429332593251,0.6033452807646356,0.6033452807646356,0.6033452807646356,2.677166374999615,0.0023577080000904,False,,success,,426,36,False,False
deep_20260612_180817,03_Full_Clean,LinearSVC,3,post_content_for_labeling,"{""analyzer"": ""char_wb"", ""max_features"": 30000, ""ngram_range"": [3, 5], ""min_df"": 2, ""max_df"": 0.95, ""sublinear_tf"": true}",char_wb,30000,"(3, 5)",2,0.95,True,"{""C"": 0.03, ""class_weight"": ""balanced""}","{""C"": 0.03, ""class_weight"": ""balanced""}",balanced,,0.03,,,,,,,,0.6152927120669056,0.5288276053301629,0.6181792276511083,0.5540426562381549,0.6562053540742959,0.6152927120669056,0.6216913320427704,0.6152927120669056,0.6152927120669056,0.6152927120669056,1.61723316699954,0.0016644580000502,False,,success,,427,44,False,False
deep_20260612_180817,02_Basic_Clean,LinearSVC,4,post_content_for_labeling,"{""analyzer"": ""char_wb"", ""max_features"": 50000, ""ngram_range"": [4, 6], ""min_df"": 2, ""max_df"": 0.95, ""sublinear_tf"": true}",char_wb,50000,"(4, 6)",2,0.95,True,"{""C"": 0.03, ""class_weight"": ""balanced""}","{""C"": 0.03, ""class_weight"": ""balanced""}",balanced,,0.03,,,,,,,,0.6224611708482676,0.5371888930266451,0.612830931592873,0.5535147604093607,0.663028870102478,0.6224611708482676,0.6284498599946646,0.6224611708482676,0.6224611708482676,0.6224611708482676,1.0561658750002607,0.0013391250004133,False,,success,,428,45,False,False
deep_20260612_180817,03_Full_Clean,LogisticRegression,5,post_content_for_labeling,"{""analyzer"": ""word"", ""max_features"": 70000, ""ngram_range"": [1, 2], ""min_df"": 2, ""max_df"": 0.95, ""sublinear_tf"": true}",word,70000,"(1, 2)",2,0.95,True,"{""C"": 0.1, ""solver"": ""lbfgs""}","{""C"": 0.1, ""solver"": ""lbfgs""}",,lbfgs,0.1,,,,,,,,0.6021505376344086,0.5269843260140088,0.6279565117376801,0.553485702831126,0.6651819845751136,0.6021505376344086,0.609674230245998,0.6021505376344086,0.6021505376344086,0.6021505376344086,1.7211013750002166,0.0025289169998359,False,,success,,429,35,False,False
deep_20260612_180817,03_Full_Clean,RandomForest,15,post_content_for_labeling,"{""analyzer"": ""word"", ""max_features"": 70000, ""ngram_range"": [1, 2], ""min_df"": 2, ""max_df"": 0.95, ""sublinear_tf"": true}",word,70000,"(1, 2)",2,0.95,True,"{""n_estimators"": 200, ""max_depth"": null, ""max_features"": ""sqrt"", ""min_samples_leaf"": 2}","{""n_estimators"": 200, ""max_depth"": null, ""max_features"": ""sqrt"", ""min_samples_leaf"": 2}",,,,200.0,,,,,,,0.6105137395459976,0.5379633787033077,0.5991246388214839,0.5533607724165974,0.6196482246740419,0.6105137395459976,0.6054950155777277,0.6105137395459976,0.6105137395459976,0.6105137395459976,1.2865622500003155,0.0302637499999036,False,,success,,430,2,False,False
deep_20260612_180817,04_No_Stopwords,LinearSVC,3,post_content_for_labeling,"{""analyzer"": ""char_wb"", ""max_features"": 30000, ""ngram_range"": [3, 5], ""min_df"": 2, ""max_df"": 0.95, ""sublinear_tf"": true}",char_wb,30000,"(3, 5)",2,0.95,True,"{""C"": 0.03, ""class_weight"": ""balanced""}","{""C"": 0.03, ""class_weight"": ""balanced""}",balanced,,0.03,,,,,,,,0.6212664277180406,0.5279323401410103,0.6187387595959164,0.5530572258167309,0.6619979021387289,0.6212664277180406,0.627528559438191,0.6212664277180406,0.6212664277180406,0.6212664277180406,1.5476340420009365,0.0018108330004906,False,,success,,431,44,False,False
deep_20260612_180817,03_Full_Clean,LinearSVC,4,post_content_for_labeling,"{""analyzer"": ""char_wb"", ""max_features"": 50000, ""ngram_range"": [4, 6], ""min_df"": 2, ""max_df"": 0.95, ""sublinear_tf"": true}",char_wb,50000,"(4, 6)",2,0.95,True,"{""C"": 0.03, ""class_weight"": ""balanced""}","{""C"": 0.03, ""class_weight"": ""balanced""}",balanced,,0.03,,,,,,,,0.6188769414575866,0.5367564706935859,0.613531047913078,0.5528426501745779,0.6618204646514297,0.6188769414575866,0.6254478117761584,0.6188769414575866,0.6188769414575866,0.6188769414575866,1.043467375000546,0.0017073749995688,False,,success,,432,45,False,False
deep_20260612_180817,04_No_Stopwords,LinearSVC,4,post_content_for_labeling,"{""analyzer"": ""char_wb"", ""max_features"": 50000, ""ngram_range"": [4, 6], ""min_df"": 2, ""max_df"": 0.95, ""sublinear_tf"": true}",char_wb,50000,"(4, 6)",2,0.95,True,"{""C"": 0.03, ""class_weight"": ""balanced""}","{""C"": 0.03, ""class_weight"": ""balanced""}",balanced,,0.03,,,,,,,,0.6236559139784946,0.5365362933706651,0.6149658816768468,0.5527010254274689,0.6657046239554943,0.6236559139784946,0.6289522292991587,0.6236559139784946,0.6236559139784946,0.6236559139784946,1.050584542001161,0.0014988750008342,False,,success,,433,45,False,False
deep_20260612_180817,02_Basic_Clean,RandomForest,6,post_content_for_labeling,"{""analyzer"": ""word"", ""max_features"": 50000, ""ngram_range"": [1, 1], ""min_df"": 2, ""max_df"": 0.95, ""sublinear_tf"": true}",word,50000,"(1, 1)",2,0.95,True,"{""n_estimators"": 200, ""max_depth"": 50, ""max_features"": ""sqrt"", ""min_samples_leaf"": 1}","{""n_estimators"": 200, ""max_depth"": 50, ""max_features"": ""sqrt"", ""min_samples_leaf"": 1}",,,,200.0,50.0,,,,,,0.6045400238948626,0.636924295426565,0.5491376859495766,0.5526691807575106,0.6129529479647456,0.6045400238948626,0.5905507565132203,0.6045400238948626,0.6045400238948626,0.6045400238948626,0.7786426659999961,0.0269832080002743,False,,success,,434,6,False,False
deep_20260612_180817,05_Balanced,RandomForest,12,post_content_for_labeling,"{""analyzer"": ""word"", ""max_features"": 50000, ""ngram_range"": [1, 2], ""min_df"": 3, ""max_df"": 0.95, ""sublinear_tf"": true}",word,50000,"(1, 2)",3,0.95,True,"{""n_estimators"": 200, ""max_depth"": 100, ""max_features"": ""sqrt"", ""min_samples_leaf"": 1}","{""n_estimators"": 200, ""max_depth"": 100, ""max_features"": ""sqrt"", ""min_samples_leaf"": 1}",,,,200.0,100.0,,,,,,0.6224611708482676,0.6212535768539397,0.5503732928409455,0.5519645787178217,0.6270837139867007,0.6224611708482676,0.6067852347768103,0.6224611708482676,0.6224611708482676,0.6224611708482676,4.215259540998886,0.0379100410009414,False,,success,,435,10,False,False
deep_20260612_180817,03_Full_Clean,RandomForest,10,post_content_for_labeling,"{""analyzer"": ""word"", ""max_features"": 50000, ""ngram_range"": [1, 3], ""min_df"": 2, ""max_df"": 0.95, ""sublinear_tf"": true}",word,50000,"(1, 3)",2,0.95,True,"{""n_estimators"": 200, ""max_depth"": 100, ""max_features"": ""sqrt"", ""min_samples_leaf"": 1}","{""n_estimators"": 200, ""max_depth"": 100, ""max_features"": ""sqrt"", ""min_samples_leaf"": 1}",,,,200.0,100.0,,,,,,0.6236559139784946,0.6563718205094425,0.5363206777320265,0.5518713396032918,0.634968699103832,0.6236559139784946,0.6072611936783446,0.6236559139784946,0.6236559139784946,0.6236559139784946,2.646814374999849,0.0294186669998453,False,,success,,436,3,False,False
deep_20260612_180817,04_No_Stopwords,LogisticRegression,6,post_content_for_labeling,"{""analyzer"": ""word"", ""max_features"": 50000, ""ngram_range"": [1, 3], ""min_df"": 2, ""max_df"": 0.95, ""sublinear_tf"": true}",word,50000,"(1, 3)",2,0.95,True,"{""C"": 0.1, ""solver"": ""lbfgs""}","{""C"": 0.1, ""solver"": ""lbfgs""}",,lbfgs,0.1,,,,,,,,0.6009557945041816,0.5242669863943641,0.6229122585986934,0.5508444690894033,0.6627610169750889,0.6009557945041816,0.6091366983659801,0.6009557945041816,0.6009557945041816,0.6009557945041816,1.8933239999996656,0.0052804160004598,False,,success,,437,36,False,False
deep_20260612_180817,03_Full_Clean,LogisticRegression,6,post_content_for_labeling,"{""analyzer"": ""word"", ""max_features"": 50000, ""ngram_range"": [1, 3], ""min_df"": 2, ""max_df"": 0.95, ""sublinear_tf"": true}",word,50000,"(1, 3)",2,0.95,True,"{""C"": 0.1, ""solver"": ""lbfgs""}","{""C"": 0.1, ""solver"": ""lbfgs""}",,lbfgs,0.1,,,,,,,,0.5985663082437276,0.524374643062085,0.6215405409606546,0.5507085759374285,0.6601435276750776,0.5985663082437276,0.6067961201000913,0.5985663082437276,0.5985663082437276,0.5985663082437276,2.7888814580001053,0.0026095840003108,False,,success,,438,36,False,False
deep_20260612_180817,04_No_Stopwords,RandomForest,11,post_content_for_labeling,"{""analyzer"": ""word"", ""max_features"": 50000, ""ngram_range"": [1, 2], ""min_df"": 1, ""max_df"": 0.95, ""sublinear_tf"": true}",word,50000,"(1, 2)",1,0.95,True,"{""n_estimators"": 200, ""max_depth"": 100, ""max_features"": ""sqrt"", ""min_samples_leaf"": 1}","{""n_estimators"": 200, ""max_depth"": 100, ""max_features"": ""sqrt"", ""min_samples_leaf"": 1}",,,,200.0,100.0,,,,,,0.6320191158900836,0.6662969800929511,0.5356476243418283,0.5500544407505995,0.6411663796891485,0.6320191158900836,0.6127598279330355,0.6320191158900836,0.6320191158900836,0.6320191158900836,2.159450625000318,0.0318251669996243,False,,success,,439,6,False,False
deep_20260612_180817,04_No_Stopwords,RandomForest,12,post_content_for_labeling,"{""analyzer"": ""word"", ""max_features"": 50000, ""ngram_range"": [1, 2], ""min_df"": 3, ""max_df"": 0.95, ""sublinear_tf"": true}",word,50000,"(1, 2)",3,0.95,True,"{""n_estimators"": 200, ""max_depth"": 100, ""max_features"": ""sqrt"", ""min_samples_leaf"": 1}","{""n_estimators"": 200, ""max_depth"": 100, ""max_features"": ""sqrt"", ""min_samples_leaf"": 1}",,,,200.0,100.0,,,,,,0.6236559139784946,0.6771864122801142,0.5399926704326726,0.5498113647295143,0.6455125007225696,0.6236559139784946,0.6060627538622403,0.6236559139784946,0.6236559139784946,0.6236559139784946,1.5880116660000567,0.0306081250000715,False,,success,,440,7,False,False
deep_20260612_180817,04_No_Stopwords,RandomForest,15,post_content_for_labeling,"{""analyzer"": ""word"", ""max_features"": 70000, ""ngram_range"": [1, 2], ""min_df"": 2, ""max_df"": 0.95, ""sublinear_tf"": true}",word,70000,"(1, 2)",2,0.95,True,"{""n_estimators"": 200, ""max_depth"": null, ""max_features"": ""sqrt"", ""min_samples_leaf"": 2}","{""n_estimators"": 200, ""max_depth"": null, ""max_features"": ""sqrt"", ""min_samples_leaf"": 2}",,,,200.0,,,,,,,0.6045400238948626,0.5334548927835955,0.5999516038739907,0.5498094215738826,0.6131218187211793,0.6045400238948626,0.5988979648280458,0.6045400238948626,0.6045400238948626,0.6045400238948626,1.49696883300021,0.0300147499992817,False,,success,,441,8,False,False
deep_20260612_180817,05_Balanced,LogisticRegression,3,post_content_for_labeling,"{""analyzer"": ""char_wb"", ""max_features"": 50000, ""ngram_range"": [3, 5], ""min_df"": 2, ""max_df"": 0.95, ""sublinear_tf"": true}",char_wb,50000,"(3, 5)",2,0.95,True,"{""C"": 0.05, ""solver"": ""lbfgs""}","{""C"": 0.05, ""solver"": ""lbfgs""}",,lbfgs,0.05,,,,,,,,0.5925925925925926,0.5286372403339796,0.6091903555951653,0.5495662670490026,0.6498320069422329,0.5925925925925926,0.6048417458137492,0.5925925925925926,0.5925925925925926,0.5925925925925926,6.735026750000543,0.0039193329994304,False,,success,,442,40,False,False
deep_20260612_180817,05_Balanced,RandomForest,8,post_content_for_labeling,"{""analyzer"": ""word"", ""max_features"": 70000, ""ngram_range"": [1, 2], ""min_df"": 2, ""max_df"": 0.95, ""sublinear_tf"": true}",word,70000,"(1, 2)",2,0.95,True,"{""n_estimators"": 200, ""max_depth"": 50, ""max_features"": ""sqrt"", ""min_samples_leaf"": 1}","{""n_estimators"": 200, ""max_depth"": 50, ""max_features"": ""sqrt"", ""min_samples_leaf"": 1}",,,,200.0,50.0,,,,,,0.6093189964157706,0.5579264790629642,0.5850654191740291,0.5479246390088981,0.6178537437227284,0.6093189964157706,0.6011582018866523,0.6093189964157706,0.6093189964157706,0.6093189964157706,3.204954249998991,0.0253651669991086,False,,success,,443,11,False,False
deep_20260612_180817,03_Full_Clean,RandomForest,6,post_content_for_labeling,"{""analyzer"": ""word"", ""max_features"": 50000, ""ngram_range"": [1, 1], ""min_df"": 2, ""max_df"": 0.95, ""sublinear_tf"": true}",word,50000,"(1, 1)",2,0.95,True,"{""n_estimators"": 200, ""max_depth"": 50, ""max_features"": ""sqrt"", ""min_samples_leaf"": 1}","{""n_estimators"": 200, ""max_depth"": 50, ""max_features"": ""sqrt"", ""min_samples_leaf"": 1}",,,,200.0,50.0,,,,,,0.6033452807646356,0.6236395384387216,0.5442466230329985,0.5477009522807792,0.6102238980593818,0.6033452807646356,0.5899989256557824,0.6033452807646356,0.6033452807646356,0.6033452807646356,0.8184055419997094,0.0267855829997643,False,,success,,444,4,False,False
deep_20260612_180817,04_No_Stopwords,RandomForest,2,post_content_for_labeling,"{""analyzer"": ""word"", ""max_features"": 50000, ""ngram_range"": [1, 2], ""min_df"": 2, ""max_df"": 0.95, ""sublinear_tf"": true}",word,50000,"(1, 2)",2,0.95,True,"{""n_estimators"": 100, ""max_depth"": null, ""max_features"": ""sqrt"", ""min_samples_leaf"": 1}","{""n_estimators"": 100, ""max_depth"": null, ""max_features"": ""sqrt"", ""min_samples_leaf"": 1}",,,,100.0,,,,,,,0.6200716845878136,0.7150408997147484,0.5129763238347915,0.547436566011118,0.6538581578011359,0.6200716845878136,0.5979885957110106,0.6200716845878136,0.6200716845878136,0.6200716845878136,1.651887333000559,0.0151103749994945,False,,success,,445,9,False,False
deep_20260612_180817,05_Balanced,RandomForest,9,post_content_for_labeling,"{""analyzer"": ""word"", ""max_features"": 20000, ""ngram_range"": [1, 1], ""min_df"": 2, ""max_df"": 0.95, ""sublinear_tf"": true}",word,20000,"(1, 1)",2,0.95,True,"{""n_estimators"": 200, ""max_depth"": 100, ""max_features"": ""sqrt"", ""min_samples_leaf"": 1}","{""n_estimators"": 200, ""max_depth"": 100, ""max_features"": ""sqrt"", ""min_samples_leaf"": 1}",,,,200.0,100.0,,,,,,0.6129032258064516,0.6170239021419274,0.5418369210508364,0.5467993644968091,0.619194550519259,0.6129032258064516,0.5991910948646622,0.6129032258064516,0.6129032258064516,0.6129032258064516,2.609116374998848,0.0249330000006011,False,,success,,446,12,False,False
deep_20260612_180817,05_Balanced,RandomForest,3,post_content_for_labeling,"{""analyzer"": ""word"", ""max_features"": 50000, ""ngram_range"": [1, 2], ""min_df"": 1, ""max_df"": 0.95, ""sublinear_tf"": true}",word,50000,"(1, 2)",1,0.95,True,"{""n_estimators"": 100, ""max_depth"": null, ""max_features"": ""sqrt"", ""min_samples_leaf"": 1}","{""n_estimators"": 100, ""max_depth"": null, ""max_features"": ""sqrt"", ""min_samples_leaf"": 1}",,,,100.0,,,,,,,0.6200716845878136,0.6672258437044531,0.5195618687365925,0.5467020562119073,0.646919305302952,0.6200716845878136,0.6019760313486211,0.6200716845878136,0.6200716845878136,0.6200716845878136,3.758105999999316,0.0271598340004857,False,,success,,447,13,False,False
deep_20260612_180817,02_Basic_Clean,RandomForest,18,post_content_for_labeling,"{""analyzer"": ""word"", ""max_features"": 30000, ""ngram_range"": [1, 1], ""min_df"": 2, ""max_df"": 0.95, ""sublinear_tf"": true}",word,30000,"(1, 1)",2,0.95,True,"{""n_estimators"": 300, ""max_depth"": 100, ""max_features"": ""log2"", ""min_samples_leaf"": 1}","{""n_estimators"": 300, ""max_depth"": 100, ""max_features"": ""log2"", ""min_samples_leaf"": 1}",,,,300.0,100.0,,,,,,0.6463560334528077,0.7037020249404443,0.517885590458758,0.5461022938448147,0.6620419589746883,0.6463560334528077,0.6199979306572083,0.6463560334528077,0.6463560334528077,0.6463560334528077,0.8807565839997551,0.031785832999958,False,,success,,448,7,False,False
deep_20260612_180817,02_Basic_Clean,RandomForest,17,post_content_for_labeling,"{""analyzer"": ""word"", ""max_features"": 20000, ""ngram_range"": [1, 1], ""min_df"": 2, ""max_df"": 0.95, ""sublinear_tf"": true}",word,20000,"(1, 1)",2,0.95,True,"{""n_estimators"": 300, ""max_depth"": 100, ""max_features"": ""log2"", ""min_samples_leaf"": 1}","{""n_estimators"": 300, ""max_depth"": 100, ""max_features"": ""log2"", ""min_samples_leaf"": 1}",,,,300.0,100.0,,,,,,0.6463560334528077,0.7037020249404443,0.517885590458758,0.5461022938448147,0.6620419589746883,0.6463560334528077,0.6199979306572083,0.6463560334528077,0.6463560334528077,0.6463560334528077,0.925241417000052,0.0317781250000734,False,,success,,449,8,False,False
deep_20260612_180817,05_Balanced,RandomForest,6,post_content_for_labeling,"{""analyzer"": ""word"", ""max_features"": 50000, ""ngram_range"": [1, 1], ""min_df"": 2, ""max_df"": 0.95, ""sublinear_tf"": true}",word,50000,"(1, 1)",2,0.95,True,"{""n_estimators"": 200, ""max_depth"": 50, ""max_features"": ""sqrt"", ""min_samples_leaf"": 1}","{""n_estimators"": 200, ""max_depth"": 50, ""max_features"": ""sqrt"", ""min_samples_leaf"": 1}",,,,200.0,50.0,,,,,,0.5949820788530465,0.5622003177846004,0.5702412958145974,0.5459367754465823,0.6029346843512446,0.5949820788530465,0.5883757297256846,0.5949820788530465,0.5949820788530465,0.5949820788530465,1.7985002500008704,0.0271979169992846,False,,success,,450,14,False,False
deep_20260612_180817,03_Full_Clean,XGBoost,16,post_content_for_labeling,"{""analyzer"": ""word"", ""max_features"": 50000, ""ngram_range"": [1, 2], ""min_df"": 3, ""max_df"": 0.95, ""sublinear_tf"": true}",word,50000,"(1, 2)",3,0.95,True,"{""n_estimators"": 200, ""max_depth"": 5, ""learning_rate"": 0.05, ""subsample"": 0.9, ""colsample_bytree"": 0.9, ""reg_lambda"": 2.0, ""reg_alpha"": 0.1}","{""n_estimators"": 200, ""max_depth"": 5, ""learning_rate"": 0.05, ""subsample"": 0.9, ""colsample_bytree"": 0.9, ""reg_lambda"": 2.0, ""reg_alpha"": 0.1, ""early_stopping_rounds"": 30}",,,,200.0,5.0,0.05,0.9,0.9,2.0,0.1,0.5985663082437276,0.5390839704352304,0.5755736137352679,0.5457949453977796,0.6267779629871063,0.5985663082437276,0.6052743877194822,0.5985663082437276,0.5985663082437276,0.5985663082437276,73.73199391700018,0.014531290999912,False,,success,XGBoost early stopping enabled on validation set only,451,1,True,False
deep_20260612_180817,02_Basic_Clean,RandomForest,15,post_content_for_labeling,"{""analyzer"": ""word"", ""max_features"": 70000, ""ngram_range"": [1, 2], ""min_df"": 2, ""max_df"": 0.95, ""sublinear_tf"": true}",word,70000,"(1, 2)",2,0.95,True,"{""n_estimators"": 200, ""max_depth"": null, ""max_features"": ""sqrt"", ""min_samples_leaf"": 2}","{""n_estimators"": 200, ""max_depth"": null, ""max_features"": ""sqrt"", ""min_samples_leaf"": 2}",,,,200.0,,,,,,,0.5997610513739546,0.5370214717771022,0.5901732901675105,0.5445631558002925,0.6098898423695637,0.5997610513739546,0.5934658874310543,0.5997610513739546,0.5997610513739546,0.5997610513739546,1.2008015830001568,0.0298542079999606,False,,success,,452,9,False,False
deep_20260612_180817,02_Basic_Clean,RandomForest,10,post_content_for_labeling,"{""analyzer"": ""word"", ""max_features"": 50000, ""ngram_range"": [1, 3], ""min_df"": 2, ""max_df"": 0.95, ""sublinear_tf"": true}",word,50000,"(1, 3)",2,0.95,True,"{""n_estimators"": 200, ""max_depth"": 100, ""max_features"": ""sqrt"", ""min_samples_leaf"": 1}","{""n_estimators"": 200, ""max_depth"": 100, ""max_features"": ""sqrt"", ""min_samples_leaf"": 1}",,,,200.0,100.0,,,,,,0.6260454002389486,0.6433886605220186,0.5350212943950114,0.5442506887042684,0.6361478403333072,0.6260454002389486,0.6088162986291413,0.6260454002389486,0.6260454002389486,0.6260454002389486,2.5945740410002145,0.0297845830000369,False,,success,,453,10,False,False
deep_20260612_180817,03_Full_Clean,RandomForest,8,post_content_for_labeling,"{""analyzer"": ""word"", ""max_features"": 70000, ""ngram_range"": [1, 2], ""min_df"": 2, ""max_df"": 0.95, ""sublinear_tf"": true}",word,70000,"(1, 2)",2,0.95,True,"{""n_estimators"": 200, ""max_depth"": 50, ""max_features"": ""sqrt"", ""min_samples_leaf"": 1}","{""n_estimators"": 200, ""max_depth"": 50, ""max_features"": ""sqrt"", ""min_samples_leaf"": 1}",,,,200.0,50.0,,,,,,0.6033452807646356,0.5895822527141826,0.5542129154466722,0.5442244997723371,0.6110696549833852,0.6033452807646356,0.5940413169597937,0.6033452807646356,0.6033452807646356,0.6033452807646356,1.2426099169997542,0.0271569579999777,False,,success,,454,5,False,False
deep_20260612_180817,03_Full_Clean,RandomForest,7,post_content_for_labeling,"{""analyzer"": ""word"", ""max_features"": 50000, ""ngram_range"": [1, 2], ""min_df"": 2, ""max_df"": 0.95, ""sublinear_tf"": true}",word,50000,"(1, 2)",2,0.95,True,"{""n_estimators"": 200, ""max_depth"": 50, ""max_features"": ""sqrt"", ""min_samples_leaf"": 1}","{""n_estimators"": 200, ""max_depth"": 50, ""max_features"": ""sqrt"", ""min_samples_leaf"": 1}",,,,200.0,50.0,,,,,,0.6033452807646356,0.5895822527141826,0.5542129154466722,0.5442244997723371,0.6110696549833852,0.6033452807646356,0.5940413169597937,0.6033452807646356,0.6033452807646356,0.6033452807646356,1.4305889999995998,0.0319717919992399,False,,success,,455,6,False,False
deep_20260612_180817,03_Full_Clean,RandomForest,17,post_content_for_labeling,"{""analyzer"": ""word"", ""max_features"": 20000, ""ngram_range"": [1, 1], ""min_df"": 2, ""max_df"": 0.95, ""sublinear_tf"": true}",word,20000,"(1, 1)",2,0.95,True,"{""n_estimators"": 300, ""max_depth"": 100, ""max_features"": ""log2"", ""min_samples_leaf"": 1}","{""n_estimators"": 300, ""max_depth"": 100, ""max_features"": ""log2"", ""min_samples_leaf"": 1}",,,,300.0,100.0,,,,,,0.6583034647550776,0.706977276334164,0.5170950781431706,0.5440544048404659,0.6747129446487706,0.6583034647550776,0.6311933667748616,0.6583034647550776,0.6583034647550776,0.6583034647550776,1.1276893750000454,0.0793919170000663,False,,success,,456,7,False,False
deep_20260612_180817,03_Full_Clean,RandomForest,18,post_content_for_labeling,"{""analyzer"": ""word"", ""max_features"": 30000, ""ngram_range"": [1, 1], ""min_df"": 2, ""max_df"": 0.95, ""sublinear_tf"": true}",word,30000,"(1, 1)",2,0.95,True,"{""n_estimators"": 300, ""max_depth"": 100, ""max_features"": ""log2"", ""min_samples_leaf"": 1}","{""n_estimators"": 300, ""max_depth"": 100, ""max_features"": ""log2"", ""min_samples_leaf"": 1}",,,,300.0,100.0,,,,,,0.6583034647550776,0.706977276334164,0.5170950781431706,0.5440544048404659,0.6747129446487706,0.6583034647550776,0.6311933667748616,0.6583034647550776,0.6583034647550776,0.6583034647550776,1.2044371250003678,0.0610767500002111,False,,success,,457,8,False,False
deep_20260612_180817,03_Full_Clean,XGBoost,8,post_content_for_labeling,"{""analyzer"": ""word"", ""max_features"": 70000, ""ngram_range"": [1, 2], ""min_df"": 2, ""max_df"": 0.95, ""sublinear_tf"": true}",word,70000,"(1, 2)",2,0.95,True,"{""n_estimators"": 200, ""max_depth"": 4, ""learning_rate"": 0.05, ""subsample"": 0.8, ""colsample_bytree"": 0.8, ""reg_lambda"": 1.0, ""reg_alpha"": 0.0}","{""n_estimators"": 200, ""max_depth"": 4, ""learning_rate"": 0.05, ""subsample"": 0.8, ""colsample_bytree"": 0.8, ""reg_lambda"": 1.0, ""reg_alpha"": 0.0, ""early_stopping_rounds"": 30}",,,,200.0,4.0,0.05,0.8,0.8,1.0,0.0,0.5961768219832736,0.5367949949802121,0.5734663829783633,0.54275368613928,0.6271842073776588,0.5961768219832736,0.602806099014957,0.5961768219832736,0.5961768219832736,0.5961768219832736,63.61174604199914,0.0122204580002289,False,,success,XGBoost early stopping enabled on validation set only,458,2,False,False
deep_20260612_180817,03_Full_Clean,XGBoost,7,post_content_for_labeling,"{""analyzer"": ""word"", ""max_features"": 50000, ""ngram_range"": [1, 2], ""min_df"": 2, ""max_df"": 0.95, ""sublinear_tf"": true}",word,50000,"(1, 2)",2,0.95,True,"{""n_estimators"": 200, ""max_depth"": 4, ""learning_rate"": 0.05, ""subsample"": 0.8, ""colsample_bytree"": 0.8, ""reg_lambda"": 1.0, ""reg_alpha"": 0.0}","{""n_estimators"": 200, ""max_depth"": 4, ""learning_rate"": 0.05, ""subsample"": 0.8, ""colsample_bytree"": 0.8, ""reg_lambda"": 1.0, ""reg_alpha"": 0.0, ""early_stopping_rounds"": 30}",,,,200.0,4.0,0.05,0.8,0.8,1.0,0.0,0.5961768219832736,0.5367949949802121,0.5734663829783633,0.54275368613928,0.6271842073776588,0.5961768219832736,0.602806099014957,0.5961768219832736,0.5961768219832736,0.5961768219832736,65.25170179199995,0.0132028329999229,False,,success,XGBoost early stopping enabled on validation set only,459,3,False,False
deep_20260612_180817,03_Full_Clean,RandomForest,12,post_content_for_labeling,"{""analyzer"": ""word"", ""max_features"": 50000, ""ngram_range"": [1, 2], ""min_df"": 3, ""max_df"": 0.95, ""sublinear_tf"": true}",word,50000,"(1, 2)",3,0.95,True,"{""n_estimators"": 200, ""max_depth"": 100, ""max_features"": ""sqrt"", ""min_samples_leaf"": 1}","{""n_estimators"": 200, ""max_depth"": 100, ""max_features"": ""sqrt"", ""min_samples_leaf"": 1}",,,,200.0,100.0,,,,,,0.6224611708482676,0.6501229310110662,0.5290850335404349,0.5425942603905165,0.6330482549945129,0.6224611708482676,0.6048610823121862,0.6224611708482676,0.6224611708482676,0.6224611708482676,1.7956021250001868,0.0304707920004148,False,,success,,460,9,False,False
deep_20260612_180817,04_No_Stopwords,RandomForest,16,post_content_for_labeling,"{""analyzer"": ""word"", ""max_features"": 50000, ""ngram_range"": [1, 2], ""min_df"": 3, ""max_df"": 0.95, ""sublinear_tf"": true}",word,50000,"(1, 2)",3,0.95,True,"{""n_estimators"": 200, ""max_depth"": null, ""max_features"": ""sqrt"", ""min_samples_leaf"": 2}","{""n_estimators"": 200, ""max_depth"": null, ""max_features"": ""sqrt"", ""min_samples_leaf"": 2}",,,,200.0,,,,,,,0.6033452807646356,0.5386685752940188,0.5812798863694548,0.5421677559895774,0.6103363048749105,0.6033452807646356,0.5970987136228603,0.6033452807646356,0.6033452807646356,0.6033452807646356,1.121817165999346,0.0295826669998859,False,,success,,461,10,False,False
deep_20260612_180817,01_Raw_Data,RandomForest,13,post_content_for_labeling,"{""analyzer"": ""word"", ""max_features"": 10000, ""ngram_range"": [1, 1], ""min_df"": 2, ""max_df"": 0.95, ""sublinear_tf"": true}",word,10000,"(1, 1)",2,0.95,True,"{""n_estimators"": 200, ""max_depth"": null, ""max_features"": ""sqrt"", ""min_samples_leaf"": 2}","{""n_estimators"": 200, ""max_depth"": null, ""max_features"": ""sqrt"", ""min_samples_leaf"": 2}",,,,200.0,,,,,,,0.6033452807646356,0.5608760509661508,0.5692645643015964,0.542141636982173,0.6081320613595289,0.6033452807646356,0.5938311403001697,0.6033452807646356,0.6033452807646356,0.6033452807646356,0.8428455840000879,0.0264348340001561,False,,success,,462,7,False,False
deep_20260612_180817,01_Raw_Data,RandomForest,14,post_content_for_labeling,"{""analyzer"": ""word"", ""max_features"": 50000, ""ngram_range"": [1, 1], ""min_df"": 2, ""max_df"": 0.95, ""sublinear_tf"": true}",word,50000,"(1, 1)",2,0.95,True,"{""n_estimators"": 200, ""max_depth"": null, ""max_features"": ""sqrt"", ""min_samples_leaf"": 2}","{""n_estimators"": 200, ""max_depth"": null, ""max_features"": ""sqrt"", ""min_samples_leaf"": 2}",,,,200.0,,,,,,,0.6033452807646356,0.5608760509661508,0.5692645643015964,0.542141636982173,0.6081320613595289,0.6033452807646356,0.5938311403001697,0.6033452807646356,0.6033452807646356,0.6033452807646356,0.8531953750000412,0.025856707999992,False,,success,,463,8,False,False
deep_20260612_180817,05_Balanced,RandomForest,2,post_content_for_labeling,"{""analyzer"": ""word"", ""max_features"": 50000, ""ngram_range"": [1, 2], ""min_df"": 2, ""max_df"": 0.95, ""sublinear_tf"": true}",word,50000,"(1, 2)",2,0.95,True,"{""n_estimators"": 100, ""max_depth"": null, ""max_features"": ""sqrt"", ""min_samples_leaf"": 1}","{""n_estimators"": 100, ""max_depth"": null, ""max_features"": ""sqrt"", ""min_samples_leaf"": 1}",,,,100.0,,,,,,,0.6176821983273596,0.6594243851445784,0.5205301043208741,0.541880735504172,0.6387123985321155,0.6176821983273596,0.5974316936239116,0.6176821983273596,0.6176821983273596,0.6176821983273596,3.720819916999971,0.0273468329996831,False,,success,,464,15,False,False
deep_20260612_180817,02_Basic_Clean,RandomForest,11,post_content_for_labeling,"{""analyzer"": ""word"", ""max_features"": 50000, ""ngram_range"": [1, 2], ""min_df"": 1, ""max_df"": 0.95, ""sublinear_tf"": true}",word,50000,"(1, 2)",1,0.95,True,"{""n_estimators"": 200, ""max_depth"": 100, ""max_features"": ""sqrt"", ""min_samples_leaf"": 1}","{""n_estimators"": 200, ""max_depth"": 100, ""max_features"": ""sqrt"", ""min_samples_leaf"": 1}",,,,200.0,100.0,,,,,,0.6248506571087217,0.6816666233400895,0.5259452492909835,0.540963613351617,0.6423050442745821,0.6248506571087217,0.6046360539242271,0.6248506571087217,0.6248506571087217,0.6248506571087217,2.2263487919999534,0.0318876670003192,False,,success,,465,11,False,False
deep_20260612_180817,02_Basic_Clean,RandomForest,12,post_content_for_labeling,"{""analyzer"": ""word"", ""max_features"": 50000, ""ngram_range"": [1, 2], ""min_df"": 3, ""max_df"": 0.95, ""sublinear_tf"": true}",word,50000,"(1, 2)",3,0.95,True,"{""n_estimators"": 200, ""max_depth"": 100, ""max_features"": ""sqrt"", ""min_samples_leaf"": 1}","{""n_estimators"": 200, ""max_depth"": 100, ""max_features"": ""sqrt"", ""min_samples_leaf"": 1}",,,,200.0,100.0,,,,,,0.6140979689366786,0.6522699462558132,0.5344293291086821,0.5408157623992278,0.6249224230023468,0.6140979689366786,0.5943724551839087,0.6140979689366786,0.6140979689366786,0.6140979689366786,1.7036598750000849,0.026543040999968,False,,success,,466,12,False,False
deep_20260612_180817,05_Balanced,RandomForest,13,post_content_for_labeling,"{""analyzer"": ""word"", ""max_features"": 10000, ""ngram_range"": [1, 1], ""min_df"": 2, ""max_df"": 0.95, ""sublinear_tf"": true}",word,10000,"(1, 1)",2,0.95,True,"{""n_estimators"": 200, ""max_depth"": null, ""max_features"": ""sqrt"", ""min_samples_leaf"": 2}","{""n_estimators"": 200, ""max_depth"": null, ""max_features"": ""sqrt"", ""min_samples_leaf"": 2}",,,,200.0,,,,,,,0.6152927120669056,0.5800114950188126,0.5513517963086803,0.5406298791672864,0.6212807263046156,0.6152927120669056,0.6038884700054276,0.6152927120669056,0.6152927120669056,0.6152927120669056,2.694460500000787,0.0396922079999058,False,,success,,467,16,False,False
deep_20260612_180817,05_Balanced,RandomForest,14,post_content_for_labeling,"{""analyzer"": ""word"", ""max_features"": 50000, ""ngram_range"": [1, 1], ""min_df"": 2, ""max_df"": 0.95, ""sublinear_tf"": true}",word,50000,"(1, 1)",2,0.95,True,"{""n_estimators"": 200, ""max_depth"": null, ""max_features"": ""sqrt"", ""min_samples_leaf"": 2}","{""n_estimators"": 200, ""max_depth"": null, ""max_features"": ""sqrt"", ""min_samples_leaf"": 2}",,,,200.0,,,,,,,0.6152927120669056,0.5800114950188126,0.5513517963086803,0.5406298791672864,0.6212807263046156,0.6152927120669056,0.6038884700054276,0.6152927120669056,0.6152927120669056,0.6152927120669056,2.725128833999406,0.0400960839997424,False,,success,,468,17,False,False
deep_20260612_180817,04_No_Stopwords,RandomForest,9,post_content_for_labeling,"{""analyzer"": ""word"", ""max_features"": 20000, ""ngram_range"": [1, 1], ""min_df"": 2, ""max_df"": 0.95, ""sublinear_tf"": true}",word,20000,"(1, 1)",2,0.95,True,"{""n_estimators"": 200, ""max_depth"": 100, ""max_features"": ""sqrt"", ""min_samples_leaf"": 1}","{""n_estimators"": 200, ""max_depth"": 100, ""max_features"": ""sqrt"", ""min_samples_leaf"": 1}",,,,200.0,100.0,,,,,,0.6176821983273596,0.6737635853331811,0.514718115242188,0.5397606143309059,0.6321596154323379,0.6176821983273596,0.5976291719070664,0.6176821983273596,0.6176821983273596,0.6176821983273596,1.091115209000236,0.0318729159998838,False,,success,,469,11,False,False
deep_20260612_180817,02_Basic_Clean,RandomForest,9,post_content_for_labeling,"{""analyzer"": ""word"", ""max_features"": 20000, ""ngram_range"": [1, 1], ""min_df"": 2, ""max_df"": 0.95, ""sublinear_tf"": true}",word,20000,"(1, 1)",2,0.95,True,"{""n_estimators"": 200, ""max_depth"": 100, ""max_features"": ""sqrt"", ""min_samples_leaf"": 1}","{""n_estimators"": 200, ""max_depth"": 100, ""max_features"": ""sqrt"", ""min_samples_leaf"": 1}",,,,200.0,100.0,,,,,,0.6188769414575866,0.6522798488353534,0.5178810308382071,0.539410846591319,0.6267730021019005,0.6188769414575866,0.5962608472133213,0.6188769414575866,0.6188769414575866,0.6188769414575866,1.3443490409999868,0.0300832089997129,False,,success,,470,13,False,False
deep_20260612_180817,03_Full_Clean,XGBoost,2,post_content_for_labeling,"{""analyzer"": ""word"", ""max_features"": 50000, ""ngram_range"": [1, 2], ""min_df"": 2, ""max_df"": 0.95, ""sublinear_tf"": true}",word,50000,"(1, 2)",2,0.95,True,"{""n_estimators"": 100, ""max_depth"": 3, ""learning_rate"": 0.1, ""subsample"": 0.8, ""colsample_bytree"": 0.8, ""reg_lambda"": 1.0, ""reg_alpha"": 0.0}","{""n_estimators"": 100, ""max_depth"": 3, ""learning_rate"": 0.1, ""subsample"": 0.8, ""colsample_bytree"": 0.8, ""reg_lambda"": 1.0, ""reg_alpha"": 0.0, ""early_stopping_rounds"": 30}",,,,100.0,3.0,0.1,0.8,0.8,1.0,0.0,0.5782556750298686,0.5258857761216222,0.5845383639859415,0.5392843908039301,0.6268121867393398,0.5782556750298686,0.5895233583934327,0.5782556750298686,0.5782556750298686,0.5782556750298686,26.251104750000195,0.0116566669994426,False,,success,XGBoost early stopping enabled on validation set only,471,4,False,False
deep_20260612_180817,01_Raw_Data,LogisticRegression,1,post_content_for_labeling,"{""analyzer"": ""word"", ""max_features"": 50000, ""ngram_range"": [1, 2], ""min_df"": 1, ""max_df"": 0.95, ""sublinear_tf"": true}",word,50000,"(1, 2)",1,0.95,True,"{""C"": 0.05, ""solver"": ""lbfgs""}","{""C"": 0.05, ""solver"": ""lbfgs""}",,lbfgs,0.05,,,,,,,,0.5973715651135006,0.5138726925904368,0.6192365610575772,0.5391335580165675,0.665068560273958,0.5973715651135006,0.6052135866616383,0.5973715651135006,0.5973715651135006,0.5973715651135006,4.984689417,0.0163962079999997,False,,success,,472,37,False,False
deep_20260612_180817,01_Raw_Data,LogisticRegression,4,post_content_for_labeling,"{""analyzer"": ""word"", ""max_features"": 10000, ""ngram_range"": [1, 1], ""min_df"": 2, ""max_df"": 0.95, ""sublinear_tf"": true}",word,10000,"(1, 1)",2,0.95,True,"{""C"": 0.1, ""solver"": ""lbfgs""}","{""C"": 0.1, ""solver"": ""lbfgs""}",,lbfgs,0.1,,,,,,,,0.5818399044205496,0.5178650264357936,0.6026877225366832,0.5388292335201423,0.6453307093295266,0.5818399044205496,0.5918973935627927,0.5818399044205496,0.5818399044205496,0.5818399044205496,1.602032874999999,0.0005400409999971,False,,success,,473,38,False,False
deep_20260612_180817,01_Raw_Data,RandomForest,9,post_content_for_labeling,"{""analyzer"": ""word"", ""max_features"": 20000, ""ngram_range"": [1, 1], ""min_df"": 2, ""max_df"": 0.95, ""sublinear_tf"": true}",word,20000,"(1, 1)",2,0.95,True,"{""n_estimators"": 200, ""max_depth"": 100, ""max_features"": ""sqrt"", ""min_samples_leaf"": 1}","{""n_estimators"": 200, ""max_depth"": 100, ""max_features"": ""sqrt"", ""min_samples_leaf"": 1}",,,,200.0,100.0,,,,,,0.6224611708482676,0.6867881920254274,0.5165903046718682,0.538710055086222,0.6402644671747675,0.6224611708482676,0.600011988236837,0.6224611708482676,0.6224611708482676,0.6224611708482676,1.186006916999986,0.0269707090001247,False,,success,,474,9,False,False
deep_20260612_180817,01_Raw_Data,RandomForest,7,post_content_for_labeling,"{""analyzer"": ""word"", ""max_features"": 50000, ""ngram_range"": [1, 2], ""min_df"": 2, ""max_df"": 0.95, ""sublinear_tf"": true}",word,50000,"(1, 2)",2,0.95,True,"{""n_estimators"": 200, ""max_depth"": 50, ""max_features"": ""sqrt"", ""min_samples_leaf"": 1}","{""n_estimators"": 200, ""max_depth"": 50, ""max_features"": ""sqrt"", ""min_samples_leaf"": 1}",,,,200.0,50.0,,,,,,0.6093189964157706,0.590300459097175,0.5486452518083764,0.5386182928184823,0.6082275158710944,0.6093189964157706,0.5956709349177605,0.6093189964157706,0.6093189964157706,0.6093189964157706,1.1907956669999749,0.0250816660000054,False,,success,,475,10,False,False
deep_20260612_180817,01_Raw_Data,RandomForest,8,post_content_for_labeling,"{""analyzer"": ""word"", ""max_features"": 70000, ""ngram_range"": [1, 2], ""min_df"": 2, ""max_df"": 0.95, ""sublinear_tf"": true}",word,70000,"(1, 2)",2,0.95,True,"{""n_estimators"": 200, ""max_depth"": 50, ""max_features"": ""sqrt"", ""min_samples_leaf"": 1}","{""n_estimators"": 200, ""max_depth"": 50, ""max_features"": ""sqrt"", ""min_samples_leaf"": 1}",,,,200.0,50.0,,,,,,0.6093189964157706,0.590300459097175,0.5486452518083764,0.5386182928184823,0.6082275158710944,0.6093189964157706,0.5956709349177605,0.6093189964157706,0.6093189964157706,0.6093189964157706,1.2067761660000542,0.0254207499999665,False,,success,,476,11,False,False
deep_20260612_180817,01_Raw_Data,RandomForest,17,post_content_for_labeling,"{""analyzer"": ""word"", ""max_features"": 20000, ""ngram_range"": [1, 1], ""min_df"": 2, ""max_df"": 0.95, ""sublinear_tf"": true}",word,20000,"(1, 1)",2,0.95,True,"{""n_estimators"": 300, ""max_depth"": 100, ""max_features"": ""log2"", ""min_samples_leaf"": 1}","{""n_estimators"": 300, ""max_depth"": 100, ""max_features"": ""log2"", ""min_samples_leaf"": 1}",,,,300.0,100.0,,,,,,0.6487455197132617,0.6971278097152127,0.5069291130436753,0.5380725532876566,0.6641545085698627,0.6487455197132617,0.6231714096809657,0.6487455197132617,0.6487455197132617,0.6487455197132617,0.8496604580000167,0.0398382920000131,False,,success,,477,12,False,False
deep_20260612_180817,01_Raw_Data,RandomForest,18,post_content_for_labeling,"{""analyzer"": ""word"", ""max_features"": 30000, ""ngram_range"": [1, 1], ""min_df"": 2, ""max_df"": 0.95, ""sublinear_tf"": true}",word,30000,"(1, 1)",2,0.95,True,"{""n_estimators"": 300, ""max_depth"": 100, ""max_features"": ""log2"", ""min_samples_leaf"": 1}","{""n_estimators"": 300, ""max_depth"": 100, ""max_features"": ""log2"", ""min_samples_leaf"": 1}",,,,300.0,100.0,,,,,,0.6487455197132617,0.6971278097152127,0.5069291130436753,0.5380725532876566,0.6641545085698627,0.6487455197132617,0.6231714096809657,0.6487455197132617,0.6487455197132617,0.6487455197132617,0.9811853749999956,0.0755726249999497,False,,success,,478,13,False,False
deep_20260612_180817,05_Balanced,XGBoost,16,post_content_for_labeling,"{""analyzer"": ""word"", ""max_features"": 50000, ""ngram_range"": [1, 2], ""min_df"": 3, ""max_df"": 0.95, ""sublinear_tf"": true}",word,50000,"(1, 2)",3,0.95,True,"{""n_estimators"": 200, ""max_depth"": 5, ""learning_rate"": 0.05, ""subsample"": 0.9, ""colsample_bytree"": 0.9, ""reg_lambda"": 2.0, ""reg_alpha"": 0.1}","{""n_estimators"": 200, ""max_depth"": 5, ""learning_rate"": 0.05, ""subsample"": 0.9, ""colsample_bytree"": 0.9, ""reg_lambda"": 2.0, ""reg_alpha"": 0.1, ""early_stopping_rounds"": 30}",,,,200.0,5.0,0.05,0.9,0.9,2.0,0.1,0.6033452807646356,0.5460779258213854,0.549127175495248,0.5378849076588702,0.6088132109178854,0.6033452807646356,0.6010124092036044,0.6033452807646356,0.6033452807646356,0.6033452807646356,122.15515274999962,0.0263172079994546,False,,success,XGBoost early stopping enabled on validation set only,479,1,True,False
deep_20260612_180817,04_No_Stopwords,LogisticRegression,1,post_content_for_labeling,"{""analyzer"": ""word"", ""max_features"": 50000, ""ngram_range"": [1, 2], ""min_df"": 1, ""max_df"": 0.95, ""sublinear_tf"": true}",word,50000,"(1, 2)",1,0.95,True,"{""C"": 0.05, ""solver"": ""lbfgs""}","{""C"": 0.05, ""solver"": ""lbfgs""}",,lbfgs,0.05,,,,,,,,0.5913978494623656,0.5125816471788635,0.623311456663459,0.5373201368633922,0.6714836962294176,0.5913978494623656,0.6016548213485516,0.5913978494623656,0.5913978494623656,0.5913978494623656,2.471758249999766,0.0028663749999395,False,,success,,480,37,False,False
deep_20260612_180817,05_Balanced,RandomForest,4,post_content_for_labeling,"{""analyzer"": ""word"", ""max_features"": 30000, ""ngram_range"": [1, 1], ""min_df"": 2, ""max_df"": 0.95, ""sublinear_tf"": true}",word,30000,"(1, 1)",2,0.95,True,"{""n_estimators"": 200, ""max_depth"": null, ""max_features"": ""sqrt"", ""min_samples_leaf"": 1}","{""n_estimators"": 200, ""max_depth"": null, ""max_features"": ""sqrt"", ""min_samples_leaf"": 1}",,,,200.0,,,,,,,0.6248506571087217,0.6412573536675875,0.5256547002471008,0.5369346916034964,0.6377662049113573,0.6248506571087217,0.6051697570224308,0.6248506571087217,0.6248506571087217,0.6248506571087217,3.2098572499999136,0.0266459579997899,False,,success,,481,18,False,False
deep_20260612_180817,02_Basic_Clean,XGBoost,16,post_content_for_labeling,"{""analyzer"": ""word"", ""max_features"": 50000, ""ngram_range"": [1, 2], ""min_df"": 3, ""max_df"": 0.95, ""sublinear_tf"": true}",word,50000,"(1, 2)",3,0.95,True,"{""n_estimators"": 200, ""max_depth"": 5, ""learning_rate"": 0.05, ""subsample"": 0.9, ""colsample_bytree"": 0.9, ""reg_lambda"": 2.0, ""reg_alpha"": 0.1}","{""n_estimators"": 200, ""max_depth"": 5, ""learning_rate"": 0.05, ""subsample"": 0.9, ""colsample_bytree"": 0.9, ""reg_lambda"": 2.0, ""reg_alpha"": 0.1, ""early_stopping_rounds"": 30}",,,,200.0,5.0,0.05,0.9,0.9,2.0,0.1,0.5937873357228196,0.5288374360455298,0.5655399884369775,0.536892871153593,0.6198722613275572,0.5937873357228196,0.5999845493771622,0.5937873357228196,0.5937873357228196,0.5937873357228196,73.41002670800026,0.0153535419995023,False,,success,XGBoost early stopping enabled on validation set only,482,1,True,False
deep_20260612_180817,05_Balanced,XGBoost,15,post_content_for_labeling,"{""analyzer"": ""word"", ""max_features"": 70000, ""ngram_range"": [1, 2], ""min_df"": 2, ""max_df"": 0.95, ""sublinear_tf"": true}",word,70000,"(1, 2)",2,0.95,True,"{""n_estimators"": 200, ""max_depth"": 5, ""learning_rate"": 0.05, ""subsample"": 0.9, ""colsample_bytree"": 0.9, ""reg_lambda"": 2.0, ""reg_alpha"": 0.1}","{""n_estimators"": 200, ""max_depth"": 5, ""learning_rate"": 0.05, ""subsample"": 0.9, ""colsample_bytree"": 0.9, ""reg_lambda"": 2.0, ""reg_alpha"": 0.1, ""early_stopping_rounds"": 30}",,,,200.0,5.0,0.05,0.9,0.9,2.0,0.1,0.5997610513739546,0.5385774979006768,0.550643307676082,0.5366899482235565,0.6088878098533257,0.5997610513739546,0.5990349639297846,0.5997610513739546,0.5997610513739546,0.5997610513739546,127.20881745800034,0.0247650000001158,False,,success,XGBoost early stopping enabled on validation set only,483,2,False,False
deep_20260612_180817,05_Balanced,XGBoost,10,post_content_for_labeling,"{""analyzer"": ""word"", ""max_features"": 50000, ""ngram_range"": [1, 3], ""min_df"": 2, ""max_df"": 0.95, ""sublinear_tf"": true}",word,50000,"(1, 3)",2,0.95,True,"{""n_estimators"": 300, ""max_depth"": 4, ""learning_rate"": 0.03, ""subsample"": 0.8, ""colsample_bytree"": 0.8, ""reg_lambda"": 2.0, ""reg_alpha"": 0.0}","{""n_estimators"": 300, ""max_depth"": 4, ""learning_rate"": 0.03, ""subsample"": 0.8, ""colsample_bytree"": 0.8, ""reg_lambda"": 2.0, ""reg_alpha"": 0.0, ""early_stopping_rounds"": 30}",,,,300.0,4.0,0.03,0.8,0.8,2.0,0.0,0.5913978494623656,0.545335968218172,0.5562967679944539,0.536065319921927,0.6065297942140323,0.5913978494623656,0.5904369143828904,0.5913978494623656,0.5913978494623656,0.5913978494623656,128.46973725000134,0.030249499999627,False,,success,XGBoost early stopping enabled on validation set only,484,3,False,False
deep_20260612_180817,04_No_Stopwords,XGBoost,8,post_content_for_labeling,"{""analyzer"": ""word"", ""max_features"": 70000, ""ngram_range"": [1, 2], ""min_df"": 2, ""max_df"": 0.95, ""sublinear_tf"": true}",word,70000,"(1, 2)",2,0.95,True,"{""n_estimators"": 200, ""max_depth"": 4, ""learning_rate"": 0.05, ""subsample"": 0.8, ""colsample_bytree"": 0.8, ""reg_lambda"": 1.0, ""reg_alpha"": 0.0}","{""n_estimators"": 200, ""max_depth"": 4, ""learning_rate"": 0.05, ""subsample"": 0.8, ""colsample_bytree"": 0.8, ""reg_lambda"": 1.0, ""reg_alpha"": 0.0, ""early_stopping_rounds"": 30}",,,,200.0,4.0,0.05,0.8,0.8,1.0,0.0,0.5913978494623656,0.5242861407707108,0.5721584884697911,0.5360225049441979,0.6239856803132143,0.5913978494623656,0.5982401923773207,0.5913978494623656,0.5913978494623656,0.5913978494623656,59.44238520900035,0.0123457500003496,False,,success,XGBoost early stopping enabled on validation set only,485,1,True,False
deep_20260612_180817,04_No_Stopwords,XGBoost,7,post_content_for_labeling,"{""analyzer"": ""word"", ""max_features"": 50000, ""ngram_range"": [1, 2], ""min_df"": 2, ""max_df"": 0.95, ""sublinear_tf"": true}",word,50000,"(1, 2)",2,0.95,True,"{""n_estimators"": 200, ""max_depth"": 4, ""learning_rate"": 0.05, ""subsample"": 0.8, ""colsample_bytree"": 0.8, ""reg_lambda"": 1.0, ""reg_alpha"": 0.0}","{""n_estimators"": 200, ""max_depth"": 4, ""learning_rate"": 0.05, ""subsample"": 0.8, ""colsample_bytree"": 0.8, ""reg_lambda"": 1.0, ""reg_alpha"": 0.0, ""early_stopping_rounds"": 30}",,,,200.0,4.0,0.05,0.8,0.8,1.0,0.0,0.5913978494623656,0.5242861407707108,0.5721584884697911,0.5360225049441979,0.6239856803132143,0.5913978494623656,0.5982401923773207,0.5913978494623656,0.5913978494623656,0.5913978494623656,59.51008320800065,0.0216645000000426,False,,success,XGBoost early stopping enabled on validation set only,486,2,False,False
deep_20260612_180817,01_Raw_Data,LogisticRegression,2,post_content_for_labeling,"{""analyzer"": ""word"", ""max_features"": 50000, ""ngram_range"": [1, 2], ""min_df"": 3, ""max_df"": 0.95, ""sublinear_tf"": true}",word,50000,"(1, 2)",3,0.95,True,"{""C"": 0.05, ""solver"": ""lbfgs""}","{""C"": 0.05, ""solver"": ""lbfgs""}",,lbfgs,0.05,,,,,,,,0.5949820788530465,0.5114958162010966,0.6127310571617812,0.5360165863202309,0.65814811237429,0.5949820788530465,0.603000838076666,0.5949820788530465,0.5949820788530465,0.5949820788530465,3.39260625,0.0040620410000009,False,,success,,487,39,False,False
deep_20260612_180817,03_Full_Clean,XGBoost,15,post_content_for_labeling,"{""analyzer"": ""word"", ""max_features"": 70000, ""ngram_range"": [1, 2], ""min_df"": 2, ""max_df"": 0.95, ""sublinear_tf"": true}",word,70000,"(1, 2)",2,0.95,True,"{""n_estimators"": 200, ""max_depth"": 5, ""learning_rate"": 0.05, ""subsample"": 0.9, ""colsample_bytree"": 0.9, ""reg_lambda"": 2.0, ""reg_alpha"": 0.1}","{""n_estimators"": 200, ""max_depth"": 5, ""learning_rate"": 0.05, ""subsample"": 0.9, ""colsample_bytree"": 0.9, ""reg_lambda"": 2.0, ""reg_alpha"": 0.1, ""early_stopping_rounds"": 30}",,,,200.0,5.0,0.05,0.9,0.9,2.0,0.1,0.5902031063321386,0.5289842292633572,0.5668616785744844,0.5359621044060595,0.6202509120544171,0.5902031063321386,0.5967523313429404,0.5902031063321386,0.5902031063321386,0.5902031063321386,84.21897191600056,0.0197035830005916,False,,success,XGBoost early stopping enabled on validation set only,488,5,False,False
deep_20260612_180817,04_No_Stopwords,LogisticRegression,2,post_content_for_labeling,"{""analyzer"": ""word"", ""max_features"": 50000, ""ngram_range"": [1, 2], ""min_df"": 3, ""max_df"": 0.95, ""sublinear_tf"": true}",word,50000,"(1, 2)",3,0.95,True,"{""C"": 0.05, ""solver"": ""lbfgs""}","{""C"": 0.05, ""solver"": ""lbfgs""}",,lbfgs,0.05,,,,,,,,0.5878136200716846,0.5100588724802504,0.6200629961649189,0.5359065842982111,0.6636329122517665,0.5878136200716846,0.5979742518671803,0.5878136200716846,0.5878136200716846,0.5878136200716846,1.6789849169999798,0.0016367079997507,False,,success,,489,38,False,False
deep_20260612_180817,04_No_Stopwords,RandomForest,1,post_content_for_labeling,"{""analyzer"": ""word"", ""max_features"": 30000, ""ngram_range"": [1, 2], ""min_df"": 2, ""max_df"": 0.95, ""sublinear_tf"": true}",word,30000,"(1, 2)",2,0.95,True,"{""n_estimators"": 100, ""max_depth"": null, ""max_features"": ""sqrt"", ""min_samples_leaf"": 1}","{""n_estimators"": 100, ""max_depth"": null, ""max_features"": ""sqrt"", ""min_samples_leaf"": 1}",,,,100.0,,,,,,,0.6129032258064516,0.6935628982256131,0.5038599277518375,0.5358522566887557,0.6416336063518107,0.6129032258064516,0.5928385053729675,0.6129032258064516,0.6129032258064516,0.6129032258064516,1.8282821250004415,0.0316955829994185,False,,success,,490,12,False,False
deep_20260612_180817,01_Raw_Data,XGBoost,15,post_content_for_labeling,"{""analyzer"": ""word"", ""max_features"": 70000, ""ngram_range"": [1, 2], ""min_df"": 2, ""max_df"": 0.95, ""sublinear_tf"": true}",word,70000,"(1, 2)",2,0.95,True,"{""n_estimators"": 200, ""max_depth"": 5, ""learning_rate"": 0.05, ""subsample"": 0.9, ""colsample_bytree"": 0.9, ""reg_lambda"": 2.0, ""reg_alpha"": 0.1}","{""n_estimators"": 200, ""max_depth"": 5, ""learning_rate"": 0.05, ""subsample"": 0.9, ""colsample_bytree"": 0.9, ""reg_lambda"": 2.0, ""reg_alpha"": 0.1, ""early_stopping_rounds"": 30}",,,,200.0,5.0,0.05,0.9,0.9,2.0,0.1,0.5937873357228196,0.5332313768619468,0.560234139613769,0.5357621455241299,0.6189635441806915,0.5937873357228196,0.5993062605263306,0.5937873357228196,0.5937873357228196,0.5937873357228196,89.67562991599993,0.0163842080000904,False,,success,XGBoost early stopping enabled on validation set only,491,1,True,False
deep_20260612_180817,02_Basic_Clean,LogisticRegression,4,post_content_for_labeling,"{""analyzer"": ""word"", ""max_features"": 10000, ""ngram_range"": [1, 1], ""min_df"": 2, ""max_df"": 0.95, ""sublinear_tf"": true}",word,10000,"(1, 1)",2,0.95,True,"{""C"": 0.1, ""solver"": ""lbfgs""}","{""C"": 0.1, ""solver"": ""lbfgs""}",,lbfgs,0.1,,,,,,,,0.5758661887694145,0.5129242567779124,0.5991270506190133,0.5350074999809469,0.6385695837202103,0.5758661887694145,0.5850193539354004,0.5758661887694145,0.5758661887694145,0.5758661887694145,1.1264986659998613,0.0006326669999907,False,,success,,492,37,False,False
deep_20260612_180817,04_No_Stopwords,XGBoost,15,post_content_for_labeling,"{""analyzer"": ""word"", ""max_features"": 70000, ""ngram_range"": [1, 2], ""min_df"": 2, ""max_df"": 0.95, ""sublinear_tf"": true}",word,70000,"(1, 2)",2,0.95,True,"{""n_estimators"": 200, ""max_depth"": 5, ""learning_rate"": 0.05, ""subsample"": 0.9, ""colsample_bytree"": 0.9, ""reg_lambda"": 2.0, ""reg_alpha"": 0.1}","{""n_estimators"": 200, ""max_depth"": 5, ""learning_rate"": 0.05, ""subsample"": 0.9, ""colsample_bytree"": 0.9, ""reg_lambda"": 2.0, ""reg_alpha"": 0.1, ""early_stopping_rounds"": 30}",,,,200.0,5.0,0.05,0.9,0.9,2.0,0.1,0.5961768219832736,0.5243925043513308,0.5677611741222134,0.5345036745313553,0.6219149655086458,0.5961768219832736,0.600417748103565,0.5961768219832736,0.5961768219832736,0.5961768219832736,78.54738837500008,0.0161989999996876,False,,success,XGBoost early stopping enabled on validation set only,493,3,False,False
deep_20260612_180817,03_Full_Clean,RandomForest,9,post_content_for_labeling,"{""analyzer"": ""word"", ""max_features"": 20000, ""ngram_range"": [1, 1], ""min_df"": 2, ""max_df"": 0.95, ""sublinear_tf"": true}",word,20000,"(1, 1)",2,0.95,True,"{""n_estimators"": 200, ""max_depth"": 100, ""max_features"": ""sqrt"", ""min_samples_leaf"": 1}","{""n_estimators"": 200, ""max_depth"": 100, ""max_features"": ""sqrt"", ""min_samples_leaf"": 1}",,,,200.0,100.0,,,,,,0.6140979689366786,0.6719440984745162,0.5147501575846567,0.5334958406750454,0.6312596273881806,0.6140979689366786,0.5922428320735659,0.6140979689366786,0.6140979689366786,0.6140979689366786,1.1306853329997466,0.0315474999997604,False,,success,,494,10,False,False
deep_20260612_180817,02_Basic_Clean,LogisticRegression,1,post_content_for_labeling,"{""analyzer"": ""word"", ""max_features"": 50000, ""ngram_range"": [1, 2], ""min_df"": 1, ""max_df"": 0.95, ""sublinear_tf"": true}",word,50000,"(1, 2)",1,0.95,True,"{""C"": 0.05, ""solver"": ""lbfgs""}","{""C"": 0.05, ""solver"": ""lbfgs""}",,lbfgs,0.05,,,,,,,,0.5925925925925926,0.5096386138905864,0.6137159710933692,0.5330270608512717,0.6624285156579154,0.5925925925925926,0.6009835502382463,0.5925925925925926,0.5925925925925926,0.5925925925925926,2.5051811250000355,0.0036559169998326,False,,success,,495,38,False,False
deep_20260612_180817,01_Raw_Data,XGBoost,7,post_content_for_labeling,"{""analyzer"": ""word"", ""max_features"": 50000, ""ngram_range"": [1, 2], ""min_df"": 2, ""max_df"": 0.95, ""sublinear_tf"": true}",word,50000,"(1, 2)",2,0.95,True,"{""n_estimators"": 200, ""max_depth"": 4, ""learning_rate"": 0.05, ""subsample"": 0.8, ""colsample_bytree"": 0.8, ""reg_lambda"": 1.0, ""reg_alpha"": 0.0}","{""n_estimators"": 200, ""max_depth"": 4, ""learning_rate"": 0.05, ""subsample"": 0.8, ""colsample_bytree"": 0.8, ""reg_lambda"": 1.0, ""reg_alpha"": 0.0, ""early_stopping_rounds"": 30}",,,,200.0,4.0,0.05,0.8,0.8,1.0,0.0,0.5913978494623656,0.5251026722181525,0.5617890712862141,0.532997024934028,0.6176309511458248,0.5913978494623656,0.5971608827143844,0.5913978494623656,0.5913978494623656,0.5913978494623656,68.36410816700004,0.0139933329999166,False,,success,XGBoost early stopping enabled on validation set only,496,2,False,False
deep_20260612_180817,01_Raw_Data,XGBoost,8,post_content_for_labeling,"{""analyzer"": ""word"", ""max_features"": 70000, ""ngram_range"": [1, 2], ""min_df"": 2, ""max_df"": 0.95, ""sublinear_tf"": true}",word,70000,"(1, 2)",2,0.95,True,"{""n_estimators"": 200, ""max_depth"": 4, ""learning_rate"": 0.05, ""subsample"": 0.8, ""colsample_bytree"": 0.8, ""reg_lambda"": 1.0, ""reg_alpha"": 0.0}","{""n_estimators"": 200, ""max_depth"": 4, ""learning_rate"": 0.05, ""subsample"": 0.8, ""colsample_bytree"": 0.8, ""reg_lambda"": 1.0, ""reg_alpha"": 0.0, ""early_stopping_rounds"": 30}",,,,200.0,4.0,0.05,0.8,0.8,1.0,0.0,0.5913978494623656,0.5251026722181525,0.5617890712862141,0.532997024934028,0.6176309511458248,0.5913978494623656,0.5971608827143844,0.5913978494623656,0.5913978494623656,0.5913978494623656,68.60046450000004,0.0161485410001205,False,,success,XGBoost early stopping enabled on validation set only,497,3,False,False
deep_20260612_180817,02_Basic_Clean,XGBoost,15,post_content_for_labeling,"{""analyzer"": ""word"", ""max_features"": 70000, ""ngram_range"": [1, 2], ""min_df"": 2, ""max_df"": 0.95, ""sublinear_tf"": true}",word,70000,"(1, 2)",2,0.95,True,"{""n_estimators"": 200, ""max_depth"": 5, ""learning_rate"": 0.05, ""subsample"": 0.9, ""colsample_bytree"": 0.9, ""reg_lambda"": 2.0, ""reg_alpha"": 0.1}","{""n_estimators"": 200, ""max_depth"": 5, ""learning_rate"": 0.05, ""subsample"": 0.9, ""colsample_bytree"": 0.9, ""reg_lambda"": 2.0, ""reg_alpha"": 0.1, ""early_stopping_rounds"": 30}",,,,200.0,5.0,0.05,0.9,0.9,2.0,0.1,0.5949820788530465,0.5208401241366571,0.5625130190671696,0.5325308096439888,0.6212418828812466,0.5949820788530465,0.6009464126769675,0.5949820788530465,0.5949820788530465,0.5949820788530465,86.38691570900028,0.0161137079994659,False,,success,XGBoost early stopping enabled on validation set only,498,2,False,False
deep_20260612_180817,01_Raw_Data,XGBoost,16,post_content_for_labeling,"{""analyzer"": ""word"", ""max_features"": 50000, ""ngram_range"": [1, 2], ""min_df"": 3, ""max_df"": 0.95, ""sublinear_tf"": true}",word,50000,"(1, 2)",3,0.95,True,"{""n_estimators"": 200, ""max_depth"": 5, ""learning_rate"": 0.05, ""subsample"": 0.9, ""colsample_bytree"": 0.9, ""reg_lambda"": 2.0, ""reg_alpha"": 0.1}","{""n_estimators"": 200, ""max_depth"": 5, ""learning_rate"": 0.05, ""subsample"": 0.9, ""colsample_bytree"": 0.9, ""reg_lambda"": 2.0, ""reg_alpha"": 0.1, ""early_stopping_rounds"": 30}",,,,200.0,5.0,0.05,0.9,0.9,2.0,0.1,0.6069295101553166,0.5224321690186696,0.5591756449764453,0.5324883621024186,0.6305137710264546,0.6069295101553166,0.6129763169639713,0.6069295101553166,0.6069295101553166,0.6069295101553166,74.0872192920001,0.0161207500000273,False,,success,XGBoost early stopping enabled on validation set only,499,4,False,False
deep_20260612_180817,03_Full_Clean,XGBoost,3,post_content_for_labeling,"{""analyzer"": ""word"", ""max_features"": 50000, ""ngram_range"": [1, 2], ""min_df"": 1, ""max_df"": 0.95, ""sublinear_tf"": true}",word,50000,"(1, 2)",1,0.95,True,"{""n_estimators"": 100, ""max_depth"": 3, ""learning_rate"": 0.1, ""subsample"": 0.8, ""colsample_bytree"": 0.8, ""reg_lambda"": 1.0, ""reg_alpha"": 0.0}","{""n_estimators"": 100, ""max_depth"": 3, ""learning_rate"": 0.1, ""subsample"": 0.8, ""colsample_bytree"": 0.8, ""reg_lambda"": 1.0, ""reg_alpha"": 0.0, ""early_stopping_rounds"": 30}",,,,100.0,3.0,0.1,0.8,0.8,1.0,0.0,0.5734767025089605,0.5217876227597572,0.5736143073744081,0.5322668894076643,0.6216127019810395,0.5734767025089605,0.5853978246108492,0.5734767025089605,0.5734767025089605,0.5734767025089605,26.78440720799972,0.0062543329995605,False,,success,XGBoost early stopping enabled on validation set only,500,6,False,False
deep_20260612_180817,05_Balanced,XGBoost,8,post_content_for_labeling,"{""analyzer"": ""word"", ""max_features"": 70000, ""ngram_range"": [1, 2], ""min_df"": 2, ""max_df"": 0.95, ""sublinear_tf"": true}",word,70000,"(1, 2)",2,0.95,True,"{""n_estimators"": 200, ""max_depth"": 4, ""learning_rate"": 0.05, ""subsample"": 0.8, ""colsample_bytree"": 0.8, ""reg_lambda"": 1.0, ""reg_alpha"": 0.0}","{""n_estimators"": 200, ""max_depth"": 4, ""learning_rate"": 0.05, ""subsample"": 0.8, ""colsample_bytree"": 0.8, ""reg_lambda"": 1.0, ""reg_alpha"": 0.0, ""early_stopping_rounds"": 30}",,,,200.0,4.0,0.05,0.8,0.8,1.0,0.0,0.5973715651135006,0.5290424263328114,0.5530502508846558,0.5320198810379239,0.6171069118213349,0.5973715651135006,0.6014547886902976,0.5973715651135006,0.5973715651135006,0.5973715651135006,99.69355708299918,0.0227511670000239,False,,success,XGBoost early stopping enabled on validation set only,501,4,False,False
deep_20260612_180817,03_Full_Clean,XGBoost,11,post_content_for_labeling,"{""analyzer"": ""word"", ""max_features"": 50000, ""ngram_range"": [1, 2], ""min_df"": 1, ""max_df"": 0.95, ""sublinear_tf"": true}",word,50000,"(1, 2)",1,0.95,True,"{""n_estimators"": 300, ""max_depth"": 4, ""learning_rate"": 0.03, ""subsample"": 0.8, ""colsample_bytree"": 0.8, ""reg_lambda"": 2.0, ""reg_alpha"": 0.0}","{""n_estimators"": 300, ""max_depth"": 4, ""learning_rate"": 0.03, ""subsample"": 0.8, ""colsample_bytree"": 0.8, ""reg_lambda"": 2.0, ""reg_alpha"": 0.0, ""early_stopping_rounds"": 30}",,,,300.0,4.0,0.03,0.8,0.8,2.0,0.0,0.5758661887694145,0.5148984157337769,0.5756599765562859,0.5315115292698933,0.6074290674942135,0.5758661887694145,0.5819146222432823,0.5758661887694145,0.5758661887694145,0.5758661887694145,102.8887472919996,0.0237339589994007,False,,success,XGBoost early stopping enabled on validation set only,502,7,False,False
deep_20260612_180817,05_Balanced,XGBoost,1,post_content_for_labeling,"{""analyzer"": ""word"", ""max_features"": 30000, ""ngram_range"": [1, 2], ""min_df"": 2, ""max_df"": 0.95, ""sublinear_tf"": true}",word,30000,"(1, 2)",2,0.95,True,"{""n_estimators"": 100, ""max_depth"": 3, ""learning_rate"": 0.1, ""subsample"": 0.8, ""colsample_bytree"": 0.8, ""reg_lambda"": 1.0, ""reg_alpha"": 0.0}","{""n_estimators"": 100, ""max_depth"": 3, ""learning_rate"": 0.1, ""subsample"": 0.8, ""colsample_bytree"": 0.8, ""reg_lambda"": 1.0, ""reg_alpha"": 0.0, ""early_stopping_rounds"": 30}",,,,100.0,3.0,0.1,0.8,0.8,1.0,0.0,0.5866188769414575,0.5233143115323462,0.5650042197638386,0.5314503161736649,0.6106984094806686,0.5866188769414575,0.5900129926033423,0.5866188769414575,0.5866188769414575,0.5866188769414575,28.130653041000187,0.0102360000000771,False,,success,XGBoost early stopping enabled on validation set only,503,5,False,False
deep_20260612_180817,02_Basic_Clean,LogisticRegression,2,post_content_for_labeling,"{""analyzer"": ""word"", ""max_features"": 50000, ""ngram_range"": [1, 2], ""min_df"": 3, ""max_df"": 0.95, ""sublinear_tf"": true}",word,50000,"(1, 2)",3,0.95,True,"{""C"": 0.05, ""solver"": ""lbfgs""}","{""C"": 0.05, ""solver"": ""lbfgs""}",,lbfgs,0.05,,,,,,,,0.5913978494623656,0.5064485163004218,0.6105611764652374,0.5309625621039517,0.6599891665499813,0.5913978494623656,0.6006166234895978,0.5913978494623656,0.5913978494623656,0.5913978494623656,1.6156076249999387,0.0016230830001404,False,,success,,504,39,False,False
deep_20260612_180817,04_No_Stopwords,RandomForest,10,post_content_for_labeling,"{""analyzer"": ""word"", ""max_features"": 50000, ""ngram_range"": [1, 3], ""min_df"": 2, ""max_df"": 0.95, ""sublinear_tf"": true}",word,50000,"(1, 3)",2,0.95,True,"{""n_estimators"": 200, ""max_depth"": 100, ""max_features"": ""sqrt"", ""min_samples_leaf"": 1}","{""n_estimators"": 200, ""max_depth"": 100, ""max_features"": ""sqrt"", ""min_samples_leaf"": 1}",,,,200.0,100.0,,,,,,0.6152927120669056,0.632445414715358,0.5278075462423838,0.530309158350943,0.6248067609021608,0.6152927120669056,0.5955472135668427,0.6152927120669056,0.6152927120669056,0.6152927120669056,2.974508958000115,0.031205874999614,False,,success,,505,13,False,False
deep_20260612_180817,05_Balanced,XGBoost,11,post_content_for_labeling,"{""analyzer"": ""word"", ""max_features"": 50000, ""ngram_range"": [1, 2], ""min_df"": 1, ""max_df"": 0.95, ""sublinear_tf"": true}",word,50000,"(1, 2)",1,0.95,True,"{""n_estimators"": 300, ""max_depth"": 4, ""learning_rate"": 0.03, ""subsample"": 0.8, ""colsample_bytree"": 0.8, ""reg_lambda"": 2.0, ""reg_alpha"": 0.0}","{""n_estimators"": 300, ""max_depth"": 4, ""learning_rate"": 0.03, ""subsample"": 0.8, ""colsample_bytree"": 0.8, ""reg_lambda"": 2.0, ""reg_alpha"": 0.0, ""early_stopping_rounds"": 30}",,,,300.0,4.0,0.03,0.8,0.8,2.0,0.0,0.5902031063321386,0.5257960303347898,0.5520485931262047,0.5300555494923523,0.6072923495018618,0.5902031063321386,0.5930737714320438,0.5902031063321386,0.5902031063321386,0.5902031063321386,125.89153049999912,0.070693666999432,False,,success,XGBoost early stopping enabled on validation set only,506,6,False,False
deep_20260612_180817,03_Full_Clean,LogisticRegression,1,post_content_for_labeling,"{""analyzer"": ""word"", ""max_features"": 50000, ""ngram_range"": [1, 2], ""min_df"": 1, ""max_df"": 0.95, ""sublinear_tf"": true}",word,50000,"(1, 2)",1,0.95,True,"{""C"": 0.05, ""solver"": ""lbfgs""}","{""C"": 0.05, ""solver"": ""lbfgs""}",,lbfgs,0.05,,,,,,,,0.5866188769414575,0.5057670371418352,0.6121436556468143,0.5299374221334284,0.6566787274379965,0.5866188769414575,0.5942104402243004,0.5866188769414575,0.5866188769414575,0.5866188769414575,2.5286353749997943,0.0039517080003861,False,,success,,507,37,False,False
deep_20260612_180817,04_No_Stopwords,RandomForest,13,post_content_for_labeling,"{""analyzer"": ""word"", ""max_features"": 10000, ""ngram_range"": [1, 1], ""min_df"": 2, ""max_df"": 0.95, ""sublinear_tf"": true}",word,10000,"(1, 1)",2,0.95,True,"{""n_estimators"": 200, ""max_depth"": null, ""max_features"": ""sqrt"", ""min_samples_leaf"": 2}","{""n_estimators"": 200, ""max_depth"": null, ""max_features"": ""sqrt"", ""min_samples_leaf"": 2}",,,,200.0,,,,,,,0.5973715651135006,0.5516205735277234,0.5542309778421254,0.5299190070702685,0.6051108379409199,0.5973715651135006,0.5890256937793098,0.5973715651135006,0.5973715651135006,0.5973715651135006,0.8033159160004288,0.0283139580005808,False,,success,,508,14,False,False
deep_20260612_180817,04_No_Stopwords,RandomForest,14,post_content_for_labeling,"{""analyzer"": ""word"", ""max_features"": 50000, ""ngram_range"": [1, 1], ""min_df"": 2, ""max_df"": 0.95, ""sublinear_tf"": true}",word,50000,"(1, 1)",2,0.95,True,"{""n_estimators"": 200, ""max_depth"": null, ""max_features"": ""sqrt"", ""min_samples_leaf"": 2}","{""n_estimators"": 200, ""max_depth"": null, ""max_features"": ""sqrt"", ""min_samples_leaf"": 2}",,,,200.0,,,,,,,0.5973715651135006,0.5516205735277234,0.5542309778421254,0.5299190070702685,0.6051108379409199,0.5973715651135006,0.5890256937793098,0.5973715651135006,0.5973715651135006,0.5973715651135006,0.8695314590004273,0.04152675000023,False,,success,,509,15,False,False
deep_20260612_180817,03_Full_Clean,RandomForest,11,post_content_for_labeling,"{""analyzer"": ""word"", ""max_features"": 50000, ""ngram_range"": [1, 2], ""min_df"": 1, ""max_df"": 0.95, ""sublinear_tf"": true}",word,50000,"(1, 2)",1,0.95,True,"{""n_estimators"": 200, ""max_depth"": 100, ""max_features"": ""sqrt"", ""min_samples_leaf"": 1}","{""n_estimators"": 200, ""max_depth"": 100, ""max_features"": ""sqrt"", ""min_samples_leaf"": 1}",,,,200.0,100.0,,,,,,0.6224611708482676,0.6315533458302145,0.5230284336851398,0.5295316907184434,0.6287759366147091,0.6224611708482676,0.6010123699352692,0.6224611708482676,0.6224611708482676,0.6224611708482676,3.1338237500003743,0.048205749999397,False,,success,,510,11,False,False
deep_20260612_180817,02_Basic_Clean,XGBoost,7,post_content_for_labeling,"{""analyzer"": ""word"", ""max_features"": 50000, ""ngram_range"": [1, 2], ""min_df"": 2, ""max_df"": 0.95, ""sublinear_tf"": true}",word,50000,"(1, 2)",2,0.95,True,"{""n_estimators"": 200, ""max_depth"": 4, ""learning_rate"": 0.05, ""subsample"": 0.8, ""colsample_bytree"": 0.8, ""reg_lambda"": 1.0, ""reg_alpha"": 0.0}","{""n_estimators"": 200, ""max_depth"": 4, ""learning_rate"": 0.05, ""subsample"": 0.8, ""colsample_bytree"": 0.8, ""reg_lambda"": 1.0, ""reg_alpha"": 0.0, ""early_stopping_rounds"": 30}",,,,200.0,4.0,0.05,0.8,0.8,1.0,0.0,0.5854241338112306,0.5175048479301564,0.5625622517949151,0.5293125599614921,0.6165595261977671,0.5854241338112306,0.5922522534214832,0.5854241338112306,0.5854241338112306,0.5854241338112306,64.37003141700006,0.013303249999808,False,,success,XGBoost early stopping enabled on validation set only,511,3,False,False
deep_20260612_180817,02_Basic_Clean,XGBoost,8,post_content_for_labeling,"{""analyzer"": ""word"", ""max_features"": 70000, ""ngram_range"": [1, 2], ""min_df"": 2, ""max_df"": 0.95, ""sublinear_tf"": true}",word,70000,"(1, 2)",2,0.95,True,"{""n_estimators"": 200, ""max_depth"": 4, ""learning_rate"": 0.05, ""subsample"": 0.8, ""colsample_bytree"": 0.8, ""reg_lambda"": 1.0, ""reg_alpha"": 0.0}","{""n_estimators"": 200, ""max_depth"": 4, ""learning_rate"": 0.05, ""subsample"": 0.8, ""colsample_bytree"": 0.8, ""reg_lambda"": 1.0, ""reg_alpha"": 0.0, ""early_stopping_rounds"": 30}",,,,200.0,4.0,0.05,0.8,0.8,1.0,0.0,0.5854241338112306,0.5175048479301564,0.5625622517949151,0.5293125599614921,0.6165595261977671,0.5854241338112306,0.5922522534214832,0.5854241338112306,0.5854241338112306,0.5854241338112306,66.05262983400007,0.0169881669999085,False,,success,XGBoost early stopping enabled on validation set only,512,4,False,False
deep_20260612_180817,02_Basic_Clean,XGBoost,2,post_content_for_labeling,"{""analyzer"": ""word"", ""max_features"": 50000, ""ngram_range"": [1, 2], ""min_df"": 2, ""max_df"": 0.95, ""sublinear_tf"": true}",word,50000,"(1, 2)",2,0.95,True,"{""n_estimators"": 100, ""max_depth"": 3, ""learning_rate"": 0.1, ""subsample"": 0.8, ""colsample_bytree"": 0.8, ""reg_lambda"": 1.0, ""reg_alpha"": 0.0}","{""n_estimators"": 100, ""max_depth"": 3, ""learning_rate"": 0.1, ""subsample"": 0.8, ""colsample_bytree"": 0.8, ""reg_lambda"": 1.0, ""reg_alpha"": 0.0, ""early_stopping_rounds"": 30}",,,,100.0,3.0,0.1,0.8,0.8,1.0,0.0,0.5710872162485066,0.5149908571845496,0.5743917658459641,0.5292529351172045,0.6194032803350809,0.5710872162485066,0.5823845910088256,0.5710872162485066,0.5710872162485066,0.5710872162485066,25.207419874999687,0.0058654590002333,False,,success,XGBoost early stopping enabled on validation set only,513,5,False,False
deep_20260612_180817,05_Balanced,XGBoost,6,post_content_for_labeling,"{""analyzer"": ""word"", ""max_features"": 50000, ""ngram_range"": [1, 1], ""min_df"": 2, ""max_df"": 0.95, ""sublinear_tf"": true}",word,50000,"(1, 1)",2,0.95,True,"{""n_estimators"": 200, ""max_depth"": 4, ""learning_rate"": 0.05, ""subsample"": 0.8, ""colsample_bytree"": 0.8, ""reg_lambda"": 1.0, ""reg_alpha"": 0.0}","{""n_estimators"": 200, ""max_depth"": 4, ""learning_rate"": 0.05, ""subsample"": 0.8, ""colsample_bytree"": 0.8, ""reg_lambda"": 1.0, ""reg_alpha"": 0.0, ""early_stopping_rounds"": 30}",,,,200.0,4.0,0.05,0.8,0.8,1.0,0.0,0.5854241338112306,0.5259369891450029,0.5533661395585158,0.5290247955606823,0.6131793955381859,0.5854241338112306,0.5922767188684845,0.5854241338112306,0.5854241338112306,0.5854241338112306,36.774066374999165,0.0147290830009296,False,,success,XGBoost early stopping enabled on validation set only,514,7,False,False
deep_20260612_180817,04_No_Stopwords,RandomForest,5,post_content_for_labeling,"{""analyzer"": ""word"", ""max_features"": 30000, ""ngram_range"": [1, 2], ""min_df"": 2, ""max_df"": 0.95, ""sublinear_tf"": true}",word,30000,"(1, 2)",2,0.95,True,"{""n_estimators"": 300, ""max_depth"": null, ""max_features"": ""sqrt"", ""min_samples_leaf"": 1}","{""n_estimators"": 300, ""max_depth"": null, ""max_features"": ""sqrt"", ""min_samples_leaf"": 1}",,,,300.0,,,,,,,0.6176821983273596,0.694959300781197,0.5022756170765694,0.5285687845895474,0.6497758663105467,0.6176821983273596,0.5929988296501333,0.6176821983273596,0.6176821983273596,0.6176821983273596,3.852933082999698,0.0467796250004539,False,,success,,515,16,False,False
deep_20260612_180817,03_Full_Clean,LogisticRegression,2,post_content_for_labeling,"{""analyzer"": ""word"", ""max_features"": 50000, ""ngram_range"": [1, 2], ""min_df"": 3, ""max_df"": 0.95, ""sublinear_tf"": true}",word,50000,"(1, 2)",3,0.95,True,"{""C"": 0.05, ""solver"": ""lbfgs""}","{""C"": 0.05, ""solver"": ""lbfgs""}",,lbfgs,0.05,,,,,,,,0.5866188769414575,0.503248895656092,0.6093249954724642,0.5285209351395705,0.6537697311697619,0.5866188769414575,0.5943488724335954,0.5866188769414575,0.5866188769414575,0.5866188769414575,1.5457381670003087,0.0015785839996169,False,,success,,516,38,False,False
deep_20260612_180817,02_Basic_Clean,XGBoost,10,post_content_for_labeling,"{""analyzer"": ""word"", ""max_features"": 50000, ""ngram_range"": [1, 3], ""min_df"": 2, ""max_df"": 0.95, ""sublinear_tf"": true}",word,50000,"(1, 3)",2,0.95,True,"{""n_estimators"": 300, ""max_depth"": 4, ""learning_rate"": 0.03, ""subsample"": 0.8, ""colsample_bytree"": 0.8, ""reg_lambda"": 2.0, ""reg_alpha"": 0.0}","{""n_estimators"": 300, ""max_depth"": 4, ""learning_rate"": 0.03, ""subsample"": 0.8, ""colsample_bytree"": 0.8, ""reg_lambda"": 2.0, ""reg_alpha"": 0.0, ""early_stopping_rounds"": 30}",,,,300.0,4.0,0.03,0.8,0.8,2.0,0.0,0.5806451612903226,0.5169341767990251,0.5695641614700394,0.5285139463928605,0.6173876437076994,0.5806451612903226,0.5882865688241242,0.5806451612903226,0.5806451612903226,0.5806451612903226,107.2607859169998,0.022027916999832,False,,success,XGBoost early stopping enabled on validation set only,517,6,False,False
deep_20260612_180817,05_Balanced,XGBoost,13,post_content_for_labeling,"{""analyzer"": ""word"", ""max_features"": 10000, ""ngram_range"": [1, 1], ""min_df"": 2, ""max_df"": 0.95, ""sublinear_tf"": true}",word,10000,"(1, 1)",2,0.95,True,"{""n_estimators"": 200, ""max_depth"": 5, ""learning_rate"": 0.05, ""subsample"": 0.9, ""colsample_bytree"": 0.9, ""reg_lambda"": 2.0, ""reg_alpha"": 0.1}","{""n_estimators"": 200, ""max_depth"": 5, ""learning_rate"": 0.05, ""subsample"": 0.9, ""colsample_bytree"": 0.9, ""reg_lambda"": 2.0, ""reg_alpha"": 0.1, ""early_stopping_rounds"": 30}",,,,200.0,5.0,0.05,0.9,0.9,2.0,0.1,0.5973715651135006,0.5282400719430315,0.5483876553567741,0.5282276603929423,0.619201988788663,0.5973715651135006,0.6021575762978031,0.5973715651135006,0.5973715651135006,0.5973715651135006,51.364961125000264,0.0223376249996363,False,,success,XGBoost early stopping enabled on validation set only,518,8,False,False
deep_20260612_180817,05_Balanced,XGBoost,14,post_content_for_labeling,"{""analyzer"": ""word"", ""max_features"": 50000, ""ngram_range"": [1, 1], ""min_df"": 2, ""max_df"": 0.95, ""sublinear_tf"": true}",word,50000,"(1, 1)",2,0.95,True,"{""n_estimators"": 200, ""max_depth"": 5, ""learning_rate"": 0.05, ""subsample"": 0.9, ""colsample_bytree"": 0.9, ""reg_lambda"": 2.0, ""reg_alpha"": 0.1}","{""n_estimators"": 200, ""max_depth"": 5, ""learning_rate"": 0.05, ""subsample"": 0.9, ""colsample_bytree"": 0.9, ""reg_lambda"": 2.0, ""reg_alpha"": 0.1, ""early_stopping_rounds"": 30}",,,,200.0,5.0,0.05,0.9,0.9,2.0,0.1,0.5973715651135006,0.5282400719430315,0.5483876553567741,0.5282276603929423,0.619201988788663,0.5973715651135006,0.6021575762978031,0.5973715651135006,0.5973715651135006,0.5973715651135006,51.984068750000006,0.0265407919996505,False,,success,XGBoost early stopping enabled on validation set only,519,9,False,False
deep_20260612_180817,04_No_Stopwords,XGBoost,11,post_content_for_labeling,"{""analyzer"": ""word"", ""max_features"": 50000, ""ngram_range"": [1, 2], ""min_df"": 1, ""max_df"": 0.95, ""sublinear_tf"": true}",word,50000,"(1, 2)",1,0.95,True,"{""n_estimators"": 300, ""max_depth"": 4, ""learning_rate"": 0.03, ""subsample"": 0.8, ""colsample_bytree"": 0.8, ""reg_lambda"": 2.0, ""reg_alpha"": 0.0}","{""n_estimators"": 300, ""max_depth"": 4, ""learning_rate"": 0.03, ""subsample"": 0.8, ""colsample_bytree"": 0.8, ""reg_lambda"": 2.0, ""reg_alpha"": 0.0, ""early_stopping_rounds"": 30}",,,,300.0,4.0,0.03,0.8,0.8,2.0,0.0,0.5758661887694145,0.5174694774763211,0.5678715689178073,0.5281716558367635,0.6188819328137608,0.5758661887694145,0.5861301909028831,0.5758661887694145,0.5758661887694145,0.5758661887694145,95.7410137909992,0.0200019579988293,False,,success,XGBoost early stopping enabled on validation set only,520,4,False,False
deep_20260612_180817,04_No_Stopwords,XGBoost,16,post_content_for_labeling,"{""analyzer"": ""word"", ""max_features"": 50000, ""ngram_range"": [1, 2], ""min_df"": 3, ""max_df"": 0.95, ""sublinear_tf"": true}",word,50000,"(1, 2)",3,0.95,True,"{""n_estimators"": 200, ""max_depth"": 5, ""learning_rate"": 0.05, ""subsample"": 0.9, ""colsample_bytree"": 0.9, ""reg_lambda"": 2.0, ""reg_alpha"": 0.1}","{""n_estimators"": 200, ""max_depth"": 5, ""learning_rate"": 0.05, ""subsample"": 0.9, ""colsample_bytree"": 0.9, ""reg_lambda"": 2.0, ""reg_alpha"": 0.1, ""early_stopping_rounds"": 30}",,,,200.0,5.0,0.05,0.9,0.9,2.0,0.1,0.5961768219832736,0.5203698457849685,0.5573214359285787,0.528040432584973,0.6233585576513458,0.5961768219832736,0.6019021973582465,0.5961768219832736,0.5961768219832736,0.5961768219832736,70.4528836669997,0.0188491660010186,False,,success,XGBoost early stopping enabled on validation set only,521,5,False,False
deep_20260612_180817,03_Full_Clean,LogisticRegression,4,post_content_for_labeling,"{""analyzer"": ""word"", ""max_features"": 10000, ""ngram_range"": [1, 1], ""min_df"": 2, ""max_df"": 0.95, ""sublinear_tf"": true}",word,10000,"(1, 1)",2,0.95,True,"{""C"": 0.1, ""solver"": ""lbfgs""}","{""C"": 0.1, ""solver"": ""lbfgs""}",,lbfgs,0.1,,,,,,,,0.5710872162485066,0.5048253166738634,0.5945209300959379,0.5273278605479655,0.6337783236335403,0.5710872162485066,0.579349435400102,0.5710872162485066,0.5710872162485066,0.5710872162485066,1.3635549169994192,0.0005880419994355,False,,success,,522,39,False,False
deep_20260612_180817,01_Raw_Data,RandomForest,2,post_content_for_labeling,"{""analyzer"": ""word"", ""max_features"": 50000, ""ngram_range"": [1, 2], ""min_df"": 2, ""max_df"": 0.95, ""sublinear_tf"": true}",word,50000,"(1, 2)",2,0.95,True,"{""n_estimators"": 100, ""max_depth"": null, ""max_features"": ""sqrt"", ""min_samples_leaf"": 1}","{""n_estimators"": 100, ""max_depth"": null, ""max_features"": ""sqrt"", ""min_samples_leaf"": 1}",,,,100.0,,,,,,,0.6152927120669056,0.7117172708265583,0.4879561130336476,0.5270771360852414,0.6535002124913962,0.6152927120669056,0.5914248866966286,0.6152927120669056,0.6152927120669056,0.6152927120669056,1.7999985830001606,0.026962874999981,False,,success,,523,14,False,False
deep_20260612_180817,04_No_Stopwords,XGBoost,1,post_content_for_labeling,"{""analyzer"": ""word"", ""max_features"": 30000, ""ngram_range"": [1, 2], ""min_df"": 2, ""max_df"": 0.95, ""sublinear_tf"": true}",word,30000,"(1, 2)",2,0.95,True,"{""n_estimators"": 100, ""max_depth"": 3, ""learning_rate"": 0.1, ""subsample"": 0.8, ""colsample_bytree"": 0.8, ""reg_lambda"": 1.0, ""reg_alpha"": 0.0}","{""n_estimators"": 100, ""max_depth"": 3, ""learning_rate"": 0.1, ""subsample"": 0.8, ""colsample_bytree"": 0.8, ""reg_lambda"": 1.0, ""reg_alpha"": 0.0, ""early_stopping_rounds"": 30}",,,,100.0,3.0,0.1,0.8,0.8,1.0,0.0,0.5675029868578255,0.514042253651631,0.5710546428933837,0.5267597824311215,0.613950851665671,0.5675029868578255,0.5786067037949475,0.5675029868578255,0.5675029868578255,0.5675029868578255,19.244803040999617,0.0068461249993561,False,,success,XGBoost early stopping enabled on validation set only,524,6,False,False
deep_20260612_180817,05_Balanced,XGBoost,12,post_content_for_labeling,"{""analyzer"": ""word"", ""max_features"": 50000, ""ngram_range"": [1, 2], ""min_df"": 3, ""max_df"": 0.95, ""sublinear_tf"": true}",word,50000,"(1, 2)",3,0.95,True,"{""n_estimators"": 300, ""max_depth"": 4, ""learning_rate"": 0.03, ""subsample"": 0.8, ""colsample_bytree"": 0.8, ""reg_lambda"": 2.0, ""reg_alpha"": 0.0}","{""n_estimators"": 300, ""max_depth"": 4, ""learning_rate"": 0.03, ""subsample"": 0.8, ""colsample_bytree"": 0.8, ""reg_lambda"": 2.0, ""reg_alpha"": 0.0, ""early_stopping_rounds"": 30}",,,,300.0,4.0,0.03,0.8,0.8,2.0,0.0,0.5973715651135006,0.5202333357445498,0.5525603083142844,0.5267472637262359,0.615050662877339,0.5973715651135006,0.5997110650293849,0.5973715651135006,0.5973715651135006,0.5973715651135006,123.1253404580002,0.0291817910001555,False,,success,XGBoost early stopping enabled on validation set only,525,10,False,False
deep_20260612_180817,02_Basic_Clean,XGBoost,12,post_content_for_labeling,"{""analyzer"": ""word"", ""max_features"": 50000, ""ngram_range"": [1, 2], ""min_df"": 3, ""max_df"": 0.95, ""sublinear_tf"": true}",word,50000,"(1, 2)",3,0.95,True,"{""n_estimators"": 300, ""max_depth"": 4, ""learning_rate"": 0.03, ""subsample"": 0.8, ""colsample_bytree"": 0.8, ""reg_lambda"": 2.0, ""reg_alpha"": 0.0}","{""n_estimators"": 300, ""max_depth"": 4, ""learning_rate"": 0.03, ""subsample"": 0.8, ""colsample_bytree"": 0.8, ""reg_lambda"": 2.0, ""reg_alpha"": 0.0, ""early_stopping_rounds"": 30}",,,,300.0,4.0,0.03,0.8,0.8,2.0,0.0,0.5782556750298686,0.5105640822833695,0.5661817426717991,0.5261218330873056,0.6128303352823486,0.5782556750298686,0.5860279915036469,0.5782556750298686,0.5782556750298686,0.5782556750298686,82.83248758299987,0.0198571669998273,False,,success,XGBoost early stopping enabled on validation set only,526,7,False,False
deep_20260612_180817,03_Full_Clean,RandomForest,2,post_content_for_labeling,"{""analyzer"": ""word"", ""max_features"": 50000, ""ngram_range"": [1, 2], ""min_df"": 2, ""max_df"": 0.95, ""sublinear_tf"": true}",word,50000,"(1, 2)",2,0.95,True,"{""n_estimators"": 100, ""max_depth"": null, ""max_features"": ""sqrt"", ""min_samples_leaf"": 1}","{""n_estimators"": 100, ""max_depth"": null, ""max_features"": ""sqrt"", ""min_samples_leaf"": 1}",,,,100.0,,,,,,,0.6188769414575866,0.6757675585297926,0.5008471533065585,0.5258603478182008,0.6428226191731574,0.6188769414575866,0.5944997905758592,0.6188769414575866,0.6188769414575866,0.6188769414575866,1.9436289170007512,0.02849737500037,False,,success,,527,12,False,False
deep_20260612_180817,05_Balanced,XGBoost,3,post_content_for_labeling,"{""analyzer"": ""word"", ""max_features"": 50000, ""ngram_range"": [1, 2], ""min_df"": 1, ""max_df"": 0.95, ""sublinear_tf"": true}",word,50000,"(1, 2)",1,0.95,True,"{""n_estimators"": 100, ""max_depth"": 3, ""learning_rate"": 0.1, ""subsample"": 0.8, ""colsample_bytree"": 0.8, ""reg_lambda"": 1.0, ""reg_alpha"": 0.0}","{""n_estimators"": 100, ""max_depth"": 3, ""learning_rate"": 0.1, ""subsample"": 0.8, ""colsample_bytree"": 0.8, ""reg_lambda"": 1.0, ""reg_alpha"": 0.0, ""early_stopping_rounds"": 30}",,,,100.0,3.0,0.1,0.8,0.8,1.0,0.0,0.5842293906810035,0.5184439124810203,0.553075100622887,0.5252698258548767,0.6067540899044858,0.5842293906810035,0.5883457871448664,0.5842293906810035,0.5842293906810035,0.5842293906810035,40.30631479099975,0.0194579580002027,False,,success,XGBoost early stopping enabled on validation set only,528,11,False,False
deep_20260612_180817,01_Raw_Data,XGBoost,9,post_content_for_labeling,"{""analyzer"": ""word"", ""max_features"": 20000, ""ngram_range"": [1, 1], ""min_df"": 2, ""max_df"": 0.95, ""sublinear_tf"": true}",word,20000,"(1, 1)",2,0.95,True,"{""n_estimators"": 300, ""max_depth"": 4, ""learning_rate"": 0.03, ""subsample"": 0.8, ""colsample_bytree"": 0.8, ""reg_lambda"": 2.0, ""reg_alpha"": 0.0}","{""n_estimators"": 300, ""max_depth"": 4, ""learning_rate"": 0.03, ""subsample"": 0.8, ""colsample_bytree"": 0.8, ""reg_lambda"": 2.0, ""reg_alpha"": 0.0, ""early_stopping_rounds"": 30}",,,,300.0,4.0,0.03,0.8,0.8,2.0,0.0,0.5794504181600956,0.51501902735685,0.5596319500503038,0.5251005656157461,0.6203073906445467,0.5794504181600956,0.5896453581139538,0.5794504181600956,0.5794504181600956,0.5794504181600956,48.13874637499998,0.018538000000035,False,,success,XGBoost early stopping enabled on validation set only,529,5,False,False
deep_20260612_180817,03_Full_Clean,RandomForest,14,post_content_for_labeling,"{""analyzer"": ""word"", ""max_features"": 50000, ""ngram_range"": [1, 1], ""min_df"": 2, ""max_df"": 0.95, ""sublinear_tf"": true}",word,50000,"(1, 1)",2,0.95,True,"{""n_estimators"": 200, ""max_depth"": null, ""max_features"": ""sqrt"", ""min_samples_leaf"": 2}","{""n_estimators"": 200, ""max_depth"": null, ""max_features"": ""sqrt"", ""min_samples_leaf"": 2}",,,,200.0,,,,,,,0.5913978494623656,0.5443352937199125,0.5538378187868412,0.5248145137457808,0.5963690066765489,0.5913978494623656,0.5817727649398456,0.5913978494623656,0.5913978494623656,0.5913978494623656,0.8364505830004418,0.032014708999668,False,,success,,530,13,False,False
deep_20260612_180817,03_Full_Clean,RandomForest,13,post_content_for_labeling,"{""analyzer"": ""word"", ""max_features"": 10000, ""ngram_range"": [1, 1], ""min_df"": 2, ""max_df"": 0.95, ""sublinear_tf"": true}",word,10000,"(1, 1)",2,0.95,True,"{""n_estimators"": 200, ""max_depth"": null, ""max_features"": ""sqrt"", ""min_samples_leaf"": 2}","{""n_estimators"": 200, ""max_depth"": null, ""max_features"": ""sqrt"", ""min_samples_leaf"": 2}",,,,200.0,,,,,,,0.5913978494623656,0.5443352937199125,0.5538378187868412,0.5248145137457808,0.5963690066765489,0.5913978494623656,0.5817727649398456,0.5913978494623656,0.5913978494623656,0.5913978494623656,0.8556607919999806,0.0275605839997297,False,,success,,531,14,False,False
deep_20260612_180817,05_Balanced,XGBoost,7,post_content_for_labeling,"{""analyzer"": ""word"", ""max_features"": 50000, ""ngram_range"": [1, 2], ""min_df"": 2, ""max_df"": 0.95, ""sublinear_tf"": true}",word,50000,"(1, 2)",2,0.95,True,"{""n_estimators"": 200, ""max_depth"": 4, ""learning_rate"": 0.05, ""subsample"": 0.8, ""colsample_bytree"": 0.8, ""reg_lambda"": 1.0, ""reg_alpha"": 0.0}","{""n_estimators"": 200, ""max_depth"": 4, ""learning_rate"": 0.05, ""subsample"": 0.8, ""colsample_bytree"": 0.8, ""reg_lambda"": 1.0, ""reg_alpha"": 0.0, ""early_stopping_rounds"": 30}",,,,200.0,4.0,0.05,0.8,0.8,1.0,0.0,0.5878136200716846,0.515846060676317,0.5474732591405479,0.5245800902068511,0.6040145082768232,0.5878136200716846,0.5909521133426782,0.5878136200716846,0.5878136200716846,0.5878136200716846,101.0947037499991,0.0300394170008075,False,,success,XGBoost early stopping enabled on validation set only,532,12,False,False
deep_20260612_180817,02_Basic_Clean,RandomForest,1,post_content_for_labeling,"{""analyzer"": ""word"", ""max_features"": 30000, ""ngram_range"": [1, 2], ""min_df"": 2, ""max_df"": 0.95, ""sublinear_tf"": true}",word,30000,"(1, 2)",2,0.95,True,"{""n_estimators"": 100, ""max_depth"": null, ""max_features"": ""sqrt"", ""min_samples_leaf"": 1}","{""n_estimators"": 100, ""max_depth"": null, ""max_features"": ""sqrt"", ""min_samples_leaf"": 1}",,,,100.0,,,,,,,0.6093189964157706,0.6756928356093382,0.4975779645206372,0.5243068923015697,0.6328244791068574,0.6093189964157706,0.5843854349198353,0.6093189964157706,0.6093189964157706,0.6093189964157706,1.6553291669997634,0.0314750420002383,False,,success,,533,14,False,False
deep_20260612_180817,01_Raw_Data,XGBoost,10,post_content_for_labeling,"{""analyzer"": ""word"", ""max_features"": 50000, ""ngram_range"": [1, 3], ""min_df"": 2, ""max_df"": 0.95, ""sublinear_tf"": true}",word,50000,"(1, 3)",2,0.95,True,"{""n_estimators"": 300, ""max_depth"": 4, ""learning_rate"": 0.03, ""subsample"": 0.8, ""colsample_bytree"": 0.8, ""reg_lambda"": 2.0, ""reg_alpha"": 0.0}","{""n_estimators"": 300, ""max_depth"": 4, ""learning_rate"": 0.03, ""subsample"": 0.8, ""colsample_bytree"": 0.8, ""reg_lambda"": 2.0, ""reg_alpha"": 0.0, ""early_stopping_rounds"": 30}",,,,300.0,4.0,0.03,0.8,0.8,2.0,0.0,0.5746714456391876,0.5122621525796914,0.5626214780406743,0.5240752777070101,0.6157122501123178,0.5746714456391876,0.5850006094662812,0.5746714456391876,0.5746714456391876,0.5746714456391876,109.92636441700006,0.023368290999997,False,,success,XGBoost early stopping enabled on validation set only,534,6,False,False
deep_20260612_180817,05_Balanced,XGBoost,9,post_content_for_labeling,"{""analyzer"": ""word"", ""max_features"": 20000, ""ngram_range"": [1, 1], ""min_df"": 2, ""max_df"": 0.95, ""sublinear_tf"": true}",word,20000,"(1, 1)",2,0.95,True,"{""n_estimators"": 300, ""max_depth"": 4, ""learning_rate"": 0.03, ""subsample"": 0.8, ""colsample_bytree"": 0.8, ""reg_lambda"": 2.0, ""reg_alpha"": 0.0}","{""n_estimators"": 300, ""max_depth"": 4, ""learning_rate"": 0.03, ""subsample"": 0.8, ""colsample_bytree"": 0.8, ""reg_lambda"": 2.0, ""reg_alpha"": 0.0, ""early_stopping_rounds"": 30}",,,,300.0,4.0,0.03,0.8,0.8,2.0,0.0,0.5722819593787336,0.5174665815311195,0.5534046071960812,0.5238689286705805,0.6104696731417353,0.5722819593787336,0.5827950003046221,0.5722819593787336,0.5722819593787336,0.5722819593787336,56.681078292000166,0.0296390830008022,False,,success,XGBoost early stopping enabled on validation set only,535,13,False,False
deep_20260612_180817,01_Raw_Data,RandomForest,3,post_content_for_labeling,"{""analyzer"": ""word"", ""max_features"": 50000, ""ngram_range"": [1, 2], ""min_df"": 1, ""max_df"": 0.95, ""sublinear_tf"": true}",word,50000,"(1, 2)",1,0.95,True,"{""n_estimators"": 100, ""max_depth"": null, ""max_features"": ""sqrt"", ""min_samples_leaf"": 1}","{""n_estimators"": 100, ""max_depth"": null, ""max_features"": ""sqrt"", ""min_samples_leaf"": 1}",,,,100.0,,,,,,,0.6069295101553166,0.6964759585766,0.4932086487098521,0.5237772489305996,0.6405425131310309,0.6069295101553166,0.5837351155616328,0.6069295101553166,0.6069295101553166,0.6069295101553166,1.8249590000000353,0.0268661249999695,False,,success,,536,15,False,False
deep_20260612_180817,04_No_Stopwords,LogisticRegression,4,post_content_for_labeling,"{""analyzer"": ""word"", ""max_features"": 10000, ""ngram_range"": [1, 1], ""min_df"": 2, ""max_df"": 0.95, ""sublinear_tf"": true}",word,10000,"(1, 1)",2,0.95,True,"{""C"": 0.1, ""solver"": ""lbfgs""}","{""C"": 0.1, ""solver"": ""lbfgs""}",,lbfgs,0.1,,,,,,,,0.5675029868578255,0.4995595305477649,0.5929773382393859,0.5236396259629018,0.6370517674052858,0.5675029868578255,0.5784130560773448,0.5675029868578255,0.5675029868578255,0.5675029868578255,1.1957086250004068,0.0008139169995047,False,,success,,537,39,False,False
deep_20260612_180817,03_Full_Clean,XGBoost,1,post_content_for_labeling,"{""analyzer"": ""word"", ""max_features"": 30000, ""ngram_range"": [1, 2], ""min_df"": 2, ""max_df"": 0.95, ""sublinear_tf"": true}",word,30000,"(1, 2)",2,0.95,True,"{""n_estimators"": 100, ""max_depth"": 3, ""learning_rate"": 0.1, ""subsample"": 0.8, ""colsample_bytree"": 0.8, ""reg_lambda"": 1.0, ""reg_alpha"": 0.0}","{""n_estimators"": 100, ""max_depth"": 3, ""learning_rate"": 0.1, ""subsample"": 0.8, ""colsample_bytree"": 0.8, ""reg_lambda"": 1.0, ""reg_alpha"": 0.0, ""early_stopping_rounds"": 30}",,,,100.0,3.0,0.1,0.8,0.8,1.0,0.0,0.5722819593787336,0.5128484655631347,0.5622819036144124,0.5228930631655678,0.622363552547854,0.5722819593787336,0.5855537515218987,0.5722819593787336,0.5722819593787336,0.5722819593787336,22.343131958999948,0.0118730829999549,False,,success,XGBoost early stopping enabled on validation set only,538,8,False,False
deep_20260612_180817,01_Raw_Data,XGBoost,12,post_content_for_labeling,"{""analyzer"": ""word"", ""max_features"": 50000, ""ngram_range"": [1, 2], ""min_df"": 3, ""max_df"": 0.95, ""sublinear_tf"": true}",word,50000,"(1, 2)",3,0.95,True,"{""n_estimators"": 300, ""max_depth"": 4, ""learning_rate"": 0.03, ""subsample"": 0.8, ""colsample_bytree"": 0.8, ""reg_lambda"": 2.0, ""reg_alpha"": 0.0}","{""n_estimators"": 300, ""max_depth"": 4, ""learning_rate"": 0.03, ""subsample"": 0.8, ""colsample_bytree"": 0.8, ""reg_lambda"": 2.0, ""reg_alpha"": 0.0, ""early_stopping_rounds"": 30}",,,,300.0,4.0,0.03,0.8,0.8,2.0,0.0,0.5806451612903226,0.5136033837090715,0.5559815489315977,0.5226974808444321,0.6217029403135468,0.5806451612903226,0.5920700926112159,0.5806451612903226,0.5806451612903226,0.5806451612903226,84.54994020799995,0.0210899999999583,False,,success,XGBoost early stopping enabled on validation set only,539,7,False,False
deep_20260612_180817,04_No_Stopwords,XGBoost,12,post_content_for_labeling,"{""analyzer"": ""word"", ""max_features"": 50000, ""ngram_range"": [1, 2], ""min_df"": 3, ""max_df"": 0.95, ""sublinear_tf"": true}",word,50000,"(1, 2)",3,0.95,True,"{""n_estimators"": 300, ""max_depth"": 4, ""learning_rate"": 0.03, ""subsample"": 0.8, ""colsample_bytree"": 0.8, ""reg_lambda"": 2.0, ""reg_alpha"": 0.0}","{""n_estimators"": 300, ""max_depth"": 4, ""learning_rate"": 0.03, ""subsample"": 0.8, ""colsample_bytree"": 0.8, ""reg_lambda"": 2.0, ""reg_alpha"": 0.0, ""early_stopping_rounds"": 30}",,,,300.0,4.0,0.03,0.8,0.8,2.0,0.0,0.5770609318996416,0.5125583417389015,0.5583768899634025,0.5220689718228951,0.6163966183171811,0.5770609318996416,0.5863944322432347,0.5770609318996416,0.5770609318996416,0.5770609318996416,75.31018612499975,0.0185239170004933,False,,success,XGBoost early stopping enabled on validation set only,540,7,False,False
deep_20260612_180817,02_Basic_Clean,RandomForest,5,post_content_for_labeling,"{""analyzer"": ""word"", ""max_features"": 30000, ""ngram_range"": [1, 2], ""min_df"": 2, ""max_df"": 0.95, ""sublinear_tf"": true}",word,30000,"(1, 2)",2,0.95,True,"{""n_estimators"": 300, ""max_depth"": null, ""max_features"": ""sqrt"", ""min_samples_leaf"": 1}","{""n_estimators"": 300, ""max_depth"": null, ""max_features"": ""sqrt"", ""min_samples_leaf"": 1}",,,,300.0,,,,,,,0.6093189964157706,0.702500369101685,0.4908402509209335,0.5215696428777021,0.6460510467284302,0.6093189964157706,0.5859517789587293,0.6093189964157706,0.6093189964157706,0.6093189964157706,4.125669375000143,0.0570353339999201,False,,success,,541,15,False,False
deep_20260612_180817,02_Basic_Clean,XGBoost,1,post_content_for_labeling,"{""analyzer"": ""word"", ""max_features"": 30000, ""ngram_range"": [1, 2], ""min_df"": 2, ""max_df"": 0.95, ""sublinear_tf"": true}",word,30000,"(1, 2)",2,0.95,True,"{""n_estimators"": 100, ""max_depth"": 3, ""learning_rate"": 0.1, ""subsample"": 0.8, ""colsample_bytree"": 0.8, ""reg_lambda"": 1.0, ""reg_alpha"": 0.0}","{""n_estimators"": 100, ""max_depth"": 3, ""learning_rate"": 0.1, ""subsample"": 0.8, ""colsample_bytree"": 0.8, ""reg_lambda"": 1.0, ""reg_alpha"": 0.0, ""early_stopping_rounds"": 30}",,,,100.0,3.0,0.1,0.8,0.8,1.0,0.0,0.5663082437275986,0.5114483695591737,0.5626919026907389,0.521243495440717,0.6163675049874002,0.5663082437275986,0.5791264871639533,0.5663082437275986,0.5663082437275986,0.5663082437275986,22.917721708000045,0.0069091249997654,False,,success,XGBoost early stopping enabled on validation set only,542,8,False,False
deep_20260612_180817,02_Basic_Clean,RandomForest,4,post_content_for_labeling,"{""analyzer"": ""word"", ""max_features"": 30000, ""ngram_range"": [1, 1], ""min_df"": 2, ""max_df"": 0.95, ""sublinear_tf"": true}",word,30000,"(1, 1)",2,0.95,True,"{""n_estimators"": 200, ""max_depth"": null, ""max_features"": ""sqrt"", ""min_samples_leaf"": 1}","{""n_estimators"": 200, ""max_depth"": null, ""max_features"": ""sqrt"", ""min_samples_leaf"": 1}",,,,200.0,,,,,,,0.6057347670250897,0.6803364242655051,0.4929784823810136,0.5212403000597988,0.6280415231060335,0.6057347670250897,0.5786499903133169,0.6057347670250897,0.6057347670250897,0.6057347670250897,1.5641413329999525,0.0324441249999836,False,,success,,543,16,False,False
deep_20260612_180817,03_Full_Clean,XGBoost,12,post_content_for_labeling,"{""analyzer"": ""word"", ""max_features"": 50000, ""ngram_range"": [1, 2], ""min_df"": 3, ""max_df"": 0.95, ""sublinear_tf"": true}",word,50000,"(1, 2)",3,0.95,True,"{""n_estimators"": 300, ""max_depth"": 4, ""learning_rate"": 0.03, ""subsample"": 0.8, ""colsample_bytree"": 0.8, ""reg_lambda"": 2.0, ""reg_alpha"": 0.0}","{""n_estimators"": 300, ""max_depth"": 4, ""learning_rate"": 0.03, ""subsample"": 0.8, ""colsample_bytree"": 0.8, ""reg_lambda"": 2.0, ""reg_alpha"": 0.0, ""early_stopping_rounds"": 30}",,,,300.0,4.0,0.03,0.8,0.8,2.0,0.0,0.5734767025089605,0.5088701542010741,0.556538516960462,0.5212027641797955,0.6089400384167765,0.5734767025089605,0.5823127350679171,0.5734767025089605,0.5734767025089605,0.5734767025089605,81.47976483300044,0.018961875000059,False,,success,XGBoost early stopping enabled on validation set only,544,9,False,False
deep_20260612_180817,03_Full_Clean,XGBoost,10,post_content_for_labeling,"{""analyzer"": ""word"", ""max_features"": 50000, ""ngram_range"": [1, 3], ""min_df"": 2, ""max_df"": 0.95, ""sublinear_tf"": true}",word,50000,"(1, 3)",2,0.95,True,"{""n_estimators"": 300, ""max_depth"": 4, ""learning_rate"": 0.03, ""subsample"": 0.8, ""colsample_bytree"": 0.8, ""reg_lambda"": 2.0, ""reg_alpha"": 0.0}","{""n_estimators"": 300, ""max_depth"": 4, ""learning_rate"": 0.03, ""subsample"": 0.8, ""colsample_bytree"": 0.8, ""reg_lambda"": 2.0, ""reg_alpha"": 0.0, ""early_stopping_rounds"": 30}",,,,300.0,4.0,0.03,0.8,0.8,2.0,0.0,0.5746714456391876,0.5075337255050714,0.5635047343573527,0.5206951510943918,0.6155380420328912,0.5746714456391876,0.5835969959680559,0.5746714456391876,0.5746714456391876,0.5746714456391876,104.339916291,0.020964625000488,False,,success,XGBoost early stopping enabled on validation set only,545,10,False,False
deep_20260612_180817,02_Basic_Clean,XGBoost,5,post_content_for_labeling,"{""analyzer"": ""word"", ""max_features"": 30000, ""ngram_range"": [1, 2], ""min_df"": 2, ""max_df"": 0.95, ""sublinear_tf"": true}",word,30000,"(1, 2)",2,0.95,True,"{""n_estimators"": 300, ""max_depth"": 3, ""learning_rate"": 0.03, ""subsample"": 0.8, ""colsample_bytree"": 0.8, ""reg_lambda"": 1.0, ""reg_alpha"": 0.0}","{""n_estimators"": 300, ""max_depth"": 3, ""learning_rate"": 0.03, ""subsample"": 0.8, ""colsample_bytree"": 0.8, ""reg_lambda"": 1.0, ""reg_alpha"": 0.0, ""early_stopping_rounds"": 30}",,,,300.0,3.0,0.03,0.8,0.8,1.0,0.0,0.5675029868578255,0.5116281513720429,0.5592904128001522,0.5204895366752318,0.6160338081839356,0.5675029868578255,0.5801028528132968,0.5675029868578255,0.5675029868578255,0.5675029868578255,65.32629858300015,0.0156059579999237,False,,success,XGBoost early stopping enabled on validation set only,546,9,False,False
deep_20260612_180817,04_No_Stopwords,XGBoost,6,post_content_for_labeling,"{""analyzer"": ""word"", ""max_features"": 50000, ""ngram_range"": [1, 1], ""min_df"": 2, ""max_df"": 0.95, ""sublinear_tf"": true}",word,50000,"(1, 1)",2,0.95,True,"{""n_estimators"": 200, ""max_depth"": 4, ""learning_rate"": 0.05, ""subsample"": 0.8, ""colsample_bytree"": 0.8, ""reg_lambda"": 1.0, ""reg_alpha"": 0.0}","{""n_estimators"": 200, ""max_depth"": 4, ""learning_rate"": 0.05, ""subsample"": 0.8, ""colsample_bytree"": 0.8, ""reg_lambda"": 1.0, ""reg_alpha"": 0.0, ""early_stopping_rounds"": 30}",,,,200.0,4.0,0.05,0.8,0.8,1.0,0.0,0.5854241338112306,0.5165840705350304,0.5475683037652552,0.5195533057145718,0.6190408735849121,0.5854241338112306,0.5929175542682622,0.5854241338112306,0.5854241338112306,0.5854241338112306,28.46417770900007,0.0107885420002276,False,,success,XGBoost early stopping enabled on validation set only,547,8,False,False
deep_20260612_180817,05_Balanced,XGBoost,18,post_content_for_labeling,"{""analyzer"": ""word"", ""max_features"": 30000, ""ngram_range"": [1, 1], ""min_df"": 2, ""max_df"": 0.95, ""sublinear_tf"": true}",word,30000,"(1, 1)",2,0.95,True,"{""n_estimators"": 300, ""max_depth"": 5, ""learning_rate"": 0.03, ""subsample"": 0.9, ""colsample_bytree"": 0.9, ""reg_lambda"": 2.0, ""reg_alpha"": 0.1}","{""n_estimators"": 300, ""max_depth"": 5, ""learning_rate"": 0.03, ""subsample"": 0.9, ""colsample_bytree"": 0.9, ""reg_lambda"": 2.0, ""reg_alpha"": 0.1, ""early_stopping_rounds"": 30}",,,,300.0,5.0,0.03,0.9,0.9,2.0,0.1,0.5890083632019116,0.5189482918838465,0.5405494471631425,0.5193473871307885,0.6111129139242013,0.5890083632019116,0.5936640891521792,0.5890083632019116,0.5890083632019116,0.5890083632019116,78.65326104199994,0.0321817080002801,False,,success,XGBoost early stopping enabled on validation set only,548,14,False,False
deep_20260612_180817,05_Balanced,XGBoost,17,post_content_for_labeling,"{""analyzer"": ""word"", ""max_features"": 20000, ""ngram_range"": [1, 1], ""min_df"": 2, ""max_df"": 0.95, ""sublinear_tf"": true}",word,20000,"(1, 1)",2,0.95,True,"{""n_estimators"": 300, ""max_depth"": 5, ""learning_rate"": 0.03, ""subsample"": 0.9, ""colsample_bytree"": 0.9, ""reg_lambda"": 2.0, ""reg_alpha"": 0.1}","{""n_estimators"": 300, ""max_depth"": 5, ""learning_rate"": 0.03, ""subsample"": 0.9, ""colsample_bytree"": 0.9, ""reg_lambda"": 2.0, ""reg_alpha"": 0.1, ""early_stopping_rounds"": 30}",,,,300.0,5.0,0.03,0.9,0.9,2.0,0.1,0.5890083632019116,0.5189482918838465,0.5405494471631425,0.5193473871307885,0.6111129139242013,0.5890083632019116,0.5936640891521792,0.5890083632019116,0.5890083632019116,0.5890083632019116,79.36107595900103,0.0297673750010289,False,,success,XGBoost early stopping enabled on validation set only,549,15,False,False
deep_20260612_180817,05_Balanced,XGBoost,5,post_content_for_labeling,"{""analyzer"": ""word"", ""max_features"": 30000, ""ngram_range"": [1, 2], ""min_df"": 2, ""max_df"": 0.95, ""sublinear_tf"": true}",word,30000,"(1, 2)",2,0.95,True,"{""n_estimators"": 300, ""max_depth"": 3, ""learning_rate"": 0.03, ""subsample"": 0.8, ""colsample_bytree"": 0.8, ""reg_lambda"": 1.0, ""reg_alpha"": 0.0}","{""n_estimators"": 300, ""max_depth"": 3, ""learning_rate"": 0.03, ""subsample"": 0.8, ""colsample_bytree"": 0.8, ""reg_lambda"": 1.0, ""reg_alpha"": 0.0, ""early_stopping_rounds"": 30}",,,,300.0,3.0,0.03,0.8,0.8,1.0,0.0,0.5806451612903226,0.514407331413812,0.5493475651676628,0.5190478240929045,0.6057811613703203,0.5806451612903226,0.58479573399911,0.5806451612903226,0.5806451612903226,0.5806451612903226,73.64150683299886,0.0149276249994727,False,,success,XGBoost early stopping enabled on validation set only,550,16,False,False
deep_20260612_180817,04_No_Stopwords,XGBoost,10,post_content_for_labeling,"{""analyzer"": ""word"", ""max_features"": 50000, ""ngram_range"": [1, 3], ""min_df"": 2, ""max_df"": 0.95, ""sublinear_tf"": true}",word,50000,"(1, 3)",2,0.95,True,"{""n_estimators"": 300, ""max_depth"": 4, ""learning_rate"": 0.03, ""subsample"": 0.8, ""colsample_bytree"": 0.8, ""reg_lambda"": 2.0, ""reg_alpha"": 0.0}","{""n_estimators"": 300, ""max_depth"": 4, ""learning_rate"": 0.03, ""subsample"": 0.8, ""colsample_bytree"": 0.8, ""reg_lambda"": 2.0, ""reg_alpha"": 0.0, ""early_stopping_rounds"": 30}",,,,300.0,4.0,0.03,0.8,0.8,2.0,0.0,0.5663082437275986,0.5054515394658773,0.5599382924869725,0.5183743226926323,0.6055383617499971,0.5663082437275986,0.5750674835956007,0.5663082437275986,0.5663082437275986,0.5663082437275986,100.78412649999882,0.0327130409987148,False,,success,XGBoost early stopping enabled on validation set only,551,9,False,False
deep_20260612_180817,05_Balanced,XGBoost,2,post_content_for_labeling,"{""analyzer"": ""word"", ""max_features"": 50000, ""ngram_range"": [1, 2], ""min_df"": 2, ""max_df"": 0.95, ""sublinear_tf"": true}",word,50000,"(1, 2)",2,0.95,True,"{""n_estimators"": 100, ""max_depth"": 3, ""learning_rate"": 0.1, ""subsample"": 0.8, ""colsample_bytree"": 0.8, ""reg_lambda"": 1.0, ""reg_alpha"": 0.0}","{""n_estimators"": 100, ""max_depth"": 3, ""learning_rate"": 0.1, ""subsample"": 0.8, ""colsample_bytree"": 0.8, ""reg_lambda"": 1.0, ""reg_alpha"": 0.0, ""early_stopping_rounds"": 30}",,,,100.0,3.0,0.1,0.8,0.8,1.0,0.0,0.5722819593787336,0.5022589055879542,0.5570266838696296,0.5181115736917619,0.5973912565394106,0.5722819593787336,0.576724487187124,0.5722819593787336,0.5722819593787336,0.5722819593787336,42.891467208000904,0.0214425829999527,False,,success,XGBoost early stopping enabled on validation set only,552,17,False,False
deep_20260612_180817,01_Raw_Data,XGBoost,18,post_content_for_labeling,"{""analyzer"": ""word"", ""max_features"": 30000, ""ngram_range"": [1, 1], ""min_df"": 2, ""max_df"": 0.95, ""sublinear_tf"": true}",word,30000,"(1, 1)",2,0.95,True,"{""n_estimators"": 300, ""max_depth"": 5, ""learning_rate"": 0.03, ""subsample"": 0.9, ""colsample_bytree"": 0.9, ""reg_lambda"": 2.0, ""reg_alpha"": 0.1}","{""n_estimators"": 300, ""max_depth"": 5, ""learning_rate"": 0.03, ""subsample"": 0.9, ""colsample_bytree"": 0.9, ""reg_lambda"": 2.0, ""reg_alpha"": 0.1, ""early_stopping_rounds"": 30}",,,,300.0,5.0,0.03,0.9,0.9,2.0,0.1,0.5961768219832736,0.5116409069004622,0.5462817037605217,0.5181011494233672,0.6219536712689216,0.5961768219832736,0.6013818508711528,0.5961768219832736,0.5961768219832736,0.5961768219832736,66.4722377080002,0.0255337920002602,False,,success,XGBoost early stopping enabled on validation set only,553,8,False,False
deep_20260612_180817,01_Raw_Data,XGBoost,17,post_content_for_labeling,"{""analyzer"": ""word"", ""max_features"": 20000, ""ngram_range"": [1, 1], ""min_df"": 2, ""max_df"": 0.95, ""sublinear_tf"": true}",word,20000,"(1, 1)",2,0.95,True,"{""n_estimators"": 300, ""max_depth"": 5, ""learning_rate"": 0.03, ""subsample"": 0.9, ""colsample_bytree"": 0.9, ""reg_lambda"": 2.0, ""reg_alpha"": 0.1}","{""n_estimators"": 300, ""max_depth"": 5, ""learning_rate"": 0.03, ""subsample"": 0.9, ""colsample_bytree"": 0.9, ""reg_lambda"": 2.0, ""reg_alpha"": 0.1, ""early_stopping_rounds"": 30}",,,,300.0,5.0,0.03,0.9,0.9,2.0,0.1,0.5961768219832736,0.5116409069004622,0.5462817037605217,0.5181011494233672,0.6219536712689216,0.5961768219832736,0.6013818508711528,0.5961768219832736,0.5961768219832736,0.5961768219832736,66.48413891700011,0.0199365829998896,False,,success,XGBoost early stopping enabled on validation set only,554,9,False,False
deep_20260612_180817,01_Raw_Data,XGBoost,11,post_content_for_labeling,"{""analyzer"": ""word"", ""max_features"": 50000, ""ngram_range"": [1, 2], ""min_df"": 1, ""max_df"": 0.95, ""sublinear_tf"": true}",word,50000,"(1, 2)",1,0.95,True,"{""n_estimators"": 300, ""max_depth"": 4, ""learning_rate"": 0.03, ""subsample"": 0.8, ""colsample_bytree"": 0.8, ""reg_lambda"": 2.0, ""reg_alpha"": 0.0}","{""n_estimators"": 300, ""max_depth"": 4, ""learning_rate"": 0.03, ""subsample"": 0.8, ""colsample_bytree"": 0.8, ""reg_lambda"": 2.0, ""reg_alpha"": 0.0, ""early_stopping_rounds"": 30}",,,,300.0,4.0,0.03,0.8,0.8,2.0,0.0,0.5710872162485066,0.506952216332274,0.5559607584332806,0.5179083736783928,0.6134754028103911,0.5710872162485066,0.5818333286712205,0.5710872162485066,0.5710872162485066,0.5710872162485066,104.3070717500002,0.0225342080000245,False,,success,XGBoost early stopping enabled on validation set only,555,10,False,False
deep_20260612_180817,02_Basic_Clean,XGBoost,6,post_content_for_labeling,"{""analyzer"": ""word"", ""max_features"": 50000, ""ngram_range"": [1, 1], ""min_df"": 2, ""max_df"": 0.95, ""sublinear_tf"": true}",word,50000,"(1, 1)",2,0.95,True,"{""n_estimators"": 200, ""max_depth"": 4, ""learning_rate"": 0.05, ""subsample"": 0.8, ""colsample_bytree"": 0.8, ""reg_lambda"": 1.0, ""reg_alpha"": 0.0}","{""n_estimators"": 200, ""max_depth"": 4, ""learning_rate"": 0.05, ""subsample"": 0.8, ""colsample_bytree"": 0.8, ""reg_lambda"": 1.0, ""reg_alpha"": 0.0, ""early_stopping_rounds"": 30}",,,,200.0,4.0,0.05,0.8,0.8,1.0,0.0,0.5818399044205496,0.5137307244699708,0.5430177342695861,0.5173358493700094,0.6136783582085673,0.5818399044205496,0.5889952475893064,0.5818399044205496,0.5818399044205496,0.5818399044205496,28.362921542000095,0.0112999999996645,False,,success,XGBoost early stopping enabled on validation set only,556,10,False,False
deep_20260612_180817,01_Raw_Data,XGBoost,5,post_content_for_labeling,"{""analyzer"": ""word"", ""max_features"": 30000, ""ngram_range"": [1, 2], ""min_df"": 2, ""max_df"": 0.95, ""sublinear_tf"": true}",word,30000,"(1, 2)",2,0.95,True,"{""n_estimators"": 300, ""max_depth"": 3, ""learning_rate"": 0.03, ""subsample"": 0.8, ""colsample_bytree"": 0.8, ""reg_lambda"": 1.0, ""reg_alpha"": 0.0}","{""n_estimators"": 300, ""max_depth"": 3, ""learning_rate"": 0.03, ""subsample"": 0.8, ""colsample_bytree"": 0.8, ""reg_lambda"": 1.0, ""reg_alpha"": 0.0, ""early_stopping_rounds"": 30}",,,,300.0,3.0,0.03,0.8,0.8,1.0,0.0,0.5698924731182796,0.5084330961855947,0.5542304095012124,0.5173278604896595,0.6148029882942785,0.5698924731182796,0.58114681963341,0.5698924731182796,0.5698924731182796,0.5698924731182796,78.44435445800013,0.0168029169999499,False,,success,XGBoost early stopping enabled on validation set only,557,11,False,False
deep_20260612_180817,04_No_Stopwords,XGBoost,2,post_content_for_labeling,"{""analyzer"": ""word"", ""max_features"": 50000, ""ngram_range"": [1, 2], ""min_df"": 2, ""max_df"": 0.95, ""sublinear_tf"": true}",word,50000,"(1, 2)",2,0.95,True,"{""n_estimators"": 100, ""max_depth"": 3, ""learning_rate"": 0.1, ""subsample"": 0.8, ""colsample_bytree"": 0.8, ""reg_lambda"": 1.0, ""reg_alpha"": 0.0}","{""n_estimators"": 100, ""max_depth"": 3, ""learning_rate"": 0.1, ""subsample"": 0.8, ""colsample_bytree"": 0.8, ""reg_lambda"": 1.0, ""reg_alpha"": 0.0, ""early_stopping_rounds"": 30}",,,,100.0,3.0,0.1,0.8,0.8,1.0,0.0,0.5651135005973715,0.5068535378846637,0.5569651016008161,0.5172357788051678,0.6131303341387006,0.5651135005973715,0.5773262827103504,0.5651135005973715,0.5651135005973715,0.5651135005973715,22.328428791999613,0.0056037920003291,False,,success,XGBoost early stopping enabled on validation set only,558,10,False,False
deep_20260612_180817,01_Raw_Data,XGBoost,4,post_content_for_labeling,"{""analyzer"": ""word"", ""max_features"": 30000, ""ngram_range"": [1, 1], ""min_df"": 2, ""max_df"": 0.95, ""sublinear_tf"": true}",word,30000,"(1, 1)",2,0.95,True,"{""n_estimators"": 200, ""max_depth"": 3, ""learning_rate"": 0.05, ""subsample"": 0.8, ""colsample_bytree"": 0.8, ""reg_lambda"": 1.0, ""reg_alpha"": 0.0}","{""n_estimators"": 200, ""max_depth"": 3, ""learning_rate"": 0.05, ""subsample"": 0.8, ""colsample_bytree"": 0.8, ""reg_lambda"": 1.0, ""reg_alpha"": 0.0, ""early_stopping_rounds"": 30}",,,,200.0,3.0,0.05,0.8,0.8,1.0,0.0,0.5663082437275986,0.507209958957481,0.5540140067235967,0.5171528791301135,0.6113855326211395,0.5663082437275986,0.5776072470015374,0.5663082437275986,0.5663082437275986,0.5663082437275986,28.52283108300003,0.0112613750000036,False,,success,XGBoost early stopping enabled on validation set only,559,12,False,False
deep_20260612_180817,01_Raw_Data,XGBoost,6,post_content_for_labeling,"{""analyzer"": ""word"", ""max_features"": 50000, ""ngram_range"": [1, 1], ""min_df"": 2, ""max_df"": 0.95, ""sublinear_tf"": true}",word,50000,"(1, 1)",2,0.95,True,"{""n_estimators"": 200, ""max_depth"": 4, ""learning_rate"": 0.05, ""subsample"": 0.8, ""colsample_bytree"": 0.8, ""reg_lambda"": 1.0, ""reg_alpha"": 0.0}","{""n_estimators"": 200, ""max_depth"": 4, ""learning_rate"": 0.05, ""subsample"": 0.8, ""colsample_bytree"": 0.8, ""reg_lambda"": 1.0, ""reg_alpha"": 0.0, ""early_stopping_rounds"": 30}",,,,200.0,4.0,0.05,0.8,0.8,1.0,0.0,0.5890083632019116,0.5070203709924989,0.5486057481056906,0.5170823793718421,0.6182475879969805,0.5890083632019116,0.5951298110876728,0.5890083632019116,0.5890083632019116,0.5890083632019116,32.939866000000166,0.0121196659999895,False,,success,XGBoost early stopping enabled on validation set only,560,13,False,False
deep_20260612_180817,01_Raw_Data,XGBoost,14,post_content_for_labeling,"{""analyzer"": ""word"", ""max_features"": 50000, ""ngram_range"": [1, 1], ""min_df"": 2, ""max_df"": 0.95, ""sublinear_tf"": true}",word,50000,"(1, 1)",2,0.95,True,"{""n_estimators"": 200, ""max_depth"": 5, ""learning_rate"": 0.05, ""subsample"": 0.9, ""colsample_bytree"": 0.9, ""reg_lambda"": 2.0, ""reg_alpha"": 0.1}","{""n_estimators"": 200, ""max_depth"": 5, ""learning_rate"": 0.05, ""subsample"": 0.9, ""colsample_bytree"": 0.9, ""reg_lambda"": 2.0, ""reg_alpha"": 0.1, ""early_stopping_rounds"": 30}",,,,200.0,5.0,0.05,0.9,0.9,2.0,0.1,0.5973715651135006,0.5137164996158092,0.5433895060061357,0.5168633534357637,0.6214779498313392,0.5973715651135006,0.6016242965203559,0.5973715651135006,0.5973715651135006,0.5973715651135006,43.58218887499993,0.0141482920000726,False,,success,XGBoost early stopping enabled on validation set only,561,14,False,False
deep_20260612_180817,01_Raw_Data,XGBoost,13,post_content_for_labeling,"{""analyzer"": ""word"", ""max_features"": 10000, ""ngram_range"": [1, 1], ""min_df"": 2, ""max_df"": 0.95, ""sublinear_tf"": true}",word,10000,"(1, 1)",2,0.95,True,"{""n_estimators"": 200, ""max_depth"": 5, ""learning_rate"": 0.05, ""subsample"": 0.9, ""colsample_bytree"": 0.9, ""reg_lambda"": 2.0, ""reg_alpha"": 0.1}","{""n_estimators"": 200, ""max_depth"": 5, ""learning_rate"": 0.05, ""subsample"": 0.9, ""colsample_bytree"": 0.9, ""reg_lambda"": 2.0, ""reg_alpha"": 0.1, ""early_stopping_rounds"": 30}",,,,200.0,5.0,0.05,0.9,0.9,2.0,0.1,0.5973715651135006,0.5137164996158092,0.5433895060061357,0.5168633534357637,0.6214779498313392,0.5973715651135006,0.6016242965203559,0.5973715651135006,0.5973715651135006,0.5973715651135006,46.19454370900007,0.0152816669999538,False,,success,XGBoost early stopping enabled on validation set only,562,15,False,False
deep_20260612_180817,01_Raw_Data,RandomForest,5,post_content_for_labeling,"{""analyzer"": ""word"", ""max_features"": 30000, ""ngram_range"": [1, 2], ""min_df"": 2, ""max_df"": 0.95, ""sublinear_tf"": true}",word,30000,"(1, 2)",2,0.95,True,"{""n_estimators"": 300, ""max_depth"": null, ""max_features"": ""sqrt"", ""min_samples_leaf"": 1}","{""n_estimators"": 300, ""max_depth"": null, ""max_features"": ""sqrt"", ""min_samples_leaf"": 1}",,,,300.0,,,,,,,0.6057347670250897,0.6613244169641469,0.4902974570752439,0.5163744709835301,0.6321755154980467,0.6057347670250897,0.580590836947312,0.6057347670250897,0.6057347670250897,0.6057347670250897,4.045459624999921,0.0511903330000222,False,,success,,563,16,False,False
deep_20260612_180817,05_Balanced,XGBoost,4,post_content_for_labeling,"{""analyzer"": ""word"", ""max_features"": 30000, ""ngram_range"": [1, 1], ""min_df"": 2, ""max_df"": 0.95, ""sublinear_tf"": true}",word,30000,"(1, 1)",2,0.95,True,"{""n_estimators"": 200, ""max_depth"": 3, ""learning_rate"": 0.05, ""subsample"": 0.8, ""colsample_bytree"": 0.8, ""reg_lambda"": 1.0, ""reg_alpha"": 0.0}","{""n_estimators"": 200, ""max_depth"": 3, ""learning_rate"": 0.05, ""subsample"": 0.8, ""colsample_bytree"": 0.8, ""reg_lambda"": 1.0, ""reg_alpha"": 0.0, ""early_stopping_rounds"": 30}",,,,200.0,3.0,0.05,0.8,0.8,1.0,0.0,0.5627240143369175,0.5104408587243239,0.5474690296535598,0.5159814623775668,0.6114063607374306,0.5627240143369175,0.5767299417058848,0.5627240143369175,0.5627240143369175,0.5627240143369175,28.18598700000075,0.0088440840008843,False,,success,XGBoost early stopping enabled on validation set only,564,18,False,False
deep_20260612_180817,04_No_Stopwords,XGBoost,3,post_content_for_labeling,"{""analyzer"": ""word"", ""max_features"": 50000, ""ngram_range"": [1, 2], ""min_df"": 1, ""max_df"": 0.95, ""sublinear_tf"": true}",word,50000,"(1, 2)",1,0.95,True,"{""n_estimators"": 100, ""max_depth"": 3, ""learning_rate"": 0.1, ""subsample"": 0.8, ""colsample_bytree"": 0.8, ""reg_lambda"": 1.0, ""reg_alpha"": 0.0}","{""n_estimators"": 100, ""max_depth"": 3, ""learning_rate"": 0.1, ""subsample"": 0.8, ""colsample_bytree"": 0.8, ""reg_lambda"": 1.0, ""reg_alpha"": 0.0, ""early_stopping_rounds"": 30}",,,,100.0,3.0,0.1,0.8,0.8,1.0,0.0,0.5651135005973715,0.5044308665479027,0.5588113217624785,0.5159262167514558,0.6148673442749253,0.5651135005973715,0.5775245979044449,0.5651135005973715,0.5651135005973715,0.5651135005973715,25.995048290999875,0.0067927499994766,False,,success,XGBoost early stopping enabled on validation set only,565,11,False,False
deep_20260612_180817,03_Full_Clean,RandomForest,5,post_content_for_labeling,"{""analyzer"": ""word"", ""max_features"": 30000, ""ngram_range"": [1, 2], ""min_df"": 2, ""max_df"": 0.95, ""sublinear_tf"": true}",word,30000,"(1, 2)",2,0.95,True,"{""n_estimators"": 300, ""max_depth"": null, ""max_features"": ""sqrt"", ""min_samples_leaf"": 1}","{""n_estimators"": 300, ""max_depth"": null, ""max_features"": ""sqrt"", ""min_samples_leaf"": 1}",,,,300.0,,,,,,,0.6069295101553166,0.6567056664584507,0.492100908247996,0.5157915504298993,0.6263433414394753,0.6069295101553166,0.5808612433179443,0.6069295101553166,0.6069295101553166,0.6069295101553166,4.018538499999522,0.0482944579998729,False,,success,,566,15,False,False
deep_20260612_180817,04_No_Stopwords,XGBoost,9,post_content_for_labeling,"{""analyzer"": ""word"", ""max_features"": 20000, ""ngram_range"": [1, 1], ""min_df"": 2, ""max_df"": 0.95, ""sublinear_tf"": true}",word,20000,"(1, 1)",2,0.95,True,"{""n_estimators"": 300, ""max_depth"": 4, ""learning_rate"": 0.03, ""subsample"": 0.8, ""colsample_bytree"": 0.8, ""reg_lambda"": 2.0, ""reg_alpha"": 0.0}","{""n_estimators"": 300, ""max_depth"": 4, ""learning_rate"": 0.03, ""subsample"": 0.8, ""colsample_bytree"": 0.8, ""reg_lambda"": 2.0, ""reg_alpha"": 0.0, ""early_stopping_rounds"": 30}",,,,300.0,4.0,0.03,0.8,0.8,2.0,0.0,0.5734767025089605,0.5078773266839312,0.5474555342112828,0.5156982017325317,0.6133177691749591,0.5734767025089605,0.5839298154476874,0.5734767025089605,0.5734767025089605,0.5734767025089605,42.825220708000415,0.01734395800122,False,,success,XGBoost early stopping enabled on validation set only,567,12,False,False
deep_20260612_180817,04_No_Stopwords,XGBoost,5,post_content_for_labeling,"{""analyzer"": ""word"", ""max_features"": 30000, ""ngram_range"": [1, 2], ""min_df"": 2, ""max_df"": 0.95, ""sublinear_tf"": true}",word,30000,"(1, 2)",2,0.95,True,"{""n_estimators"": 300, ""max_depth"": 3, ""learning_rate"": 0.03, ""subsample"": 0.8, ""colsample_bytree"": 0.8, ""reg_lambda"": 1.0, ""reg_alpha"": 0.0}","{""n_estimators"": 300, ""max_depth"": 3, ""learning_rate"": 0.03, ""subsample"": 0.8, ""colsample_bytree"": 0.8, ""reg_lambda"": 1.0, ""reg_alpha"": 0.0, ""early_stopping_rounds"": 30}",,,,300.0,3.0,0.03,0.8,0.8,1.0,0.0,0.5603345280764636,0.505691031209666,0.5551162682707331,0.5154273944415475,0.6064589632109862,0.5603345280764636,0.5716529436011715,0.5603345280764636,0.5603345280764636,0.5603345280764636,61.03368525000042,0.0152333749992976,False,,success,XGBoost early stopping enabled on validation set only,568,13,False,False
deep_20260612_180817,04_No_Stopwords,XGBoost,14,post_content_for_labeling,"{""analyzer"": ""word"", ""max_features"": 50000, ""ngram_range"": [1, 1], ""min_df"": 2, ""max_df"": 0.95, ""sublinear_tf"": true}",word,50000,"(1, 1)",2,0.95,True,"{""n_estimators"": 200, ""max_depth"": 5, ""learning_rate"": 0.05, ""subsample"": 0.9, ""colsample_bytree"": 0.9, ""reg_lambda"": 2.0, ""reg_alpha"": 0.1}","{""n_estimators"": 200, ""max_depth"": 5, ""learning_rate"": 0.05, ""subsample"": 0.9, ""colsample_bytree"": 0.9, ""reg_lambda"": 2.0, ""reg_alpha"": 0.1, ""early_stopping_rounds"": 30}",,,,200.0,5.0,0.05,0.9,0.9,2.0,0.1,0.5830346475507766,0.512223266446238,0.539333796671375,0.5150881948414082,0.6139531837030062,0.5830346475507766,0.5903851220834231,0.5830346475507766,0.5830346475507766,0.5830346475507766,39.85999470800016,0.0137420840001141,False,,success,XGBoost early stopping enabled on validation set only,569,14,False,False
deep_20260612_180817,04_No_Stopwords,XGBoost,13,post_content_for_labeling,"{""analyzer"": ""word"", ""max_features"": 10000, ""ngram_range"": [1, 1], ""min_df"": 2, ""max_df"": 0.95, ""sublinear_tf"": true}",word,10000,"(1, 1)",2,0.95,True,"{""n_estimators"": 200, ""max_depth"": 5, ""learning_rate"": 0.05, ""subsample"": 0.9, ""colsample_bytree"": 0.9, ""reg_lambda"": 2.0, ""reg_alpha"": 0.1}","{""n_estimators"": 200, ""max_depth"": 5, ""learning_rate"": 0.05, ""subsample"": 0.9, ""colsample_bytree"": 0.9, ""reg_lambda"": 2.0, ""reg_alpha"": 0.1, ""early_stopping_rounds"": 30}",,,,200.0,5.0,0.05,0.9,0.9,2.0,0.1,0.5830346475507766,0.512223266446238,0.539333796671375,0.5150881948414082,0.6139531837030062,0.5830346475507766,0.5903851220834231,0.5830346475507766,0.5830346475507766,0.5830346475507766,40.7972248749993,0.0136375840011169,False,,success,XGBoost early stopping enabled on validation set only,570,15,False,False
deep_20260612_180817,01_Raw_Data,XGBoost,2,post_content_for_labeling,"{""analyzer"": ""word"", ""max_features"": 50000, ""ngram_range"": [1, 2], ""min_df"": 2, ""max_df"": 0.95, ""sublinear_tf"": true}",word,50000,"(1, 2)",2,0.95,True,"{""n_estimators"": 100, ""max_depth"": 3, ""learning_rate"": 0.1, ""subsample"": 0.8, ""colsample_bytree"": 0.8, ""reg_lambda"": 1.0, ""reg_alpha"": 0.0}","{""n_estimators"": 100, ""max_depth"": 3, ""learning_rate"": 0.1, ""subsample"": 0.8, ""colsample_bytree"": 0.8, ""reg_lambda"": 1.0, ""reg_alpha"": 0.0, ""early_stopping_rounds"": 30}",,,,100.0,3.0,0.1,0.8,0.8,1.0,0.0,0.5651135005973715,0.5064221214994393,0.5535423010069759,0.5149302386771941,0.6149112749849155,0.5651135005973715,0.5776605309329651,0.5651135005973715,0.5651135005973715,0.5651135005973715,24.76572529200007,0.0055744579999554,False,,success,XGBoost early stopping enabled on validation set only,571,16,False,False
deep_20260612_180817,03_Full_Clean,XGBoost,6,post_content_for_labeling,"{""analyzer"": ""word"", ""max_features"": 50000, ""ngram_range"": [1, 1], ""min_df"": 2, ""max_df"": 0.95, ""sublinear_tf"": true}",word,50000,"(1, 1)",2,0.95,True,"{""n_estimators"": 200, ""max_depth"": 4, ""learning_rate"": 0.05, ""subsample"": 0.8, ""colsample_bytree"": 0.8, ""reg_lambda"": 1.0, ""reg_alpha"": 0.0}","{""n_estimators"": 200, ""max_depth"": 4, ""learning_rate"": 0.05, ""subsample"": 0.8, ""colsample_bytree"": 0.8, ""reg_lambda"": 1.0, ""reg_alpha"": 0.0, ""early_stopping_rounds"": 30}",,,,200.0,4.0,0.05,0.8,0.8,1.0,0.0,0.5794504181600956,0.5108133902653975,0.5411316571388085,0.5148766263259961,0.610780738311283,0.5794504181600956,0.5866189681844539,0.5794504181600956,0.5794504181600956,0.5794504181600956,28.956710415999623,0.0109124170003269,False,,success,XGBoost early stopping enabled on validation set only,572,11,False,False
deep_20260612_180817,01_Raw_Data,XGBoost,3,post_content_for_labeling,"{""analyzer"": ""word"", ""max_features"": 50000, ""ngram_range"": [1, 2], ""min_df"": 1, ""max_df"": 0.95, ""sublinear_tf"": true}",word,50000,"(1, 2)",1,0.95,True,"{""n_estimators"": 100, ""max_depth"": 3, ""learning_rate"": 0.1, ""subsample"": 0.8, ""colsample_bytree"": 0.8, ""reg_lambda"": 1.0, ""reg_alpha"": 0.0}","{""n_estimators"": 100, ""max_depth"": 3, ""learning_rate"": 0.1, ""subsample"": 0.8, ""colsample_bytree"": 0.8, ""reg_lambda"": 1.0, ""reg_alpha"": 0.0, ""early_stopping_rounds"": 30}",,,,100.0,3.0,0.1,0.8,0.8,1.0,0.0,0.5591397849462365,0.5042952360544932,0.5554497358935124,0.5148022126944095,0.6037270883910626,0.5591397849462365,0.5698912635527611,0.5591397849462365,0.5591397849462365,0.5591397849462365,27.26280762500005,0.0092507499998646,False,,success,XGBoost early stopping enabled on validation set only,573,17,False,False
deep_20260612_180817,03_Full_Clean,XGBoost,14,post_content_for_labeling,"{""analyzer"": ""word"", ""max_features"": 50000, ""ngram_range"": [1, 1], ""min_df"": 2, ""max_df"": 0.95, ""sublinear_tf"": true}",word,50000,"(1, 1)",2,0.95,True,"{""n_estimators"": 200, ""max_depth"": 5, ""learning_rate"": 0.05, ""subsample"": 0.9, ""colsample_bytree"": 0.9, ""reg_lambda"": 2.0, ""reg_alpha"": 0.1}","{""n_estimators"": 200, ""max_depth"": 5, ""learning_rate"": 0.05, ""subsample"": 0.9, ""colsample_bytree"": 0.9, ""reg_lambda"": 2.0, ""reg_alpha"": 0.1, ""early_stopping_rounds"": 30}",,,,200.0,5.0,0.05,0.9,0.9,2.0,0.1,0.5806451612903226,0.5195997327118282,0.5330992735747309,0.5147499646256645,0.6117263068361807,0.5806451612903226,0.5887152914717233,0.5806451612903226,0.5806451612903226,0.5806451612903226,40.82797987499998,0.0141454159993372,False,,success,XGBoost early stopping enabled on validation set only,574,12,False,False
deep_20260612_180817,03_Full_Clean,XGBoost,13,post_content_for_labeling,"{""analyzer"": ""word"", ""max_features"": 10000, ""ngram_range"": [1, 1], ""min_df"": 2, ""max_df"": 0.95, ""sublinear_tf"": true}",word,10000,"(1, 1)",2,0.95,True,"{""n_estimators"": 200, ""max_depth"": 5, ""learning_rate"": 0.05, ""subsample"": 0.9, ""colsample_bytree"": 0.9, ""reg_lambda"": 2.0, ""reg_alpha"": 0.1}","{""n_estimators"": 200, ""max_depth"": 5, ""learning_rate"": 0.05, ""subsample"": 0.9, ""colsample_bytree"": 0.9, ""reg_lambda"": 2.0, ""reg_alpha"": 0.1, ""early_stopping_rounds"": 30}",,,,200.0,5.0,0.05,0.9,0.9,2.0,0.1,0.5806451612903226,0.5195997327118282,0.5330992735747309,0.5147499646256645,0.6117263068361807,0.5806451612903226,0.5887152914717233,0.5806451612903226,0.5806451612903226,0.5806451612903226,41.211891417000516,0.0152172499992957,False,,success,XGBoost early stopping enabled on validation set only,575,13,False,False
deep_20260612_180817,03_Full_Clean,XGBoost,5,post_content_for_labeling,"{""analyzer"": ""word"", ""max_features"": 30000, ""ngram_range"": [1, 2], ""min_df"": 2, ""max_df"": 0.95, ""sublinear_tf"": true}",word,30000,"(1, 2)",2,0.95,True,"{""n_estimators"": 300, ""max_depth"": 3, ""learning_rate"": 0.03, ""subsample"": 0.8, ""colsample_bytree"": 0.8, ""reg_lambda"": 1.0, ""reg_alpha"": 0.0}","{""n_estimators"": 300, ""max_depth"": 3, ""learning_rate"": 0.03, ""subsample"": 0.8, ""colsample_bytree"": 0.8, ""reg_lambda"": 1.0, ""reg_alpha"": 0.0, ""early_stopping_rounds"": 30}",,,,300.0,3.0,0.03,0.8,0.8,1.0,0.0,0.5698924731182796,0.5064684419877888,0.5500794005723538,0.5143497688692692,0.6161695210283618,0.5698924731182796,0.5821020794155565,0.5698924731182796,0.5698924731182796,0.5698924731182796,63.302356499999405,0.0146432080000522,False,,success,XGBoost early stopping enabled on validation set only,576,14,False,False
deep_20260612_180817,03_Full_Clean,RandomForest,3,post_content_for_labeling,"{""analyzer"": ""word"", ""max_features"": 50000, ""ngram_range"": [1, 2], ""min_df"": 1, ""max_df"": 0.95, ""sublinear_tf"": true}",word,50000,"(1, 2)",1,0.95,True,"{""n_estimators"": 100, ""max_depth"": null, ""max_features"": ""sqrt"", ""min_samples_leaf"": 1}","{""n_estimators"": 100, ""max_depth"": null, ""max_features"": ""sqrt"", ""min_samples_leaf"": 1}",,,,100.0,,,,,,,0.6033452807646356,0.6350318638297828,0.4899117257052059,0.513722071376568,0.6174365671195975,0.6033452807646356,0.5774683438200829,0.6033452807646356,0.6033452807646356,0.6033452807646356,2.058186416999888,0.0332933750005395,False,,success,,577,16,False,False
deep_20260612_180817,04_No_Stopwords,XGBoost,18,post_content_for_labeling,"{""analyzer"": ""word"", ""max_features"": 30000, ""ngram_range"": [1, 1], ""min_df"": 2, ""max_df"": 0.95, ""sublinear_tf"": true}",word,30000,"(1, 1)",2,0.95,True,"{""n_estimators"": 300, ""max_depth"": 5, ""learning_rate"": 0.03, ""subsample"": 0.9, ""colsample_bytree"": 0.9, ""reg_lambda"": 2.0, ""reg_alpha"": 0.1}","{""n_estimators"": 300, ""max_depth"": 5, ""learning_rate"": 0.03, ""subsample"": 0.9, ""colsample_bytree"": 0.9, ""reg_lambda"": 2.0, ""reg_alpha"": 0.1, ""early_stopping_rounds"": 30}",,,,300.0,5.0,0.03,0.9,0.9,2.0,0.1,0.5794504181600956,0.5086544918639042,0.5404774731893173,0.513237164645154,0.6089618090829416,0.5794504181600956,0.5859550459934731,0.5794504181600956,0.5794504181600956,0.5794504181600956,60.2011891660004,0.0204677500005345,False,,success,XGBoost early stopping enabled on validation set only,578,16,False,False
deep_20260612_180817,04_No_Stopwords,XGBoost,17,post_content_for_labeling,"{""analyzer"": ""word"", ""max_features"": 20000, ""ngram_range"": [1, 1], ""min_df"": 2, ""max_df"": 0.95, ""sublinear_tf"": true}",word,20000,"(1, 1)",2,0.95,True,"{""n_estimators"": 300, ""max_depth"": 5, ""learning_rate"": 0.03, ""subsample"": 0.9, ""colsample_bytree"": 0.9, ""reg_lambda"": 2.0, ""reg_alpha"": 0.1}","{""n_estimators"": 300, ""max_depth"": 5, ""learning_rate"": 0.03, ""subsample"": 0.9, ""colsample_bytree"": 0.9, ""reg_lambda"": 2.0, ""reg_alpha"": 0.1, ""early_stopping_rounds"": 30}",,,,300.0,5.0,0.03,0.9,0.9,2.0,0.1,0.5794504181600956,0.5086544918639042,0.5404774731893173,0.513237164645154,0.6089618090829416,0.5794504181600956,0.5859550459934731,0.5794504181600956,0.5794504181600956,0.5794504181600956,61.264048084000024,0.0206000830003176,False,,success,XGBoost early stopping enabled on validation set only,579,17,False,False
deep_20260612_180817,02_Basic_Clean,XGBoost,3,post_content_for_labeling,"{""analyzer"": ""word"", ""max_features"": 50000, ""ngram_range"": [1, 2], ""min_df"": 1, ""max_df"": 0.95, ""sublinear_tf"": true}",word,50000,"(1, 2)",1,0.95,True,"{""n_estimators"": 100, ""max_depth"": 3, ""learning_rate"": 0.1, ""subsample"": 0.8, ""colsample_bytree"": 0.8, ""reg_lambda"": 1.0, ""reg_alpha"": 0.0}","{""n_estimators"": 100, ""max_depth"": 3, ""learning_rate"": 0.1, ""subsample"": 0.8, ""colsample_bytree"": 0.8, ""reg_lambda"": 1.0, ""reg_alpha"": 0.0, ""early_stopping_rounds"": 30}",,,,100.0,3.0,0.1,0.8,0.8,1.0,0.0,0.5615292712066906,0.506900761837509,0.5477501247603714,0.5128389629419138,0.6158447000774232,0.5615292712066906,0.5767121587047748,0.5615292712066906,0.5615292712066906,0.5615292712066906,28.541426582999975,0.011635125000339,False,,success,XGBoost early stopping enabled on validation set only,580,11,False,False
deep_20260612_180817,02_Basic_Clean,XGBoost,11,post_content_for_labeling,"{""analyzer"": ""word"", ""max_features"": 50000, ""ngram_range"": [1, 2], ""min_df"": 1, ""max_df"": 0.95, ""sublinear_tf"": true}",word,50000,"(1, 2)",1,0.95,True,"{""n_estimators"": 300, ""max_depth"": 4, ""learning_rate"": 0.03, ""subsample"": 0.8, ""colsample_bytree"": 0.8, ""reg_lambda"": 2.0, ""reg_alpha"": 0.0}","{""n_estimators"": 300, ""max_depth"": 4, ""learning_rate"": 0.03, ""subsample"": 0.8, ""colsample_bytree"": 0.8, ""reg_lambda"": 2.0, ""reg_alpha"": 0.0, ""early_stopping_rounds"": 30}",,,,300.0,4.0,0.03,0.8,0.8,2.0,0.0,0.5627240143369175,0.5023058644975491,0.5497288289918529,0.5119002356373846,0.6057074817310222,0.5627240143369175,0.5729931670109634,0.5627240143369175,0.5627240143369175,0.5627240143369175,99.73718545899963,0.0223919169998225,False,,success,XGBoost early stopping enabled on validation set only,581,12,False,False
deep_20260612_180817,04_No_Stopwords,RandomForest,4,post_content_for_labeling,"{""analyzer"": ""word"", ""max_features"": 30000, ""ngram_range"": [1, 1], ""min_df"": 2, ""max_df"": 0.95, ""sublinear_tf"": true}",word,30000,"(1, 1)",2,0.95,True,"{""n_estimators"": 200, ""max_depth"": null, ""max_features"": ""sqrt"", ""min_samples_leaf"": 1}","{""n_estimators"": 200, ""max_depth"": null, ""max_features"": ""sqrt"", ""min_samples_leaf"": 1}",,,,200.0,,,,,,,0.6093189964157706,0.6728416160645431,0.4861463573250983,0.511354607083311,0.6353904482280075,0.6093189964157706,0.5827415843018225,0.6093189964157706,0.6093189964157706,0.6093189964157706,1.6587162079995323,0.047765000000254,False,,success,,582,17,False,False
deep_20260612_180817,01_Raw_Data,XGBoost,1,post_content_for_labeling,"{""analyzer"": ""word"", ""max_features"": 30000, ""ngram_range"": [1, 2], ""min_df"": 2, ""max_df"": 0.95, ""sublinear_tf"": true}",word,30000,"(1, 2)",2,0.95,True,"{""n_estimators"": 100, ""max_depth"": 3, ""learning_rate"": 0.1, ""subsample"": 0.8, ""colsample_bytree"": 0.8, ""reg_lambda"": 1.0, ""reg_alpha"": 0.0}","{""n_estimators"": 100, ""max_depth"": 3, ""learning_rate"": 0.1, ""subsample"": 0.8, ""colsample_bytree"": 0.8, ""reg_lambda"": 1.0, ""reg_alpha"": 0.0, ""early_stopping_rounds"": 30}",,,,100.0,3.0,0.1,0.8,0.8,1.0,0.0,0.5639187574671446,0.5010465006898288,0.5496567607974144,0.5110025294282164,0.6122590920315545,0.5639187574671446,0.5771558608407176,0.5639187574671446,0.5639187574671446,0.5639187574671446,20.817088958000113,0.0062390840000716,False,,success,XGBoost early stopping enabled on validation set only,583,18,False,False
deep_20260612_180817,02_Basic_Clean,XGBoost,9,post_content_for_labeling,"{""analyzer"": ""word"", ""max_features"": 20000, ""ngram_range"": [1, 1], ""min_df"": 2, ""max_df"": 0.95, ""sublinear_tf"": true}",word,20000,"(1, 1)",2,0.95,True,"{""n_estimators"": 300, ""max_depth"": 4, ""learning_rate"": 0.03, ""subsample"": 0.8, ""colsample_bytree"": 0.8, ""reg_lambda"": 2.0, ""reg_alpha"": 0.0}","{""n_estimators"": 300, ""max_depth"": 4, ""learning_rate"": 0.03, ""subsample"": 0.8, ""colsample_bytree"": 0.8, ""reg_lambda"": 2.0, ""reg_alpha"": 0.0, ""early_stopping_rounds"": 30}",,,,300.0,4.0,0.03,0.8,0.8,2.0,0.0,0.5639187574671446,0.5009624384184801,0.5421782597707496,0.5105527073258327,0.6032660216005515,0.5639187574671446,0.5738919063221452,0.5639187574671446,0.5639187574671446,0.5639187574671446,42.64325745899987,0.0178697080000347,False,,success,XGBoost early stopping enabled on validation set only,584,13,False,False
deep_20260612_180817,02_Basic_Clean,XGBoost,14,post_content_for_labeling,"{""analyzer"": ""word"", ""max_features"": 50000, ""ngram_range"": [1, 1], ""min_df"": 2, ""max_df"": 0.95, ""sublinear_tf"": true}",word,50000,"(1, 1)",2,0.95,True,"{""n_estimators"": 200, ""max_depth"": 5, ""learning_rate"": 0.05, ""subsample"": 0.9, ""colsample_bytree"": 0.9, ""reg_lambda"": 2.0, ""reg_alpha"": 0.1}","{""n_estimators"": 200, ""max_depth"": 5, ""learning_rate"": 0.05, ""subsample"": 0.9, ""colsample_bytree"": 0.9, ""reg_lambda"": 2.0, ""reg_alpha"": 0.1, ""early_stopping_rounds"": 30}",,,,200.0,5.0,0.05,0.9,0.9,2.0,0.1,0.5794504181600956,0.5074589841440681,0.5307389215819056,0.5086575731808698,0.6116477611866645,0.5794504181600956,0.5878520940886677,0.5794504181600956,0.5794504181600956,0.5794504181600956,41.16365450000012,0.0136066670002037,False,,success,XGBoost early stopping enabled on validation set only,585,14,False,False
deep_20260612_180817,02_Basic_Clean,XGBoost,13,post_content_for_labeling,"{""analyzer"": ""word"", ""max_features"": 10000, ""ngram_range"": [1, 1], ""min_df"": 2, ""max_df"": 0.95, ""sublinear_tf"": true}",word,10000,"(1, 1)",2,0.95,True,"{""n_estimators"": 200, ""max_depth"": 5, ""learning_rate"": 0.05, ""subsample"": 0.9, ""colsample_bytree"": 0.9, ""reg_lambda"": 2.0, ""reg_alpha"": 0.1}","{""n_estimators"": 200, ""max_depth"": 5, ""learning_rate"": 0.05, ""subsample"": 0.9, ""colsample_bytree"": 0.9, ""reg_lambda"": 2.0, ""reg_alpha"": 0.1, ""early_stopping_rounds"": 30}",,,,200.0,5.0,0.05,0.9,0.9,2.0,0.1,0.5794504181600956,0.5074589841440681,0.5307389215819056,0.5086575731808698,0.6116477611866645,0.5794504181600956,0.5878520940886677,0.5794504181600956,0.5794504181600956,0.5794504181600956,41.52922508300071,0.0133933750003052,False,,success,XGBoost early stopping enabled on validation set only,586,15,False,False
deep_20260612_180817,03_Full_Clean,XGBoost,18,post_content_for_labeling,"{""analyzer"": ""word"", ""max_features"": 30000, ""ngram_range"": [1, 1], ""min_df"": 2, ""max_df"": 0.95, ""sublinear_tf"": true}",word,30000,"(1, 1)",2,0.95,True,"{""n_estimators"": 300, ""max_depth"": 5, ""learning_rate"": 0.03, ""subsample"": 0.9, ""colsample_bytree"": 0.9, ""reg_lambda"": 2.0, ""reg_alpha"": 0.1}","{""n_estimators"": 300, ""max_depth"": 5, ""learning_rate"": 0.03, ""subsample"": 0.9, ""colsample_bytree"": 0.9, ""reg_lambda"": 2.0, ""reg_alpha"": 0.1, ""early_stopping_rounds"": 30}",,,,300.0,5.0,0.03,0.9,0.9,2.0,0.1,0.5734767025089605,0.5074459973561222,0.5302324038988508,0.5078900484676326,0.6045077849953183,0.5734767025089605,0.5810542280364219,0.5734767025089605,0.5734767025089605,0.5734767025089605,62.79401854200023,0.0222265410002364,False,,success,XGBoost early stopping enabled on validation set only,587,15,False,False
deep_20260612_180817,03_Full_Clean,XGBoost,17,post_content_for_labeling,"{""analyzer"": ""word"", ""max_features"": 20000, ""ngram_range"": [1, 1], ""min_df"": 2, ""max_df"": 0.95, ""sublinear_tf"": true}",word,20000,"(1, 1)",2,0.95,True,"{""n_estimators"": 300, ""max_depth"": 5, ""learning_rate"": 0.03, ""subsample"": 0.9, ""colsample_bytree"": 0.9, ""reg_lambda"": 2.0, ""reg_alpha"": 0.1}","{""n_estimators"": 300, ""max_depth"": 5, ""learning_rate"": 0.03, ""subsample"": 0.9, ""colsample_bytree"": 0.9, ""reg_lambda"": 2.0, ""reg_alpha"": 0.1, ""early_stopping_rounds"": 30}",,,,300.0,5.0,0.03,0.9,0.9,2.0,0.1,0.5734767025089605,0.5074459973561222,0.5302324038988508,0.5078900484676326,0.6045077849953183,0.5734767025089605,0.5810542280364219,0.5734767025089605,0.5734767025089605,0.5734767025089605,64.25174208399949,0.0234108330005256,False,,success,XGBoost early stopping enabled on validation set only,588,16,False,False
deep_20260612_180817,02_Basic_Clean,XGBoost,17,post_content_for_labeling,"{""analyzer"": ""word"", ""max_features"": 20000, ""ngram_range"": [1, 1], ""min_df"": 2, ""max_df"": 0.95, ""sublinear_tf"": true}",word,20000,"(1, 1)",2,0.95,True,"{""n_estimators"": 300, ""max_depth"": 5, ""learning_rate"": 0.03, ""subsample"": 0.9, ""colsample_bytree"": 0.9, ""reg_lambda"": 2.0, ""reg_alpha"": 0.1}","{""n_estimators"": 300, ""max_depth"": 5, ""learning_rate"": 0.03, ""subsample"": 0.9, ""colsample_bytree"": 0.9, ""reg_lambda"": 2.0, ""reg_alpha"": 0.1, ""early_stopping_rounds"": 30}",,,,300.0,5.0,0.03,0.9,0.9,2.0,0.1,0.5818399044205496,0.5044404977041488,0.5324357486529985,0.5077111210073015,0.6130149343325212,0.5818399044205496,0.5893365520279497,0.5818399044205496,0.5818399044205496,0.5818399044205496,62.67785091600035,0.0241303749999133,False,,success,XGBoost early stopping enabled on validation set only,589,16,False,False
deep_20260612_180817,02_Basic_Clean,XGBoost,18,post_content_for_labeling,"{""analyzer"": ""word"", ""max_features"": 30000, ""ngram_range"": [1, 1], ""min_df"": 2, ""max_df"": 0.95, ""sublinear_tf"": true}",word,30000,"(1, 1)",2,0.95,True,"{""n_estimators"": 300, ""max_depth"": 5, ""learning_rate"": 0.03, ""subsample"": 0.9, ""colsample_bytree"": 0.9, ""reg_lambda"": 2.0, ""reg_alpha"": 0.1}","{""n_estimators"": 300, ""max_depth"": 5, ""learning_rate"": 0.03, ""subsample"": 0.9, ""colsample_bytree"": 0.9, ""reg_lambda"": 2.0, ""reg_alpha"": 0.1, ""early_stopping_rounds"": 30}",,,,300.0,5.0,0.03,0.9,0.9,2.0,0.1,0.5818399044205496,0.5044404977041488,0.5324357486529985,0.5077111210073015,0.6130149343325212,0.5818399044205496,0.5893365520279497,0.5818399044205496,0.5818399044205496,0.5818399044205496,63.20634641600009,0.0208339580003666,False,,success,XGBoost early stopping enabled on validation set only,590,17,False,False
deep_20260612_180817,02_Basic_Clean,XGBoost,4,post_content_for_labeling,"{""analyzer"": ""word"", ""max_features"": 30000, ""ngram_range"": [1, 1], ""min_df"": 2, ""max_df"": 0.95, ""sublinear_tf"": true}",word,30000,"(1, 1)",2,0.95,True,"{""n_estimators"": 200, ""max_depth"": 3, ""learning_rate"": 0.05, ""subsample"": 0.8, ""colsample_bytree"": 0.8, ""reg_lambda"": 1.0, ""reg_alpha"": 0.0}","{""n_estimators"": 200, ""max_depth"": 3, ""learning_rate"": 0.05, ""subsample"": 0.8, ""colsample_bytree"": 0.8, ""reg_lambda"": 1.0, ""reg_alpha"": 0.0, ""early_stopping_rounds"": 30}",,,,200.0,3.0,0.05,0.8,0.8,1.0,0.0,0.5519713261648745,0.4978636472836401,0.5424540208845594,0.5069863486607802,0.6005899332234543,0.5519713261648745,0.564323623254527,0.5519713261648745,0.5519713261648745,0.5519713261648745,21.858294042000125,0.0094636670000909,False,,success,XGBoost early stopping enabled on validation set only,591,18,False,False
deep_20260612_180817,02_Basic_Clean,RandomForest,2,post_content_for_labeling,"{""analyzer"": ""word"", ""max_features"": 50000, ""ngram_range"": [1, 2], ""min_df"": 2, ""max_df"": 0.95, ""sublinear_tf"": true}",word,50000,"(1, 2)",2,0.95,True,"{""n_estimators"": 100, ""max_depth"": null, ""max_features"": ""sqrt"", ""min_samples_leaf"": 1}","{""n_estimators"": 100, ""max_depth"": null, ""max_features"": ""sqrt"", ""min_samples_leaf"": 1}",,,,100.0,,,,,,,0.6105137395459976,0.6237028509445545,0.4807741931005002,0.5069472435958073,0.6249884917176697,0.6105137395459976,0.583836348795387,0.6105137395459976,0.6105137395459976,0.6105137395459976,1.7742062920001445,0.0146390419999988,False,,success,,592,17,False,False
deep_20260612_180817,04_No_Stopwords,XGBoost,4,post_content_for_labeling,"{""analyzer"": ""word"", ""max_features"": 30000, ""ngram_range"": [1, 1], ""min_df"": 2, ""max_df"": 0.95, ""sublinear_tf"": true}",word,30000,"(1, 1)",2,0.95,True,"{""n_estimators"": 200, ""max_depth"": 3, ""learning_rate"": 0.05, ""subsample"": 0.8, ""colsample_bytree"": 0.8, ""reg_lambda"": 1.0, ""reg_alpha"": 0.0}","{""n_estimators"": 200, ""max_depth"": 3, ""learning_rate"": 0.05, ""subsample"": 0.8, ""colsample_bytree"": 0.8, ""reg_lambda"": 1.0, ""reg_alpha"": 0.0, ""early_stopping_rounds"": 30}",,,,200.0,3.0,0.05,0.8,0.8,1.0,0.0,0.5579450418160096,0.5002768580990838,0.5392269098085374,0.5067970417874103,0.6113540339290567,0.5579450418160096,0.5726083513977384,0.5579450418160096,0.5579450418160096,0.5579450418160096,20.59357408300002,0.0091542079999271,False,,success,XGBoost early stopping enabled on validation set only,593,18,False,False
deep_20260612_180817,03_Full_Clean,XGBoost,9,post_content_for_labeling,"{""analyzer"": ""word"", ""max_features"": 20000, ""ngram_range"": [1, 1], ""min_df"": 2, ""max_df"": 0.95, ""sublinear_tf"": true}",word,20000,"(1, 1)",2,0.95,True,"{""n_estimators"": 300, ""max_depth"": 4, ""learning_rate"": 0.03, ""subsample"": 0.8, ""colsample_bytree"": 0.8, ""reg_lambda"": 2.0, ""reg_alpha"": 0.0}","{""n_estimators"": 300, ""max_depth"": 4, ""learning_rate"": 0.03, ""subsample"": 0.8, ""colsample_bytree"": 0.8, ""reg_lambda"": 2.0, ""reg_alpha"": 0.0, ""early_stopping_rounds"": 30}",,,,300.0,4.0,0.03,0.8,0.8,2.0,0.0,0.5675029868578255,0.4998731528703301,0.5366623257761141,0.5067561608561699,0.6086413102215892,0.5675029868578255,0.5790328884944719,0.5675029868578255,0.5675029868578255,0.5675029868578255,43.54803245899984,0.0174364169997716,False,,success,XGBoost early stopping enabled on validation set only,594,17,False,False
deep_20260612_180817,01_Raw_Data,RandomForest,4,post_content_for_labeling,"{""analyzer"": ""word"", ""max_features"": 30000, ""ngram_range"": [1, 1], ""min_df"": 2, ""max_df"": 0.95, ""sublinear_tf"": true}",word,30000,"(1, 1)",2,0.95,True,"{""n_estimators"": 200, ""max_depth"": null, ""max_features"": ""sqrt"", ""min_samples_leaf"": 1}","{""n_estimators"": 200, ""max_depth"": null, ""max_features"": ""sqrt"", ""min_samples_leaf"": 1}",,,,200.0,,,,,,,0.5949820788530465,0.6802480696642932,0.4722184981272767,0.50486151222298,0.6205825220331977,0.5949820788530465,0.5684691692727434,0.5949820788530465,0.5949820788530465,0.5949820788530465,1.4094446670001162,0.0269564999998692,False,,success,,595,17,False,False
deep_20260612_180817,01_Raw_Data,RandomForest,1,post_content_for_labeling,"{""analyzer"": ""word"", ""max_features"": 30000, ""ngram_range"": [1, 2], ""min_df"": 2, ""max_df"": 0.95, ""sublinear_tf"": true}",word,30000,"(1, 2)",2,0.95,True,"{""n_estimators"": 100, ""max_depth"": null, ""max_features"": ""sqrt"", ""min_samples_leaf"": 1}","{""n_estimators"": 100, ""max_depth"": null, ""max_features"": ""sqrt"", ""min_samples_leaf"": 1}",,,,100.0,,,,,,,0.5973715651135006,0.6468899153268042,0.4732643681506467,0.5018663217395846,0.6212091168994297,0.5973715651135006,0.5729875880357002,0.5973715651135006,0.5973715651135006,0.5973715651135006,1.8796812909999971,0.0272986249999576,False,,success,,596,18,False,False
deep_20260612_180817,03_Full_Clean,RandomForest,4,post_content_for_labeling,"{""analyzer"": ""word"", ""max_features"": 30000, ""ngram_range"": [1, 1], ""min_df"": 2, ""max_df"": 0.95, ""sublinear_tf"": true}",word,30000,"(1, 1)",2,0.95,True,"{""n_estimators"": 200, ""max_depth"": null, ""max_features"": ""sqrt"", ""min_samples_leaf"": 1}","{""n_estimators"": 200, ""max_depth"": null, ""max_features"": ""sqrt"", ""min_samples_leaf"": 1}",,,,200.0,,,,,,,0.6021505376344086,0.6632583385246394,0.4759353864941044,0.5015447997896713,0.6272992484031729,0.6021505376344086,0.5756139842151987,0.6021505376344086,0.6021505376344086,0.6021505376344086,1.4797847500003627,0.0319618339999578,False,,success,,597,17,False,False
deep_20260612_180817,04_No_Stopwords,LogisticRegression,3,post_content_for_labeling,"{""analyzer"": ""char_wb"", ""max_features"": 50000, ""ngram_range"": [3, 5], ""min_df"": 2, ""max_df"": 0.95, ""sublinear_tf"": true}",char_wb,50000,"(3, 5)",2,0.95,True,"{""C"": 0.05, ""solver"": ""lbfgs""}","{""C"": 0.05, ""solver"": ""lbfgs""}",,lbfgs,0.05,,,,,,,,0.5412186379928315,0.4759786757708233,0.5911059987555244,0.499376348819434,0.6274138648949341,0.5412186379928315,0.5506703492680761,0.5412186379928315,0.5412186379928315,0.5412186379928315,2.493403583000145,0.003631917000348,False,,success,,598,40,False,False
deep_20260612_180817,03_Full_Clean,XGBoost,4,post_content_for_labeling,"{""analyzer"": ""word"", ""max_features"": 30000, ""ngram_range"": [1, 1], ""min_df"": 2, ""max_df"": 0.95, ""sublinear_tf"": true}",word,30000,"(1, 1)",2,0.95,True,"{""n_estimators"": 200, ""max_depth"": 3, ""learning_rate"": 0.05, ""subsample"": 0.8, ""colsample_bytree"": 0.8, ""reg_lambda"": 1.0, ""reg_alpha"": 0.0}","{""n_estimators"": 200, ""max_depth"": 3, ""learning_rate"": 0.05, ""subsample"": 0.8, ""colsample_bytree"": 0.8, ""reg_lambda"": 1.0, ""reg_alpha"": 0.0, ""early_stopping_rounds"": 30}",,,,200.0,3.0,0.05,0.8,0.8,1.0,0.0,0.5507765830346476,0.4912930700144259,0.5320184476134343,0.4989538924636996,0.6007114419434273,0.5507765830346476,0.564274954662844,0.5507765830346476,0.5507765830346476,0.5507765830346476,21.675503124999523,0.0089944580004157,False,,success,XGBoost early stopping enabled on validation set only,599,18,False,False
deep_20260612_180817,02_Basic_Clean,RandomForest,3,post_content_for_labeling,"{""analyzer"": ""word"", ""max_features"": 50000, ""ngram_range"": [1, 2], ""min_df"": 1, ""max_df"": 0.95, ""sublinear_tf"": true}",word,50000,"(1, 2)",1,0.95,True,"{""n_estimators"": 100, ""max_depth"": null, ""max_features"": ""sqrt"", ""min_samples_leaf"": 1}","{""n_estimators"": 100, ""max_depth"": null, ""max_features"": ""sqrt"", ""min_samples_leaf"": 1}",,,,100.0,,,,,,,0.6081242532855436,0.6319010805218502,0.4742753767311003,0.4988406746878615,0.6254269373030201,0.6081242532855436,0.5806222040490258,0.6081242532855436,0.6081242532855436,0.6081242532855436,1.9104952500001673,0.0160692089998519,False,,success,,600,18,False,False
deep_20260612_180817,01_Raw_Data,LogisticRegression,3,post_content_for_labeling,"{""analyzer"": ""char_wb"", ""max_features"": 50000, ""ngram_range"": [3, 5], ""min_df"": 2, ""max_df"": 0.95, ""sublinear_tf"": true}",char_wb,50000,"(3, 5)",2,0.95,True,"{""C"": 0.05, ""solver"": ""lbfgs""}","{""C"": 0.05, ""solver"": ""lbfgs""}",,lbfgs,0.05,,,,,,,,0.5412186379928315,0.4737909497242776,0.5859080636686973,0.4985461601593526,0.6171148757467196,0.5412186379928315,0.5489869762226989,0.5412186379928315,0.5412186379928315,0.5412186379928315,5.384150958999999,0.0074759590000006,False,,success,,601,40,False,False
deep_20260612_180817,03_Full_Clean,LogisticRegression,3,post_content_for_labeling,"{""analyzer"": ""char_wb"", ""max_features"": 50000, ""ngram_range"": [3, 5], ""min_df"": 2, ""max_df"": 0.95, ""sublinear_tf"": true}",char_wb,50000,"(3, 5)",2,0.95,True,"{""C"": 0.05, ""solver"": ""lbfgs""}","{""C"": 0.05, ""solver"": ""lbfgs""}",,lbfgs,0.05,,,,,,,,0.5412186379928315,0.4696928043785112,0.5849091838383753,0.4929375998825267,0.6221787690485248,0.5412186379928315,0.5483866740142461,0.5412186379928315,0.5412186379928315,0.5412186379928315,2.3437751250003203,0.0024500829995304,False,,success,,602,40,False,False
deep_20260612_180817,04_No_Stopwords,RandomForest,3,post_content_for_labeling,"{""analyzer"": ""word"", ""max_features"": 50000, ""ngram_range"": [1, 2], ""min_df"": 1, ""max_df"": 0.95, ""sublinear_tf"": true}",word,50000,"(1, 2)",1,0.95,True,"{""n_estimators"": 100, ""max_depth"": null, ""max_features"": ""sqrt"", ""min_samples_leaf"": 1}","{""n_estimators"": 100, ""max_depth"": null, ""max_features"": ""sqrt"", ""min_samples_leaf"": 1}",,,,100.0,,,,,,,0.5973715651135006,0.6411360385082058,0.4666989052533009,0.4911138584151576,0.617348911211035,0.5973715651135006,0.5691837989674938,0.5973715651135006,0.5973715651135006,0.5973715651135006,2.255488499999956,0.0323915829994803,False,,success,,603,18,False,False
deep_20260612_180817,02_Basic_Clean,LogisticRegression,3,post_content_for_labeling,"{""analyzer"": ""char_wb"", ""max_features"": 50000, ""ngram_range"": [3, 5], ""min_df"": 2, ""max_df"": 0.95, ""sublinear_tf"": true}",char_wb,50000,"(3, 5)",2,0.95,True,"{""C"": 0.05, ""solver"": ""lbfgs""}","{""C"": 0.05, ""solver"": ""lbfgs""}",,lbfgs,0.05,,,,,,,,0.5388291517323776,0.4684341159496816,0.5826640162189418,0.4908174277201967,0.6210031313915559,0.5388291517323776,0.5461584851830588,0.5388291517323776,0.5388291517323776,0.5388291517323776,2.415851625000414,0.004007250000086,False,,success,,604,40,False,False
deep_20260612_180817,03_Full_Clean,RandomForest,1,post_content_for_labeling,"{""analyzer"": ""word"", ""max_features"": 30000, ""ngram_range"": [1, 2], ""min_df"": 2, ""max_df"": 0.95, ""sublinear_tf"": true}",word,30000,"(1, 2)",2,0.95,True,"{""n_estimators"": 100, ""max_depth"": null, ""max_features"": ""sqrt"", ""min_samples_leaf"": 1}","{""n_estimators"": 100, ""max_depth"": null, ""max_features"": ""sqrt"", ""min_samples_leaf"": 1}",,,,100.0,,,,,,,0.5997610513739546,0.6465844452730449,0.4689175366860356,0.4877129853898868,0.6235459501472053,0.5997610513739546,0.5702843123809577,0.5997610513739546,0.5997610513739546,0.5997610513739546,1.9127588749997813,0.0324387919999935,False,,success,,605,18,False,False
