issue_type,record_id,topic_label_id_candidates,topic_label_final_candidates,label_file_source,details
missing_topic_label,REC_004211,,,data/05_Labeling/Final_Labeled/[DS107] Gán nhãn - Han.csv,Label row is missing both topic_label_final and topic_label_id.
missing_topic_label,REC_012815,,,data/05_Labeling/Final_Labeled/[DS107] Gán nhãn - Han.csv,Label row is missing both topic_label_final and topic_label_id.
missing_topic_label,REC_012548,,,data/05_Labeling/Final_Labeled/[DS107] Gán nhãn - Han.csv,Label row is missing both topic_label_final and topic_label_id.
missing_topic_label,REC_012655,,,data/05_Labeling/Final_Labeled/[DS107] Gán nhãn - Han.csv,Label row is missing both topic_label_final and topic_label_id.
missing_topic_label,REC_012998,,,data/05_Labeling/Final_Labeled/[DS107] Gán nhãn - Han.csv,Label row is missing both topic_label_final and topic_label_id.
missing_topic_label,REC_013133,,,data/05_Labeling/Final_Labeled/[DS107] Gán nhãn - Han.csv,Label row is missing both topic_label_final and topic_label_id.
missing_topic_label,REC_013254,,,data/05_Labeling/Final_Labeled/[DS107] Gán nhãn - Han.csv,Label row is missing both topic_label_final and topic_label_id.
missing_topic_label,REC_012708,,,data/05_Labeling/Final_Labeled/[DS107] Gán nhãn - Han.csv,Label row is missing both topic_label_final and topic_label_id.
missing_topic_label,REC_013028,,,data/05_Labeling/Final_Labeled/[DS107] Gán nhãn - Han.csv,Label row is missing both topic_label_final and topic_label_id.
missing_topic_label,REC_013374,,,data/05_Labeling/Final_Labeled/[DS107] Gán nhãn - Han.csv,Label row is missing both topic_label_final and topic_label_id.
missing_topic_label,REC_013093,,,data/05_Labeling/Final_Labeled/[DS107] Gán nhãn - Han.csv,Label row is missing both topic_label_final and topic_label_id.
missing_topic_label,REC_013127,,,data/05_Labeling/Final_Labeled/[DS107] Gán nhãn - Han.csv,Label row is missing both topic_label_final and topic_label_id.
missing_topic_label,REC_013169,,,data/05_Labeling/Final_Labeled/[DS107] Gán nhãn - Han.csv,Label row is missing both topic_label_final and topic_label_id.
missing_topic_label,REC_013390,,,data/05_Labeling/Final_Labeled/[DS107] Gán nhãn - Han.csv,Label row is missing both topic_label_final and topic_label_id.
missing_topic_label,REC_012412,,,data/05_Labeling/Final_Labeled/[DS107] Gán nhãn - Han.csv,Label row is missing both topic_label_final and topic_label_id.
missing_topic_label,REC_012400,,,data/05_Labeling/Final_Labeled/[DS107] Gán nhãn - Han.csv,Label row is missing both topic_label_final and topic_label_id.
missing_topic_label,REC_013208,,,data/05_Labeling/Final_Labeled/[DS107] Gán nhãn - Han.csv,Label row is missing both topic_label_final and topic_label_id.
missing_topic_label,REC_012792,,,data/05_Labeling/Final_Labeled/[DS107] Gán nhãn - Han.csv,Label row is missing both topic_label_final and topic_label_id.
missing_topic_label,REC_012964,,,data/05_Labeling/Final_Labeled/[DS107] Gán nhãn - Han.csv,Label row is missing both topic_label_final and topic_label_id.
missing_topic_label,REC_004174,,,data/05_Labeling/Final_Labeled/[DS107] Gán nhãn - Han.csv,Label row is missing both topic_label_final and topic_label_id.
missing_topic_label,REC_013282,,,data/05_Labeling/Final_Labeled/[DS107] Gán nhãn - Han.csv,Label row is missing both topic_label_final and topic_label_id.
missing_topic_label,REC_012864,,,data/05_Labeling/Final_Labeled/[DS107] Gán nhãn - Han.csv,Label row is missing both topic_label_final and topic_label_id.
missing_topic_label,REC_012704,,,data/05_Labeling/Final_Labeled/[DS107] Gán nhãn - Han.csv,Label row is missing both topic_label_final and topic_label_id.
missing_topic_label,REC_003585,,,data/05_Labeling/Final_Labeled/[DS107] Gán nhãn - Han.csv,Label row is missing both topic_label_final and topic_label_id.
missing_topic_label,REC_013145,,,data/05_Labeling/Final_Labeled/[DS107] Gán nhãn - Han.csv,Label row is missing both topic_label_final and topic_label_id.
missing_topic_label,REC_008227,,,data/05_Labeling/Final_Labeled/[DS107] Gán nhãn - Han.csv,Label row is missing both topic_label_final and topic_label_id.
missing_topic_label,REC_003913,,,data/05_Labeling/Final_Labeled/[DS107] Gán nhãn - Han.csv,Label row is missing both topic_label_final and topic_label_id.
missing_topic_label,REC_013015,,,data/05_Labeling/Final_Labeled/[DS107] Gán nhãn - Han.csv,Label row is missing both topic_label_final and topic_label_id.
missing_topic_label,REC_003356,,,data/05_Labeling/Final_Labeled/[DS107] Gán nhãn - Han.csv,Label row is missing both topic_label_final and topic_label_id.
missing_topic_label,REC_009008,,,data/05_Labeling/Final_Labeled/[DS107] Gán nhãn - Han.csv,Label row is missing both topic_label_final and topic_label_id.
missing_topic_label,REC_012413,,,data/05_Labeling/Final_Labeled/[DS107] Gán nhãn - Han.csv,Label row is missing both topic_label_final and topic_label_id.
missing_topic_label,REC_012443,,,data/05_Labeling/Final_Labeled/[DS107] Gán nhãn - Han.csv,Label row is missing both topic_label_final and topic_label_id.
missing_topic_label,REC_013232,,,data/05_Labeling/Final_Labeled/[DS107] Gán nhãn - Han.csv,Label row is missing both topic_label_final and topic_label_id.
missing_topic_label,REC_013393,,,data/05_Labeling/Final_Labeled/[DS107] Gán nhãn - Han.csv,Label row is missing both topic_label_final and topic_label_id.
missing_topic_label,REC_013252,,,data/05_Labeling/Final_Labeled/[DS107] Gán nhãn - Han.csv,Label row is missing both topic_label_final and topic_label_id.
missing_topic_label,REC_012957,,,data/05_Labeling/Final_Labeled/[DS107] Gán nhãn - Han.csv,Label row is missing both topic_label_final and topic_label_id.
missing_topic_label,REC_013266,,,data/05_Labeling/Final_Labeled/[DS107] Gán nhãn - Han.csv,Label row is missing both topic_label_final and topic_label_id.
missing_topic_label,REC_012510,,,data/05_Labeling/Final_Labeled/[DS107] Gán nhãn - Han.csv,Label row is missing both topic_label_final and topic_label_id.
missing_topic_label,REC_012666,,,data/05_Labeling/Final_Labeled/[DS107] Gán nhãn - Han.csv,Label row is missing both topic_label_final and topic_label_id.
missing_topic_label,REC_003531,,,data/05_Labeling/Final_Labeled/[DS107] Gán nhãn - Han.csv,Label row is missing both topic_label_final and topic_label_id.
missing_topic_label,REC_012667,,,data/05_Labeling/Final_Labeled/[DS107] Gán nhãn - Han.csv,Label row is missing both topic_label_final and topic_label_id.
missing_topic_label,REC_012695,,,data/05_Labeling/Final_Labeled/[DS107] Gán nhãn - Han.csv,Label row is missing both topic_label_final and topic_label_id.
missing_topic_label,REC_010685,,,data/05_Labeling/Final_Labeled/[DS107] Gán nhãn - Han.csv,Label row is missing both topic_label_final and topic_label_id.
missing_topic_label,REC_010711,,,data/05_Labeling/Final_Labeled/[DS107] Gán nhãn - Han.csv,Label row is missing both topic_label_final and topic_label_id.
missing_topic_label,REC_009076,,,data/05_Labeling/Final_Labeled/[DS107] Gán nhãn - Han.csv,Label row is missing both topic_label_final and topic_label_id.
missing_topic_label,REC_008946,,,data/05_Labeling/Final_Labeled/[DS107] Gán nhãn - Han.csv,Label row is missing both topic_label_final and topic_label_id.
missing_topic_label,REC_004211,,,data/05_Labeling/Final_Labeled/[DS107] Gán nhãn - Nhung.csv,Label row is missing both topic_label_final and topic_label_id.
missing_topic_label,REC_012655,,,data/05_Labeling/Final_Labeled/[DS107] Gán nhãn - Nhung.csv,Label row is missing both topic_label_final and topic_label_id.
missing_topic_label,REC_013257,,,data/05_Labeling/Final_Labeled/[DS107] Gán nhãn - Nhung.csv,Label row is missing both topic_label_final and topic_label_id.
missing_topic_label,REC_012881,,,data/05_Labeling/Final_Labeled/[DS107] Gán nhãn - Nhung.csv,Label row is missing both topic_label_final and topic_label_id.
missing_topic_label,REC_012663,,,data/05_Labeling/Final_Labeled/[DS107] Gán nhãn - Nhung.csv,Label row is missing both topic_label_final and topic_label_id.
missing_topic_label,REC_012822,,,data/05_Labeling/Final_Labeled/[DS107] Gán nhãn - Nhung.csv,Label row is missing both topic_label_final and topic_label_id.
missing_topic_label,REC_012608,,,data/05_Labeling/Final_Labeled/[DS107] Gán nhãn - Nhung.csv,Label row is missing both topic_label_final and topic_label_id.
missing_topic_label,REC_003994,,,data/05_Labeling/Final_Labeled/[DS107] Gán nhãn - Nhung.csv,Label row is missing both topic_label_final and topic_label_id.
missing_topic_label,REC_012932,,,data/05_Labeling/Final_Labeled/[DS107] Gán nhãn - Nhung.csv,Label row is missing both topic_label_final and topic_label_id.
missing_topic_label,REC_003476,,,data/05_Labeling/Final_Labeled/[DS107] Gán nhãn - Nhung.csv,Label row is missing both topic_label_final and topic_label_id.
missing_topic_label,REC_012401,,,data/05_Labeling/Final_Labeled/[DS107] Gán nhãn - Nhung.csv,Label row is missing both topic_label_final and topic_label_id.
missing_topic_label,REC_013005,,,data/05_Labeling/Final_Labeled/[DS107] Gán nhãn - Nhung.csv,Label row is missing both topic_label_final and topic_label_id.
missing_topic_label,REC_004045,,,data/05_Labeling/Final_Labeled/[DS107] Gán nhãn - Nhung.csv,Label row is missing both topic_label_final and topic_label_id.
missing_topic_label,REC_001019,,,data/05_Labeling/Final_Labeled/[DS107] Gán nhãn - Nhung.csv,Label row is missing both topic_label_final and topic_label_id.
missing_topic_label,REC_013214,,,data/05_Labeling/Final_Labeled/[DS107] Gán nhãn - Nhung.csv,Label row is missing both topic_label_final and topic_label_id.
missing_topic_label,REC_013422,,,data/05_Labeling/Final_Labeled/[DS107] Gán nhãn - Nhung.csv,Label row is missing both topic_label_final and topic_label_id.
missing_topic_label,REC_013318,,,data/05_Labeling/Final_Labeled/[DS107] Gán nhãn - Nhung.csv,Label row is missing both topic_label_final and topic_label_id.
missing_topic_label,REC_008564,,,data/05_Labeling/Final_Labeled/[DS107] Gán nhãn - Nhung.csv,Label row is missing both topic_label_final and topic_label_id.
missing_topic_label,REC_013262,,,data/05_Labeling/Final_Labeled/[DS107] Gán nhãn - Nhung.csv,Label row is missing both topic_label_final and topic_label_id.
missing_topic_label,REC_012631,,,data/05_Labeling/Final_Labeled/[DS107] Gán nhãn - Nhung.csv,Label row is missing both topic_label_final and topic_label_id.
missing_topic_label,REC_003687,,,data/05_Labeling/Final_Labeled/[DS107] Gán nhãn - Nhung.csv,Label row is missing both topic_label_final and topic_label_id.
missing_topic_label,REC_013020,,,data/05_Labeling/Final_Labeled/[DS107] Gán nhãn - Nhung.csv,Label row is missing both topic_label_final and topic_label_id.
missing_topic_label,REC_003756,,,data/05_Labeling/Final_Labeled/[DS107] Gán nhãn - Nhung.csv,Label row is missing both topic_label_final and topic_label_id.
missing_topic_label,REC_012900,,,data/05_Labeling/Final_Labeled/[DS107] Gán nhãn - Nhung.csv,Label row is missing both topic_label_final and topic_label_id.
missing_topic_label,REC_013058,,,data/05_Labeling/Final_Labeled/[DS107] Gán nhãn - Nhung.csv,Label row is missing both topic_label_final and topic_label_id.
missing_topic_label,REC_012947,,,data/05_Labeling/Final_Labeled/[DS107] Gán nhãn - Nhung.csv,Label row is missing both topic_label_final and topic_label_id.
missing_topic_label,REC_010399,,,data/05_Labeling/Final_Labeled/[DS107] Gán nhãn - Nhung.csv,Label row is missing both topic_label_final and topic_label_id.
missing_topic_label,REC_013175,,,data/05_Labeling/Final_Labeled/[DS107] Gán nhãn - Nhung.csv,Label row is missing both topic_label_final and topic_label_id.
missing_topic_label,REC_012360,,,data/05_Labeling/Final_Labeled/[DS107] Gán nhãn - Nhung.csv,Label row is missing both topic_label_final and topic_label_id.
missing_topic_label,REC_013229,,,data/05_Labeling/Final_Labeled/[DS107] Gán nhãn - Nhung.csv,Label row is missing both topic_label_final and topic_label_id.
missing_topic_label,REC_012512,,,data/05_Labeling/Final_Labeled/[DS107] Gán nhãn - Nhung.csv,Label row is missing both topic_label_final and topic_label_id.
missing_topic_label,REC_012913,,,data/05_Labeling/Final_Labeled/[DS107] Gán nhãn - Nhung.csv,Label row is missing both topic_label_final and topic_label_id.
missing_topic_label,REC_003707,,,data/05_Labeling/Final_Labeled/[DS107] Gán nhãn - Nhung.csv,Label row is missing both topic_label_final and topic_label_id.
missing_topic_label,REC_013070,,,data/05_Labeling/Final_Labeled/[DS107] Gán nhãn - Nhung.csv,Label row is missing both topic_label_final and topic_label_id.
missing_topic_label,REC_012949,,,data/05_Labeling/Final_Labeled/[DS107] Gán nhãn - Nhung.csv,Label row is missing both topic_label_final and topic_label_id.
missing_topic_label,REC_013316,,,data/05_Labeling/Final_Labeled/[DS107] Gán nhãn - Nhung.csv,Label row is missing both topic_label_final and topic_label_id.
missing_topic_label,REC_003728,,,data/05_Labeling/Final_Labeled/[DS107] Gán nhãn - Nhung.csv,Label row is missing both topic_label_final and topic_label_id.
missing_topic_label,REC_013436,,,data/05_Labeling/Final_Labeled/[DS107] Gán nhãn - Nhung.csv,Label row is missing both topic_label_final and topic_label_id.
missing_topic_label,REC_003349,,,data/05_Labeling/Final_Labeled/[DS107] Gán nhãn - Nhung.csv,Label row is missing both topic_label_final and topic_label_id.
missing_topic_label,REC_012921,,,data/05_Labeling/Final_Labeled/[DS107] Gán nhãn - Nhung.csv,Label row is missing both topic_label_final and topic_label_id.
missing_topic_label,REC_013042,,,data/05_Labeling/Final_Labeled/[DS107] Gán nhãn - Nhung.csv,Label row is missing both topic_label_final and topic_label_id.
missing_topic_label,REC_002391,,,data/05_Labeling/Final_Labeled/[DS107] Gán nhãn - Nhung.csv,Label row is missing both topic_label_final and topic_label_id.
missing_topic_label,REC_012353,,,data/05_Labeling/Final_Labeled/[DS107] Gán nhãn - Nhung.csv,Label row is missing both topic_label_final and topic_label_id.
missing_topic_label,REC_009900,,,data/05_Labeling/Final_Labeled/[DS107] Gán nhãn - Nhung.csv,Label row is missing both topic_label_final and topic_label_id.
missing_topic_label,REC_004296,,,data/05_Labeling/Final_Labeled/[DS107] Gán nhãn - Nhung.csv,Label row is missing both topic_label_final and topic_label_id.
missing_topic_label,REC_004679,,,data/05_Labeling/Final_Labeled/[DS107] Gán nhãn - Nhung.csv,Label row is missing both topic_label_final and topic_label_id.
missing_topic_label,REC_001589,,,data/05_Labeling/Final_Labeled/[DS107] Gán nhãn - Nhung.csv,Label row is missing both topic_label_final and topic_label_id.
missing_topic_label,REC_012738,,,data/05_Labeling/Final_Labeled/[DS107] Gán nhãn - Nhung.csv,Label row is missing both topic_label_final and topic_label_id.
missing_topic_label,REC_000047,,,data/05_Labeling/Final_Labeled/[DS107] Gán nhãn - Nhung.csv,Label row is missing both topic_label_final and topic_label_id.
missing_topic_label,REC_005453,,,data/05_Labeling/Final_Labeled/[DS107] Gán nhãn - Nhung.csv,Label row is missing both topic_label_final and topic_label_id.
missing_topic_label,REC_011918,,,data/05_Labeling/Final_Labeled/[DS107] Gán nhãn - Nhung.csv,Label row is missing both topic_label_final and topic_label_id.
missing_topic_label,REC_004620,,,data/05_Labeling/Final_Labeled/[DS107] Gán nhãn - Nhung.csv,Label row is missing both topic_label_final and topic_label_id.
missing_topic_label,REC_004512,,,data/05_Labeling/Final_Labeled/[DS107] Gán nhãn - Nhung.csv,Label row is missing both topic_label_final and topic_label_id.
missing_topic_label,REC_002162,,,data/05_Labeling/Final_Labeled/[DS107] Gán nhãn - Nhung.csv,Label row is missing both topic_label_final and topic_label_id.
missing_topic_label,REC_001778,,,data/05_Labeling/Final_Labeled/[DS107] Gán nhãn - Nhung.csv,Label row is missing both topic_label_final and topic_label_id.
missing_topic_label,REC_010617,,,data/05_Labeling/Final_Labeled/[DS107] Gán nhãn - Nhung.csv,Label row is missing both topic_label_final and topic_label_id.
missing_topic_label,REC_004015,,,data/05_Labeling/Final_Labeled/[DS107] Gán nhãn - Nhung.csv,Label row is missing both topic_label_final and topic_label_id.
missing_topic_label,REC_009329,,,data/05_Labeling/Final_Labeled/[DS107] Gán nhãn - Nhung.csv,Label row is missing both topic_label_final and topic_label_id.
missing_topic_label,REC_012895,,,data/05_Labeling/Final_Labeled/[DS107] Gán nhãn - Nhung.csv,Label row is missing both topic_label_final and topic_label_id.
missing_topic_label,REC_011317,,,data/05_Labeling/Final_Labeled/[DS107] Gán nhãn - Nhung.csv,Label row is missing both topic_label_final and topic_label_id.
missing_topic_label,REC_013426,,,data/05_Labeling/Final_Labeled/[DS107] Gán nhãn - Nhung.csv,Label row is missing both topic_label_final and topic_label_id.
missing_topic_label,REC_013351,,,data/05_Labeling/Final_Labeled/[DS107] Gán nhãn - Nhung.csv,Label row is missing both topic_label_final and topic_label_id.
missing_topic_label,REC_011013,,,data/05_Labeling/Final_Labeled/[DS107] Gán nhãn - Nhung.csv,Label row is missing both topic_label_final and topic_label_id.
missing_topic_label,REC_010659,,,data/05_Labeling/Final_Labeled/[DS107] Gán nhãn - Nhung.csv,Label row is missing both topic_label_final and topic_label_id.
missing_topic_label,REC_010795,,,data/05_Labeling/Final_Labeled/[DS107] Gán nhãn - Nhung.csv,Label row is missing both topic_label_final and topic_label_id.
missing_topic_label,REC_005409,,,data/05_Labeling/Final_Labeled/[DS107] Gán nhãn - Nhung.csv,Label row is missing both topic_label_final and topic_label_id.
missing_topic_label,REC_003958,,,data/05_Labeling/Final_Labeled/[DS107] Gán nhãn - Nhung.csv,Label row is missing both topic_label_final and topic_label_id.
missing_topic_label,REC_003974,,,data/05_Labeling/Final_Labeled/[DS107] Gán nhãn - Nhung.csv,Label row is missing both topic_label_final and topic_label_id.
missing_topic_label,REC_002856,,,data/05_Labeling/Final_Labeled/[DS107] Gán nhãn - Nhung.csv,Label row is missing both topic_label_final and topic_label_id.
missing_topic_label,REC_004819,,,data/05_Labeling/Final_Labeled/[DS107] Gán nhãn - Nhung.csv,Label row is missing both topic_label_final and topic_label_id.
missing_topic_label,REC_013400,,,data/05_Labeling/Final_Labeled/[DS107] Gán nhãn - Nhung.csv,Label row is missing both topic_label_final and topic_label_id.
missing_topic_label,REC_003016,,,data/05_Labeling/Final_Labeled/[DS107] Gán nhãn - Nhung.csv,Label row is missing both topic_label_final and topic_label_id.
missing_topic_label,REC_000506,,,data/05_Labeling/Final_Labeled/[DS107] Gán nhãn - Nhung.csv,Label row is missing both topic_label_final and topic_label_id.
missing_topic_label,REC_003389,,,data/05_Labeling/Final_Labeled/[DS107] Gán nhãn - Nhung.csv,Label row is missing both topic_label_final and topic_label_id.
missing_topic_label,REC_005843,,,data/05_Labeling/Final_Labeled/[DS107] Gán nhãn - Nhung.csv,Label row is missing both topic_label_final and topic_label_id.
missing_topic_label,REC_010394,,,data/05_Labeling/Final_Labeled/[DS107] Gán nhãn - Nhung.csv,Label row is missing both topic_label_final and topic_label_id.
missing_topic_label,REC_011603,,,data/05_Labeling/Final_Labeled/[DS107] Gán nhãn - Nhung.csv,Label row is missing both topic_label_final and topic_label_id.
missing_topic_label,REC_006302,,,data/05_Labeling/Final_Labeled/[DS107] Gán nhãn - Nhung.csv,Label row is missing both topic_label_final and topic_label_id.
missing_topic_label,REC_013404,,,data/05_Labeling/Final_Labeled/[DS107] Gán nhãn - Nhung.csv,Label row is missing both topic_label_final and topic_label_id.
missing_topic_label,REC_005066,,,data/05_Labeling/Final_Labeled/[DS107] Gán nhãn - Nhung.csv,Label row is missing both topic_label_final and topic_label_id.
missing_topic_label,REC_002122,,,data/05_Labeling/Final_Labeled/[DS107] Gán nhãn - Nhung.csv,Label row is missing both topic_label_final and topic_label_id.
missing_topic_label,REC_013358,,,data/05_Labeling/Final_Labeled/[DS107] Gán nhãn - Nhung.csv,Label row is missing both topic_label_final and topic_label_id.
missing_topic_label,REC_005838,,,data/05_Labeling/Final_Labeled/[DS107] Gán nhãn - Nhung.csv,Label row is missing both topic_label_final and topic_label_id.
missing_topic_label,REC_010831,,,data/05_Labeling/Final_Labeled/[DS107] Gán nhãn - Nhung.csv,Label row is missing both topic_label_final and topic_label_id.
missing_topic_label,REC_005541,,,data/05_Labeling/Final_Labeled/[DS107] Gán nhãn - Nhung.csv,Label row is missing both topic_label_final and topic_label_id.
missing_topic_label,REC_001948,,,data/05_Labeling/Final_Labeled/[DS107] Gán nhãn - Nhung.csv,Label row is missing both topic_label_final and topic_label_id.
missing_topic_label,REC_001154,,,data/05_Labeling/Final_Labeled/[DS107] Gán nhãn - Nhung.csv,Label row is missing both topic_label_final and topic_label_id.
missing_topic_label,REC_006199,,,data/05_Labeling/Final_Labeled/[DS107] Gán nhãn - Nhung.csv,Label row is missing both topic_label_final and topic_label_id.
missing_topic_label,REC_000244,,,data/05_Labeling/Final_Labeled/[DS107] Gán nhãn - Nhung.csv,Label row is missing both topic_label_final and topic_label_id.
missing_topic_label,REC_009303,,,data/05_Labeling/Final_Labeled/[DS107] Gán nhãn - Nhung.csv,Label row is missing both topic_label_final and topic_label_id.
missing_topic_label,REC_003012,,,data/05_Labeling/Final_Labeled/[DS107] Gán nhãn - Nhung.csv,Label row is missing both topic_label_final and topic_label_id.
missing_topic_label,REC_006314,,,data/05_Labeling/Final_Labeled/[DS107] Gán nhãn - Nhung.csv,Label row is missing both topic_label_final and topic_label_id.
missing_topic_label,REC_004681,,,data/05_Labeling/Final_Labeled/[DS107] Gán nhãn - Nhung.csv,Label row is missing both topic_label_final and topic_label_id.
missing_topic_label,REC_003749,,,data/05_Labeling/Final_Labeled/[DS107] Gán nhãn - Nhung.csv,Label row is missing both topic_label_final and topic_label_id.
missing_topic_label,REC_002496,,,data/05_Labeling/Final_Labeled/[DS107] Gán nhãn - Nhung.csv,Label row is missing both topic_label_final and topic_label_id.
missing_topic_label,REC_009367,,,data/05_Labeling/Final_Labeled/[DS107] Gán nhãn - Nhung.csv,Label row is missing both topic_label_final and topic_label_id.
missing_topic_label,REC_003614,,,data/05_Labeling/Final_Labeled/[DS107] Gán nhãn - Nhung.csv,Label row is missing both topic_label_final and topic_label_id.
missing_topic_label,REC_001741,,,data/05_Labeling/Final_Labeled/[DS107] Gán nhãn - Nhung.csv,Label row is missing both topic_label_final and topic_label_id.
missing_topic_label,REC_001543,,,data/05_Labeling/Final_Labeled/[DS107] Gán nhãn - Nhung.csv,Label row is missing both topic_label_final and topic_label_id.
missing_topic_label,REC_004876,,,data/05_Labeling/Final_Labeled/[DS107] Gán nhãn - Nhung.csv,Label row is missing both topic_label_final and topic_label_id.
missing_topic_label,REC_006095,,,data/05_Labeling/Final_Labeled/[DS107] Gán nhãn - Nhung.csv,Label row is missing both topic_label_final and topic_label_id.
missing_topic_label,REC_006038,,,data/05_Labeling/Final_Labeled/[DS107] Gán nhãn - Nhung.csv,Label row is missing both topic_label_final and topic_label_id.
missing_topic_label,REC_009415,,,data/05_Labeling/Final_Labeled/[DS107] Gán nhãn - Nhung.csv,Label row is missing both topic_label_final and topic_label_id.
missing_topic_label,REC_003797,,,data/05_Labeling/Final_Labeled/[DS107] Gán nhãn - Nhung.csv,Label row is missing both topic_label_final and topic_label_id.
missing_topic_label,REC_009903,,,data/05_Labeling/Final_Labeled/[DS107] Gán nhãn - Nhung.csv,Label row is missing both topic_label_final and topic_label_id.
missing_topic_label,REC_000694,,,data/05_Labeling/Final_Labeled/[DS107] Gán nhãn - Nhung.csv,Label row is missing both topic_label_final and topic_label_id.
missing_topic_label,REC_013388,,,data/05_Labeling/Final_Labeled/[DS107] Gán nhãn - Nhung.csv,Label row is missing both topic_label_final and topic_label_id.
missing_topic_label,REC_004948,,,data/05_Labeling/Final_Labeled/[DS107] Gán nhãn - Nhung.csv,Label row is missing both topic_label_final and topic_label_id.
missing_topic_label,REC_012256,,,data/05_Labeling/Final_Labeled/[DS107] Gán nhãn - Nhung.csv,Label row is missing both topic_label_final and topic_label_id.
missing_topic_label,REC_001929,,,data/05_Labeling/Final_Labeled/[DS107] Gán nhãn - Nhung.csv,Label row is missing both topic_label_final and topic_label_id.
missing_topic_label,REC_001005,,,data/05_Labeling/Final_Labeled/[DS107] Gán nhãn - Nhung.csv,Label row is missing both topic_label_final and topic_label_id.
missing_topic_label,REC_003196,,,data/05_Labeling/Final_Labeled/[DS107] Gán nhãn - Nhung.csv,Label row is missing both topic_label_final and topic_label_id.
missing_topic_label,REC_002800,,,data/05_Labeling/Final_Labeled/[DS107] Gán nhãn - Nhung.csv,Label row is missing both topic_label_final and topic_label_id.
missing_topic_label,REC_004801,,,data/05_Labeling/Final_Labeled/[DS107] Gán nhãn - Nhung.csv,Label row is missing both topic_label_final and topic_label_id.
missing_topic_label,REC_010087,,,data/05_Labeling/Final_Labeled/[DS107] Gán nhãn - Nhung.csv,Label row is missing both topic_label_final and topic_label_id.
missing_topic_label,REC_000492,,,data/05_Labeling/Final_Labeled/[DS107] Gán nhãn - Nhung.csv,Label row is missing both topic_label_final and topic_label_id.
missing_topic_label,REC_002067,,,data/05_Labeling/Final_Labeled/[DS107] Gán nhãn - Nhung.csv,Label row is missing both topic_label_final and topic_label_id.
missing_topic_label,REC_004496,,,data/05_Labeling/Final_Labeled/[DS107] Gán nhãn - Nhung.csv,Label row is missing both topic_label_final and topic_label_id.
missing_topic_label,REC_011825,,,data/05_Labeling/Final_Labeled/[DS107] Gán nhãn - Nhung.csv,Label row is missing both topic_label_final and topic_label_id.
missing_topic_label,REC_005505,,,data/05_Labeling/Final_Labeled/[DS107] Gán nhãn - Nhung.csv,Label row is missing both topic_label_final and topic_label_id.
missing_topic_label,REC_009885,,,data/05_Labeling/Final_Labeled/[DS107] Gán nhãn - Nhung.csv,Label row is missing both topic_label_final and topic_label_id.
missing_topic_label,REC_006283,,,data/05_Labeling/Final_Labeled/[DS107] Gán nhãn - Nhung.csv,Label row is missing both topic_label_final and topic_label_id.
missing_topic_label,REC_009536,,,data/05_Labeling/Final_Labeled/[DS107] Gán nhãn - Nhung.csv,Label row is missing both topic_label_final and topic_label_id.
missing_topic_label,REC_003542,,,data/05_Labeling/Final_Labeled/[DS107] Gán nhãn - Nhung.csv,Label row is missing both topic_label_final and topic_label_id.
missing_topic_label,REC_004489,,,data/05_Labeling/Final_Labeled/[DS107] Gán nhãn - Nhung.csv,Label row is missing both topic_label_final and topic_label_id.
missing_topic_label,REC_010632,,,data/05_Labeling/Final_Labeled/[DS107] Gán nhãn - Nhung.csv,Label row is missing both topic_label_final and topic_label_id.
missing_topic_label,REC_012528,,,data/05_Labeling/Final_Labeled/[DS107] Gán nhãn - Nhung.csv,Label row is missing both topic_label_final and topic_label_id.
missing_topic_label,REC_006263,,,data/05_Labeling/Final_Labeled/[DS107] Gán nhãn - Nhung.csv,Label row is missing both topic_label_final and topic_label_id.
missing_topic_label,REC_002502,,,data/05_Labeling/Final_Labeled/[DS107] Gán nhãn - Nhung.csv,Label row is missing both topic_label_final and topic_label_id.
missing_topic_label,REC_008325,,,data/05_Labeling/Final_Labeled/[DS107] Gán nhãn - Nhung.csv,Label row is missing both topic_label_final and topic_label_id.
missing_topic_label,REC_011309,,,data/05_Labeling/Final_Labeled/[DS107] Gán nhãn - Nhung.csv,Label row is missing both topic_label_final and topic_label_id.
missing_topic_label,REC_003877,,,data/05_Labeling/Final_Labeled/[DS107] Gán nhãn - Nhung.csv,Label row is missing both topic_label_final and topic_label_id.
missing_topic_label,REC_003195,,,data/05_Labeling/Final_Labeled/[DS107] Gán nhãn - Nhung.csv,Label row is missing both topic_label_final and topic_label_id.
missing_topic_label,REC_001488,,,data/05_Labeling/Final_Labeled/[DS107] Gán nhãn - Nhung.csv,Label row is missing both topic_label_final and topic_label_id.
missing_topic_label,REC_003533,,,data/05_Labeling/Final_Labeled/[DS107] Gán nhãn - Nhung.csv,Label row is missing both topic_label_final and topic_label_id.
missing_topic_label,REC_000236,,,data/05_Labeling/Final_Labeled/[DS107] Gán nhãn - Nhung.csv,Label row is missing both topic_label_final and topic_label_id.
missing_topic_label,REC_010260,,,data/05_Labeling/Final_Labeled/[DS107] Gán nhãn - Nhung.csv,Label row is missing both topic_label_final and topic_label_id.
missing_topic_label,REC_003367,,,data/05_Labeling/Final_Labeled/[DS107] Gán nhãn - Nhung.csv,Label row is missing both topic_label_final and topic_label_id.
missing_topic_label,REC_011275,,,data/05_Labeling/Final_Labeled/[DS107] Gán nhãn - Nhung.csv,Label row is missing both topic_label_final and topic_label_id.
missing_topic_label,REC_008539,,,data/05_Labeling/Final_Labeled/[DS107] Gán nhãn - Nhung.csv,Label row is missing both topic_label_final and topic_label_id.
missing_topic_label,REC_010371,,,data/05_Labeling/Final_Labeled/[DS107] Gán nhãn - Nhung.csv,Label row is missing both topic_label_final and topic_label_id.
missing_topic_label,REC_001070,,,data/05_Labeling/Final_Labeled/[DS107] Gán nhãn - Nhung.csv,Label row is missing both topic_label_final and topic_label_id.
missing_topic_label,REC_005249,,,data/05_Labeling/Final_Labeled/[DS107] Gán nhãn - Nhung.csv,Label row is missing both topic_label_final and topic_label_id.
missing_topic_label,REC_011477,,,data/05_Labeling/Final_Labeled/[DS107] Gán nhãn - Nhung.csv,Label row is missing both topic_label_final and topic_label_id.
missing_topic_label,REC_009377,,,data/05_Labeling/Final_Labeled/[DS107] Gán nhãn - Nhung.csv,Label row is missing both topic_label_final and topic_label_id.
missing_topic_label,REC_000155,,,data/05_Labeling/Final_Labeled/[DS107] Gán nhãn - Nhung.csv,Label row is missing both topic_label_final and topic_label_id.
missing_topic_label,REC_002598,,,data/05_Labeling/Final_Labeled/[DS107] Gán nhãn - Nhung.csv,Label row is missing both topic_label_final and topic_label_id.
missing_topic_label,REC_002770,,,data/05_Labeling/Final_Labeled/[DS107] Gán nhãn - Nhung.csv,Label row is missing both topic_label_final and topic_label_id.
missing_topic_label,REC_011839,,,data/05_Labeling/Final_Labeled/[DS107] Gán nhãn - Nhung.csv,Label row is missing both topic_label_final and topic_label_id.
missing_topic_label,REC_004790,,,data/05_Labeling/Final_Labeled/[DS107] Gán nhãn - Nhung.csv,Label row is missing both topic_label_final and topic_label_id.
missing_topic_label,REC_012630,,,data/05_Labeling/Final_Labeled/[DS107] Gán nhãn - Nhung.csv,Label row is missing both topic_label_final and topic_label_id.
missing_topic_label,REC_006225,,,data/05_Labeling/Final_Labeled/[DS107] Gán nhãn - Nhung.csv,Label row is missing both topic_label_final and topic_label_id.
missing_topic_label,REC_004293,,,data/05_Labeling/Final_Labeled/[DS107] Gán nhãn - Nhung.csv,Label row is missing both topic_label_final and topic_label_id.
missing_topic_label,REC_012863,,,data/05_Labeling/Final_Labeled/[DS107] Gán nhãn - Nhung.csv,Label row is missing both topic_label_final and topic_label_id.
missing_topic_label,REC_009894,,,data/05_Labeling/Final_Labeled/[DS107] Gán nhãn - Nhung.csv,Label row is missing both topic_label_final and topic_label_id.
missing_topic_label,REC_011272,,,data/05_Labeling/Final_Labeled/[DS107] Gán nhãn - Nhung.csv,Label row is missing both topic_label_final and topic_label_id.
missing_topic_label,REC_009136,,,data/05_Labeling/Final_Labeled/[DS107] Gán nhãn - Nhung.csv,Label row is missing both topic_label_final and topic_label_id.
missing_topic_label,REC_000907,,,data/05_Labeling/Final_Labeled/[DS107] Gán nhãn - Nhung.csv,Label row is missing both topic_label_final and topic_label_id.
missing_topic_label,REC_001485,,,data/05_Labeling/Final_Labeled/[DS107] Gán nhãn - Nhung.csv,Label row is missing both topic_label_final and topic_label_id.
missing_topic_label,REC_010447,,,data/05_Labeling/Final_Labeled/[DS107] Gán nhãn - Nhung.csv,Label row is missing both topic_label_final and topic_label_id.
missing_topic_label,REC_012180,,,data/05_Labeling/Final_Labeled/[DS107] Gán nhãn - Nhung.csv,Label row is missing both topic_label_final and topic_label_id.
missing_topic_label,REC_000600,,,data/05_Labeling/Final_Labeled/[DS107] Gán nhãn - Nhung.csv,Label row is missing both topic_label_final and topic_label_id.
missing_topic_label,REC_006380,,,data/05_Labeling/Final_Labeled/[DS107] Gán nhãn - Nhung.csv,Label row is missing both topic_label_final and topic_label_id.
missing_topic_label,REC_011587,,,data/05_Labeling/Final_Labeled/[DS107] Gán nhãn - Nhung.csv,Label row is missing both topic_label_final and topic_label_id.
missing_topic_label,REC_011773,,,data/05_Labeling/Final_Labeled/[DS107] Gán nhãn - Nhung.csv,Label row is missing both topic_label_final and topic_label_id.
missing_topic_label,REC_008673,,,data/05_Labeling/Final_Labeled/[DS107] Gán nhãn - Nhung.csv,Label row is missing both topic_label_final and topic_label_id.
missing_topic_label,REC_000493,,,data/05_Labeling/Final_Labeled/[DS107] Gán nhãn - Nhung.csv,Label row is missing both topic_label_final and topic_label_id.
missing_topic_label,REC_008971,,,data/05_Labeling/Final_Labeled/[DS107] Gán nhãn - Nhung.csv,Label row is missing both topic_label_final and topic_label_id.
missing_topic_label,REC_003028,,,data/05_Labeling/Final_Labeled/[DS107] Gán nhãn - Nhung.csv,Label row is missing both topic_label_final and topic_label_id.
missing_topic_label,REC_010018,,,data/05_Labeling/Final_Labeled/[DS107] Gán nhãn - Nhung.csv,Label row is missing both topic_label_final and topic_label_id.
missing_topic_label,REC_011533,,,data/05_Labeling/Final_Labeled/[DS107] Gán nhãn - Nhung.csv,Label row is missing both topic_label_final and topic_label_id.
missing_topic_label,REC_002101,,,data/05_Labeling/Final_Labeled/[DS107] Gán nhãn - Nhung.csv,Label row is missing both topic_label_final and topic_label_id.
missing_topic_label,REC_000909,,,data/05_Labeling/Final_Labeled/[DS107] Gán nhãn - Nhung.csv,Label row is missing both topic_label_final and topic_label_id.
missing_topic_label,REC_003887,,,data/05_Labeling/Final_Labeled/[DS107] Gán nhãn - Nhung.csv,Label row is missing both topic_label_final and topic_label_id.
missing_topic_label,REC_011615,,,data/05_Labeling/Final_Labeled/[DS107] Gán nhãn - Nhung.csv,Label row is missing both topic_label_final and topic_label_id.
missing_topic_label,REC_000558,,,data/05_Labeling/Final_Labeled/[DS107] Gán nhãn - Nhung.csv,Label row is missing both topic_label_final and topic_label_id.
missing_topic_label,REC_006409,,,data/05_Labeling/Final_Labeled/[DS107] Gán nhãn - Nhung.csv,Label row is missing both topic_label_final and topic_label_id.
missing_topic_label,REC_011569,,,data/05_Labeling/Final_Labeled/[DS107] Gán nhãn - Nhung.csv,Label row is missing both topic_label_final and topic_label_id.
missing_topic_label,REC_008451,,,data/05_Labeling/Final_Labeled/[DS107] Gán nhãn - Nhung.csv,Label row is missing both topic_label_final and topic_label_id.
missing_topic_label,REC_011668,,,data/05_Labeling/Final_Labeled/[DS107] Gán nhãn - Nhung.csv,Label row is missing both topic_label_final and topic_label_id.
missing_topic_label,REC_000029,,,data/05_Labeling/Final_Labeled/[DS107] Gán nhãn - Nhung.csv,Label row is missing both topic_label_final and topic_label_id.
missing_topic_label,REC_010875,,,data/05_Labeling/Final_Labeled/[DS107] Gán nhãn - Nhung.csv,Label row is missing both topic_label_final and topic_label_id.
missing_topic_label,REC_003212,,,data/05_Labeling/Final_Labeled/[DS107] Gán nhãn - Nhung.csv,Label row is missing both topic_label_final and topic_label_id.
missing_topic_label,REC_013308,,,data/05_Labeling/Final_Labeled/[DS107] Gán nhãn - Nhung.csv,Label row is missing both topic_label_final and topic_label_id.
missing_topic_label,REC_004896,,,data/05_Labeling/Final_Labeled/[DS107] Gán nhãn - Nhung.csv,Label row is missing both topic_label_final and topic_label_id.
missing_topic_label,REC_009826,,,data/05_Labeling/Final_Labeled/[DS107] Gán nhãn - Nhung.csv,Label row is missing both topic_label_final and topic_label_id.
missing_topic_label,REC_004498,,,data/05_Labeling/Final_Labeled/[DS107] Gán nhãn - Nhung.csv,Label row is missing both topic_label_final and topic_label_id.
missing_topic_label,REC_009552,,,data/05_Labeling/Final_Labeled/[DS107] Gán nhãn - Nhung.csv,Label row is missing both topic_label_final and topic_label_id.
missing_topic_label,REC_012333,,,data/05_Labeling/Final_Labeled/[DS107] Gán nhãn - Nhung.csv,Label row is missing both topic_label_final and topic_label_id.
missing_topic_label,REC_009314,,,data/05_Labeling/Final_Labeled/[DS107] Gán nhãn - Nhung.csv,Label row is missing both topic_label_final and topic_label_id.
missing_topic_label,REC_010006,,,data/05_Labeling/Final_Labeled/[DS107] Gán nhãn - Nhung.csv,Label row is missing both topic_label_final and topic_label_id.
missing_topic_label,REC_002824,,,data/05_Labeling/Final_Labeled/[DS107] Gán nhãn - Nhung.csv,Label row is missing both topic_label_final and topic_label_id.
missing_topic_label,REC_001968,,,data/05_Labeling/Final_Labeled/[DS107] Gán nhãn - Nhung.csv,Label row is missing both topic_label_final and topic_label_id.
missing_topic_label,REC_009958,,,data/05_Labeling/Final_Labeled/[DS107] Gán nhãn - Nhung.csv,Label row is missing both topic_label_final and topic_label_id.
missing_topic_label,REC_001764,,,data/05_Labeling/Final_Labeled/[DS107] Gán nhãn - Nhung.csv,Label row is missing both topic_label_final and topic_label_id.
missing_topic_label,REC_005956,,,data/05_Labeling/Final_Labeled/[DS107] Gán nhãn - Nhung.csv,Label row is missing both topic_label_final and topic_label_id.
missing_topic_label,REC_006149,,,data/05_Labeling/Final_Labeled/[DS107] Gán nhãn - Nhung.csv,Label row is missing both topic_label_final and topic_label_id.
missing_topic_label,REC_004147,,,data/05_Labeling/Final_Labeled/[DS107] Gán nhãn - Nhung.csv,Label row is missing both topic_label_final and topic_label_id.
missing_topic_label,REC_002043,,,data/05_Labeling/Final_Labeled/[DS107] Gán nhãn - Nhung.csv,Label row is missing both topic_label_final and topic_label_id.
missing_topic_label,REC_012377,,,data/05_Labeling/Final_Labeled/[DS107] Gán nhãn - Nhung.csv,Label row is missing both topic_label_final and topic_label_id.
missing_topic_label,REC_013000,,,data/05_Labeling/Final_Labeled/[DS107] Gán nhãn - Nhung.csv,Label row is missing both topic_label_final and topic_label_id.
missing_topic_label,REC_004708,,,data/05_Labeling/Final_Labeled/[DS107] Gán nhãn - Nhung.csv,Label row is missing both topic_label_final and topic_label_id.
missing_topic_label,REC_010010,,,data/05_Labeling/Final_Labeled/[DS107] Gán nhãn - Nhung.csv,Label row is missing both topic_label_final and topic_label_id.
missing_topic_label,REC_009833,,,data/05_Labeling/Final_Labeled/[DS107] Gán nhãn - Nhung.csv,Label row is missing both topic_label_final and topic_label_id.
missing_topic_label,REC_009986,,,data/05_Labeling/Final_Labeled/[DS107] Gán nhãn - Nhung.csv,Label row is missing both topic_label_final and topic_label_id.
missing_topic_label,REC_003853,,,data/05_Labeling/Final_Labeled/[DS107] Gán nhãn - Nhung.csv,Label row is missing both topic_label_final and topic_label_id.
missing_topic_label,REC_011468,,,data/05_Labeling/Final_Labeled/[DS107] Gán nhãn - Nhung.csv,Label row is missing both topic_label_final and topic_label_id.
missing_topic_label,REC_002992,,,data/05_Labeling/Final_Labeled/[DS107] Gán nhãn - Nhung.csv,Label row is missing both topic_label_final and topic_label_id.
missing_topic_label,REC_008357,,,data/05_Labeling/Final_Labeled/[DS107] Gán nhãn - Nhung.csv,Label row is missing both topic_label_final and topic_label_id.
missing_topic_label,REC_003248,,,data/05_Labeling/Final_Labeled/[DS107] Gán nhãn - Nhung.csv,Label row is missing both topic_label_final and topic_label_id.
missing_topic_label,REC_002462,,,data/05_Labeling/Final_Labeled/[DS107] Gán nhãn - Nhung.csv,Label row is missing both topic_label_final and topic_label_id.
missing_topic_label,REC_004969,,,data/05_Labeling/Final_Labeled/[DS107] Gán nhãn - Nhung.csv,Label row is missing both topic_label_final and topic_label_id.
missing_topic_label,REC_010014,,,data/05_Labeling/Final_Labeled/[DS107] Gán nhãn - Nhung.csv,Label row is missing both topic_label_final and topic_label_id.
missing_topic_label,REC_012183,,,data/05_Labeling/Final_Labeled/[DS107] Gán nhãn - Nhung.csv,Label row is missing both topic_label_final and topic_label_id.
missing_topic_label,REC_000885,,,data/05_Labeling/Final_Labeled/[DS107] Gán nhãn - Nhung.csv,Label row is missing both topic_label_final and topic_label_id.
missing_topic_label,REC_000562,,,data/05_Labeling/Final_Labeled/[DS107] Gán nhãn - Nhung.csv,Label row is missing both topic_label_final and topic_label_id.
missing_topic_label,REC_011911,,,data/05_Labeling/Final_Labeled/[DS107] Gán nhãn - Nhung.csv,Label row is missing both topic_label_final and topic_label_id.
missing_topic_label,REC_012844,,,data/05_Labeling/Final_Labeled/[DS107] Gán nhãn - Nhung.csv,Label row is missing both topic_label_final and topic_label_id.
missing_topic_label,REC_011702,,,data/05_Labeling/Final_Labeled/[DS107] Gán nhãn - Nhung.csv,Label row is missing both topic_label_final and topic_label_id.
missing_topic_label,REC_011985,,,data/05_Labeling/Final_Labeled/[DS107] Gán nhãn - Nhung.csv,Label row is missing both topic_label_final and topic_label_id.
missing_topic_label,REC_004437,,,data/05_Labeling/Final_Labeled/[DS107] Gán nhãn - Nhung.csv,Label row is missing both topic_label_final and topic_label_id.
missing_topic_label,REC_013155,,,data/05_Labeling/Final_Labeled/[DS107] Gán nhãn - Nhung.csv,Label row is missing both topic_label_final and topic_label_id.
missing_topic_label,REC_005427,,,data/05_Labeling/Final_Labeled/[DS107] Gán nhãn - Nhung.csv,Label row is missing both topic_label_final and topic_label_id.
missing_topic_label,REC_010664,,,data/05_Labeling/Final_Labeled/[DS107] Gán nhãn - Nhung.csv,Label row is missing both topic_label_final and topic_label_id.
missing_topic_label,REC_012244,,,data/05_Labeling/Final_Labeled/[DS107] Gán nhãn - Nhung.csv,Label row is missing both topic_label_final and topic_label_id.
missing_topic_label,REC_008963,,,data/05_Labeling/Final_Labeled/[DS107] Gán nhãn - Nhung.csv,Label row is missing both topic_label_final and topic_label_id.
missing_topic_label,REC_010587,,,data/05_Labeling/Final_Labeled/[DS107] Gán nhãn - Nhung.csv,Label row is missing both topic_label_final and topic_label_id.
missing_topic_label,REC_003808,,,data/05_Labeling/Final_Labeled/[DS107] Gán nhãn - Nhung.csv,Label row is missing both topic_label_final and topic_label_id.
missing_topic_label,REC_006185,,,data/05_Labeling/Final_Labeled/[DS107] Gán nhãn - Nhung.csv,Label row is missing both topic_label_final and topic_label_id.
missing_topic_label,REC_003773,,,data/05_Labeling/Final_Labeled/[DS107] Gán nhãn - Nhung.csv,Label row is missing both topic_label_final and topic_label_id.
missing_topic_label,REC_011879,,,data/05_Labeling/Final_Labeled/[DS107] Gán nhãn - Nhung.csv,Label row is missing both topic_label_final and topic_label_id.
missing_topic_label,REC_004292,,,data/05_Labeling/Final_Labeled/[DS107] Gán nhãn - Nhung.csv,Label row is missing both topic_label_final and topic_label_id.
missing_topic_label,REC_009492,,,data/05_Labeling/Final_Labeled/[DS107] Gán nhãn - Nhung.csv,Label row is missing both topic_label_final and topic_label_id.
missing_topic_label,REC_002477,,,data/05_Labeling/Final_Labeled/[DS107] Gán nhãn - Nhung.csv,Label row is missing both topic_label_final and topic_label_id.
missing_topic_label,REC_009422,,,data/05_Labeling/Final_Labeled/[DS107] Gán nhãn - Nhung.csv,Label row is missing both topic_label_final and topic_label_id.
missing_topic_label,REC_010386,,,data/05_Labeling/Final_Labeled/[DS107] Gán nhãn - Nhung.csv,Label row is missing both topic_label_final and topic_label_id.
missing_topic_label,REC_010405,,,data/05_Labeling/Final_Labeled/[DS107] Gán nhãn - Nhung.csv,Label row is missing both topic_label_final and topic_label_id.
missing_topic_label,REC_002472,,,data/05_Labeling/Final_Labeled/[DS107] Gán nhãn - Nhung.csv,Label row is missing both topic_label_final and topic_label_id.
missing_topic_label,REC_000965,,,data/05_Labeling/Final_Labeled/[DS107] Gán nhãn - Nhung.csv,Label row is missing both topic_label_final and topic_label_id.
missing_topic_label,REC_013305,,,data/05_Labeling/Final_Labeled/[DS107] Gán nhãn - Nhung.csv,Label row is missing both topic_label_final and topic_label_id.
missing_topic_label,REC_000074,,,data/05_Labeling/Final_Labeled/[DS107] Gán nhãn - Nhung.csv,Label row is missing both topic_label_final and topic_label_id.
missing_topic_label,REC_006195,,,data/05_Labeling/Final_Labeled/[DS107] Gán nhãn - Nhung.csv,Label row is missing both topic_label_final and topic_label_id.
missing_topic_label,REC_006160,,,data/05_Labeling/Final_Labeled/[DS107] Gán nhãn - Nhung.csv,Label row is missing both topic_label_final and topic_label_id.
missing_topic_label,REC_003716,,,data/05_Labeling/Final_Labeled/[DS107] Gán nhãn - Nhung.csv,Label row is missing both topic_label_final and topic_label_id.
missing_topic_label,REC_008382,,,data/05_Labeling/Final_Labeled/[DS107] Gán nhãn - Nhung.csv,Label row is missing both topic_label_final and topic_label_id.
missing_topic_label,REC_011917,,,data/05_Labeling/Final_Labeled/[DS107] Gán nhãn - Nhung.csv,Label row is missing both topic_label_final and topic_label_id.
missing_topic_label,REC_006062,,,data/05_Labeling/Final_Labeled/[DS107] Gán nhãn - Nhung.csv,Label row is missing both topic_label_final and topic_label_id.
missing_topic_label,REC_005153,,,data/05_Labeling/Final_Labeled/[DS107] Gán nhãn - Nhung.csv,Label row is missing both topic_label_final and topic_label_id.
missing_topic_label,REC_010865,,,data/05_Labeling/Final_Labeled/[DS107] Gán nhãn - Nhung.csv,Label row is missing both topic_label_final and topic_label_id.
missing_topic_label,REC_005449,,,data/05_Labeling/Final_Labeled/[DS107] Gán nhãn - Nhung.csv,Label row is missing both topic_label_final and topic_label_id.
missing_topic_label,REC_013094,,,data/05_Labeling/Final_Labeled/[DS107] Gán nhãn - Nhung.csv,Label row is missing both topic_label_final and topic_label_id.
missing_topic_label,REC_001037,,,data/05_Labeling/Final_Labeled/[DS107] Gán nhãn - Nhung.csv,Label row is missing both topic_label_final and topic_label_id.
missing_topic_label,REC_010220,,,data/05_Labeling/Final_Labeled/[DS107] Gán nhãn - Nhung.csv,Label row is missing both topic_label_final and topic_label_id.
missing_topic_label,REC_005062,,,data/05_Labeling/Final_Labeled/[DS107] Gán nhãn - Nhung.csv,Label row is missing both topic_label_final and topic_label_id.
missing_topic_label,REC_009289,,,data/05_Labeling/Final_Labeled/[DS107] Gán nhãn - Nhung.csv,Label row is missing both topic_label_final and topic_label_id.
missing_topic_label,REC_009480,,,data/05_Labeling/Final_Labeled/[DS107] Gán nhãn - Nhung.csv,Label row is missing both topic_label_final and topic_label_id.
missing_topic_label,REC_002108,,,data/05_Labeling/Final_Labeled/[DS107] Gán nhãn - Nhung.csv,Label row is missing both topic_label_final and topic_label_id.
missing_topic_label,REC_001510,,,data/05_Labeling/Final_Labeled/[DS107] Gán nhãn - Nhung.csv,Label row is missing both topic_label_final and topic_label_id.
missing_topic_label,REC_004167,,,data/05_Labeling/Final_Labeled/[DS107] Gán nhãn - Nhung.csv,Label row is missing both topic_label_final and topic_label_id.
missing_topic_label,REC_006098,,,data/05_Labeling/Final_Labeled/[DS107] Gán nhãn - Nhung.csv,Label row is missing both topic_label_final and topic_label_id.
missing_topic_label,REC_003091,,,data/05_Labeling/Final_Labeled/[DS107] Gán nhãn - Nhung.csv,Label row is missing both topic_label_final and topic_label_id.
missing_topic_label,REC_002723,,,data/05_Labeling/Final_Labeled/[DS107] Gán nhãn - Nhung.csv,Label row is missing both topic_label_final and topic_label_id.
missing_topic_label,REC_006230,,,data/05_Labeling/Final_Labeled/[DS107] Gán nhãn - Nhung.csv,Label row is missing both topic_label_final and topic_label_id.
missing_topic_label,REC_004306,,,data/05_Labeling/Final_Labeled/[DS107] Gán nhãn - Nhung.csv,Label row is missing both topic_label_final and topic_label_id.
missing_topic_label,REC_008212,,,data/05_Labeling/Final_Labeled/[DS107] Gán nhãn - Nhung.csv,Label row is missing both topic_label_final and topic_label_id.
missing_topic_label,REC_010539,,,data/05_Labeling/Final_Labeled/[DS107] Gán nhãn - Nhung.csv,Label row is missing both topic_label_final and topic_label_id.
missing_topic_label,REC_004484,,,data/05_Labeling/Final_Labeled/[DS107] Gán nhãn - Nhung.csv,Label row is missing both topic_label_final and topic_label_id.
missing_topic_label,REC_003064,,,data/05_Labeling/Final_Labeled/[DS107] Gán nhãn - Nhung.csv,Label row is missing both topic_label_final and topic_label_id.
missing_topic_label,REC_002996,,,data/05_Labeling/Final_Labeled/[DS107] Gán nhãn - Nhung.csv,Label row is missing both topic_label_final and topic_label_id.
missing_topic_label,REC_002349,,,data/05_Labeling/Final_Labeled/[DS107] Gán nhãn - Nhung.csv,Label row is missing both topic_label_final and topic_label_id.
missing_topic_label,REC_004141,,,data/05_Labeling/Final_Labeled/[DS107] Gán nhãn - Nhung.csv,Label row is missing both topic_label_final and topic_label_id.
missing_topic_label,REC_011196,,,data/05_Labeling/Final_Labeled/[DS107] Gán nhãn - Nhung.csv,Label row is missing both topic_label_final and topic_label_id.
missing_topic_label,REC_005174,,,data/05_Labeling/Final_Labeled/[DS107] Gán nhãn - Nhung.csv,Label row is missing both topic_label_final and topic_label_id.
missing_topic_label,REC_001481,,,data/05_Labeling/Final_Labeled/[DS107] Gán nhãn - Nhung.csv,Label row is missing both topic_label_final and topic_label_id.
missing_topic_label,REC_004829,,,data/05_Labeling/Final_Labeled/[DS107] Gán nhãn - Nhung.csv,Label row is missing both topic_label_final and topic_label_id.
missing_topic_label,REC_004353,,,data/05_Labeling/Final_Labeled/[DS107] Gán nhãn - Nhung.csv,Label row is missing both topic_label_final and topic_label_id.
missing_topic_label,REC_008958,,,data/05_Labeling/Final_Labeled/[DS107] Gán nhãn - Nhung.csv,Label row is missing both topic_label_final and topic_label_id.
missing_topic_label,REC_012962,,,data/05_Labeling/Final_Labeled/[DS107] Gán nhãn - Nhung.csv,Label row is missing both topic_label_final and topic_label_id.
missing_topic_label,REC_013352,,,data/05_Labeling/Final_Labeled/[DS107] Gán nhãn - Nhung.csv,Label row is missing both topic_label_final and topic_label_id.
missing_topic_label,REC_003761,,,data/05_Labeling/Final_Labeled/[DS107] Gán nhãn - Nhung.csv,Label row is missing both topic_label_final and topic_label_id.
missing_topic_label,REC_003483,,,data/05_Labeling/Final_Labeled/[DS107] Gán nhãn - Nhung.csv,Label row is missing both topic_label_final and topic_label_id.
missing_topic_label,REC_010223,,,data/05_Labeling/Final_Labeled/[DS107] Gán nhãn - Nhung.csv,Label row is missing both topic_label_final and topic_label_id.
missing_topic_label,REC_002986,,,data/05_Labeling/Final_Labeled/[DS107] Gán nhãn - Nhung.csv,Label row is missing both topic_label_final and topic_label_id.
missing_topic_label,REC_011961,,,data/05_Labeling/Final_Labeled/[DS107] Gán nhãn - Nhung.csv,Label row is missing both topic_label_final and topic_label_id.
missing_topic_label,REC_004325,,,data/05_Labeling/Final_Labeled/[DS107] Gán nhãn - Nhung.csv,Label row is missing both topic_label_final and topic_label_id.
missing_topic_label,REC_003689,,,data/05_Labeling/Final_Labeled/[DS107] Gán nhãn - Nhung.csv,Label row is missing both topic_label_final and topic_label_id.
missing_topic_label,REC_003509,,,data/05_Labeling/Final_Labeled/[DS107] Gán nhãn - Nhung.csv,Label row is missing both topic_label_final and topic_label_id.
missing_topic_label,REC_011239,,,data/05_Labeling/Final_Labeled/[DS107] Gán nhãn - Nhung.csv,Label row is missing both topic_label_final and topic_label_id.
missing_topic_label,REC_003609,,,data/05_Labeling/Final_Labeled/[DS107] Gán nhãn - Nhung.csv,Label row is missing both topic_label_final and topic_label_id.
missing_topic_label,REC_001804,,,data/05_Labeling/Final_Labeled/[DS107] Gán nhãn - Nhung.csv,Label row is missing both topic_label_final and topic_label_id.
missing_topic_label,REC_000231,,,data/05_Labeling/Final_Labeled/[DS107] Gán nhãn - Nhung.csv,Label row is missing both topic_label_final and topic_label_id.
missing_topic_label,REC_012633,,,data/05_Labeling/Final_Labeled/[DS107] Gán nhãn - Nhung.csv,Label row is missing both topic_label_final and topic_label_id.
missing_topic_label,REC_001457,,,data/05_Labeling/Final_Labeled/[DS107] Gán nhãn - Nhung.csv,Label row is missing both topic_label_final and topic_label_id.
missing_topic_label,REC_006308,,,data/05_Labeling/Final_Labeled/[DS107] Gán nhãn - Nhung.csv,Label row is missing both topic_label_final and topic_label_id.
missing_topic_label,REC_011972,,,data/05_Labeling/Final_Labeled/[DS107] Gán nhãn - Nhung.csv,Label row is missing both topic_label_final and topic_label_id.
missing_topic_label,REC_000863,,,data/05_Labeling/Final_Labeled/[DS107] Gán nhãn - Nhung.csv,Label row is missing both topic_label_final and topic_label_id.
missing_topic_label,REC_005493,,,data/05_Labeling/Final_Labeled/[DS107] Gán nhãn - Nhung.csv,Label row is missing both topic_label_final and topic_label_id.
missing_topic_label,REC_000875,,,data/05_Labeling/Final_Labeled/[DS107] Gán nhãn - Nhung.csv,Label row is missing both topic_label_final and topic_label_id.
missing_topic_label,REC_011120,,,data/05_Labeling/Final_Labeled/[DS107] Gán nhãn - Nhung.csv,Label row is missing both topic_label_final and topic_label_id.
missing_topic_label,REC_001832,,,data/05_Labeling/Final_Labeled/[DS107] Gán nhãn - Nhung.csv,Label row is missing both topic_label_final and topic_label_id.
missing_topic_label,REC_000669,,,data/05_Labeling/Final_Labeled/[DS107] Gán nhãn - Nhung.csv,Label row is missing both topic_label_final and topic_label_id.
missing_topic_label,REC_009338,,,data/05_Labeling/Final_Labeled/[DS107] Gán nhãn - Nhung.csv,Label row is missing both topic_label_final and topic_label_id.
missing_topic_label,REC_003986,,,data/05_Labeling/Final_Labeled/[DS107] Gán nhãn - Nhung.csv,Label row is missing both topic_label_final and topic_label_id.
missing_topic_label,REC_010106,,,data/05_Labeling/Final_Labeled/[DS107] Gán nhãn - Nhung.csv,Label row is missing both topic_label_final and topic_label_id.
missing_topic_label,REC_010430,,,data/05_Labeling/Final_Labeled/[DS107] Gán nhãn - Nhung.csv,Label row is missing both topic_label_final and topic_label_id.
missing_topic_label,REC_008402,,,data/05_Labeling/Final_Labeled/[DS107] Gán nhãn - Nhung.csv,Label row is missing both topic_label_final and topic_label_id.
missing_topic_label,REC_001610,,,data/05_Labeling/Final_Labeled/[DS107] Gán nhãn - Nhung.csv,Label row is missing both topic_label_final and topic_label_id.
missing_topic_label,REC_001028,,,data/05_Labeling/Final_Labeled/[DS107] Gán nhãn - Nhung.csv,Label row is missing both topic_label_final and topic_label_id.
missing_topic_label,REC_001299,,,data/05_Labeling/Final_Labeled/[DS107] Gán nhãn - Nhung.csv,Label row is missing both topic_label_final and topic_label_id.
missing_topic_label,REC_009151,,,data/05_Labeling/Final_Labeled/[DS107] Gán nhãn - Nhung.csv,Label row is missing both topic_label_final and topic_label_id.
missing_topic_label,REC_000036,,,data/05_Labeling/Final_Labeled/[DS107] Gán nhãn - Nhung.csv,Label row is missing both topic_label_final and topic_label_id.
missing_topic_label,REC_001919,,,data/05_Labeling/Final_Labeled/[DS107] Gán nhãn - Nhung.csv,Label row is missing both topic_label_final and topic_label_id.
missing_topic_label,REC_012247,,,data/05_Labeling/Final_Labeled/[DS107] Gán nhãn - Nhung.csv,Label row is missing both topic_label_final and topic_label_id.
missing_topic_label,REC_013099,,,data/05_Labeling/Final_Labeled/[DS107] Gán nhãn - Nhung.csv,Label row is missing both topic_label_final and topic_label_id.
missing_topic_label,REC_009365,,,data/05_Labeling/Final_Labeled/[DS107] Gán nhãn - Nhung.csv,Label row is missing both topic_label_final and topic_label_id.
missing_topic_label,REC_011267,,,data/05_Labeling/Final_Labeled/[DS107] Gán nhãn - Nhung.csv,Label row is missing both topic_label_final and topic_label_id.
missing_topic_label,REC_001032,,,data/05_Labeling/Final_Labeled/[DS107] Gán nhãn - Nhung.csv,Label row is missing both topic_label_final and topic_label_id.
missing_topic_label,REC_003543,,,data/05_Labeling/Final_Labeled/[DS107] Gán nhãn - Nhung.csv,Label row is missing both topic_label_final and topic_label_id.
missing_topic_label,REC_005902,,,data/05_Labeling/Final_Labeled/[DS107] Gán nhãn - Nhung.csv,Label row is missing both topic_label_final and topic_label_id.
missing_topic_label,REC_002632,,,data/05_Labeling/Final_Labeled/[DS107] Gán nhãn - Nhung.csv,Label row is missing both topic_label_final and topic_label_id.
missing_topic_label,REC_001527,,,data/05_Labeling/Final_Labeled/[DS107] Gán nhãn - Nhung.csv,Label row is missing both topic_label_final and topic_label_id.
missing_topic_label,REC_001363,,,data/05_Labeling/Final_Labeled/[DS107] Gán nhãn - Nhung.csv,Label row is missing both topic_label_final and topic_label_id.
missing_topic_label,REC_008697,,,data/05_Labeling/Final_Labeled/[DS107] Gán nhãn - Nhung.csv,Label row is missing both topic_label_final and topic_label_id.
missing_topic_label,REC_004633,,,data/05_Labeling/Final_Labeled/[DS107] Gán nhãn - Nhung.csv,Label row is missing both topic_label_final and topic_label_id.
missing_topic_label,REC_010588,,,data/05_Labeling/Final_Labeled/[DS107] Gán nhãn - Nhung.csv,Label row is missing both topic_label_final and topic_label_id.
missing_topic_label,REC_005344,,,data/05_Labeling/Final_Labeled/[DS107] Gán nhãn - Nhung.csv,Label row is missing both topic_label_final and topic_label_id.
missing_topic_label,REC_002920,,,data/05_Labeling/Final_Labeled/[DS107] Gán nhãn - Nhung.csv,Label row is missing both topic_label_final and topic_label_id.
missing_topic_label,REC_008436,,,data/05_Labeling/Final_Labeled/[DS107] Gán nhãn - Nhung.csv,Label row is missing both topic_label_final and topic_label_id.
missing_topic_label,REC_001489,,,data/05_Labeling/Final_Labeled/[DS107] Gán nhãn - Nhung.csv,Label row is missing both topic_label_final and topic_label_id.
missing_topic_label,REC_009502,,,data/05_Labeling/Final_Labeled/[DS107] Gán nhãn - Nhung.csv,Label row is missing both topic_label_final and topic_label_id.
missing_topic_label,REC_000630,,,data/05_Labeling/Final_Labeled/[DS107] Gán nhãn - Nhung.csv,Label row is missing both topic_label_final and topic_label_id.
missing_topic_label,REC_004088,,,data/05_Labeling/Final_Labeled/[DS107] Gán nhãn - Nhung.csv,Label row is missing both topic_label_final and topic_label_id.
missing_topic_label,REC_005183,,,data/05_Labeling/Final_Labeled/[DS107] Gán nhãn - Nhung.csv,Label row is missing both topic_label_final and topic_label_id.
missing_topic_label,REC_012744,,,data/05_Labeling/Final_Labeled/[DS107] Gán nhãn - Nhung.csv,Label row is missing both topic_label_final and topic_label_id.
missing_topic_label,REC_010345,,,data/05_Labeling/Final_Labeled/[DS107] Gán nhãn - Nhung.csv,Label row is missing both topic_label_final and topic_label_id.
missing_topic_label,REC_003315,,,data/05_Labeling/Final_Labeled/[DS107] Gán nhãn - Nhung.csv,Label row is missing both topic_label_final and topic_label_id.
missing_topic_label,REC_001795,,,data/05_Labeling/Final_Labeled/[DS107] Gán nhãn - Nhung.csv,Label row is missing both topic_label_final and topic_label_id.
missing_topic_label,REC_009531,,,data/05_Labeling/Final_Labeled/[DS107] Gán nhãn - Nhung.csv,Label row is missing both topic_label_final and topic_label_id.
missing_topic_label,REC_009006,,,data/05_Labeling/Final_Labeled/[DS107] Gán nhãn - Nhung.csv,Label row is missing both topic_label_final and topic_label_id.
missing_topic_label,REC_002833,,,data/05_Labeling/Final_Labeled/[DS107] Gán nhãn - Nhung.csv,Label row is missing both topic_label_final and topic_label_id.
missing_topic_label,REC_006413,,,data/05_Labeling/Final_Labeled/[DS107] Gán nhãn - Nhung.csv,Label row is missing both topic_label_final and topic_label_id.
missing_topic_label,REC_005524,,,data/05_Labeling/Final_Labeled/[DS107] Gán nhãn - Nhung.csv,Label row is missing both topic_label_final and topic_label_id.
missing_topic_label,REC_010027,,,data/05_Labeling/Final_Labeled/[DS107] Gán nhãn - Nhung.csv,Label row is missing both topic_label_final and topic_label_id.
missing_topic_label,REC_003861,,,data/05_Labeling/Final_Labeled/[DS107] Gán nhãn - Nhung.csv,Label row is missing both topic_label_final and topic_label_id.
missing_topic_label,REC_005308,,,data/05_Labeling/Final_Labeled/[DS107] Gán nhãn - Nhung.csv,Label row is missing both topic_label_final and topic_label_id.
missing_topic_label,REC_013320,,,data/05_Labeling/Final_Labeled/[DS107] Gán nhãn - Nhung.csv,Label row is missing both topic_label_final and topic_label_id.
missing_topic_label,REC_010437,,,data/05_Labeling/Final_Labeled/[DS107] Gán nhãn - Nhung.csv,Label row is missing both topic_label_final and topic_label_id.
missing_topic_label,REC_013040,,,data/05_Labeling/Final_Labeled/[DS107] Gán nhãn - Nhung.csv,Label row is missing both topic_label_final and topic_label_id.
missing_topic_label,REC_008593,,,data/05_Labeling/Final_Labeled/[DS107] Gán nhãn - Nhung.csv,Label row is missing both topic_label_final and topic_label_id.
missing_topic_label,REC_002120,,,data/05_Labeling/Final_Labeled/[DS107] Gán nhãn - Nhung.csv,Label row is missing both topic_label_final and topic_label_id.
missing_topic_label,REC_001458,,,data/05_Labeling/Final_Labeled/[DS107] Gán nhãn - Nhung.csv,Label row is missing both topic_label_final and topic_label_id.
missing_topic_label,REC_011905,,,data/05_Labeling/Final_Labeled/[DS107] Gán nhãn - Nhung.csv,Label row is missing both topic_label_final and topic_label_id.
missing_topic_label,REC_012572,,,data/05_Labeling/Final_Labeled/[DS107] Gán nhãn - Nhung.csv,Label row is missing both topic_label_final and topic_label_id.
missing_topic_label,REC_004773,,,data/05_Labeling/Final_Labeled/[DS107] Gán nhãn - Nhung.csv,Label row is missing both topic_label_final and topic_label_id.
missing_topic_label,REC_002403,,,data/05_Labeling/Final_Labeled/[DS107] Gán nhãn - Nhung.csv,Label row is missing both topic_label_final and topic_label_id.
missing_topic_label,REC_005926,,,data/05_Labeling/Final_Labeled/[DS107] Gán nhãn - Nhung.csv,Label row is missing both topic_label_final and topic_label_id.
missing_topic_label,REC_004638,,,data/05_Labeling/Final_Labeled/[DS107] Gán nhãn - Nhung.csv,Label row is missing both topic_label_final and topic_label_id.
missing_topic_label,REC_013050,,,data/05_Labeling/Final_Labeled/[DS107] Gán nhãn - Nhung.csv,Label row is missing both topic_label_final and topic_label_id.
missing_topic_label,REC_012752,,,data/05_Labeling/Final_Labeled/[DS107] Gán nhãn - Nhung.csv,Label row is missing both topic_label_final and topic_label_id.
missing_topic_label,REC_000628,,,data/05_Labeling/Final_Labeled/[DS107] Gán nhãn - Nhung.csv,Label row is missing both topic_label_final and topic_label_id.
missing_topic_label,REC_003632,,,data/05_Labeling/Final_Labeled/[DS107] Gán nhãn - Nhung.csv,Label row is missing both topic_label_final and topic_label_id.
missing_topic_label,REC_000218,,,data/05_Labeling/Final_Labeled/[DS107] Gán nhãn - Nhung.csv,Label row is missing both topic_label_final and topic_label_id.
missing_topic_label,REC_000228,,,data/05_Labeling/Final_Labeled/[DS107] Gán nhãn - Nhung.csv,Label row is missing both topic_label_final and topic_label_id.
missing_topic_label,REC_010147,,,data/05_Labeling/Final_Labeled/[DS107] Gán nhãn - Nhung.csv,Label row is missing both topic_label_final and topic_label_id.
missing_topic_label,REC_003836,,,data/05_Labeling/Final_Labeled/[DS107] Gán nhãn - Nhung.csv,Label row is missing both topic_label_final and topic_label_id.
missing_topic_label,REC_000590,,,data/05_Labeling/Final_Labeled/[DS107] Gán nhãn - Nhung.csv,Label row is missing both topic_label_final and topic_label_id.
missing_topic_label,REC_012586,,,data/05_Labeling/Final_Labeled/[DS107] Gán nhãn - Nhung.csv,Label row is missing both topic_label_final and topic_label_id.
missing_topic_label,REC_009831,,,data/05_Labeling/Final_Labeled/[DS107] Gán nhãn - Nhung.csv,Label row is missing both topic_label_final and topic_label_id.
missing_topic_label,REC_004802,,,data/05_Labeling/Final_Labeled/[DS107] Gán nhãn - Nhung.csv,Label row is missing both topic_label_final and topic_label_id.
missing_topic_label,REC_002954,,,data/05_Labeling/Final_Labeled/[DS107] Gán nhãn - Nhung.csv,Label row is missing both topic_label_final and topic_label_id.
missing_topic_label,REC_010589,,,data/05_Labeling/Final_Labeled/[DS107] Gán nhãn - Nhung.csv,Label row is missing both topic_label_final and topic_label_id.
missing_topic_label,REC_001091,,,data/05_Labeling/Final_Labeled/[DS107] Gán nhãn - Nhung.csv,Label row is missing both topic_label_final and topic_label_id.
missing_topic_label,REC_000020,,,data/05_Labeling/Final_Labeled/[DS107] Gán nhãn - Nhung.csv,Label row is missing both topic_label_final and topic_label_id.
missing_topic_label,REC_002400,,,data/05_Labeling/Final_Labeled/[DS107] Gán nhãn - Nhung.csv,Label row is missing both topic_label_final and topic_label_id.
missing_topic_label,REC_001290,,,data/05_Labeling/Final_Labeled/[DS107] Gán nhãn - Nhung.csv,Label row is missing both topic_label_final and topic_label_id.
missing_topic_label,REC_001276,,,data/05_Labeling/Final_Labeled/[DS107] Gán nhãn - Nhung.csv,Label row is missing both topic_label_final and topic_label_id.
missing_topic_label,REC_000588,,,data/05_Labeling/Final_Labeled/[DS107] Gán nhãn - Nhung.csv,Label row is missing both topic_label_final and topic_label_id.
missing_topic_label,REC_003528,,,data/05_Labeling/Final_Labeled/[DS107] Gán nhãn - Nhung.csv,Label row is missing both topic_label_final and topic_label_id.
missing_topic_label,REC_008602,,,data/05_Labeling/Final_Labeled/[DS107] Gán nhãn - Nhung.csv,Label row is missing both topic_label_final and topic_label_id.
missing_topic_label,REC_009311,,,data/05_Labeling/Final_Labeled/[DS107] Gán nhãn - Nhung.csv,Label row is missing both topic_label_final and topic_label_id.
missing_topic_label,REC_000131,,,data/05_Labeling/Final_Labeled/[DS107] Gán nhãn - Nhung.csv,Label row is missing both topic_label_final and topic_label_id.
missing_topic_label,REC_005241,,,data/05_Labeling/Final_Labeled/[DS107] Gán nhãn - Nhung.csv,Label row is missing both topic_label_final and topic_label_id.
missing_topic_label,REC_005714,,,data/05_Labeling/Final_Labeled/[DS107] Gán nhãn - Nhung.csv,Label row is missing both topic_label_final and topic_label_id.
missing_topic_label,REC_011598,,,data/05_Labeling/Final_Labeled/[DS107] Gán nhãn - Nhung.csv,Label row is missing both topic_label_final and topic_label_id.
missing_topic_label,REC_004358,,,data/05_Labeling/Final_Labeled/[DS107] Gán nhãn - Nhung.csv,Label row is missing both topic_label_final and topic_label_id.
missing_topic_label,REC_008669,,,data/05_Labeling/Final_Labeled/[DS107] Gán nhãn - Nhung.csv,Label row is missing both topic_label_final and topic_label_id.
missing_topic_label,REC_001107,,,data/05_Labeling/Final_Labeled/[DS107] Gán nhãn - Nhung.csv,Label row is missing both topic_label_final and topic_label_id.
missing_topic_label,REC_003813,,,data/05_Labeling/Final_Labeled/[DS107] Gán nhãn - Nhung.csv,Label row is missing both topic_label_final and topic_label_id.
missing_topic_label,REC_004417,,,data/05_Labeling/Final_Labeled/[DS107] Gán nhãn - Nhung.csv,Label row is missing both topic_label_final and topic_label_id.
missing_topic_label,REC_012612,,,data/05_Labeling/Final_Labeled/[DS107] Gán nhãn - Nhung.csv,Label row is missing both topic_label_final and topic_label_id.
missing_topic_label,REC_012654,,,data/05_Labeling/Final_Labeled/[DS107] Gán nhãn - Nhung.csv,Label row is missing both topic_label_final and topic_label_id.
missing_topic_label,REC_002681,,,data/05_Labeling/Final_Labeled/[DS107] Gán nhãn - Nhung.csv,Label row is missing both topic_label_final and topic_label_id.
missing_topic_label,REC_006084,,,data/05_Labeling/Final_Labeled/[DS107] Gán nhãn - Nhung.csv,Label row is missing both topic_label_final and topic_label_id.
missing_topic_label,REC_004758,,,data/05_Labeling/Final_Labeled/[DS107] Gán nhãn - Nhung.csv,Label row is missing both topic_label_final and topic_label_id.
missing_topic_label,REC_003670,,,data/05_Labeling/Final_Labeled/[DS107] Gán nhãn - Nhung.csv,Label row is missing both topic_label_final and topic_label_id.
missing_topic_label,REC_002327,,,data/05_Labeling/Final_Labeled/[DS107] Gán nhãn - Nhung.csv,Label row is missing both topic_label_final and topic_label_id.
missing_topic_label,REC_011244,,,data/05_Labeling/Final_Labeled/[DS107] Gán nhãn - Nhung.csv,Label row is missing both topic_label_final and topic_label_id.
missing_topic_label,REC_004951,,,data/05_Labeling/Final_Labeled/[DS107] Gán nhãn - Nhung.csv,Label row is missing both topic_label_final and topic_label_id.
missing_topic_label,REC_002382,,,data/05_Labeling/Final_Labeled/[DS107] Gán nhãn - Nhung.csv,Label row is missing both topic_label_final and topic_label_id.
missing_topic_label,REC_006232,,,data/05_Labeling/Final_Labeled/[DS107] Gán nhãn - Nhung.csv,Label row is missing both topic_label_final and topic_label_id.
missing_topic_label,REC_008309,,,data/05_Labeling/Final_Labeled/[DS107] Gán nhãn - Nhung.csv,Label row is missing both topic_label_final and topic_label_id.
missing_topic_label,REC_009855,,,data/05_Labeling/Final_Labeled/[DS107] Gán nhãn - Nhung.csv,Label row is missing both topic_label_final and topic_label_id.
missing_topic_label,REC_004124,,,data/05_Labeling/Final_Labeled/[DS107] Gán nhãn - Nhung.csv,Label row is missing both topic_label_final and topic_label_id.
missing_topic_label,REC_008542,,,data/05_Labeling/Final_Labeled/[DS107] Gán nhãn - Nhung.csv,Label row is missing both topic_label_final and topic_label_id.
missing_topic_label,REC_013367,,,data/05_Labeling/Final_Labeled/[DS107] Gán nhãn - Nhung.csv,Label row is missing both topic_label_final and topic_label_id.
missing_topic_label,REC_010814,,,data/05_Labeling/Final_Labeled/[DS107] Gán nhãn - Nhung.csv,Label row is missing both topic_label_final and topic_label_id.
missing_topic_label,REC_002025,,,data/05_Labeling/Final_Labeled/[DS107] Gán nhãn - Nhung.csv,Label row is missing both topic_label_final and topic_label_id.
missing_topic_label,REC_012254,,,data/05_Labeling/Final_Labeled/[DS107] Gán nhãn - Nhung.csv,Label row is missing both topic_label_final and topic_label_id.
missing_topic_label,REC_003562,,,data/05_Labeling/Final_Labeled/[DS107] Gán nhãn - Nhung.csv,Label row is missing both topic_label_final and topic_label_id.
missing_topic_label,REC_010224,,,data/05_Labeling/Final_Labeled/[DS107] Gán nhãn - Nhung.csv,Label row is missing both topic_label_final and topic_label_id.
missing_topic_label,REC_010914,,,data/05_Labeling/Final_Labeled/[DS107] Gán nhãn - Nhung.csv,Label row is missing both topic_label_final and topic_label_id.
missing_topic_label,REC_003164,,,data/05_Labeling/Final_Labeled/[DS107] Gán nhãn - Nhung.csv,Label row is missing both topic_label_final and topic_label_id.
missing_topic_label,REC_011863,,,data/05_Labeling/Final_Labeled/[DS107] Gán nhãn - Nhung.csv,Label row is missing both topic_label_final and topic_label_id.
missing_topic_label,REC_011216,,,data/05_Labeling/Final_Labeled/[DS107] Gán nhãn - Nhung.csv,Label row is missing both topic_label_final and topic_label_id.
missing_topic_label,REC_002488,,,data/05_Labeling/Final_Labeled/[DS107] Gán nhãn - Nhung.csv,Label row is missing both topic_label_final and topic_label_id.
missing_topic_label,REC_010053,,,data/05_Labeling/Final_Labeled/[DS107] Gán nhãn - Nhung.csv,Label row is missing both topic_label_final and topic_label_id.
missing_topic_label,REC_001300,,,data/05_Labeling/Final_Labeled/[DS107] Gán nhãn - Nhung.csv,Label row is missing both topic_label_final and topic_label_id.
missing_topic_label,REC_001474,,,data/05_Labeling/Final_Labeled/[DS107] Gán nhãn - Nhung.csv,Label row is missing both topic_label_final and topic_label_id.
missing_topic_label,REC_002957,,,data/05_Labeling/Final_Labeled/[DS107] Gán nhãn - Nhung.csv,Label row is missing both topic_label_final and topic_label_id.
missing_topic_label,REC_003360,,,data/05_Labeling/Final_Labeled/[DS107] Gán nhãn - Nhung.csv,Label row is missing both topic_label_final and topic_label_id.
missing_topic_label,REC_012515,,,data/05_Labeling/Final_Labeled/[DS107] Gán nhãn - Nhung.csv,Label row is missing both topic_label_final and topic_label_id.
missing_topic_label,REC_004886,,,data/05_Labeling/Final_Labeled/[DS107] Gán nhãn - Nhung.csv,Label row is missing both topic_label_final and topic_label_id.
missing_topic_label,REC_003512,,,data/05_Labeling/Final_Labeled/[DS107] Gán nhãn - Nhung.csv,Label row is missing both topic_label_final and topic_label_id.
missing_topic_label,REC_004150,,,data/05_Labeling/Final_Labeled/[DS107] Gán nhãn - Nhung.csv,Label row is missing both topic_label_final and topic_label_id.
missing_topic_label,REC_009837,,,data/05_Labeling/Final_Labeled/[DS107] Gán nhãn - Nhung.csv,Label row is missing both topic_label_final and topic_label_id.
missing_topic_label,REC_001693,,,data/05_Labeling/Final_Labeled/[DS107] Gán nhãn - Nhung.csv,Label row is missing both topic_label_final and topic_label_id.
missing_topic_label,REC_010455,,,data/05_Labeling/Final_Labeled/[DS107] Gán nhãn - Nhung.csv,Label row is missing both topic_label_final and topic_label_id.
missing_topic_label,REC_011549,,,data/05_Labeling/Final_Labeled/[DS107] Gán nhãn - Nhung.csv,Label row is missing both topic_label_final and topic_label_id.
missing_topic_label,REC_001408,,,data/05_Labeling/Final_Labeled/[DS107] Gán nhãn - Nhung.csv,Label row is missing both topic_label_final and topic_label_id.
missing_topic_label,REC_003041,,,data/05_Labeling/Final_Labeled/[DS107] Gán nhãn - Nhung.csv,Label row is missing both topic_label_final and topic_label_id.
missing_topic_label,REC_000031,,,data/05_Labeling/Final_Labeled/[DS107] Gán nhãn - Nhung.csv,Label row is missing both topic_label_final and topic_label_id.
missing_topic_label,REC_002285,,,data/05_Labeling/Final_Labeled/[DS107] Gán nhãn - Nhung.csv,Label row is missing both topic_label_final and topic_label_id.
missing_topic_label,REC_002187,,,data/05_Labeling/Final_Labeled/[DS107] Gán nhãn - Nhung.csv,Label row is missing both topic_label_final and topic_label_id.
missing_topic_label,REC_010005,,,data/05_Labeling/Final_Labeled/[DS107] Gán nhãn - Nhung.csv,Label row is missing both topic_label_final and topic_label_id.
missing_topic_label,REC_011485,,,data/05_Labeling/Final_Labeled/[DS107] Gán nhãn - Nhung.csv,Label row is missing both topic_label_final and topic_label_id.
missing_topic_label,REC_010735,,,data/05_Labeling/Final_Labeled/[DS107] Gán nhãn - Nhung.csv,Label row is missing both topic_label_final and topic_label_id.
missing_topic_label,REC_010235,,,data/05_Labeling/Final_Labeled/[DS107] Gán nhãn - Nhung.csv,Label row is missing both topic_label_final and topic_label_id.
missing_topic_label,REC_000999,,,data/05_Labeling/Final_Labeled/[DS107] Gán nhãn - Nhung.csv,Label row is missing both topic_label_final and topic_label_id.
missing_topic_label,REC_009426,,,data/05_Labeling/Final_Labeled/[DS107] Gán nhãn - Nhung.csv,Label row is missing both topic_label_final and topic_label_id.
missing_topic_label,REC_003067,,,data/05_Labeling/Final_Labeled/[DS107] Gán nhãn - Nhung.csv,Label row is missing both topic_label_final and topic_label_id.
missing_topic_label,REC_001654,,,data/05_Labeling/Final_Labeled/[DS107] Gán nhãn - Nhung.csv,Label row is missing both topic_label_final and topic_label_id.
missing_topic_label,REC_005475,,,data/05_Labeling/Final_Labeled/[DS107] Gán nhãn - Nhung.csv,Label row is missing both topic_label_final and topic_label_id.
missing_topic_label,REC_012089,,,data/05_Labeling/Final_Labeled/[DS107] Gán nhãn - Nhung.csv,Label row is missing both topic_label_final and topic_label_id.
missing_topic_label,REC_006350,,,data/05_Labeling/Final_Labeled/[DS107] Gán nhãn - Nhung.csv,Label row is missing both topic_label_final and topic_label_id.
missing_topic_label,REC_010144,,,data/05_Labeling/Final_Labeled/[DS107] Gán nhãn - Nhung.csv,Label row is missing both topic_label_final and topic_label_id.
missing_topic_label,REC_010514,,,data/05_Labeling/Final_Labeled/[DS107] Gán nhãn - Nhung.csv,Label row is missing both topic_label_final and topic_label_id.
missing_topic_label,REC_000921,,,data/05_Labeling/Final_Labeled/[DS107] Gán nhãn - Nhung.csv,Label row is missing both topic_label_final and topic_label_id.
missing_topic_label,REC_001329,,,data/05_Labeling/Final_Labeled/[DS107] Gán nhãn - Nhung.csv,Label row is missing both topic_label_final and topic_label_id.
missing_topic_label,REC_000512,,,data/05_Labeling/Final_Labeled/[DS107] Gán nhãn - Nhung.csv,Label row is missing both topic_label_final and topic_label_id.
missing_topic_label,REC_013290,,,data/05_Labeling/Final_Labeled/[DS107] Gán nhãn - Nhung.csv,Label row is missing both topic_label_final and topic_label_id.
missing_topic_label,REC_009386,,,data/05_Labeling/Final_Labeled/[DS107] Gán nhãn - Nhung.csv,Label row is missing both topic_label_final and topic_label_id.
missing_topic_label,REC_010166,,,data/05_Labeling/Final_Labeled/[DS107] Gán nhãn - Nhung.csv,Label row is missing both topic_label_final and topic_label_id.
missing_topic_label,REC_002376,,,data/05_Labeling/Final_Labeled/[DS107] Gán nhãn - Nhung.csv,Label row is missing both topic_label_final and topic_label_id.
missing_topic_label,REC_001588,,,data/05_Labeling/Final_Labeled/[DS107] Gán nhãn - Nhung.csv,Label row is missing both topic_label_final and topic_label_id.
missing_topic_label,REC_003751,,,data/05_Labeling/Final_Labeled/[DS107] Gán nhãn - Nhung.csv,Label row is missing both topic_label_final and topic_label_id.
missing_topic_label,REC_000657,,,data/05_Labeling/Final_Labeled/[DS107] Gán nhãn - Nhung.csv,Label row is missing both topic_label_final and topic_label_id.
missing_topic_label,REC_002585,,,data/05_Labeling/Final_Labeled/[DS107] Gán nhãn - Nhung.csv,Label row is missing both topic_label_final and topic_label_id.
missing_topic_label,REC_013329,,,data/05_Labeling/Final_Labeled/[DS107] Gán nhãn - Nhung.csv,Label row is missing both topic_label_final and topic_label_id.
missing_topic_label,REC_006000,,,data/05_Labeling/Final_Labeled/[DS107] Gán nhãn - Nhung.csv,Label row is missing both topic_label_final and topic_label_id.
missing_topic_label,REC_010464,,,data/05_Labeling/Final_Labeled/[DS107] Gán nhãn - Nhung.csv,Label row is missing both topic_label_final and topic_label_id.
missing_topic_label,REC_011202,,,data/05_Labeling/Final_Labeled/[DS107] Gán nhãn - Nhung.csv,Label row is missing both topic_label_final and topic_label_id.
missing_topic_label,REC_005898,,,data/05_Labeling/Final_Labeled/[DS107] Gán nhãn - Nhung.csv,Label row is missing both topic_label_final and topic_label_id.
missing_topic_label,REC_004964,,,data/05_Labeling/Final_Labeled/[DS107] Gán nhãn - Nhung.csv,Label row is missing both topic_label_final and topic_label_id.
missing_topic_label,REC_011284,,,data/05_Labeling/Final_Labeled/[DS107] Gán nhãn - Nhung.csv,Label row is missing both topic_label_final and topic_label_id.
missing_topic_label,REC_008972,,,data/05_Labeling/Final_Labeled/[DS107] Gán nhãn - Nhung.csv,Label row is missing both topic_label_final and topic_label_id.
missing_topic_label,REC_004591,,,data/05_Labeling/Final_Labeled/[DS107] Gán nhãn - Nhung.csv,Label row is missing both topic_label_final and topic_label_id.
missing_topic_label,REC_010668,,,data/05_Labeling/Final_Labeled/[DS107] Gán nhãn - Nhung.csv,Label row is missing both topic_label_final and topic_label_id.
missing_topic_label,REC_002455,,,data/05_Labeling/Final_Labeled/[DS107] Gán nhãn - Nhung.csv,Label row is missing both topic_label_final and topic_label_id.
missing_topic_label,REC_002961,,,data/05_Labeling/Final_Labeled/[DS107] Gán nhãn - Nhung.csv,Label row is missing both topic_label_final and topic_label_id.
missing_topic_label,REC_012123,,,data/05_Labeling/Final_Labeled/[DS107] Gán nhãn - Nhung.csv,Label row is missing both topic_label_final and topic_label_id.
missing_topic_label,REC_002398,,,data/05_Labeling/Final_Labeled/[DS107] Gán nhãn - Nhung.csv,Label row is missing both topic_label_final and topic_label_id.
missing_topic_label,REC_009157,,,data/05_Labeling/Final_Labeled/[DS107] Gán nhãn - Nhung.csv,Label row is missing both topic_label_final and topic_label_id.
missing_topic_label,REC_012629,,,data/05_Labeling/Final_Labeled/[DS107] Gán nhãn - Nhung.csv,Label row is missing both topic_label_final and topic_label_id.
missing_topic_label,REC_004062,,,data/05_Labeling/Final_Labeled/[DS107] Gán nhãn - Nhung.csv,Label row is missing both topic_label_final and topic_label_id.
missing_topic_label,REC_012325,,,data/05_Labeling/Final_Labeled/[DS107] Gán nhãn - Nhung.csv,Label row is missing both topic_label_final and topic_label_id.
missing_topic_label,REC_002965,,,data/05_Labeling/Final_Labeled/[DS107] Gán nhãn - Nhung.csv,Label row is missing both topic_label_final and topic_label_id.
missing_topic_label,REC_006227,,,data/05_Labeling/Final_Labeled/[DS107] Gán nhãn - Nhung.csv,Label row is missing both topic_label_final and topic_label_id.
missing_topic_label,REC_003166,,,data/05_Labeling/Final_Labeled/[DS107] Gán nhãn - Nhung.csv,Label row is missing both topic_label_final and topic_label_id.
missing_topic_label,REC_000109,,,data/05_Labeling/Final_Labeled/[DS107] Gán nhãn - Nhung.csv,Label row is missing both topic_label_final and topic_label_id.
missing_topic_label,REC_012163,,,data/05_Labeling/Final_Labeled/[DS107] Gán nhãn - Nhung.csv,Label row is missing both topic_label_final and topic_label_id.
missing_topic_label,REC_009137,,,data/05_Labeling/Final_Labeled/[DS107] Gán nhãn - Nhung.csv,Label row is missing both topic_label_final and topic_label_id.
missing_topic_label,REC_009335,,,data/05_Labeling/Final_Labeled/[DS107] Gán nhãn - Nhung.csv,Label row is missing both topic_label_final and topic_label_id.
missing_topic_label,REC_008688,,,data/05_Labeling/Final_Labeled/[DS107] Gán nhãn - Nhung.csv,Label row is missing both topic_label_final and topic_label_id.
missing_topic_label,REC_005180,,,data/05_Labeling/Final_Labeled/[DS107] Gán nhãn - Nhung.csv,Label row is missing both topic_label_final and topic_label_id.
missing_topic_label,REC_004918,,,data/05_Labeling/Final_Labeled/[DS107] Gán nhãn - Nhung.csv,Label row is missing both topic_label_final and topic_label_id.
missing_topic_label,REC_002771,,,data/05_Labeling/Final_Labeled/[DS107] Gán nhãn - Nhung.csv,Label row is missing both topic_label_final and topic_label_id.
missing_topic_label,REC_011492,,,data/05_Labeling/Final_Labeled/[DS107] Gán nhãn - Nhung.csv,Label row is missing both topic_label_final and topic_label_id.
missing_topic_label,REC_001614,,,data/05_Labeling/Final_Labeled/[DS107] Gán nhãn - Nhung.csv,Label row is missing both topic_label_final and topic_label_id.
missing_topic_label,REC_002519,,,data/05_Labeling/Final_Labeled/[DS107] Gán nhãn - Nhung.csv,Label row is missing both topic_label_final and topic_label_id.
missing_topic_label,REC_001695,,,data/05_Labeling/Final_Labeled/[DS107] Gán nhãn - Nhung.csv,Label row is missing both topic_label_final and topic_label_id.
missing_topic_label,REC_010026,,,data/05_Labeling/Final_Labeled/[DS107] Gán nhãn - Nhung.csv,Label row is missing both topic_label_final and topic_label_id.
missing_topic_label,REC_012665,,,data/05_Labeling/Final_Labeled/[DS107] Gán nhãn - Nhung.csv,Label row is missing both topic_label_final and topic_label_id.
missing_topic_label,REC_008311,,,data/05_Labeling/Final_Labeled/[DS107] Gán nhãn - Nhung.csv,Label row is missing both topic_label_final and topic_label_id.
missing_topic_label,REC_012707,,,data/05_Labeling/Final_Labeled/[DS107] Gán nhãn - Nhung.csv,Label row is missing both topic_label_final and topic_label_id.
missing_topic_label,REC_006136,,,data/05_Labeling/Final_Labeled/[DS107] Gán nhãn - Nhung.csv,Label row is missing both topic_label_final and topic_label_id.
missing_topic_label,REC_003301,,,data/05_Labeling/Final_Labeled/[DS107] Gán nhãn - Nhung.csv,Label row is missing both topic_label_final and topic_label_id.
missing_topic_label,REC_009871,,,data/05_Labeling/Final_Labeled/[DS107] Gán nhãn - Nhung.csv,Label row is missing both topic_label_final and topic_label_id.
missing_topic_label,REC_013231,,,data/05_Labeling/Final_Labeled/[DS107] Gán nhãn - Nhung.csv,Label row is missing both topic_label_final and topic_label_id.
missing_topic_label,REC_010212,,,data/05_Labeling/Final_Labeled/[DS107] Gán nhãn - Nhung.csv,Label row is missing both topic_label_final and topic_label_id.
missing_topic_label,REC_004546,,,data/05_Labeling/Final_Labeled/[DS107] Gán nhãn - Nhung.csv,Label row is missing both topic_label_final and topic_label_id.
missing_topic_label,REC_004674,,,data/05_Labeling/Final_Labeled/[DS107] Gán nhãn - Nhung.csv,Label row is missing both topic_label_final and topic_label_id.
missing_topic_label,REC_011522,,,data/05_Labeling/Final_Labeled/[DS107] Gán nhãn - Nhung.csv,Label row is missing both topic_label_final and topic_label_id.
missing_topic_label,REC_002080,,,data/05_Labeling/Final_Labeled/[DS107] Gán nhãn - Nhung.csv,Label row is missing both topic_label_final and topic_label_id.
missing_topic_label,REC_005953,,,data/05_Labeling/Final_Labeled/[DS107] Gán nhãn - Nhung.csv,Label row is missing both topic_label_final and topic_label_id.
missing_topic_label,REC_001523,,,data/05_Labeling/Final_Labeled/[DS107] Gán nhãn - Nhung.csv,Label row is missing both topic_label_final and topic_label_id.
missing_topic_label,REC_003193,,,data/05_Labeling/Final_Labeled/[DS107] Gán nhãn - Nhung.csv,Label row is missing both topic_label_final and topic_label_id.
missing_topic_label,REC_002733,,,data/05_Labeling/Final_Labeled/[DS107] Gán nhãn - Nhung.csv,Label row is missing both topic_label_final and topic_label_id.
missing_topic_label,REC_001834,,,data/05_Labeling/Final_Labeled/[DS107] Gán nhãn - Nhung.csv,Label row is missing both topic_label_final and topic_label_id.
missing_topic_label,REC_002936,,,data/05_Labeling/Final_Labeled/[DS107] Gán nhãn - Nhung.csv,Label row is missing both topic_label_final and topic_label_id.
missing_topic_label,REC_010857,,,data/05_Labeling/Final_Labeled/[DS107] Gán nhãn - Nhung.csv,Label row is missing both topic_label_final and topic_label_id.
missing_topic_label,REC_011954,,,data/05_Labeling/Final_Labeled/[DS107] Gán nhãn - Nhung.csv,Label row is missing both topic_label_final and topic_label_id.
missing_topic_label,REC_011233,,,data/05_Labeling/Final_Labeled/[DS107] Gán nhãn - Nhung.csv,Label row is missing both topic_label_final and topic_label_id.
missing_topic_label,REC_012001,,,data/05_Labeling/Final_Labeled/[DS107] Gán nhãn - Nhung.csv,Label row is missing both topic_label_final and topic_label_id.
missing_topic_label,REC_003532,,,data/05_Labeling/Final_Labeled/[DS107] Gán nhãn - Nhung.csv,Label row is missing both topic_label_final and topic_label_id.
missing_topic_label,REC_010818,,,data/05_Labeling/Final_Labeled/[DS107] Gán nhãn - Nhung.csv,Label row is missing both topic_label_final and topic_label_id.
missing_topic_label,REC_010336,,,data/05_Labeling/Final_Labeled/[DS107] Gán nhãn - Nhung.csv,Label row is missing both topic_label_final and topic_label_id.
missing_topic_label,REC_003363,,,data/05_Labeling/Final_Labeled/[DS107] Gán nhãn - Nhung.csv,Label row is missing both topic_label_final and topic_label_id.
missing_topic_label,REC_002558,,,data/05_Labeling/Final_Labeled/[DS107] Gán nhãn - Nhung.csv,Label row is missing both topic_label_final and topic_label_id.
missing_topic_label,REC_001796,,,data/05_Labeling/Final_Labeled/[DS107] Gán nhãn - Nhung.csv,Label row is missing both topic_label_final and topic_label_id.
missing_topic_label,REC_003566,,,data/05_Labeling/Final_Labeled/[DS107] Gán nhãn - Nhung.csv,Label row is missing both topic_label_final and topic_label_id.
missing_topic_label,REC_000955,,,data/05_Labeling/Final_Labeled/[DS107] Gán nhãn - Nhung.csv,Label row is missing both topic_label_final and topic_label_id.
missing_topic_label,REC_005186,,,data/05_Labeling/Final_Labeled/[DS107] Gán nhãn - Nhung.csv,Label row is missing both topic_label_final and topic_label_id.
missing_topic_label,REC_001126,,,data/05_Labeling/Final_Labeled/[DS107] Gán nhãn - Nhung.csv,Label row is missing both topic_label_final and topic_label_id.
missing_topic_label,REC_012494,,,data/05_Labeling/Final_Labeled/[DS107] Gán nhãn - Nhung.csv,Label row is missing both topic_label_final and topic_label_id.
missing_topic_label,REC_005189,,,data/05_Labeling/Final_Labeled/[DS107] Gán nhãn - Nhung.csv,Label row is missing both topic_label_final and topic_label_id.
missing_topic_label,REC_010921,,,data/05_Labeling/Final_Labeled/[DS107] Gán nhãn - Nhung.csv,Label row is missing both topic_label_final and topic_label_id.
missing_topic_label,REC_009427,,,data/05_Labeling/Final_Labeled/[DS107] Gán nhãn - Nhung.csv,Label row is missing both topic_label_final and topic_label_id.
missing_topic_label,REC_005447,,,data/05_Labeling/Final_Labeled/[DS107] Gán nhãn - Nhung.csv,Label row is missing both topic_label_final and topic_label_id.
missing_topic_label,REC_005994,,,data/05_Labeling/Final_Labeled/[DS107] Gán nhãn - Nhung.csv,Label row is missing both topic_label_final and topic_label_id.
missing_topic_label,REC_009510,,,data/05_Labeling/Final_Labeled/[DS107] Gán nhãn - Nhung.csv,Label row is missing both topic_label_final and topic_label_id.
missing_topic_label,REC_001168,,,data/05_Labeling/Final_Labeled/[DS107] Gán nhãn - Nhung.csv,Label row is missing both topic_label_final and topic_label_id.
missing_topic_label,REC_004034,,,data/05_Labeling/Final_Labeled/[DS107] Gán nhãn - Nhung.csv,Label row is missing both topic_label_final and topic_label_id.
missing_topic_label,REC_010385,,,data/05_Labeling/Final_Labeled/[DS107] Gán nhãn - Nhung.csv,Label row is missing both topic_label_final and topic_label_id.
missing_topic_label,REC_009550,,,data/05_Labeling/Final_Labeled/[DS107] Gán nhãn - Nhung.csv,Label row is missing both topic_label_final and topic_label_id.
missing_topic_label,REC_004878,,,data/05_Labeling/Final_Labeled/[DS107] Gán nhãn - Nhung.csv,Label row is missing both topic_label_final and topic_label_id.
missing_topic_label,REC_008632,,,data/05_Labeling/Final_Labeled/[DS107] Gán nhãn - Nhung.csv,Label row is missing both topic_label_final and topic_label_id.
missing_topic_label,REC_003560,,,data/05_Labeling/Final_Labeled/[DS107] Gán nhãn - Nhung.csv,Label row is missing both topic_label_final and topic_label_id.
missing_topic_label,REC_010634,,,data/05_Labeling/Final_Labeled/[DS107] Gán nhãn - Nhung.csv,Label row is missing both topic_label_final and topic_label_id.
missing_topic_label,REC_002399,,,data/05_Labeling/Final_Labeled/[DS107] Gán nhãn - Nhung.csv,Label row is missing both topic_label_final and topic_label_id.
missing_topic_label,REC_000098,,,data/05_Labeling/Final_Labeled/[DS107] Gán nhãn - Nhung.csv,Label row is missing both topic_label_final and topic_label_id.
missing_topic_label,REC_008553,,,data/05_Labeling/Final_Labeled/[DS107] Gán nhãn - Nhung.csv,Label row is missing both topic_label_final and topic_label_id.
missing_topic_label,REC_008377,,,data/05_Labeling/Final_Labeled/[DS107] Gán nhãn - Nhung.csv,Label row is missing both topic_label_final and topic_label_id.
missing_topic_label,REC_009872,,,data/05_Labeling/Final_Labeled/[DS107] Gán nhãn - Nhung.csv,Label row is missing both topic_label_final and topic_label_id.
missing_topic_label,REC_005886,,,data/05_Labeling/Final_Labeled/[DS107] Gán nhãn - Nhung.csv,Label row is missing both topic_label_final and topic_label_id.
missing_topic_label,REC_005870,,,data/05_Labeling/Final_Labeled/[DS107] Gán nhãn - Nhung.csv,Label row is missing both topic_label_final and topic_label_id.
missing_topic_label,REC_002272,,,data/05_Labeling/Final_Labeled/[DS107] Gán nhãn - Nhung.csv,Label row is missing both topic_label_final and topic_label_id.
missing_topic_label,REC_005337,,,data/05_Labeling/Final_Labeled/[DS107] Gán nhãn - Nhung.csv,Label row is missing both topic_label_final and topic_label_id.
missing_topic_label,REC_011003,,,data/05_Labeling/Final_Labeled/[DS107] Gán nhãn - Nhung.csv,Label row is missing both topic_label_final and topic_label_id.
missing_topic_label,REC_003646,,,data/05_Labeling/Final_Labeled/[DS107] Gán nhãn - Nhung.csv,Label row is missing both topic_label_final and topic_label_id.
missing_topic_label,REC_001602,,,data/05_Labeling/Final_Labeled/[DS107] Gán nhãn - Nhung.csv,Label row is missing both topic_label_final and topic_label_id.
missing_topic_label,REC_002732,,,data/05_Labeling/Final_Labeled/[DS107] Gán nhãn - Nhung.csv,Label row is missing both topic_label_final and topic_label_id.
missing_topic_label,REC_013379,,,data/05_Labeling/Final_Labeled/[DS107] Gán nhãn - Nhung.csv,Label row is missing both topic_label_final and topic_label_id.
missing_topic_label,REC_001594,,,data/05_Labeling/Final_Labeled/[DS107] Gán nhãn - Nhung.csv,Label row is missing both topic_label_final and topic_label_id.
missing_topic_label,REC_010720,,,data/05_Labeling/Final_Labeled/[DS107] Gán nhãn - Nhung.csv,Label row is missing both topic_label_final and topic_label_id.
missing_topic_label,REC_006266,,,data/05_Labeling/Final_Labeled/[DS107] Gán nhãn - Nhung.csv,Label row is missing both topic_label_final and topic_label_id.
missing_topic_label,REC_002776,,,data/05_Labeling/Final_Labeled/[DS107] Gán nhãn - Nhung.csv,Label row is missing both topic_label_final and topic_label_id.
missing_topic_label,REC_000201,,,data/05_Labeling/Final_Labeled/[DS107] Gán nhãn - Nhung.csv,Label row is missing both topic_label_final and topic_label_id.
missing_topic_label,REC_011566,,,data/05_Labeling/Final_Labeled/[DS107] Gán nhãn - Nhung.csv,Label row is missing both topic_label_final and topic_label_id.
missing_topic_label,REC_012943,,,data/05_Labeling/Final_Labeled/[DS107] Gán nhãn - Nhung.csv,Label row is missing both topic_label_final and topic_label_id.
missing_topic_label,REC_009825,,,data/05_Labeling/Final_Labeled/[DS107] Gán nhãn - Nhung.csv,Label row is missing both topic_label_final and topic_label_id.
missing_topic_label,REC_003764,,,data/05_Labeling/Final_Labeled/[DS107] Gán nhãn - Nhung.csv,Label row is missing both topic_label_final and topic_label_id.
missing_topic_label,REC_012166,,,data/05_Labeling/Final_Labeled/[DS107] Gán nhãn - Nhung.csv,Label row is missing both topic_label_final and topic_label_id.
missing_topic_label,REC_012429,,,data/05_Labeling/Final_Labeled/[DS107] Gán nhãn - Nhung.csv,Label row is missing both topic_label_final and topic_label_id.
missing_topic_label,REC_004804,,,data/05_Labeling/Final_Labeled/[DS107] Gán nhãn - Nhung.csv,Label row is missing both topic_label_final and topic_label_id.
missing_topic_label,REC_011426,,,data/05_Labeling/Final_Labeled/[DS107] Gán nhãn - Nhung.csv,Label row is missing both topic_label_final and topic_label_id.
missing_topic_label,REC_011535,,,data/05_Labeling/Final_Labeled/[DS107] Gán nhãn - Nhung.csv,Label row is missing both topic_label_final and topic_label_id.
missing_topic_label,REC_011739,,,data/05_Labeling/Final_Labeled/[DS107] Gán nhãn - Nhung.csv,Label row is missing both topic_label_final and topic_label_id.
missing_topic_label,REC_010833,,,data/05_Labeling/Final_Labeled/[DS107] Gán nhãn - Nhung.csv,Label row is missing both topic_label_final and topic_label_id.
missing_topic_label,REC_001593,,,data/05_Labeling/Final_Labeled/[DS107] Gán nhãn - Nhung.csv,Label row is missing both topic_label_final and topic_label_id.
missing_topic_label,REC_003155,,,data/05_Labeling/Final_Labeled/[DS107] Gán nhãn - Nhung.csv,Label row is missing both topic_label_final and topic_label_id.
missing_topic_label,REC_001777,,,data/05_Labeling/Final_Labeled/[DS107] Gán nhãn - Nhung.csv,Label row is missing both topic_label_final and topic_label_id.
missing_topic_label,REC_002383,,,data/05_Labeling/Final_Labeled/[DS107] Gán nhãn - Nhung.csv,Label row is missing both topic_label_final and topic_label_id.
missing_topic_label,REC_003658,,,data/05_Labeling/Final_Labeled/[DS107] Gán nhãn - Nhung.csv,Label row is missing both topic_label_final and topic_label_id.
missing_topic_label,REC_001492,,,data/05_Labeling/Final_Labeled/[DS107] Gán nhãn - Nhung.csv,Label row is missing both topic_label_final and topic_label_id.
missing_topic_label,REC_010353,,,data/05_Labeling/Final_Labeled/[DS107] Gán nhãn - Nhung.csv,Label row is missing both topic_label_final and topic_label_id.
missing_topic_label,REC_004941,,,data/05_Labeling/Final_Labeled/[DS107] Gán nhãn - Nhung.csv,Label row is missing both topic_label_final and topic_label_id.
missing_topic_label,REC_011930,,,data/05_Labeling/Final_Labeled/[DS107] Gán nhãn - Nhung.csv,Label row is missing both topic_label_final and topic_label_id.
missing_topic_label,REC_005509,,,data/05_Labeling/Final_Labeled/[DS107] Gán nhãn - Nhung.csv,Label row is missing both topic_label_final and topic_label_id.
missing_topic_label,REC_005184,,,data/05_Labeling/Final_Labeled/[DS107] Gán nhãn - Nhung.csv,Label row is missing both topic_label_final and topic_label_id.
missing_topic_label,REC_011177,,,data/05_Labeling/Final_Labeled/[DS107] Gán nhãn - Nhung.csv,Label row is missing both topic_label_final and topic_label_id.
missing_topic_label,REC_008305,,,data/05_Labeling/Final_Labeled/[DS107] Gán nhãn - Nhung.csv,Label row is missing both topic_label_final and topic_label_id.
missing_topic_label,REC_011415,,,data/05_Labeling/Final_Labeled/[DS107] Gán nhãn - Nhung.csv,Label row is missing both topic_label_final and topic_label_id.
missing_topic_label,REC_010961,,,data/05_Labeling/Final_Labeled/[DS107] Gán nhãn - Nhung.csv,Label row is missing both topic_label_final and topic_label_id.
missing_topic_label,REC_013405,,,data/05_Labeling/Final_Labeled/[DS107] Gán nhãn - Nhung.csv,Label row is missing both topic_label_final and topic_label_id.
missing_topic_label,REC_004888,,,data/05_Labeling/Final_Labeled/[DS107] Gán nhãn - Nhung.csv,Label row is missing both topic_label_final and topic_label_id.
missing_topic_label,REC_002839,,,data/05_Labeling/Final_Labeled/[DS107] Gán nhãn - Nhung.csv,Label row is missing both topic_label_final and topic_label_id.
missing_topic_label,REC_001460,,,data/05_Labeling/Final_Labeled/[DS107] Gán nhãn - Nhung.csv,Label row is missing both topic_label_final and topic_label_id.
missing_topic_label,REC_002350,,,data/05_Labeling/Final_Labeled/[DS107] Gán nhãn - Nhung.csv,Label row is missing both topic_label_final and topic_label_id.
missing_topic_label,REC_011260,,,data/05_Labeling/Final_Labeled/[DS107] Gán nhãn - Nhung.csv,Label row is missing both topic_label_final and topic_label_id.
missing_topic_label,REC_002484,,,data/05_Labeling/Final_Labeled/[DS107] Gán nhãn - Nhung.csv,Label row is missing both topic_label_final and topic_label_id.
missing_topic_label,REC_010103,,,data/05_Labeling/Final_Labeled/[DS107] Gán nhãn - Nhung.csv,Label row is missing both topic_label_final and topic_label_id.
missing_topic_label,REC_005548,,,data/05_Labeling/Final_Labeled/[DS107] Gán nhãn - Nhung.csv,Label row is missing both topic_label_final and topic_label_id.
missing_topic_label,REC_000623,,,data/05_Labeling/Final_Labeled/[DS107] Gán nhãn - Nhung.csv,Label row is missing both topic_label_final and topic_label_id.
missing_topic_label,REC_006341,,,data/05_Labeling/Final_Labeled/[DS107] Gán nhãn - Nhung.csv,Label row is missing both topic_label_final and topic_label_id.
missing_topic_label,REC_012070,,,data/05_Labeling/Final_Labeled/[DS107] Gán nhãn - Nhung.csv,Label row is missing both topic_label_final and topic_label_id.
missing_topic_label,REC_008308,,,data/05_Labeling/Final_Labeled/[DS107] Gán nhãn - Nhung.csv,Label row is missing both topic_label_final and topic_label_id.
missing_topic_label,REC_003827,,,data/05_Labeling/Final_Labeled/[DS107] Gán nhãn - Nhung.csv,Label row is missing both topic_label_final and topic_label_id.
missing_topic_label,REC_006179,,,data/05_Labeling/Final_Labeled/[DS107] Gán nhãn - Nhung.csv,Label row is missing both topic_label_final and topic_label_id.
missing_topic_label,REC_000135,,,data/05_Labeling/Final_Labeled/[DS107] Gán nhãn - Nhung.csv,Label row is missing both topic_label_final and topic_label_id.
missing_topic_label,REC_013032,,,data/05_Labeling/Final_Labeled/[DS107] Gán nhãn - Nhung.csv,Label row is missing both topic_label_final and topic_label_id.
missing_topic_label,REC_011556,,,data/05_Labeling/Final_Labeled/[DS107] Gán nhãn - Nhung.csv,Label row is missing both topic_label_final and topic_label_id.
missing_topic_label,REC_003162,,,data/05_Labeling/Final_Labeled/[DS107] Gán nhãn - Nhung.csv,Label row is missing both topic_label_final and topic_label_id.
missing_topic_label,REC_004463,,,data/05_Labeling/Final_Labeled/[DS107] Gán nhãn - Nhung.csv,Label row is missing both topic_label_final and topic_label_id.
missing_topic_label,REC_012496,,,data/05_Labeling/Final_Labeled/[DS107] Gán nhãn - Nhung.csv,Label row is missing both topic_label_final and topic_label_id.
missing_topic_label,REC_009506,,,data/05_Labeling/Final_Labeled/[DS107] Gán nhãn - Nhung.csv,Label row is missing both topic_label_final and topic_label_id.
missing_topic_label,REC_003781,,,data/05_Labeling/Final_Labeled/[DS107] Gán nhãn - Nhung.csv,Label row is missing both topic_label_final and topic_label_id.
missing_topic_label,REC_006247,,,data/05_Labeling/Final_Labeled/[DS107] Gán nhãn - Nhung.csv,Label row is missing both topic_label_final and topic_label_id.
missing_topic_label,REC_010996,,,data/05_Labeling/Final_Labeled/[DS107] Gán nhãn - Nhung.csv,Label row is missing both topic_label_final and topic_label_id.
missing_topic_label,REC_005285,,,data/05_Labeling/Final_Labeled/[DS107] Gán nhãn - Nhung.csv,Label row is missing both topic_label_final and topic_label_id.
missing_topic_label,REC_001061,,,data/05_Labeling/Final_Labeled/[DS107] Gán nhãn - Nhung.csv,Label row is missing both topic_label_final and topic_label_id.
missing_topic_label,REC_002211,,,data/05_Labeling/Final_Labeled/[DS107] Gán nhãn - Nhung.csv,Label row is missing both topic_label_final and topic_label_id.
missing_topic_label,REC_012887,,,data/05_Labeling/Final_Labeled/[DS107] Gán nhãn - Nhung.csv,Label row is missing both topic_label_final and topic_label_id.
missing_topic_label,REC_011075,,,data/05_Labeling/Final_Labeled/[DS107] Gán nhãn - Nhung.csv,Label row is missing both topic_label_final and topic_label_id.
missing_topic_label,REC_013233,,,data/05_Labeling/Final_Labeled/[DS107] Gán nhãn - Nhung.csv,Label row is missing both topic_label_final and topic_label_id.
missing_topic_label,REC_013002,,,data/05_Labeling/Final_Labeled/[DS107] Gán nhãn - Nhung.csv,Label row is missing both topic_label_final and topic_label_id.
missing_topic_label,REC_003549,,,data/05_Labeling/Final_Labeled/[DS107] Gán nhãn - Nhung.csv,Label row is missing both topic_label_final and topic_label_id.
missing_topic_label,REC_003306,,,data/05_Labeling/Final_Labeled/[DS107] Gán nhãn - Nhung.csv,Label row is missing both topic_label_final and topic_label_id.
missing_topic_label,REC_003789,,,data/05_Labeling/Final_Labeled/[DS107] Gán nhãn - Nhung.csv,Label row is missing both topic_label_final and topic_label_id.
missing_topic_label,REC_009931,,,data/05_Labeling/Final_Labeled/[DS107] Gán nhãn - Nhung.csv,Label row is missing both topic_label_final and topic_label_id.
missing_topic_label,REC_002657,,,data/05_Labeling/Final_Labeled/[DS107] Gán nhãn - Nhung.csv,Label row is missing both topic_label_final and topic_label_id.
missing_topic_label,REC_012219,,,data/05_Labeling/Final_Labeled/[DS107] Gán nhãn - Nhung.csv,Label row is missing both topic_label_final and topic_label_id.
missing_topic_label,REC_013204,,,data/05_Labeling/Final_Labeled/[DS107] Gán nhãn - Nhung.csv,Label row is missing both topic_label_final and topic_label_id.
missing_topic_label,REC_003513,,,data/05_Labeling/Final_Labeled/[DS107] Gán nhãn - Nhung.csv,Label row is missing both topic_label_final and topic_label_id.
missing_topic_label,REC_005173,,,data/05_Labeling/Final_Labeled/[DS107] Gán nhãn - Nhung.csv,Label row is missing both topic_label_final and topic_label_id.
missing_topic_label,REC_012468,,,data/05_Labeling/Final_Labeled/[DS107] Gán nhãn - Nhung.csv,Label row is missing both topic_label_final and topic_label_id.
missing_topic_label,REC_010389,,,data/05_Labeling/Final_Labeled/[DS107] Gán nhãn - Nhung.csv,Label row is missing both topic_label_final and topic_label_id.
missing_topic_label,REC_013361,,,data/05_Labeling/Final_Labeled/[DS107] Gán nhãn - Nhung.csv,Label row is missing both topic_label_final and topic_label_id.
missing_topic_label,REC_001903,,,data/05_Labeling/Final_Labeled/[DS107] Gán nhãn - Nhung.csv,Label row is missing both topic_label_final and topic_label_id.
missing_topic_label,REC_010510,,,data/05_Labeling/Final_Labeled/[DS107] Gán nhãn - Nhung.csv,Label row is missing both topic_label_final and topic_label_id.
missing_topic_label,REC_008474,,,data/05_Labeling/Final_Labeled/[DS107] Gán nhãn - Nhung.csv,Label row is missing both topic_label_final and topic_label_id.
missing_topic_label,REC_000567,,,data/05_Labeling/Final_Labeled/[DS107] Gán nhãn - Nhung.csv,Label row is missing both topic_label_final and topic_label_id.
missing_topic_label,REC_012821,,,data/05_Labeling/Final_Labeled/[DS107] Gán nhãn - Nhung.csv,Label row is missing both topic_label_final and topic_label_id.
missing_topic_label,REC_013372,,,data/05_Labeling/Final_Labeled/[DS107] Gán nhãn - Nhung.csv,Label row is missing both topic_label_final and topic_label_id.
missing_topic_label,REC_008342,,,data/05_Labeling/Final_Labeled/[DS107] Gán nhãn - Nhung.csv,Label row is missing both topic_label_final and topic_label_id.
missing_topic_label,REC_002848,,,data/05_Labeling/Final_Labeled/[DS107] Gán nhãn - Nhung.csv,Label row is missing both topic_label_final and topic_label_id.
missing_topic_label,REC_009906,,,data/05_Labeling/Final_Labeled/[DS107] Gán nhãn - Nhung.csv,Label row is missing both topic_label_final and topic_label_id.
missing_topic_label,REC_000912,,,data/05_Labeling/Final_Labeled/[DS107] Gán nhãn - Nhung.csv,Label row is missing both topic_label_final and topic_label_id.
missing_topic_label,REC_012959,,,data/05_Labeling/Final_Labeled/[DS107] Gán nhãn - Nhung.csv,Label row is missing both topic_label_final and topic_label_id.
missing_topic_label,REC_000035,,,data/05_Labeling/Final_Labeled/[DS107] Gán nhãn - Nhung.csv,Label row is missing both topic_label_final and topic_label_id.
missing_topic_label,REC_008398,,,data/05_Labeling/Final_Labeled/[DS107] Gán nhãn - Nhung.csv,Label row is missing both topic_label_final and topic_label_id.
missing_topic_label,REC_010615,,,data/05_Labeling/Final_Labeled/[DS107] Gán nhãn - Nhung.csv,Label row is missing both topic_label_final and topic_label_id.
missing_topic_label,REC_010135,,,data/05_Labeling/Final_Labeled/[DS107] Gán nhãn - Nhung.csv,Label row is missing both topic_label_final and topic_label_id.
missing_topic_label,REC_003771,,,data/05_Labeling/Final_Labeled/[DS107] Gán nhãn - Nhung.csv,Label row is missing both topic_label_final and topic_label_id.
missing_topic_label,REC_006400,,,data/05_Labeling/Final_Labeled/[DS107] Gán nhãn - Nhung.csv,Label row is missing both topic_label_final and topic_label_id.
missing_topic_label,REC_012155,,,data/05_Labeling/Final_Labeled/[DS107] Gán nhãn - Nhung.csv,Label row is missing both topic_label_final and topic_label_id.
missing_topic_label,REC_000688,,,data/05_Labeling/Final_Labeled/[DS107] Gán nhãn - Nhung.csv,Label row is missing both topic_label_final and topic_label_id.
missing_topic_label,REC_010357,,,data/05_Labeling/Final_Labeled/[DS107] Gán nhãn - Nhung.csv,Label row is missing both topic_label_final and topic_label_id.
missing_topic_label,REC_001685,,,data/05_Labeling/Final_Labeled/[DS107] Gán nhãn - Nhung.csv,Label row is missing both topic_label_final and topic_label_id.
missing_topic_label,REC_012910,,,data/05_Labeling/Final_Labeled/[DS107] Gán nhãn - Nhung.csv,Label row is missing both topic_label_final and topic_label_id.
missing_topic_label,REC_001661,,,data/05_Labeling/Final_Labeled/[DS107] Gán nhãn - Nhung.csv,Label row is missing both topic_label_final and topic_label_id.
missing_topic_label,REC_002611,,,data/05_Labeling/Final_Labeled/[DS107] Gán nhãn - Nhung.csv,Label row is missing both topic_label_final and topic_label_id.
missing_topic_label,REC_004578,,,data/05_Labeling/Final_Labeled/[DS107] Gán nhãn - Nhung.csv,Label row is missing both topic_label_final and topic_label_id.
missing_topic_label,REC_000610,,,data/05_Labeling/Final_Labeled/[DS107] Gán nhãn - Nhung.csv,Label row is missing both topic_label_final and topic_label_id.
missing_topic_label,REC_005433,,,data/05_Labeling/Final_Labeled/[DS107] Gán nhãn - Nhung.csv,Label row is missing both topic_label_final and topic_label_id.
missing_topic_label,REC_001957,,,data/05_Labeling/Final_Labeled/[DS107] Gán nhãn - Nhung.csv,Label row is missing both topic_label_final and topic_label_id.
missing_topic_label,REC_013157,,,data/05_Labeling/Final_Labeled/[DS107] Gán nhãn - Nhung.csv,Label row is missing both topic_label_final and topic_label_id.
missing_topic_label,REC_003270,,,data/05_Labeling/Final_Labeled/[DS107] Gán nhãn - Nhung.csv,Label row is missing both topic_label_final and topic_label_id.
missing_topic_label,REC_005465,,,data/05_Labeling/Final_Labeled/[DS107] Gán nhãn - Nhung.csv,Label row is missing both topic_label_final and topic_label_id.
missing_topic_label,REC_012587,,,data/05_Labeling/Final_Labeled/[DS107] Gán nhãn - Nhung.csv,Label row is missing both topic_label_final and topic_label_id.
missing_topic_label,REC_000922,,,data/05_Labeling/Final_Labeled/[DS107] Gán nhãn - Nhung.csv,Label row is missing both topic_label_final and topic_label_id.
missing_topic_label,REC_010541,,,data/05_Labeling/Final_Labeled/[DS107] Gán nhãn - Nhung.csv,Label row is missing both topic_label_final and topic_label_id.
missing_topic_label,REC_003944,,,data/05_Labeling/Final_Labeled/[DS107] Gán nhãn - Nhung.csv,Label row is missing both topic_label_final and topic_label_id.
missing_topic_label,REC_005990,,,data/05_Labeling/Final_Labeled/[DS107] Gán nhãn - Nhung.csv,Label row is missing both topic_label_final and topic_label_id.
missing_topic_label,REC_003534,,,data/05_Labeling/Final_Labeled/[DS107] Gán nhãn - Nhung.csv,Label row is missing both topic_label_final and topic_label_id.
missing_topic_label,REC_005418,,,data/05_Labeling/Final_Labeled/[DS107] Gán nhãn - Nhung.csv,Label row is missing both topic_label_final and topic_label_id.
missing_topic_label,REC_012926,,,data/05_Labeling/Final_Labeled/[DS107] Gán nhãn - Nhung.csv,Label row is missing both topic_label_final and topic_label_id.
missing_topic_label,REC_000479,,,data/05_Labeling/Final_Labeled/[DS107] Gán nhãn - Nhung.csv,Label row is missing both topic_label_final and topic_label_id.
missing_topic_label,REC_001387,,,data/05_Labeling/Final_Labeled/[DS107] Gán nhãn - Nhung.csv,Label row is missing both topic_label_final and topic_label_id.
missing_topic_label,REC_008962,,,data/05_Labeling/Final_Labeled/[DS107] Gán nhãn - Nhung.csv,Label row is missing both topic_label_final and topic_label_id.
missing_topic_label,REC_012739,,,data/05_Labeling/Final_Labeled/[DS107] Gán nhãn - Nhung.csv,Label row is missing both topic_label_final and topic_label_id.
missing_topic_label,REC_012973,,,data/05_Labeling/Final_Labeled/[DS107] Gán nhãn - Nhung.csv,Label row is missing both topic_label_final and topic_label_id.
missing_topic_label,REC_004875,,,data/05_Labeling/Final_Labeled/[DS107] Gán nhãn - Nhung.csv,Label row is missing both topic_label_final and topic_label_id.
missing_topic_label,REC_009339,,,data/05_Labeling/Final_Labeled/[DS107] Gán nhãn - Nhung.csv,Label row is missing both topic_label_final and topic_label_id.
missing_topic_label,REC_001848,,,data/05_Labeling/Final_Labeled/[DS107] Gán nhãn - Nhung.csv,Label row is missing both topic_label_final and topic_label_id.
missing_topic_label,REC_004169,,,data/05_Labeling/Final_Labeled/[DS107] Gán nhãn - Nhung.csv,Label row is missing both topic_label_final and topic_label_id.
missing_topic_label,REC_003581,,,data/05_Labeling/Final_Labeled/[DS107] Gán nhãn - Nhung.csv,Label row is missing both topic_label_final and topic_label_id.
missing_topic_label,REC_009896,,,data/05_Labeling/Final_Labeled/[DS107] Gán nhãn - Nhung.csv,Label row is missing both topic_label_final and topic_label_id.
missing_topic_label,REC_011819,,,data/05_Labeling/Final_Labeled/[DS107] Gán nhãn - Nhung.csv,Label row is missing both topic_label_final and topic_label_id.
missing_topic_label,REC_012217,,,data/05_Labeling/Final_Labeled/[DS107] Gán nhãn - Nhung.csv,Label row is missing both topic_label_final and topic_label_id.
missing_topic_label,REC_001291,,,data/05_Labeling/Final_Labeled/[DS107] Gán nhãn - Nhung.csv,Label row is missing both topic_label_final and topic_label_id.
missing_topic_label,REC_012329,,,data/05_Labeling/Final_Labeled/[DS107] Gán nhãn - Nhung.csv,Label row is missing both topic_label_final and topic_label_id.
missing_topic_label,REC_002225,,,data/05_Labeling/Final_Labeled/[DS107] Gán nhãn - Nhung.csv,Label row is missing both topic_label_final and topic_label_id.
missing_topic_label,REC_004827,,,data/05_Labeling/Final_Labeled/[DS107] Gán nhãn - Nhung.csv,Label row is missing both topic_label_final and topic_label_id.
missing_topic_label,REC_011988,,,data/05_Labeling/Final_Labeled/[DS107] Gán nhãn - Nhung.csv,Label row is missing both topic_label_final and topic_label_id.
missing_topic_label,REC_011500,,,data/05_Labeling/Final_Labeled/[DS107] Gán nhãn - Nhung.csv,Label row is missing both topic_label_final and topic_label_id.
missing_topic_label,REC_001794,,,data/05_Labeling/Final_Labeled/[DS107] Gán nhãn - Nhung.csv,Label row is missing both topic_label_final and topic_label_id.
missing_topic_label,REC_001151,,,data/05_Labeling/Final_Labeled/[DS107] Gán nhãn - Nhung.csv,Label row is missing both topic_label_final and topic_label_id.
missing_topic_label,REC_000956,,,data/05_Labeling/Final_Labeled/[DS107] Gán nhãn - Nhung.csv,Label row is missing both topic_label_final and topic_label_id.
missing_topic_label,REC_000527,,,data/05_Labeling/Final_Labeled/[DS107] Gán nhãn - Nhung.csv,Label row is missing both topic_label_final and topic_label_id.
missing_topic_label,REC_004556,,,data/05_Labeling/Final_Labeled/[DS107] Gán nhãn - Nhung.csv,Label row is missing both topic_label_final and topic_label_id.
missing_topic_label,REC_011234,,,data/05_Labeling/Final_Labeled/[DS107] Gán nhãn - Nhung.csv,Label row is missing both topic_label_final and topic_label_id.
missing_topic_label,REC_011251,,,data/05_Labeling/Final_Labeled/[DS107] Gán nhãn - Nhung.csv,Label row is missing both topic_label_final and topic_label_id.
missing_topic_label,REC_002512,,,data/05_Labeling/Final_Labeled/[DS107] Gán nhãn - Nhung.csv,Label row is missing both topic_label_final and topic_label_id.
missing_topic_label,REC_012551,,,data/05_Labeling/Final_Labeled/[DS107] Gán nhãn - Nhung.csv,Label row is missing both topic_label_final and topic_label_id.
missing_topic_label,REC_011316,,,data/05_Labeling/Final_Labeled/[DS107] Gán nhãn - Nhung.csv,Label row is missing both topic_label_final and topic_label_id.
missing_topic_label,REC_001112,,,data/05_Labeling/Final_Labeled/[DS107] Gán nhãn - Nhung.csv,Label row is missing both topic_label_final and topic_label_id.
missing_topic_label,REC_004294,,,data/05_Labeling/Final_Labeled/[DS107] Gán nhãn - Nhung.csv,Label row is missing both topic_label_final and topic_label_id.
missing_topic_label,REC_013115,,,data/05_Labeling/Final_Labeled/[DS107] Gán nhãn - Nhung.csv,Label row is missing both topic_label_final and topic_label_id.
missing_topic_label,REC_005468,,,data/05_Labeling/Final_Labeled/[DS107] Gán nhãn - Nhung.csv,Label row is missing both topic_label_final and topic_label_id.
missing_topic_label,REC_004548,,,data/05_Labeling/Final_Labeled/[DS107] Gán nhãn - Nhung.csv,Label row is missing both topic_label_final and topic_label_id.
missing_topic_label,REC_012768,,,data/05_Labeling/Final_Labeled/[DS107] Gán nhãn - Nhung.csv,Label row is missing both topic_label_final and topic_label_id.
missing_topic_label,REC_004284,,,data/05_Labeling/Final_Labeled/[DS107] Gán nhãn - Nhung.csv,Label row is missing both topic_label_final and topic_label_id.
missing_topic_label,REC_000452,,,data/05_Labeling/Final_Labeled/[DS107] Gán nhãn - Nhung.csv,Label row is missing both topic_label_final and topic_label_id.
missing_topic_label,REC_001574,,,data/05_Labeling/Final_Labeled/[DS107] Gán nhãn - Nhung.csv,Label row is missing both topic_label_final and topic_label_id.
missing_topic_label,REC_010331,,,data/05_Labeling/Final_Labeled/[DS107] Gán nhãn - Nhung.csv,Label row is missing both topic_label_final and topic_label_id.
missing_topic_label,REC_006333,,,data/05_Labeling/Final_Labeled/[DS107] Gán nhãn - Nhung.csv,Label row is missing both topic_label_final and topic_label_id.
missing_topic_label,REC_001079,,,data/05_Labeling/Final_Labeled/[DS107] Gán nhãn - Nhung.csv,Label row is missing both topic_label_final and topic_label_id.
missing_topic_label,REC_010897,,,data/05_Labeling/Final_Labeled/[DS107] Gán nhãn - Nhung.csv,Label row is missing both topic_label_final and topic_label_id.
missing_topic_label,REC_010151,,,data/05_Labeling/Final_Labeled/[DS107] Gán nhãn - Nhung.csv,Label row is missing both topic_label_final and topic_label_id.
missing_topic_label,REC_010233,,,data/05_Labeling/Final_Labeled/[DS107] Gán nhãn - Nhung.csv,Label row is missing both topic_label_final and topic_label_id.
missing_topic_label,REC_011721,,,data/05_Labeling/Final_Labeled/[DS107] Gán nhãn - Nhung.csv,Label row is missing both topic_label_final and topic_label_id.
missing_topic_label,REC_004982,,,data/05_Labeling/Final_Labeled/[DS107] Gán nhãn - Nhung.csv,Label row is missing both topic_label_final and topic_label_id.
missing_topic_label,REC_011824,,,data/05_Labeling/Final_Labeled/[DS107] Gán nhãn - Nhung.csv,Label row is missing both topic_label_final and topic_label_id.
missing_topic_label,REC_002145,,,data/05_Labeling/Final_Labeled/[DS107] Gán nhãn - Nhung.csv,Label row is missing both topic_label_final and topic_label_id.
missing_topic_label,REC_003920,,,data/05_Labeling/Final_Labeled/[DS107] Gán nhãn - Nhung.csv,Label row is missing both topic_label_final and topic_label_id.
missing_topic_label,REC_003628,,,data/05_Labeling/Final_Labeled/[DS107] Gán nhãn - Nhung.csv,Label row is missing both topic_label_final and topic_label_id.
missing_topic_label,REC_001048,,,data/05_Labeling/Final_Labeled/[DS107] Gán nhãn - Nhung.csv,Label row is missing both topic_label_final and topic_label_id.
missing_topic_label,REC_003863,,,data/05_Labeling/Final_Labeled/[DS107] Gán nhãn - Nhung.csv,Label row is missing both topic_label_final and topic_label_id.
missing_topic_label,REC_005871,,,data/05_Labeling/Final_Labeled/[DS107] Gán nhãn - Nhung.csv,Label row is missing both topic_label_final and topic_label_id.
missing_topic_label,REC_002789,,,data/05_Labeling/Final_Labeled/[DS107] Gán nhãn - Nhung.csv,Label row is missing both topic_label_final and topic_label_id.
missing_topic_label,REC_004415,,,data/05_Labeling/Final_Labeled/[DS107] Gán nhãn - Nhung.csv,Label row is missing both topic_label_final and topic_label_id.
missing_topic_label,REC_003703,,,data/05_Labeling/Final_Labeled/[DS107] Gán nhãn - Nhung.csv,Label row is missing both topic_label_final and topic_label_id.
missing_topic_label,REC_001908,,,data/05_Labeling/Final_Labeled/[DS107] Gán nhãn - Nhung.csv,Label row is missing both topic_label_final and topic_label_id.
missing_topic_label,REC_004193,,,data/05_Labeling/Final_Labeled/[DS107] Gán nhãn - Nhung.csv,Label row is missing both topic_label_final and topic_label_id.
missing_topic_label,REC_011294,,,data/05_Labeling/Final_Labeled/[DS107] Gán nhãn - Nhung.csv,Label row is missing both topic_label_final and topic_label_id.
missing_topic_label,REC_010868,,,data/05_Labeling/Final_Labeled/[DS107] Gán nhãn - Nhung.csv,Label row is missing both topic_label_final and topic_label_id.
missing_topic_label,REC_003336,,,data/05_Labeling/Final_Labeled/[DS107] Gán nhãn - Nhung.csv,Label row is missing both topic_label_final and topic_label_id.
missing_topic_label,REC_003285,,,data/05_Labeling/Final_Labeled/[DS107] Gán nhãn - Nhung.csv,Label row is missing both topic_label_final and topic_label_id.
missing_topic_label,REC_000491,,,data/05_Labeling/Final_Labeled/[DS107] Gán nhãn - Nhung.csv,Label row is missing both topic_label_final and topic_label_id.
missing_topic_label,REC_001651,,,data/05_Labeling/Final_Labeled/[DS107] Gán nhãn - Nhung.csv,Label row is missing both topic_label_final and topic_label_id.
missing_topic_label,REC_000179,,,data/05_Labeling/Final_Labeled/[DS107] Gán nhãn - Nhung.csv,Label row is missing both topic_label_final and topic_label_id.
missing_topic_label,REC_011213,,,data/05_Labeling/Final_Labeled/[DS107] Gán nhãn - Nhung.csv,Label row is missing both topic_label_final and topic_label_id.
missing_topic_label,REC_005421,,,data/05_Labeling/Final_Labeled/[DS107] Gán nhãn - Nhung.csv,Label row is missing both topic_label_final and topic_label_id.
missing_topic_label,REC_001441,,,data/05_Labeling/Final_Labeled/[DS107] Gán nhãn - Nhung.csv,Label row is missing both topic_label_final and topic_label_id.
missing_topic_label,REC_008339,,,data/05_Labeling/Final_Labeled/[DS107] Gán nhãn - Nhung.csv,Label row is missing both topic_label_final and topic_label_id.
missing_topic_label,REC_002458,,,data/05_Labeling/Final_Labeled/[DS107] Gán nhãn - Nhung.csv,Label row is missing both topic_label_final and topic_label_id.
missing_topic_label,REC_010269,,,data/05_Labeling/Final_Labeled/[DS107] Gán nhãn - Nhung.csv,Label row is missing both topic_label_final and topic_label_id.
missing_topic_label,REC_000670,,,data/05_Labeling/Final_Labeled/[DS107] Gán nhãn - Nhung.csv,Label row is missing both topic_label_final and topic_label_id.
missing_topic_label,REC_001321,,,data/05_Labeling/Final_Labeled/[DS107] Gán nhãn - Nhung.csv,Label row is missing both topic_label_final and topic_label_id.
missing_topic_label,REC_012833,,,data/05_Labeling/Final_Labeled/[DS107] Gán nhãn - Nhung.csv,Label row is missing both topic_label_final and topic_label_id.
missing_topic_label,REC_013009,,,data/05_Labeling/Final_Labeled/[DS107] Gán nhãn - Nhung.csv,Label row is missing both topic_label_final and topic_label_id.
missing_topic_label,REC_005269,,,data/05_Labeling/Final_Labeled/[DS107] Gán nhãn - Nhung.csv,Label row is missing both topic_label_final and topic_label_id.
missing_topic_label,REC_010251,,,data/05_Labeling/Final_Labeled/[DS107] Gán nhãn - Nhung.csv,Label row is missing both topic_label_final and topic_label_id.
missing_topic_label,REC_012386,,,data/05_Labeling/Final_Labeled/[DS107] Gán nhãn - Nhung.csv,Label row is missing both topic_label_final and topic_label_id.
missing_topic_label,REC_006389,,,data/05_Labeling/Final_Labeled/[DS107] Gán nhãn - Nhung.csv,Label row is missing both topic_label_final and topic_label_id.
missing_topic_label,REC_009864,,,data/05_Labeling/Final_Labeled/[DS107] Gán nhãn - Nhung.csv,Label row is missing both topic_label_final and topic_label_id.
missing_topic_label,REC_002830,,,data/05_Labeling/Final_Labeled/[DS107] Gán nhãn - Nhung.csv,Label row is missing both topic_label_final and topic_label_id.
missing_topic_label,REC_011722,,,data/05_Labeling/Final_Labeled/[DS107] Gán nhãn - Nhung.csv,Label row is missing both topic_label_final and topic_label_id.
missing_topic_label,REC_013128,,,data/05_Labeling/Final_Labeled/[DS107] Gán nhãn - Nhung.csv,Label row is missing both topic_label_final and topic_label_id.
missing_topic_label,REC_002847,,,data/05_Labeling/Final_Labeled/[DS107] Gán nhãn - Nhung.csv,Label row is missing both topic_label_final and topic_label_id.
missing_topic_label,REC_005960,,,data/05_Labeling/Final_Labeled/[DS107] Gán nhãn - Nhung.csv,Label row is missing both topic_label_final and topic_label_id.
missing_topic_label,REC_010947,,,data/05_Labeling/Final_Labeled/[DS107] Gán nhãn - Nhung.csv,Label row is missing both topic_label_final and topic_label_id.
missing_topic_label,REC_009183,,,data/05_Labeling/Final_Labeled/[DS107] Gán nhãn - Nhung.csv,Label row is missing both topic_label_final and topic_label_id.
missing_topic_label,REC_010861,,,data/05_Labeling/Final_Labeled/[DS107] Gán nhãn - Nhung.csv,Label row is missing both topic_label_final and topic_label_id.
missing_topic_label,REC_005966,,,data/05_Labeling/Final_Labeled/[DS107] Gán nhãn - Nhung.csv,Label row is missing both topic_label_final and topic_label_id.
missing_topic_label,REC_010707,,,data/05_Labeling/Final_Labeled/[DS107] Gán nhãn - Nhung.csv,Label row is missing both topic_label_final and topic_label_id.
missing_topic_label,REC_003629,,,data/05_Labeling/Final_Labeled/[DS107] Gán nhãn - Nhung.csv,Label row is missing both topic_label_final and topic_label_id.
missing_topic_label,REC_002942,,,data/05_Labeling/Final_Labeled/[DS107] Gán nhãn - Nhung.csv,Label row is missing both topic_label_final and topic_label_id.
missing_topic_label,REC_003178,,,data/05_Labeling/Final_Labeled/[DS107] Gán nhãn - Nhung.csv,Label row is missing both topic_label_final and topic_label_id.
missing_topic_label,REC_003835,,,data/05_Labeling/Final_Labeled/[DS107] Gán nhãn - Nhung.csv,Label row is missing both topic_label_final and topic_label_id.
missing_topic_label,REC_005826,,,data/05_Labeling/Final_Labeled/[DS107] Gán nhãn - Nhung.csv,Label row is missing both topic_label_final and topic_label_id.
missing_topic_label,REC_001046,,,data/05_Labeling/Final_Labeled/[DS107] Gán nhãn - Nhung.csv,Label row is missing both topic_label_final and topic_label_id.
missing_topic_label,REC_001805,,,data/05_Labeling/Final_Labeled/[DS107] Gán nhãn - Nhung.csv,Label row is missing both topic_label_final and topic_label_id.
missing_topic_label,REC_004920,,,data/05_Labeling/Final_Labeled/[DS107] Gán nhãn - Nhung.csv,Label row is missing both topic_label_final and topic_label_id.
missing_topic_label,REC_003065,,,data/05_Labeling/Final_Labeled/[DS107] Gán nhãn - Nhung.csv,Label row is missing both topic_label_final and topic_label_id.
missing_topic_label,REC_012648,,,data/05_Labeling/Final_Labeled/[DS107] Gán nhãn - Nhung.csv,Label row is missing both topic_label_final and topic_label_id.
missing_topic_label,REC_002471,,,data/05_Labeling/Final_Labeled/[DS107] Gán nhãn - Nhung.csv,Label row is missing both topic_label_final and topic_label_id.
missing_topic_label,REC_010782,,,data/05_Labeling/Final_Labeled/[DS107] Gán nhãn - Nhung.csv,Label row is missing both topic_label_final and topic_label_id.
missing_topic_label,REC_009112,,,data/05_Labeling/Final_Labeled/[DS107] Gán nhãn - Nhung.csv,Label row is missing both topic_label_final and topic_label_id.
missing_topic_label,REC_008284,,,data/05_Labeling/Final_Labeled/[DS107] Gán nhãn - Nhung.csv,Label row is missing both topic_label_final and topic_label_id.
missing_topic_label,REC_012636,,,data/05_Labeling/Final_Labeled/[DS107] Gán nhãn - Nhung.csv,Label row is missing both topic_label_final and topic_label_id.
missing_topic_label,REC_010335,,,data/05_Labeling/Final_Labeled/[DS107] Gán nhãn - Nhung.csv,Label row is missing both topic_label_final and topic_label_id.
missing_topic_label,REC_001954,,,data/05_Labeling/Final_Labeled/[DS107] Gán nhãn - Nhung.csv,Label row is missing both topic_label_final and topic_label_id.
missing_topic_label,REC_005063,,,data/05_Labeling/Final_Labeled/[DS107] Gán nhãn - Nhung.csv,Label row is missing both topic_label_final and topic_label_id.
missing_topic_label,REC_002875,,,data/05_Labeling/Final_Labeled/[DS107] Gán nhãn - Nhung.csv,Label row is missing both topic_label_final and topic_label_id.
missing_topic_label,REC_009478,,,data/05_Labeling/Final_Labeled/[DS107] Gán nhãn - Nhung.csv,Label row is missing both topic_label_final and topic_label_id.
missing_topic_label,REC_002245,,,data/05_Labeling/Final_Labeled/[DS107] Gán nhãn - Nhung.csv,Label row is missing both topic_label_final and topic_label_id.
missing_topic_label,REC_000587,,,data/05_Labeling/Final_Labeled/[DS107] Gán nhãn - Nhung.csv,Label row is missing both topic_label_final and topic_label_id.
missing_topic_label,REC_000662,,,data/05_Labeling/Final_Labeled/[DS107] Gán nhãn - Nhung.csv,Label row is missing both topic_label_final and topic_label_id.
missing_topic_label,REC_001576,,,data/05_Labeling/Final_Labeled/[DS107] Gán nhãn - Nhung.csv,Label row is missing both topic_label_final and topic_label_id.
missing_topic_label,REC_008970,,,data/05_Labeling/Final_Labeled/[DS107] Gán nhãn - Nhung.csv,Label row is missing both topic_label_final and topic_label_id.
missing_topic_label,REC_009907,,,data/05_Labeling/Final_Labeled/[DS107] Gán nhãn - Nhung.csv,Label row is missing both topic_label_final and topic_label_id.
missing_topic_label,REC_005553,,,data/05_Labeling/Final_Labeled/[DS107] Gán nhãn - Nhung.csv,Label row is missing both topic_label_final and topic_label_id.
missing_topic_label,REC_000220,,,data/05_Labeling/Final_Labeled/[DS107] Gán nhãn - Nhung.csv,Label row is missing both topic_label_final and topic_label_id.
missing_topic_label,REC_000024,,,data/05_Labeling/Final_Labeled/[DS107] Gán nhãn - Nhung.csv,Label row is missing both topic_label_final and topic_label_id.
missing_topic_label,REC_001507,,,data/05_Labeling/Final_Labeled/[DS107] Gán nhãn - Nhung.csv,Label row is missing both topic_label_final and topic_label_id.
missing_topic_label,REC_010975,,,data/05_Labeling/Final_Labeled/[DS107] Gán nhãn - Nhung.csv,Label row is missing both topic_label_final and topic_label_id.
missing_topic_label,REC_002537,,,data/05_Labeling/Final_Labeled/[DS107] Gán nhãn - Nhung.csv,Label row is missing both topic_label_final and topic_label_id.
missing_topic_label,REC_013333,,,data/05_Labeling/Final_Labeled/[DS107] Gán nhãn - Nhung.csv,Label row is missing both topic_label_final and topic_label_id.
missing_topic_label,REC_004400,,,data/05_Labeling/Final_Labeled/[DS107] Gán nhãn - Nhung.csv,Label row is missing both topic_label_final and topic_label_id.
missing_topic_label,REC_000539,,,data/05_Labeling/Final_Labeled/[DS107] Gán nhãn - Nhung.csv,Label row is missing both topic_label_final and topic_label_id.
missing_topic_label,REC_003394,,,data/05_Labeling/Final_Labeled/[DS107] Gán nhãn - Nhung.csv,Label row is missing both topic_label_final and topic_label_id.
missing_topic_label,REC_000991,,,data/05_Labeling/Final_Labeled/[DS107] Gán nhãn - Nhung.csv,Label row is missing both topic_label_final and topic_label_id.
missing_topic_label,REC_006273,,,data/05_Labeling/Final_Labeled/[DS107] Gán nhãn - Nhung.csv,Label row is missing both topic_label_final and topic_label_id.
missing_topic_label,REC_004321,,,data/05_Labeling/Final_Labeled/[DS107] Gán nhãn - Nhung.csv,Label row is missing both topic_label_final and topic_label_id.
missing_topic_label,REC_004131,,,data/05_Labeling/Final_Labeled/[DS107] Gán nhãn - Nhung.csv,Label row is missing both topic_label_final and topic_label_id.
missing_topic_label,REC_002444,,,data/05_Labeling/Final_Labeled/[DS107] Gán nhãn - Nhung.csv,Label row is missing both topic_label_final and topic_label_id.
missing_topic_label,REC_003334,,,data/05_Labeling/Final_Labeled/[DS107] Gán nhãn - Nhung.csv,Label row is missing both topic_label_final and topic_label_id.
missing_topic_label,REC_001033,,,data/05_Labeling/Final_Labeled/[DS107] Gán nhãn - Nhung.csv,Label row is missing both topic_label_final and topic_label_id.
missing_topic_label,REC_005329,,,data/05_Labeling/Final_Labeled/[DS107] Gán nhãn - Nhung.csv,Label row is missing both topic_label_final and topic_label_id.
missing_topic_label,REC_013397,,,data/05_Labeling/Final_Labeled/[DS107] Gán nhãn - Nhung.csv,Label row is missing both topic_label_final and topic_label_id.
missing_topic_label,REC_001770,,,data/05_Labeling/Final_Labeled/[DS107] Gán nhãn - Nhung.csv,Label row is missing both topic_label_final and topic_label_id.
missing_topic_label,REC_004831,,,data/05_Labeling/Final_Labeled/[DS107] Gán nhãn - Nhung.csv,Label row is missing both topic_label_final and topic_label_id.
missing_topic_label,REC_002564,,,data/05_Labeling/Final_Labeled/[DS107] Gán nhãn - Nhung.csv,Label row is missing both topic_label_final and topic_label_id.
missing_topic_label,REC_011032,,,data/05_Labeling/Final_Labeled/[DS107] Gán nhãn - Nhung.csv,Label row is missing both topic_label_final and topic_label_id.
missing_topic_label,REC_004382,,,data/05_Labeling/Final_Labeled/[DS107] Gán nhãn - Nhung.csv,Label row is missing both topic_label_final and topic_label_id.
missing_topic_label,REC_004269,,,data/05_Labeling/Final_Labeled/[DS107] Gán nhãn - Nhung.csv,Label row is missing both topic_label_final and topic_label_id.
missing_topic_label,REC_012882,,,data/05_Labeling/Final_Labeled/[DS107] Gán nhãn - Nhung.csv,Label row is missing both topic_label_final and topic_label_id.
missing_topic_label,REC_010113,,,data/05_Labeling/Final_Labeled/[DS107] Gán nhãn - Nhung.csv,Label row is missing both topic_label_final and topic_label_id.
missing_topic_label,REC_009021,,,data/05_Labeling/Final_Labeled/[DS107] Gán nhãn - Nhung.csv,Label row is missing both topic_label_final and topic_label_id.
missing_topic_label,REC_000509,,,data/05_Labeling/Final_Labeled/[DS107] Gán nhãn - Nhung.csv,Label row is missing both topic_label_final and topic_label_id.
missing_topic_label,REC_012590,,,data/05_Labeling/Final_Labeled/[DS107] Gán nhãn - Nhung.csv,Label row is missing both topic_label_final and topic_label_id.
missing_topic_label,REC_001383,,,data/05_Labeling/Final_Labeled/[DS107] Gán nhãn - Nhung.csv,Label row is missing both topic_label_final and topic_label_id.
missing_topic_label,REC_010678,,,data/05_Labeling/Final_Labeled/[DS107] Gán nhãn - Nhung.csv,Label row is missing both topic_label_final and topic_label_id.
missing_topic_label,REC_011956,,,data/05_Labeling/Final_Labeled/[DS107] Gán nhãn - Nhung.csv,Label row is missing both topic_label_final and topic_label_id.
missing_topic_label,REC_009373,,,data/05_Labeling/Final_Labeled/[DS107] Gán nhãn - Nhung.csv,Label row is missing both topic_label_final and topic_label_id.
missing_topic_label,REC_012225,,,data/05_Labeling/Final_Labeled/[DS107] Gán nhãn - Nhung.csv,Label row is missing both topic_label_final and topic_label_id.
missing_topic_label,REC_011755,,,data/05_Labeling/Final_Labeled/[DS107] Gán nhãn - Nhung.csv,Label row is missing both topic_label_final and topic_label_id.
missing_topic_label,REC_004405,,,data/05_Labeling/Final_Labeled/[DS107] Gán nhãn - Nhung.csv,Label row is missing both topic_label_final and topic_label_id.
missing_topic_label,REC_002623,,,data/05_Labeling/Final_Labeled/[DS107] Gán nhãn - Nhung.csv,Label row is missing both topic_label_final and topic_label_id.
missing_topic_label,REC_006040,,,data/05_Labeling/Final_Labeled/[DS107] Gán nhãn - Nhung.csv,Label row is missing both topic_label_final and topic_label_id.
missing_topic_label,REC_010125,,,data/05_Labeling/Final_Labeled/[DS107] Gán nhãn - Nhung.csv,Label row is missing both topic_label_final and topic_label_id.
missing_topic_label,REC_011719,,,data/05_Labeling/Final_Labeled/[DS107] Gán nhãn - Nhung.csv,Label row is missing both topic_label_final and topic_label_id.
missing_topic_label,REC_002213,,,data/05_Labeling/Final_Labeled/[DS107] Gán nhãn - Nhung.csv,Label row is missing both topic_label_final and topic_label_id.
missing_topic_label,REC_005304,,,data/05_Labeling/Final_Labeled/[DS107] Gán nhãn - Nhung.csv,Label row is missing both topic_label_final and topic_label_id.
missing_topic_label,REC_010740,,,data/05_Labeling/Final_Labeled/[DS107] Gán nhãn - Nhung.csv,Label row is missing both topic_label_final and topic_label_id.
missing_topic_label,REC_000486,,,data/05_Labeling/Final_Labeled/[DS107] Gán nhãn - Nhung.csv,Label row is missing both topic_label_final and topic_label_id.
missing_topic_label,REC_006288,,,data/05_Labeling/Final_Labeled/[DS107] Gán nhãn - Nhung.csv,Label row is missing both topic_label_final and topic_label_id.
missing_topic_label,REC_000569,,,data/05_Labeling/Final_Labeled/[DS107] Gán nhãn - Nhung.csv,Label row is missing both topic_label_final and topic_label_id.
missing_topic_label,REC_011723,,,data/05_Labeling/Final_Labeled/[DS107] Gán nhãn - Nhung.csv,Label row is missing both topic_label_final and topic_label_id.
missing_topic_label,REC_012840,,,data/05_Labeling/Final_Labeled/[DS107] Gán nhãn - Nhung.csv,Label row is missing both topic_label_final and topic_label_id.
missing_topic_label,REC_003158,,,data/05_Labeling/Final_Labeled/[DS107] Gán nhãn - Nhung.csv,Label row is missing both topic_label_final and topic_label_id.
missing_topic_label,REC_009535,,,data/05_Labeling/Final_Labeled/[DS107] Gán nhãn - Nhung.csv,Label row is missing both topic_label_final and topic_label_id.
missing_topic_label,REC_012226,,,data/05_Labeling/Final_Labeled/[DS107] Gán nhãn - Nhung.csv,Label row is missing both topic_label_final and topic_label_id.
missing_topic_label,REC_013284,,,data/05_Labeling/Final_Labeled/[DS107] Gán nhãn - Nhung.csv,Label row is missing both topic_label_final and topic_label_id.
missing_topic_label,REC_006170,,,data/05_Labeling/Final_Labeled/[DS107] Gán nhãn - Nhung.csv,Label row is missing both topic_label_final and topic_label_id.
missing_topic_label,REC_006035,,,data/05_Labeling/Final_Labeled/[DS107] Gán nhãn - Nhung.csv,Label row is missing both topic_label_final and topic_label_id.
missing_topic_label,REC_012146,,,data/05_Labeling/Final_Labeled/[DS107] Gán nhãn - Nhung.csv,Label row is missing both topic_label_final and topic_label_id.
missing_topic_label,REC_008460,,,data/05_Labeling/Final_Labeled/[DS107] Gán nhãn - Nhung.csv,Label row is missing both topic_label_final and topic_label_id.
missing_topic_label,REC_004312,,,data/05_Labeling/Final_Labeled/[DS107] Gán nhãn - Nhung.csv,Label row is missing both topic_label_final and topic_label_id.
missing_topic_label,REC_003818,,,data/05_Labeling/Final_Labeled/[DS107] Gán nhãn - Nhung.csv,Label row is missing both topic_label_final and topic_label_id.
missing_topic_label,REC_004439,,,data/05_Labeling/Final_Labeled/[DS107] Gán nhãn - Nhung.csv,Label row is missing both topic_label_final and topic_label_id.
missing_topic_label,REC_001529,,,data/05_Labeling/Final_Labeled/[DS107] Gán nhãn - Nhung.csv,Label row is missing both topic_label_final and topic_label_id.
missing_topic_label,REC_009162,,,data/05_Labeling/Final_Labeled/[DS107] Gán nhãn - Nhung.csv,Label row is missing both topic_label_final and topic_label_id.
missing_topic_label,REC_005867,,,data/05_Labeling/Final_Labeled/[DS107] Gán nhãn - Nhung.csv,Label row is missing both topic_label_final and topic_label_id.
missing_topic_label,REC_010107,,,data/05_Labeling/Final_Labeled/[DS107] Gán nhãn - Nhung.csv,Label row is missing both topic_label_final and topic_label_id.
missing_topic_label,REC_011247,,,data/05_Labeling/Final_Labeled/[DS107] Gán nhãn - Nhung.csv,Label row is missing both topic_label_final and topic_label_id.
missing_topic_label,REC_008222,,,data/05_Labeling/Final_Labeled/[DS107] Gán nhãn - Nhung.csv,Label row is missing both topic_label_final and topic_label_id.
missing_topic_label,REC_009358,,,data/05_Labeling/Final_Labeled/[DS107] Gán nhãn - Nhung.csv,Label row is missing both topic_label_final and topic_label_id.
missing_topic_label,REC_002846,,,data/05_Labeling/Final_Labeled/[DS107] Gán nhãn - Nhung.csv,Label row is missing both topic_label_final and topic_label_id.
missing_topic_label,REC_001570,,,data/05_Labeling/Final_Labeled/[DS107] Gán nhãn - Nhung.csv,Label row is missing both topic_label_final and topic_label_id.
missing_topic_label,REC_010002,,,data/05_Labeling/Final_Labeled/[DS107] Gán nhãn - Nhung.csv,Label row is missing both topic_label_final and topic_label_id.
missing_topic_label,REC_002646,,,data/05_Labeling/Final_Labeled/[DS107] Gán nhãn - Nhung.csv,Label row is missing both topic_label_final and topic_label_id.
missing_topic_label,REC_010918,,,data/05_Labeling/Final_Labeled/[DS107] Gán nhãn - Nhung.csv,Label row is missing both topic_label_final and topic_label_id.
missing_topic_label,REC_004145,,,data/05_Labeling/Final_Labeled/[DS107] Gán nhãn - Nhung.csv,Label row is missing both topic_label_final and topic_label_id.
missing_topic_label,REC_005516,,,data/05_Labeling/Final_Labeled/[DS107] Gán nhãn - Nhung.csv,Label row is missing both topic_label_final and topic_label_id.
missing_topic_label,REC_011441,,,data/05_Labeling/Final_Labeled/[DS107] Gán nhãn - Nhung.csv,Label row is missing both topic_label_final and topic_label_id.
missing_topic_label,REC_011339,,,data/05_Labeling/Final_Labeled/[DS107] Gán nhãn - Nhung.csv,Label row is missing both topic_label_final and topic_label_id.
missing_topic_label,REC_013325,,,data/05_Labeling/Final_Labeled/[DS107] Gán nhãn - Nhung.csv,Label row is missing both topic_label_final and topic_label_id.
missing_topic_label,REC_002644,,,data/05_Labeling/Final_Labeled/[DS107] Gán nhãn - Nhung.csv,Label row is missing both topic_label_final and topic_label_id.
missing_topic_label,REC_009000,,,data/05_Labeling/Final_Labeled/[DS107] Gán nhãn - Nhung.csv,Label row is missing both topic_label_final and topic_label_id.
missing_topic_label,REC_000969,,,data/05_Labeling/Final_Labeled/[DS107] Gán nhãn - Nhung.csv,Label row is missing both topic_label_final and topic_label_id.
missing_topic_label,REC_012691,,,data/05_Labeling/Final_Labeled/[DS107] Gán nhãn - Nhung.csv,Label row is missing both topic_label_final and topic_label_id.
missing_topic_label,REC_006208,,,data/05_Labeling/Final_Labeled/[DS107] Gán nhãn - Nhung.csv,Label row is missing both topic_label_final and topic_label_id.
missing_topic_label,REC_012200,,,data/05_Labeling/Final_Labeled/[DS107] Gán nhãn - Nhung.csv,Label row is missing both topic_label_final and topic_label_id.
missing_topic_label,REC_000091,,,data/05_Labeling/Final_Labeled/[DS107] Gán nhãn - Nhung.csv,Label row is missing both topic_label_final and topic_label_id.
missing_topic_label,REC_010205,,,data/05_Labeling/Final_Labeled/[DS107] Gán nhãn - Nhung.csv,Label row is missing both topic_label_final and topic_label_id.
missing_topic_label,REC_004022,,,data/05_Labeling/Final_Labeled/[DS107] Gán nhãn - Nhung.csv,Label row is missing both topic_label_final and topic_label_id.
missing_topic_label,REC_004380,,,data/05_Labeling/Final_Labeled/[DS107] Gán nhãn - Nhung.csv,Label row is missing both topic_label_final and topic_label_id.
missing_topic_label,REC_012330,,,data/05_Labeling/Final_Labeled/[DS107] Gán nhãn - Nhung.csv,Label row is missing both topic_label_final and topic_label_id.
missing_topic_label,REC_011254,,,data/05_Labeling/Final_Labeled/[DS107] Gán nhãn - Nhung.csv,Label row is missing both topic_label_final and topic_label_id.
missing_topic_label,REC_004423,,,data/05_Labeling/Final_Labeled/[DS107] Gán nhãn - Nhung.csv,Label row is missing both topic_label_final and topic_label_id.
missing_topic_label,REC_013327,,,data/05_Labeling/Final_Labeled/[DS107] Gán nhãn - Nhung.csv,Label row is missing both topic_label_final and topic_label_id.
missing_topic_label,REC_004882,,,data/05_Labeling/Final_Labeled/[DS107] Gán nhãn - Nhung.csv,Label row is missing both topic_label_final and topic_label_id.
missing_topic_label,REC_008318,,,data/05_Labeling/Final_Labeled/[DS107] Gán nhãn - Nhung.csv,Label row is missing both topic_label_final and topic_label_id.
missing_topic_label,REC_004718,,,data/05_Labeling/Final_Labeled/[DS107] Gán nhãn - Nhung.csv,Label row is missing both topic_label_final and topic_label_id.
missing_topic_label,REC_001821,,,data/05_Labeling/Final_Labeled/[DS107] Gán nhãn - Nhung.csv,Label row is missing both topic_label_final and topic_label_id.
missing_topic_label,REC_001144,,,data/05_Labeling/Final_Labeled/[DS107] Gán nhãn - Nhung.csv,Label row is missing both topic_label_final and topic_label_id.
missing_topic_label,REC_011783,,,data/05_Labeling/Final_Labeled/[DS107] Gán nhãn - Nhung.csv,Label row is missing both topic_label_final and topic_label_id.
missing_topic_label,REC_002772,,,data/05_Labeling/Final_Labeled/[DS107] Gán nhãn - Nhung.csv,Label row is missing both topic_label_final and topic_label_id.
missing_topic_label,REC_003572,,,data/05_Labeling/Final_Labeled/[DS107] Gán nhãn - Nhung.csv,Label row is missing both topic_label_final and topic_label_id.
missing_topic_label,REC_001915,,,data/05_Labeling/Final_Labeled/[DS107] Gán nhãn - Nhung.csv,Label row is missing both topic_label_final and topic_label_id.
missing_topic_label,REC_004430,,,data/05_Labeling/Final_Labeled/[DS107] Gán nhãn - Nhung.csv,Label row is missing both topic_label_final and topic_label_id.
missing_topic_label,REC_010501,,,data/05_Labeling/Final_Labeled/[DS107] Gán nhãn - Nhung.csv,Label row is missing both topic_label_final and topic_label_id.
missing_topic_label,REC_003130,,,data/05_Labeling/Final_Labeled/[DS107] Gán nhãn - Nhung.csv,Label row is missing both topic_label_final and topic_label_id.
missing_topic_label,REC_003342,,,data/05_Labeling/Final_Labeled/[DS107] Gán nhãn - Nhung.csv,Label row is missing both topic_label_final and topic_label_id.
missing_topic_label,REC_006159,,,data/05_Labeling/Final_Labeled/[DS107] Gán nhãn - Nhung.csv,Label row is missing both topic_label_final and topic_label_id.
missing_topic_label,REC_000239,,,data/05_Labeling/Final_Labeled/[DS107] Gán nhãn - Nhung.csv,Label row is missing both topic_label_final and topic_label_id.
missing_topic_label,REC_005065,,,data/05_Labeling/Final_Labeled/[DS107] Gán nhãn - Nhung.csv,Label row is missing both topic_label_final and topic_label_id.
missing_topic_label,REC_010494,,,data/05_Labeling/Final_Labeled/[DS107] Gán nhãn - Nhung.csv,Label row is missing both topic_label_final and topic_label_id.
missing_topic_label,REC_003183,,,data/05_Labeling/Final_Labeled/[DS107] Gán nhãn - Nhung.csv,Label row is missing both topic_label_final and topic_label_id.
missing_topic_label,REC_003303,,,data/05_Labeling/Final_Labeled/[DS107] Gán nhãn - Nhung.csv,Label row is missing both topic_label_final and topic_label_id.
missing_topic_label,REC_004210,,,data/05_Labeling/Final_Labeled/[DS107] Gán nhãn - Nhung.csv,Label row is missing both topic_label_final and topic_label_id.
missing_topic_label,REC_005368,,,data/05_Labeling/Final_Labeled/[DS107] Gán nhãn - Nhung.csv,Label row is missing both topic_label_final and topic_label_id.
missing_topic_label,REC_003869,,,data/05_Labeling/Final_Labeled/[DS107] Gán nhãn - Nhung.csv,Label row is missing both topic_label_final and topic_label_id.
missing_topic_label,REC_003233,,,data/05_Labeling/Final_Labeled/[DS107] Gán nhãn - Nhung.csv,Label row is missing both topic_label_final and topic_label_id.
missing_topic_label,REC_002450,,,data/05_Labeling/Final_Labeled/[DS107] Gán nhãn - Nhung.csv,Label row is missing both topic_label_final and topic_label_id.
missing_topic_label,REC_001835,,,data/05_Labeling/Final_Labeled/[DS107] Gán nhãn - Nhung.csv,Label row is missing both topic_label_final and topic_label_id.
missing_topic_label,REC_011475,,,data/05_Labeling/Final_Labeled/[DS107] Gán nhãn - Nhung.csv,Label row is missing both topic_label_final and topic_label_id.
missing_topic_label,REC_002207,,,data/05_Labeling/Final_Labeled/[DS107] Gán nhãn - Nhung.csv,Label row is missing both topic_label_final and topic_label_id.
missing_topic_label,REC_002821,,,data/05_Labeling/Final_Labeled/[DS107] Gán nhãn - Nhung.csv,Label row is missing both topic_label_final and topic_label_id.
missing_topic_label,REC_003843,,,data/05_Labeling/Final_Labeled/[DS107] Gán nhãn - Nhung.csv,Label row is missing both topic_label_final and topic_label_id.
missing_topic_label,REC_004691,,,data/05_Labeling/Final_Labeled/[DS107] Gán nhãn - Nhung.csv,Label row is missing both topic_label_final and topic_label_id.
missing_topic_label,REC_000543,,,data/05_Labeling/Final_Labeled/[DS107] Gán nhãn - Nhung.csv,Label row is missing both topic_label_final and topic_label_id.
missing_topic_label,REC_010618,,,data/05_Labeling/Final_Labeled/[DS107] Gán nhãn - Nhung.csv,Label row is missing both topic_label_final and topic_label_id.
missing_topic_label,REC_012159,,,data/05_Labeling/Final_Labeled/[DS107] Gán nhãn - Nhung.csv,Label row is missing both topic_label_final and topic_label_id.
missing_topic_label,REC_003245,,,data/05_Labeling/Final_Labeled/[DS107] Gán nhãn - Nhung.csv,Label row is missing both topic_label_final and topic_label_id.
missing_topic_label,REC_013263,,,data/05_Labeling/Final_Labeled/[DS107] Gán nhãn - Nhung.csv,Label row is missing both topic_label_final and topic_label_id.
missing_topic_label,REC_003594,,,data/05_Labeling/Final_Labeled/[DS107] Gán nhãn - Nhung.csv,Label row is missing both topic_label_final and topic_label_id.
missing_topic_label,REC_012094,,,data/05_Labeling/Final_Labeled/[DS107] Gán nhãn - Nhung.csv,Label row is missing both topic_label_final and topic_label_id.
missing_topic_label,REC_010452,,,data/05_Labeling/Final_Labeled/[DS107] Gán nhãn - Nhung.csv,Label row is missing both topic_label_final and topic_label_id.
missing_topic_label,REC_003406,,,data/05_Labeling/Final_Labeled/[DS107] Gán nhãn - Nhung.csv,Label row is missing both topic_label_final and topic_label_id.
missing_topic_label,REC_001940,,,data/05_Labeling/Final_Labeled/[DS107] Gán nhãn - Nhung.csv,Label row is missing both topic_label_final and topic_label_id.
missing_topic_label,REC_004462,,,data/05_Labeling/Final_Labeled/[DS107] Gán nhãn - Nhung.csv,Label row is missing both topic_label_final and topic_label_id.
missing_topic_label,REC_000961,,,data/05_Labeling/Final_Labeled/[DS107] Gán nhãn - Nhung.csv,Label row is missing both topic_label_final and topic_label_id.
missing_topic_label,REC_011388,,,data/05_Labeling/Final_Labeled/[DS107] Gán nhãn - Nhung.csv,Label row is missing both topic_label_final and topic_label_id.
missing_topic_label,REC_004583,,,data/05_Labeling/Final_Labeled/[DS107] Gán nhãn - Nhung.csv,Label row is missing both topic_label_final and topic_label_id.
missing_topic_label,REC_006101,,,data/05_Labeling/Final_Labeled/[DS107] Gán nhãn - Nhung.csv,Label row is missing both topic_label_final and topic_label_id.
missing_topic_label,REC_010497,,,data/05_Labeling/Final_Labeled/[DS107] Gán nhãn - Nhung.csv,Label row is missing both topic_label_final and topic_label_id.
missing_topic_label,REC_004687,,,data/05_Labeling/Final_Labeled/[DS107] Gán nhãn - Nhung.csv,Label row is missing both topic_label_final and topic_label_id.
missing_topic_label,REC_005303,,,data/05_Labeling/Final_Labeled/[DS107] Gán nhãn - Nhung.csv,Label row is missing both topic_label_final and topic_label_id.
missing_topic_label,REC_005506,,,data/05_Labeling/Final_Labeled/[DS107] Gán nhãn - Nhung.csv,Label row is missing both topic_label_final and topic_label_id.
missing_topic_label,REC_009820,,,data/05_Labeling/Final_Labeled/[DS107] Gán nhãn - Nhung.csv,Label row is missing both topic_label_final and topic_label_id.
missing_topic_label,REC_010965,,,data/05_Labeling/Final_Labeled/[DS107] Gán nhãn - Nhung.csv,Label row is missing both topic_label_final and topic_label_id.
missing_topic_label,REC_011507,,,data/05_Labeling/Final_Labeled/[DS107] Gán nhãn - Nhung.csv,Label row is missing both topic_label_final and topic_label_id.
missing_topic_label,REC_008508,,,data/05_Labeling/Final_Labeled/[DS107] Gán nhãn - Nhung.csv,Label row is missing both topic_label_final and topic_label_id.
missing_topic_label,REC_004047,,,data/05_Labeling/Final_Labeled/[DS107] Gán nhãn - Nhung.csv,Label row is missing both topic_label_final and topic_label_id.
missing_topic_label,REC_002601,,,data/05_Labeling/Final_Labeled/[DS107] Gán nhãn - Nhung.csv,Label row is missing both topic_label_final and topic_label_id.
missing_topic_label,REC_011236,,,data/05_Labeling/Final_Labeled/[DS107] Gán nhãn - Nhung.csv,Label row is missing both topic_label_final and topic_label_id.
missing_topic_label,REC_003430,,,data/05_Labeling/Final_Labeled/[DS107] Gán nhãn - Nhung.csv,Label row is missing both topic_label_final and topic_label_id.
missing_topic_label,REC_001605,,,data/05_Labeling/Final_Labeled/[DS107] Gán nhãn - Nhung.csv,Label row is missing both topic_label_final and topic_label_id.
missing_topic_label,REC_005312,,,data/05_Labeling/Final_Labeled/[DS107] Gán nhãn - Nhung.csv,Label row is missing both topic_label_final and topic_label_id.
missing_topic_label,REC_001988,,,data/05_Labeling/Final_Labeled/[DS107] Gán nhãn - Nhung.csv,Label row is missing both topic_label_final and topic_label_id.
missing_topic_label,REC_011156,,,data/05_Labeling/Final_Labeled/[DS107] Gán nhãn - Nhung.csv,Label row is missing both topic_label_final and topic_label_id.
missing_topic_label,REC_000520,,,data/05_Labeling/Final_Labeled/[DS107] Gán nhãn - Nhung.csv,Label row is missing both topic_label_final and topic_label_id.
missing_topic_label,REC_003379,,,data/05_Labeling/Final_Labeled/[DS107] Gán nhãn - Nhung.csv,Label row is missing both topic_label_final and topic_label_id.
missing_topic_label,REC_000237,,,data/05_Labeling/Final_Labeled/[DS107] Gán nhãn - Nhung.csv,Label row is missing both topic_label_final and topic_label_id.
missing_topic_label,REC_006092,,,data/05_Labeling/Final_Labeled/[DS107] Gán nhãn - Nhung.csv,Label row is missing both topic_label_final and topic_label_id.
missing_topic_label,REC_010466,,,data/05_Labeling/Final_Labeled/[DS107] Gán nhãn - Nhung.csv,Label row is missing both topic_label_final and topic_label_id.
missing_topic_label,REC_001522,,,data/05_Labeling/Final_Labeled/[DS107] Gán nhãn - Nhung.csv,Label row is missing both topic_label_final and topic_label_id.
missing_topic_label,REC_001563,,,data/05_Labeling/Final_Labeled/[DS107] Gán nhãn - Nhung.csv,Label row is missing both topic_label_final and topic_label_id.
missing_topic_label,REC_003880,,,data/05_Labeling/Final_Labeled/[DS107] Gán nhãn - Nhung.csv,Label row is missing both topic_label_final and topic_label_id.
missing_topic_label,REC_011090,,,data/05_Labeling/Final_Labeled/[DS107] Gán nhãn - Nhung.csv,Label row is missing both topic_label_final and topic_label_id.
missing_topic_label,REC_009998,,,data/05_Labeling/Final_Labeled/[DS107] Gán nhãn - Nhung.csv,Label row is missing both topic_label_final and topic_label_id.
missing_topic_label,REC_002238,,,data/05_Labeling/Final_Labeled/[DS107] Gán nhãn - Nhung.csv,Label row is missing both topic_label_final and topic_label_id.
missing_topic_label,REC_004630,,,data/05_Labeling/Final_Labeled/[DS107] Gán nhãn - Nhung.csv,Label row is missing both topic_label_final and topic_label_id.
missing_topic_label,REC_008427,,,data/05_Labeling/Final_Labeled/[DS107] Gán nhãn - Nhung.csv,Label row is missing both topic_label_final and topic_label_id.
missing_topic_label,REC_002465,,,data/05_Labeling/Final_Labeled/[DS107] Gán nhãn - Nhung.csv,Label row is missing both topic_label_final and topic_label_id.
missing_topic_label,REC_006250,,,data/05_Labeling/Final_Labeled/[DS107] Gán nhãn - Nhung.csv,Label row is missing both topic_label_final and topic_label_id.
missing_topic_label,REC_004892,,,data/05_Labeling/Final_Labeled/[DS107] Gán nhãn - Nhung.csv,Label row is missing both topic_label_final and topic_label_id.
missing_topic_label,REC_004093,,,data/05_Labeling/Final_Labeled/[DS107] Gán nhãn - Nhung.csv,Label row is missing both topic_label_final and topic_label_id.
missing_topic_label,REC_000070,,,data/05_Labeling/Final_Labeled/[DS107] Gán nhãn - Nhung.csv,Label row is missing both topic_label_final and topic_label_id.
missing_topic_label,REC_013164,,,data/05_Labeling/Final_Labeled/[DS107] Gán nhãn - Nhung.csv,Label row is missing both topic_label_final and topic_label_id.
missing_topic_label,REC_010521,,,data/05_Labeling/Final_Labeled/[DS107] Gán nhãn - Nhung.csv,Label row is missing both topic_label_final and topic_label_id.
missing_topic_label,REC_011262,,,data/05_Labeling/Final_Labeled/[DS107] Gán nhãn - Nhung.csv,Label row is missing both topic_label_final and topic_label_id.
missing_topic_label,REC_008523,,,data/05_Labeling/Final_Labeled/[DS107] Gán nhãn - Nhung.csv,Label row is missing both topic_label_final and topic_label_id.
missing_topic_label,REC_010564,,,data/05_Labeling/Final_Labeled/[DS107] Gán nhãn - Nhung.csv,Label row is missing both topic_label_final and topic_label_id.
missing_topic_label,REC_010448,,,data/05_Labeling/Final_Labeled/[DS107] Gán nhãn - Nhung.csv,Label row is missing both topic_label_final and topic_label_id.
missing_topic_label,REC_002712,,,data/05_Labeling/Final_Labeled/[DS107] Gán nhãn - Nhung.csv,Label row is missing both topic_label_final and topic_label_id.
missing_topic_label,REC_003993,,,data/05_Labeling/Final_Labeled/[DS107] Gán nhãn - Nhung.csv,Label row is missing both topic_label_final and topic_label_id.
missing_topic_label,REC_009050,,,data/05_Labeling/Final_Labeled/[DS107] Gán nhãn - Nhung.csv,Label row is missing both topic_label_final and topic_label_id.
missing_topic_label,REC_013283,,,data/05_Labeling/Final_Labeled/[DS107] Gán nhãn - Nhung.csv,Label row is missing both topic_label_final and topic_label_id.
missing_topic_label,REC_006401,,,data/05_Labeling/Final_Labeled/[DS107] Gán nhãn - Nhung.csv,Label row is missing both topic_label_final and topic_label_id.
missing_topic_label,REC_002899,,,data/05_Labeling/Final_Labeled/[DS107] Gán nhãn - Nhung.csv,Label row is missing both topic_label_final and topic_label_id.
missing_topic_label,REC_006276,,,data/05_Labeling/Final_Labeled/[DS107] Gán nhãn - Nhung.csv,Label row is missing both topic_label_final and topic_label_id.
missing_topic_label,REC_003399,,,data/05_Labeling/Final_Labeled/[DS107] Gán nhãn - Nhung.csv,Label row is missing both topic_label_final and topic_label_id.
missing_topic_label,REC_011043,,,data/05_Labeling/Final_Labeled/[DS107] Gán nhãn - Nhung.csv,Label row is missing both topic_label_final and topic_label_id.
missing_topic_label,REC_003630,,,data/05_Labeling/Final_Labeled/[DS107] Gán nhãn - Nhung.csv,Label row is missing both topic_label_final and topic_label_id.
missing_topic_label,REC_002468,,,data/05_Labeling/Final_Labeled/[DS107] Gán nhãn - Nhung.csv,Label row is missing both topic_label_final and topic_label_id.
missing_topic_label,REC_011804,,,data/05_Labeling/Final_Labeled/[DS107] Gán nhãn - Nhung.csv,Label row is missing both topic_label_final and topic_label_id.
missing_topic_label,REC_001691,,,data/05_Labeling/Final_Labeled/[DS107] Gán nhãn - Nhung.csv,Label row is missing both topic_label_final and topic_label_id.
missing_topic_label,REC_012625,,,data/05_Labeling/Final_Labeled/[DS107] Gán nhãn - Nhung.csv,Label row is missing both topic_label_final and topic_label_id.
missing_topic_label,REC_011730,,,data/05_Labeling/Final_Labeled/[DS107] Gán nhãn - Nhung.csv,Label row is missing both topic_label_final and topic_label_id.
missing_topic_label,REC_009464,,,data/05_Labeling/Final_Labeled/[DS107] Gán nhãn - Nhung.csv,Label row is missing both topic_label_final and topic_label_id.
missing_topic_label,REC_012220,,,data/05_Labeling/Final_Labeled/[DS107] Gán nhãn - Nhung.csv,Label row is missing both topic_label_final and topic_label_id.
missing_topic_label,REC_011998,,,data/05_Labeling/Final_Labeled/[DS107] Gán nhãn - Nhung.csv,Label row is missing both topic_label_final and topic_label_id.
missing_topic_label,REC_008459,,,data/05_Labeling/Final_Labeled/[DS107] Gán nhãn - Nhung.csv,Label row is missing both topic_label_final and topic_label_id.
missing_topic_label,REC_001810,,,data/05_Labeling/Final_Labeled/[DS107] Gán nhãn - Nhung.csv,Label row is missing both topic_label_final and topic_label_id.
missing_topic_label,REC_001071,,,data/05_Labeling/Final_Labeled/[DS107] Gán nhãn - Nhung.csv,Label row is missing both topic_label_final and topic_label_id.
missing_topic_label,REC_002426,,,data/05_Labeling/Final_Labeled/[DS107] Gán nhãn - Nhung.csv,Label row is missing both topic_label_final and topic_label_id.
missing_topic_label,REC_003175,,,data/05_Labeling/Final_Labeled/[DS107] Gán nhãn - Nhung.csv,Label row is missing both topic_label_final and topic_label_id.
missing_topic_label,REC_000152,,,data/05_Labeling/Final_Labeled/[DS107] Gán nhãn - Nhung.csv,Label row is missing both topic_label_final and topic_label_id.
missing_topic_label,REC_001698,,,data/05_Labeling/Final_Labeled/[DS107] Gán nhãn - Nhung.csv,Label row is missing both topic_label_final and topic_label_id.
missing_topic_label,REC_005502,,,data/05_Labeling/Final_Labeled/[DS107] Gán nhãn - Nhung.csv,Label row is missing both topic_label_final and topic_label_id.
missing_topic_label,REC_009891,,,data/05_Labeling/Final_Labeled/[DS107] Gán nhãn - Nhung.csv,Label row is missing both topic_label_final and topic_label_id.
missing_topic_label,REC_001751,,,data/05_Labeling/Final_Labeled/[DS107] Gán nhãn - Nhung.csv,Label row is missing both topic_label_final and topic_label_id.
missing_topic_label,REC_010462,,,data/05_Labeling/Final_Labeled/[DS107] Gán nhãn - Nhung.csv,Label row is missing both topic_label_final and topic_label_id.
missing_topic_label,REC_009908,,,data/05_Labeling/Final_Labeled/[DS107] Gán nhãn - Nhung.csv,Label row is missing both topic_label_final and topic_label_id.
missing_topic_label,REC_002429,,,data/05_Labeling/Final_Labeled/[DS107] Gán nhãn - Nhung.csv,Label row is missing both topic_label_final and topic_label_id.
missing_topic_label,REC_001541,,,data/05_Labeling/Final_Labeled/[DS107] Gán nhãn - Nhung.csv,Label row is missing both topic_label_final and topic_label_id.
missing_topic_label,REC_012051,,,data/05_Labeling/Final_Labeled/[DS107] Gán nhãn - Nhung.csv,Label row is missing both topic_label_final and topic_label_id.
missing_topic_label,REC_001410,,,data/05_Labeling/Final_Labeled/[DS107] Gán nhãn - Nhung.csv,Label row is missing both topic_label_final and topic_label_id.
missing_topic_label,REC_011952,,,data/05_Labeling/Final_Labeled/[DS107] Gán nhãn - Nhung.csv,Label row is missing both topic_label_final and topic_label_id.
missing_topic_label,REC_002453,,,data/05_Labeling/Final_Labeled/[DS107] Gán nhãn - Nhung.csv,Label row is missing both topic_label_final and topic_label_id.
missing_topic_label,REC_001964,,,data/05_Labeling/Final_Labeled/[DS107] Gán nhãn - Nhung.csv,Label row is missing both topic_label_final and topic_label_id.
missing_topic_label,REC_004438,,,data/05_Labeling/Final_Labeled/[DS107] Gán nhãn - Nhung.csv,Label row is missing both topic_label_final and topic_label_id.
missing_topic_label,REC_003956,,,data/05_Labeling/Final_Labeled/[DS107] Gán nhãn - Nhung.csv,Label row is missing both topic_label_final and topic_label_id.
missing_topic_label,REC_005049,,,data/05_Labeling/Final_Labeled/[DS107] Gán nhãn - Nhung.csv,Label row is missing both topic_label_final and topic_label_id.
missing_topic_label,REC_000946,,,data/05_Labeling/Final_Labeled/[DS107] Gán nhãn - Nhung.csv,Label row is missing both topic_label_final and topic_label_id.
missing_topic_label,REC_003739,,,data/05_Labeling/Final_Labeled/[DS107] Gán nhãn - Nhung.csv,Label row is missing both topic_label_final and topic_label_id.
missing_topic_label,REC_001856,,,data/05_Labeling/Final_Labeled/[DS107] Gán nhãn - Nhung.csv,Label row is missing both topic_label_final and topic_label_id.
missing_topic_label,REC_006274,,,data/05_Labeling/Final_Labeled/[DS107] Gán nhãn - Nhung.csv,Label row is missing both topic_label_final and topic_label_id.
missing_topic_label,REC_011802,,,data/05_Labeling/Final_Labeled/[DS107] Gán nhãn - Nhung.csv,Label row is missing both topic_label_final and topic_label_id.
missing_topic_label,REC_008405,,,data/05_Labeling/Final_Labeled/[DS107] Gán nhãn - Nhung.csv,Label row is missing both topic_label_final and topic_label_id.
missing_topic_label,REC_013385,,,data/05_Labeling/Final_Labeled/[DS107] Gán nhãn - Nhung.csv,Label row is missing both topic_label_final and topic_label_id.
missing_topic_label,REC_004593,,,data/05_Labeling/Final_Labeled/[DS107] Gán nhãn - Nhung.csv,Label row is missing both topic_label_final and topic_label_id.
missing_topic_label,REC_004520,,,data/05_Labeling/Final_Labeled/[DS107] Gán nhãn - Nhung.csv,Label row is missing both topic_label_final and topic_label_id.
missing_topic_label,REC_002543,,,data/05_Labeling/Final_Labeled/[DS107] Gán nhãn - Nhung.csv,Label row is missing both topic_label_final and topic_label_id.
missing_topic_label,REC_003465,,,data/05_Labeling/Final_Labeled/[DS107] Gán nhãn - Nhung.csv,Label row is missing both topic_label_final and topic_label_id.
missing_topic_label,REC_002832,,,data/05_Labeling/Final_Labeled/[DS107] Gán nhãn - Nhung.csv,Label row is missing both topic_label_final and topic_label_id.
missing_topic_label,REC_010682,,,data/05_Labeling/Final_Labeled/[DS107] Gán nhãn - Nhung.csv,Label row is missing both topic_label_final and topic_label_id.
missing_topic_label,REC_010232,,,data/05_Labeling/Final_Labeled/[DS107] Gán nhãn - Nhung.csv,Label row is missing both topic_label_final and topic_label_id.
missing_topic_label,REC_013240,,,data/05_Labeling/Final_Labeled/[DS107] Gán nhãn - Nhung.csv,Label row is missing both topic_label_final and topic_label_id.
missing_topic_label,REC_005410,,,data/05_Labeling/Final_Labeled/[DS107] Gán nhãn - Nhung.csv,Label row is missing both topic_label_final and topic_label_id.
missing_topic_label,REC_013321,,,data/05_Labeling/Final_Labeled/[DS107] Gán nhãn - Nhung.csv,Label row is missing both topic_label_final and topic_label_id.
missing_topic_label,REC_010558,,,data/05_Labeling/Final_Labeled/[DS107] Gán nhãn - Nhung.csv,Label row is missing both topic_label_final and topic_label_id.
missing_topic_label,REC_012805,,,data/05_Labeling/Final_Labeled/[DS107] Gán nhãn - Nhung.csv,Label row is missing both topic_label_final and topic_label_id.
missing_topic_label,REC_011110,,,data/05_Labeling/Final_Labeled/[DS107] Gán nhãn - Nhung.csv,Label row is missing both topic_label_final and topic_label_id.
missing_topic_label,REC_003382,,,data/05_Labeling/Final_Labeled/[DS107] Gán nhãn - Nhung.csv,Label row is missing both topic_label_final and topic_label_id.
missing_topic_label,REC_008487,,,data/05_Labeling/Final_Labeled/[DS107] Gán nhãn - Nhung.csv,Label row is missing both topic_label_final and topic_label_id.
missing_topic_label,REC_004721,,,data/05_Labeling/Final_Labeled/[DS107] Gán nhãn - Nhung.csv,Label row is missing both topic_label_final and topic_label_id.
missing_topic_label,REC_002475,,,data/05_Labeling/Final_Labeled/[DS107] Gán nhãn - Nhung.csv,Label row is missing both topic_label_final and topic_label_id.
missing_topic_label,REC_010454,,,data/05_Labeling/Final_Labeled/[DS107] Gán nhãn - Nhung.csv,Label row is missing both topic_label_final and topic_label_id.
missing_topic_label,REC_001357,,,data/05_Labeling/Final_Labeled/[DS107] Gán nhãn - Nhung.csv,Label row is missing both topic_label_final and topic_label_id.
missing_topic_label,REC_013346,,,data/05_Labeling/Final_Labeled/[DS107] Gán nhãn - Nhung.csv,Label row is missing both topic_label_final and topic_label_id.
missing_topic_label,REC_011463,,,data/05_Labeling/Final_Labeled/[DS107] Gán nhãn - Nhung.csv,Label row is missing both topic_label_final and topic_label_id.
missing_topic_label,REC_009268,,,data/05_Labeling/Final_Labeled/[DS107] Gán nhãn - Nhung.csv,Label row is missing both topic_label_final and topic_label_id.
missing_topic_label,REC_011636,,,data/05_Labeling/Final_Labeled/[DS107] Gán nhãn - Nhung.csv,Label row is missing both topic_label_final and topic_label_id.
missing_topic_label,REC_003132,,,data/05_Labeling/Final_Labeled/[DS107] Gán nhãn - Nhung.csv,Label row is missing both topic_label_final and topic_label_id.
missing_topic_label,REC_011578,,,data/05_Labeling/Final_Labeled/[DS107] Gán nhãn - Nhung.csv,Label row is missing both topic_label_final and topic_label_id.
missing_topic_label,REC_006240,,,data/05_Labeling/Final_Labeled/[DS107] Gán nhãn - Nhung.csv,Label row is missing both topic_label_final and topic_label_id.
missing_topic_label,REC_004376,,,data/05_Labeling/Final_Labeled/[DS107] Gán nhãn - Nhung.csv,Label row is missing both topic_label_final and topic_label_id.
missing_topic_label,REC_011131,,,data/05_Labeling/Final_Labeled/[DS107] Gán nhãn - Nhung.csv,Label row is missing both topic_label_final and topic_label_id.
missing_topic_label,REC_003383,,,data/05_Labeling/Final_Labeled/[DS107] Gán nhãn - Nhung.csv,Label row is missing both topic_label_final and topic_label_id.
missing_topic_label,REC_001057,,,data/05_Labeling/Final_Labeled/[DS107] Gán nhãn - Nhung.csv,Label row is missing both topic_label_final and topic_label_id.
missing_topic_label,REC_010653,,,data/05_Labeling/Final_Labeled/[DS107] Gán nhãn - Nhung.csv,Label row is missing both topic_label_final and topic_label_id.
missing_topic_label,REC_003078,,,data/05_Labeling/Final_Labeled/[DS107] Gán nhãn - Nhung.csv,Label row is missing both topic_label_final and topic_label_id.
missing_topic_label,REC_005358,,,data/05_Labeling/Final_Labeled/[DS107] Gán nhãn - Nhung.csv,Label row is missing both topic_label_final and topic_label_id.
missing_topic_label,REC_010342,,,data/05_Labeling/Final_Labeled/[DS107] Gán nhãn - Nhung.csv,Label row is missing both topic_label_final and topic_label_id.
missing_topic_label,REC_004173,,,data/05_Labeling/Final_Labeled/[DS107] Gán nhãn - Nhung.csv,Label row is missing both topic_label_final and topic_label_id.
missing_topic_label,REC_012989,,,data/05_Labeling/Final_Labeled/[DS107] Gán nhãn - Nhung.csv,Label row is missing both topic_label_final and topic_label_id.
missing_topic_label,REC_009052,,,data/05_Labeling/Final_Labeled/[DS107] Gán nhãn - Nhung.csv,Label row is missing both topic_label_final and topic_label_id.
missing_topic_label,REC_011678,,,data/05_Labeling/Final_Labeled/[DS107] Gán nhãn - Nhung.csv,Label row is missing both topic_label_final and topic_label_id.
missing_topic_label,REC_005887,,,data/05_Labeling/Final_Labeled/[DS107] Gán nhãn - Nhung.csv,Label row is missing both topic_label_final and topic_label_id.
missing_topic_label,REC_008365,,,data/05_Labeling/Final_Labeled/[DS107] Gán nhãn - Nhung.csv,Label row is missing both topic_label_final and topic_label_id.
missing_topic_label,REC_009025,,,data/05_Labeling/Final_Labeled/[DS107] Gán nhãn - Nhung.csv,Label row is missing both topic_label_final and topic_label_id.
missing_topic_label,REC_002019,,,data/05_Labeling/Final_Labeled/[DS107] Gán nhãn - Nhung.csv,Label row is missing both topic_label_final and topic_label_id.
missing_topic_label,REC_011683,,,data/05_Labeling/Final_Labeled/[DS107] Gán nhãn - Nhung.csv,Label row is missing both topic_label_final and topic_label_id.
missing_topic_label,REC_002052,,,data/05_Labeling/Final_Labeled/[DS107] Gán nhãn - Nhung.csv,Label row is missing both topic_label_final and topic_label_id.
missing_topic_label,REC_012189,,,data/05_Labeling/Final_Labeled/[DS107] Gán nhãn - Nhung.csv,Label row is missing both topic_label_final and topic_label_id.
missing_topic_label,REC_010337,,,data/05_Labeling/Final_Labeled/[DS107] Gán nhãn - Nhung.csv,Label row is missing both topic_label_final and topic_label_id.
missing_topic_label,REC_008407,,,data/05_Labeling/Final_Labeled/[DS107] Gán nhãn - Nhung.csv,Label row is missing both topic_label_final and topic_label_id.
missing_topic_label,REC_004993,,,data/05_Labeling/Final_Labeled/[DS107] Gán nhãn - Nhung.csv,Label row is missing both topic_label_final and topic_label_id.
missing_topic_label,REC_003794,,,data/05_Labeling/Final_Labeled/[DS107] Gán nhãn - Nhung.csv,Label row is missing both topic_label_final and topic_label_id.
missing_topic_label,REC_005574,,,data/05_Labeling/Final_Labeled/[DS107] Gán nhãn - Nhung.csv,Label row is missing both topic_label_final and topic_label_id.
missing_topic_label,REC_001287,,,data/05_Labeling/Final_Labeled/[DS107] Gán nhãn - Nhung.csv,Label row is missing both topic_label_final and topic_label_id.
missing_topic_label,REC_009058,,,data/05_Labeling/Final_Labeled/[DS107] Gán nhãn - Nhung.csv,Label row is missing both topic_label_final and topic_label_id.
missing_topic_label,REC_000126,,,data/05_Labeling/Final_Labeled/[DS107] Gán nhãn - Nhung.csv,Label row is missing both topic_label_final and topic_label_id.
missing_topic_label,REC_008594,,,data/05_Labeling/Final_Labeled/[DS107] Gán nhãn - Nhung.csv,Label row is missing both topic_label_final and topic_label_id.
missing_topic_label,REC_013158,,,data/05_Labeling/Final_Labeled/[DS107] Gán nhãn - Nhung.csv,Label row is missing both topic_label_final and topic_label_id.
missing_topic_label,REC_001656,,,data/05_Labeling/Final_Labeled/[DS107] Gán nhãn - Nhung.csv,Label row is missing both topic_label_final and topic_label_id.
missing_topic_label,REC_010906,,,data/05_Labeling/Final_Labeled/[DS107] Gán nhãn - Nhung.csv,Label row is missing both topic_label_final and topic_label_id.
missing_topic_label,REC_009915,,,data/05_Labeling/Final_Labeled/[DS107] Gán nhãn - Nhung.csv,Label row is missing both topic_label_final and topic_label_id.
missing_topic_label,REC_012951,,,data/05_Labeling/Final_Labeled/[DS107] Gán nhãn - Nhung.csv,Label row is missing both topic_label_final and topic_label_id.
missing_topic_label,REC_012693,,,data/05_Labeling/Final_Labeled/[DS107] Gán nhãn - Nhung.csv,Label row is missing both topic_label_final and topic_label_id.
missing_topic_label,REC_009887,,,data/05_Labeling/Final_Labeled/[DS107] Gán nhãn - Nhung.csv,Label row is missing both topic_label_final and topic_label_id.
missing_topic_label,REC_008490,,,data/05_Labeling/Final_Labeled/[DS107] Gán nhãn - Nhung.csv,Label row is missing both topic_label_final and topic_label_id.
missing_topic_label,REC_006352,,,data/05_Labeling/Final_Labeled/[DS107] Gán nhãn - Nhung.csv,Label row is missing both topic_label_final and topic_label_id.
missing_topic_label,REC_005525,,,data/05_Labeling/Final_Labeled/[DS107] Gán nhãn - Nhung.csv,Label row is missing both topic_label_final and topic_label_id.
missing_topic_label,REC_000028,,,data/05_Labeling/Final_Labeled/[DS107] Gán nhãn - Nhung.csv,Label row is missing both topic_label_final and topic_label_id.
missing_topic_label,REC_003234,,,data/05_Labeling/Final_Labeled/[DS107] Gán nhãn - Nhung.csv,Label row is missing both topic_label_final and topic_label_id.
missing_topic_label,REC_010444,,,data/05_Labeling/Final_Labeled/[DS107] Gán nhãn - Nhung.csv,Label row is missing both topic_label_final and topic_label_id.
missing_topic_label,REC_004320,,,data/05_Labeling/Final_Labeled/[DS107] Gán nhãn - Nhung.csv,Label row is missing both topic_label_final and topic_label_id.
missing_topic_label,REC_011867,,,data/05_Labeling/Final_Labeled/[DS107] Gán nhãn - Nhung.csv,Label row is missing both topic_label_final and topic_label_id.
missing_topic_label,REC_001595,,,data/05_Labeling/Final_Labeled/[DS107] Gán nhãn - Nhung.csv,Label row is missing both topic_label_final and topic_label_id.
missing_topic_label,REC_005855,,,data/05_Labeling/Final_Labeled/[DS107] Gán nhãn - Nhung.csv,Label row is missing both topic_label_final and topic_label_id.
missing_topic_label,REC_004573,,,data/05_Labeling/Final_Labeled/[DS107] Gán nhãn - Nhung.csv,Label row is missing both topic_label_final and topic_label_id.
missing_topic_label,REC_004044,,,data/05_Labeling/Final_Labeled/[DS107] Gán nhãn - Nhung.csv,Label row is missing both topic_label_final and topic_label_id.
missing_topic_label,REC_012292,,,data/05_Labeling/Final_Labeled/[DS107] Gán nhãn - Nhung.csv,Label row is missing both topic_label_final and topic_label_id.
missing_topic_label,REC_010602,,,data/05_Labeling/Final_Labeled/[DS107] Gán nhãn - Nhung.csv,Label row is missing both topic_label_final and topic_label_id.
missing_topic_label,REC_012650,,,data/05_Labeling/Final_Labeled/[DS107] Gán nhãn - Nhung.csv,Label row is missing both topic_label_final and topic_label_id.
missing_topic_label,REC_001650,,,data/05_Labeling/Final_Labeled/[DS107] Gán nhãn - Nhung.csv,Label row is missing both topic_label_final and topic_label_id.
missing_topic_label,REC_000246,,,data/05_Labeling/Final_Labeled/[DS107] Gán nhãn - Nhung.csv,Label row is missing both topic_label_final and topic_label_id.
missing_topic_label,REC_003896,,,data/05_Labeling/Final_Labeled/[DS107] Gán nhãn - Nhung.csv,Label row is missing both topic_label_final and topic_label_id.
missing_topic_label,REC_003250,,,data/05_Labeling/Final_Labeled/[DS107] Gán nhãn - Nhung.csv,Label row is missing both topic_label_final and topic_label_id.
missing_topic_label,REC_008961,,,data/05_Labeling/Final_Labeled/[DS107] Gán nhãn - Nhung.csv,Label row is missing both topic_label_final and topic_label_id.
missing_topic_label,REC_001631,,,data/05_Labeling/Final_Labeled/[DS107] Gán nhãn - Nhung.csv,Label row is missing both topic_label_final and topic_label_id.
missing_topic_label,REC_013163,,,data/05_Labeling/Final_Labeled/[DS107] Gán nhãn - Nhung.csv,Label row is missing both topic_label_final and topic_label_id.
missing_topic_label,REC_011297,,,data/05_Labeling/Final_Labeled/[DS107] Gán nhãn - Nhung.csv,Label row is missing both topic_label_final and topic_label_id.
missing_topic_label,REC_003825,,,data/05_Labeling/Final_Labeled/[DS107] Gán nhãn - Nhung.csv,Label row is missing both topic_label_final and topic_label_id.
missing_topic_label,REC_012664,,,data/05_Labeling/Final_Labeled/[DS107] Gán nhãn - Nhung.csv,Label row is missing both topic_label_final and topic_label_id.
missing_topic_label,REC_012879,,,data/05_Labeling/Final_Labeled/[DS107] Gán nhãn - Nhung.csv,Label row is missing both topic_label_final and topic_label_id.
missing_topic_label,REC_003116,,,data/05_Labeling/Final_Labeled/[DS107] Gán nhãn - Nhung.csv,Label row is missing both topic_label_final and topic_label_id.
missing_topic_label,REC_004098,,,data/05_Labeling/Final_Labeled/[DS107] Gán nhãn - Nhung.csv,Label row is missing both topic_label_final and topic_label_id.
missing_topic_label,REC_001572,,,data/05_Labeling/Final_Labeled/[DS107] Gán nhãn - Nhung.csv,Label row is missing both topic_label_final and topic_label_id.
missing_topic_label,REC_011529,,,data/05_Labeling/Final_Labeled/[DS107] Gán nhãn - Nhung.csv,Label row is missing both topic_label_final and topic_label_id.
missing_topic_label,REC_004416,,,data/05_Labeling/Final_Labeled/[DS107] Gán nhãn - Nhung.csv,Label row is missing both topic_label_final and topic_label_id.
missing_topic_label,REC_009272,,,data/05_Labeling/Final_Labeled/[DS107] Gán nhãn - Nhung.csv,Label row is missing both topic_label_final and topic_label_id.
missing_topic_label,REC_001939,,,data/05_Labeling/Final_Labeled/[DS107] Gán nhãn - Nhung.csv,Label row is missing both topic_label_final and topic_label_id.
missing_topic_label,REC_003700,,,data/05_Labeling/Final_Labeled/[DS107] Gán nhãn - Nhung.csv,Label row is missing both topic_label_final and topic_label_id.
missing_topic_label,REC_002615,,,data/05_Labeling/Final_Labeled/[DS107] Gán nhãn - Nhung.csv,Label row is missing both topic_label_final and topic_label_id.
missing_topic_label,REC_004868,,,data/05_Labeling/Final_Labeled/[DS107] Gán nhãn - Nhung.csv,Label row is missing both topic_label_final and topic_label_id.
missing_topic_label,REC_000960,,,data/05_Labeling/Final_Labeled/[DS107] Gán nhãn - Nhung.csv,Label row is missing both topic_label_final and topic_label_id.
missing_topic_label,REC_012142,,,data/05_Labeling/Final_Labeled/[DS107] Gán nhãn - Nhung.csv,Label row is missing both topic_label_final and topic_label_id.
missing_topic_label,REC_009823,,,data/05_Labeling/Final_Labeled/[DS107] Gán nhãn - Nhung.csv,Label row is missing both topic_label_final and topic_label_id.
missing_topic_label,REC_005360,,,data/05_Labeling/Final_Labeled/[DS107] Gán nhãn - Nhung.csv,Label row is missing both topic_label_final and topic_label_id.
missing_topic_label,REC_012301,,,data/05_Labeling/Final_Labeled/[DS107] Gán nhãn - Nhung.csv,Label row is missing both topic_label_final and topic_label_id.
missing_topic_label,REC_005200,,,data/05_Labeling/Final_Labeled/[DS107] Gán nhãn - Nhung.csv,Label row is missing both topic_label_final and topic_label_id.
missing_topic_label,REC_004313,,,data/05_Labeling/Final_Labeled/[DS107] Gán nhãn - Nhung.csv,Label row is missing both topic_label_final and topic_label_id.
missing_topic_label,REC_005929,,,data/05_Labeling/Final_Labeled/[DS107] Gán nhãn - Nhung.csv,Label row is missing both topic_label_final and topic_label_id.
missing_topic_label,REC_009910,,,data/05_Labeling/Final_Labeled/[DS107] Gán nhãn - Nhung.csv,Label row is missing both topic_label_final and topic_label_id.
missing_topic_label,REC_001073,,,data/05_Labeling/Final_Labeled/[DS107] Gán nhãn - Nhung.csv,Label row is missing both topic_label_final and topic_label_id.
missing_topic_label,REC_013086,,,data/05_Labeling/Final_Labeled/[DS107] Gán nhãn - Nhung.csv,Label row is missing both topic_label_final and topic_label_id.
missing_topic_label,REC_001095,,,data/05_Labeling/Final_Labeled/[DS107] Gán nhãn - Nhung.csv,Label row is missing both topic_label_final and topic_label_id.
missing_topic_label,REC_011051,,,data/05_Labeling/Final_Labeled/[DS107] Gán nhãn - Nhung.csv,Label row is missing both topic_label_final and topic_label_id.
missing_topic_label,REC_004775,,,data/05_Labeling/Final_Labeled/[DS107] Gán nhãn - Nhung.csv,Label row is missing both topic_label_final and topic_label_id.
missing_topic_label,REC_003735,,,data/05_Labeling/Final_Labeled/[DS107] Gán nhãn - Nhung.csv,Label row is missing both topic_label_final and topic_label_id.
missing_topic_label,REC_005214,,,data/05_Labeling/Final_Labeled/[DS107] Gán nhãn - Nhung.csv,Label row is missing both topic_label_final and topic_label_id.
missing_topic_label,REC_004206,,,data/05_Labeling/Final_Labeled/[DS107] Gán nhãn - Nhung.csv,Label row is missing both topic_label_final and topic_label_id.
missing_topic_label,REC_003683,,,data/05_Labeling/Final_Labeled/[DS107] Gán nhãn - Nhung.csv,Label row is missing both topic_label_final and topic_label_id.
missing_topic_label,REC_002415,,,data/05_Labeling/Final_Labeled/[DS107] Gán nhãn - Nhung.csv,Label row is missing both topic_label_final and topic_label_id.
missing_topic_label,REC_008321,,,data/05_Labeling/Final_Labeled/[DS107] Gán nhãn - Nhung.csv,Label row is missing both topic_label_final and topic_label_id.
missing_topic_label,REC_011313,,,data/05_Labeling/Final_Labeled/[DS107] Gán nhãn - Nhung.csv,Label row is missing both topic_label_final and topic_label_id.
missing_topic_label,REC_000577,,,data/05_Labeling/Final_Labeled/[DS107] Gán nhãn - Nhung.csv,Label row is missing both topic_label_final and topic_label_id.
missing_topic_label,REC_004925,,,data/05_Labeling/Final_Labeled/[DS107] Gán nhãn - Nhung.csv,Label row is missing both topic_label_final and topic_label_id.
missing_topic_label,REC_008991,,,data/05_Labeling/Final_Labeled/[DS107] Gán nhãn - Nhung.csv,Label row is missing both topic_label_final and topic_label_id.
missing_topic_label,REC_009333,,,data/05_Labeling/Final_Labeled/[DS107] Gán nhãn - Nhung.csv,Label row is missing both topic_label_final and topic_label_id.
missing_topic_label,REC_009875,,,data/05_Labeling/Final_Labeled/[DS107] Gán nhãn - Nhung.csv,Label row is missing both topic_label_final and topic_label_id.
missing_topic_label,REC_002430,,,data/05_Labeling/Final_Labeled/[DS107] Gán nhãn - Nhung.csv,Label row is missing both topic_label_final and topic_label_id.
missing_topic_label,REC_005301,,,data/05_Labeling/Final_Labeled/[DS107] Gán nhãn - Nhung.csv,Label row is missing both topic_label_final and topic_label_id.
missing_topic_label,REC_003403,,,data/05_Labeling/Final_Labeled/[DS107] Gán nhãn - Nhung.csv,Label row is missing both topic_label_final and topic_label_id.
missing_topic_label,REC_011022,,,data/05_Labeling/Final_Labeled/[DS107] Gán nhãn - Nhung.csv,Label row is missing both topic_label_final and topic_label_id.
missing_topic_label,REC_006061,,,data/05_Labeling/Final_Labeled/[DS107] Gán nhãn - Nhung.csv,Label row is missing both topic_label_final and topic_label_id.
missing_topic_label,REC_009364,,,data/05_Labeling/Final_Labeled/[DS107] Gán nhãn - Nhung.csv,Label row is missing both topic_label_final and topic_label_id.
missing_topic_label,REC_001827,,,data/05_Labeling/Final_Labeled/[DS107] Gán nhãn - Nhung.csv,Label row is missing both topic_label_final and topic_label_id.
missing_topic_label,REC_009035,,,data/05_Labeling/Final_Labeled/[DS107] Gán nhãn - Nhung.csv,Label row is missing both topic_label_final and topic_label_id.
missing_topic_label,REC_013216,,,data/05_Labeling/Final_Labeled/[DS107] Gán nhãn - Nhung.csv,Label row is missing both topic_label_final and topic_label_id.
missing_topic_label,REC_004994,,,data/05_Labeling/Final_Labeled/[DS107] Gán nhãn - Nhung.csv,Label row is missing both topic_label_final and topic_label_id.
missing_topic_label,REC_008315,,,data/05_Labeling/Final_Labeled/[DS107] Gán nhãn - Nhung.csv,Label row is missing both topic_label_final and topic_label_id.
missing_topic_label,REC_010629,,,data/05_Labeling/Final_Labeled/[DS107] Gán nhãn - Nhung.csv,Label row is missing both topic_label_final and topic_label_id.
missing_topic_label,REC_003947,,,data/05_Labeling/Final_Labeled/[DS107] Gán nhãn - Nhung.csv,Label row is missing both topic_label_final and topic_label_id.
missing_topic_label,REC_012020,,,data/05_Labeling/Final_Labeled/[DS107] Gán nhãn - Nhung.csv,Label row is missing both topic_label_final and topic_label_id.
missing_topic_label,REC_012981,,,data/05_Labeling/Final_Labeled/[DS107] Gán nhãn - Nhung.csv,Label row is missing both topic_label_final and topic_label_id.
missing_topic_label,REC_004847,,,data/05_Labeling/Final_Labeled/[DS107] Gán nhãn - Nhung.csv,Label row is missing both topic_label_final and topic_label_id.
missing_topic_label,REC_002981,,,data/05_Labeling/Final_Labeled/[DS107] Gán nhãn - Nhung.csv,Label row is missing both topic_label_final and topic_label_id.
missing_topic_label,REC_012312,,,data/05_Labeling/Final_Labeled/[DS107] Gán nhãn - Nhung.csv,Label row is missing both topic_label_final and topic_label_id.
missing_topic_label,REC_001707,,,data/05_Labeling/Final_Labeled/[DS107] Gán nhãn - Nhung.csv,Label row is missing both topic_label_final and topic_label_id.
missing_topic_label,REC_000429,,,data/05_Labeling/Final_Labeled/[DS107] Gán nhãn - Nhung.csv,Label row is missing both topic_label_final and topic_label_id.
missing_topic_label,REC_002343,,,data/05_Labeling/Final_Labeled/[DS107] Gán nhãn - Nhung.csv,Label row is missing both topic_label_final and topic_label_id.
missing_topic_label,REC_001022,,,data/05_Labeling/Final_Labeled/[DS107] Gán nhãn - Nhung.csv,Label row is missing both topic_label_final and topic_label_id.
missing_topic_label,REC_012136,,,data/05_Labeling/Final_Labeled/[DS107] Gán nhãn - Nhung.csv,Label row is missing both topic_label_final and topic_label_id.
missing_topic_label,REC_012604,,,data/05_Labeling/Final_Labeled/[DS107] Gán nhãn - Nhung.csv,Label row is missing both topic_label_final and topic_label_id.
missing_topic_label,REC_000138,,,data/05_Labeling/Final_Labeled/[DS107] Gán nhãn - Nhung.csv,Label row is missing both topic_label_final and topic_label_id.
missing_topic_label,REC_005172,,,data/05_Labeling/Final_Labeled/[DS107] Gán nhãn - Nhung.csv,Label row is missing both topic_label_final and topic_label_id.
missing_topic_label,REC_002684,,,data/05_Labeling/Final_Labeled/[DS107] Gán nhãn - Nhung.csv,Label row is missing both topic_label_final and topic_label_id.
missing_topic_label,REC_013013,,,data/05_Labeling/Final_Labeled/[DS107] Gán nhãn - Nhung.csv,Label row is missing both topic_label_final and topic_label_id.
missing_topic_label,REC_000918,,,data/05_Labeling/Final_Labeled/[DS107] Gán nhãn - Nhung.csv,Label row is missing both topic_label_final and topic_label_id.
missing_topic_label,REC_001757,,,data/05_Labeling/Final_Labeled/[DS107] Gán nhãn - Nhung.csv,Label row is missing both topic_label_final and topic_label_id.
missing_topic_label,REC_004365,,,data/05_Labeling/Final_Labeled/[DS107] Gán nhãn - Nhung.csv,Label row is missing both topic_label_final and topic_label_id.
missing_topic_label,REC_012812,,,data/05_Labeling/Final_Labeled/[DS107] Gán nhãn - Nhung.csv,Label row is missing both topic_label_final and topic_label_id.
missing_topic_label,REC_002586,,,data/05_Labeling/Final_Labeled/[DS107] Gán nhãn - Nhung.csv,Label row is missing both topic_label_final and topic_label_id.
missing_topic_label,REC_002474,,,data/05_Labeling/Final_Labeled/[DS107] Gán nhãn - Nhung.csv,Label row is missing both topic_label_final and topic_label_id.
missing_topic_label,REC_000640,,,data/05_Labeling/Final_Labeled/[DS107] Gán nhãn - Nhung.csv,Label row is missing both topic_label_final and topic_label_id.
missing_topic_label,REC_001765,,,data/05_Labeling/Final_Labeled/[DS107] Gán nhãn - Nhung.csv,Label row is missing both topic_label_final and topic_label_id.
missing_topic_label,REC_011393,,,data/05_Labeling/Final_Labeled/[DS107] Gán nhãn - Nhung.csv,Label row is missing both topic_label_final and topic_label_id.
missing_topic_label,REC_010351,,,data/05_Labeling/Final_Labeled/[DS107] Gán nhãn - Nhung.csv,Label row is missing both topic_label_final and topic_label_id.
missing_topic_label,REC_002794,,,data/05_Labeling/Final_Labeled/[DS107] Gán nhãn - Nhung.csv,Label row is missing both topic_label_final and topic_label_id.
missing_topic_label,REC_004509,,,data/05_Labeling/Final_Labeled/[DS107] Gán nhãn - Nhung.csv,Label row is missing both topic_label_final and topic_label_id.
missing_topic_label,REC_005275,,,data/05_Labeling/Final_Labeled/[DS107] Gán nhãn - Nhung.csv,Label row is missing both topic_label_final and topic_label_id.
missing_topic_label,REC_010259,,,data/05_Labeling/Final_Labeled/[DS107] Gán nhãn - Nhung.csv,Label row is missing both topic_label_final and topic_label_id.
missing_topic_label,REC_012831,,,data/05_Labeling/Final_Labeled/[DS107] Gán nhãn - Nhung.csv,Label row is missing both topic_label_final and topic_label_id.
missing_topic_label,REC_009063,,,data/05_Labeling/Final_Labeled/[DS107] Gán nhãn - Nhung.csv,Label row is missing both topic_label_final and topic_label_id.
missing_topic_label,REC_010426,,,data/05_Labeling/Final_Labeled/[DS107] Gán nhãn - Nhung.csv,Label row is missing both topic_label_final and topic_label_id.
missing_topic_label,REC_003077,,,data/05_Labeling/Final_Labeled/[DS107] Gán nhãn - Nhung.csv,Label row is missing both topic_label_final and topic_label_id.
missing_topic_label,REC_005226,,,data/05_Labeling/Final_Labeled/[DS107] Gán nhãn - Nhung.csv,Label row is missing both topic_label_final and topic_label_id.
missing_topic_label,REC_009455,,,data/05_Labeling/Final_Labeled/[DS107] Gán nhãn - Nhung.csv,Label row is missing both topic_label_final and topic_label_id.
missing_topic_label,REC_004130,,,data/05_Labeling/Final_Labeled/[DS107] Gán nhãn - Nhung.csv,Label row is missing both topic_label_final and topic_label_id.
missing_topic_label,REC_004177,,,data/05_Labeling/Final_Labeled/[DS107] Gán nhãn - Nhung.csv,Label row is missing both topic_label_final and topic_label_id.
missing_topic_label,REC_004596,,,data/05_Labeling/Final_Labeled/[DS107] Gán nhãn - Nhung.csv,Label row is missing both topic_label_final and topic_label_id.
missing_topic_label,REC_011943,,,data/05_Labeling/Final_Labeled/[DS107] Gán nhãn - Nhung.csv,Label row is missing both topic_label_final and topic_label_id.
missing_topic_label,REC_003410,,,data/05_Labeling/Final_Labeled/[DS107] Gán nhãn - Nhung.csv,Label row is missing both topic_label_final and topic_label_id.
missing_topic_label,REC_006006,,,data/05_Labeling/Final_Labeled/[DS107] Gán nhãn - Nhung.csv,Label row is missing both topic_label_final and topic_label_id.
missing_topic_label,REC_003754,,,data/05_Labeling/Final_Labeled/[DS107] Gán nhãn - Nhung.csv,Label row is missing both topic_label_final and topic_label_id.
missing_topic_label,REC_009463,,,data/05_Labeling/Final_Labeled/[DS107] Gán nhãn - Nhung.csv,Label row is missing both topic_label_final and topic_label_id.
missing_topic_label,REC_003223,,,data/05_Labeling/Final_Labeled/[DS107] Gán nhãn - Nhung.csv,Label row is missing both topic_label_final and topic_label_id.
missing_topic_label,REC_001432,,,data/05_Labeling/Final_Labeled/[DS107] Gán nhãn - Nhung.csv,Label row is missing both topic_label_final and topic_label_id.
missing_topic_label,REC_002362,,,data/05_Labeling/Final_Labeled/[DS107] Gán nhãn - Nhung.csv,Label row is missing both topic_label_final and topic_label_id.
missing_topic_label,REC_012501,,,data/05_Labeling/Final_Labeled/[DS107] Gán nhãn - Nhung.csv,Label row is missing both topic_label_final and topic_label_id.
missing_topic_label,REC_005998,,,data/05_Labeling/Final_Labeled/[DS107] Gán nhãn - Nhung.csv,Label row is missing both topic_label_final and topic_label_id.
missing_topic_label,REC_009847,,,data/05_Labeling/Final_Labeled/[DS107] Gán nhãn - Nhung.csv,Label row is missing both topic_label_final and topic_label_id.
missing_topic_label,REC_006315,,,data/05_Labeling/Final_Labeled/[DS107] Gán nhãn - Nhung.csv,Label row is missing both topic_label_final and topic_label_id.
missing_topic_label,REC_002040,,,data/05_Labeling/Final_Labeled/[DS107] Gán nhãn - Nhung.csv,Label row is missing both topic_label_final and topic_label_id.
missing_topic_label,REC_006287,,,data/05_Labeling/Final_Labeled/[DS107] Gán nhãn - Nhung.csv,Label row is missing both topic_label_final and topic_label_id.
missing_topic_label,REC_000038,,,data/05_Labeling/Final_Labeled/[DS107] Gán nhãn - Nhung.csv,Label row is missing both topic_label_final and topic_label_id.
missing_topic_label,REC_000006,,,data/05_Labeling/Final_Labeled/[DS107] Gán nhãn - Nhung.csv,Label row is missing both topic_label_final and topic_label_id.
missing_topic_label,REC_004429,,,data/05_Labeling/Final_Labeled/[DS107] Gán nhãn - Nhung.csv,Label row is missing both topic_label_final and topic_label_id.
missing_topic_label,REC_009845,,,data/05_Labeling/Final_Labeled/[DS107] Gán nhãn - Nhung.csv,Label row is missing both topic_label_final and topic_label_id.
missing_topic_label,REC_009357,,,data/05_Labeling/Final_Labeled/[DS107] Gán nhãn - Nhung.csv,Label row is missing both topic_label_final and topic_label_id.
missing_topic_label,REC_001583,,,data/05_Labeling/Final_Labeled/[DS107] Gán nhãn - Nhung.csv,Label row is missing both topic_label_final and topic_label_id.
missing_topic_label,REC_005219,,,data/05_Labeling/Final_Labeled/[DS107] Gán nhãn - Nhung.csv,Label row is missing both topic_label_final and topic_label_id.
missing_topic_label,REC_004457,,,data/05_Labeling/Final_Labeled/[DS107] Gán nhãn - Nhung.csv,Label row is missing both topic_label_final and topic_label_id.
missing_topic_label,REC_012013,,,data/05_Labeling/Final_Labeled/[DS107] Gán nhãn - Nhung.csv,Label row is missing both topic_label_final and topic_label_id.
missing_topic_label,REC_005375,,,data/05_Labeling/Final_Labeled/[DS107] Gán nhãn - Nhung.csv,Label row is missing both topic_label_final and topic_label_id.
missing_topic_label,REC_006423,,,data/05_Labeling/Final_Labeled/[DS107] Gán nhãn - Nhung.csv,Label row is missing both topic_label_final and topic_label_id.
missing_topic_label,REC_003553,,,data/05_Labeling/Final_Labeled/[DS107] Gán nhãn - Nhung.csv,Label row is missing both topic_label_final and topic_label_id.
missing_topic_label,REC_000549,,,data/05_Labeling/Final_Labeled/[DS107] Gán nhãn - Nhung.csv,Label row is missing both topic_label_final and topic_label_id.
missing_topic_label,REC_001851,,,data/05_Labeling/Final_Labeled/[DS107] Gán nhãn - Nhung.csv,Label row is missing both topic_label_final and topic_label_id.
missing_topic_label,REC_012323,,,data/05_Labeling/Final_Labeled/[DS107] Gán nhãn - Nhung.csv,Label row is missing both topic_label_final and topic_label_id.
missing_topic_label,REC_011912,,,data/05_Labeling/Final_Labeled/[DS107] Gán nhãn - Nhung.csv,Label row is missing both topic_label_final and topic_label_id.
missing_topic_label,REC_001993,,,data/05_Labeling/Final_Labeled/[DS107] Gán nhãn - Nhung.csv,Label row is missing both topic_label_final and topic_label_id.
missing_topic_label,REC_011536,,,data/05_Labeling/Final_Labeled/[DS107] Gán nhãn - Nhung.csv,Label row is missing both topic_label_final and topic_label_id.
missing_topic_label,REC_003626,,,data/05_Labeling/Final_Labeled/[DS107] Gán nhãn - Nhung.csv,Label row is missing both topic_label_final and topic_label_id.
missing_topic_label,REC_011152,,,data/05_Labeling/Final_Labeled/[DS107] Gán nhãn - Nhung.csv,Label row is missing both topic_label_final and topic_label_id.
missing_topic_label,REC_000895,,,data/05_Labeling/Final_Labeled/[DS107] Gán nhãn - Nhung.csv,Label row is missing both topic_label_final and topic_label_id.
missing_topic_label,REC_003063,,,data/05_Labeling/Final_Labeled/[DS107] Gán nhãn - Nhung.csv,Label row is missing both topic_label_final and topic_label_id.
missing_topic_label,REC_009500,,,data/05_Labeling/Final_Labeled/[DS107] Gán nhãn - Nhung.csv,Label row is missing both topic_label_final and topic_label_id.
missing_topic_label,REC_009921,,,data/05_Labeling/Final_Labeled/[DS107] Gán nhãn - Nhung.csv,Label row is missing both topic_label_final and topic_label_id.
missing_topic_label,REC_004962,,,data/05_Labeling/Final_Labeled/[DS107] Gán nhãn - Nhung.csv,Label row is missing both topic_label_final and topic_label_id.
missing_topic_label,REC_008607,,,data/05_Labeling/Final_Labeled/[DS107] Gán nhãn - Nhung.csv,Label row is missing both topic_label_final and topic_label_id.
missing_topic_label,REC_003785,,,data/05_Labeling/Final_Labeled/[DS107] Gán nhãn - Nhung.csv,Label row is missing both topic_label_final and topic_label_id.
missing_topic_label,REC_005397,,,data/05_Labeling/Final_Labeled/[DS107] Gán nhãn - Nhung.csv,Label row is missing both topic_label_final and topic_label_id.
missing_topic_label,REC_011049,,,data/05_Labeling/Final_Labeled/[DS107] Gán nhãn - Nhung.csv,Label row is missing both topic_label_final and topic_label_id.
missing_topic_label,REC_011245,,,data/05_Labeling/Final_Labeled/[DS107] Gán nhãn - Nhung.csv,Label row is missing both topic_label_final and topic_label_id.
missing_topic_label,REC_009098,,,data/05_Labeling/Final_Labeled/[DS107] Gán nhãn - Nhung.csv,Label row is missing both topic_label_final and topic_label_id.
missing_topic_label,REC_010990,,,data/05_Labeling/Final_Labeled/[DS107] Gán nhãn - Nhung.csv,Label row is missing both topic_label_final and topic_label_id.
missing_topic_label,REC_011913,,,data/05_Labeling/Final_Labeled/[DS107] Gán nhãn - Nhung.csv,Label row is missing both topic_label_final and topic_label_id.
missing_topic_label,REC_004247,,,data/05_Labeling/Final_Labeled/[DS107] Gán nhãn - Nhung.csv,Label row is missing both topic_label_final and topic_label_id.
missing_topic_label,REC_009145,,,data/05_Labeling/Final_Labeled/[DS107] Gán nhãn - Nhung.csv,Label row is missing both topic_label_final and topic_label_id.
missing_topic_label,REC_003224,,,data/05_Labeling/Final_Labeled/[DS107] Gán nhãn - Nhung.csv,Label row is missing both topic_label_final and topic_label_id.
missing_topic_label,REC_003434,,,data/05_Labeling/Final_Labeled/[DS107] Gán nhãn - Nhung.csv,Label row is missing both topic_label_final and topic_label_id.
missing_topic_label,REC_004165,,,data/05_Labeling/Final_Labeled/[DS107] Gán nhãn - Nhung.csv,Label row is missing both topic_label_final and topic_label_id.
missing_topic_label,REC_011594,,,data/05_Labeling/Final_Labeled/[DS107] Gán nhãn - Nhung.csv,Label row is missing both topic_label_final and topic_label_id.
missing_topic_label,REC_002313,,,data/05_Labeling/Final_Labeled/[DS107] Gán nhãn - Nhung.csv,Label row is missing both topic_label_final and topic_label_id.
missing_topic_label,REC_012901,,,data/05_Labeling/Final_Labeled/[DS107] Gán nhãn - Nhung.csv,Label row is missing both topic_label_final and topic_label_id.
missing_topic_label,REC_003265,,,data/05_Labeling/Final_Labeled/[DS107] Gán nhãn - Nhung.csv,Label row is missing both topic_label_final and topic_label_id.
missing_topic_label,REC_004724,,,data/05_Labeling/Final_Labeled/[DS107] Gán nhãn - Nhung.csv,Label row is missing both topic_label_final and topic_label_id.
missing_topic_label,REC_005374,,,data/05_Labeling/Final_Labeled/[DS107] Gán nhãn - Nhung.csv,Label row is missing both topic_label_final and topic_label_id.
missing_topic_label,REC_000481,,,data/05_Labeling/Final_Labeled/[DS107] Gán nhãn - Nhung.csv,Label row is missing both topic_label_final and topic_label_id.
missing_topic_label,REC_011746,,,data/05_Labeling/Final_Labeled/[DS107] Gán nhãn - Nhung.csv,Label row is missing both topic_label_final and topic_label_id.
missing_topic_label,REC_002323,,,data/05_Labeling/Final_Labeled/[DS107] Gán nhãn - Nhung.csv,Label row is missing both topic_label_final and topic_label_id.
missing_topic_label,REC_008982,,,data/05_Labeling/Final_Labeled/[DS107] Gán nhãn - Nhung.csv,Label row is missing both topic_label_final and topic_label_id.
missing_topic_label,REC_008676,,,data/05_Labeling/Final_Labeled/[DS107] Gán nhãn - Nhung.csv,Label row is missing both topic_label_final and topic_label_id.
missing_topic_label,REC_011249,,,data/05_Labeling/Final_Labeled/[DS107] Gán nhãn - Nhung.csv,Label row is missing both topic_label_final and topic_label_id.
missing_topic_label,REC_012804,,,data/05_Labeling/Final_Labeled/[DS107] Gán nhãn - Nhung.csv,Label row is missing both topic_label_final and topic_label_id.
missing_topic_label,REC_010584,,,data/05_Labeling/Final_Labeled/[DS107] Gán nhãn - Nhung.csv,Label row is missing both topic_label_final and topic_label_id.
missing_topic_label,REC_002671,,,data/05_Labeling/Final_Labeled/[DS107] Gán nhãn - Nhung.csv,Label row is missing both topic_label_final and topic_label_id.
missing_topic_label,REC_001758,,,data/05_Labeling/Final_Labeled/[DS107] Gán nhãn - Nhung.csv,Label row is missing both topic_label_final and topic_label_id.
missing_topic_label,REC_012054,,,data/05_Labeling/Final_Labeled/[DS107] Gán nhãn - Nhung.csv,Label row is missing both topic_label_final and topic_label_id.
missing_topic_label,REC_010301,,,data/05_Labeling/Final_Labeled/[DS107] Gán nhãn - Nhung.csv,Label row is missing both topic_label_final and topic_label_id.
missing_topic_label,REC_000579,,,data/05_Labeling/Final_Labeled/[DS107] Gán nhãn - Nhung.csv,Label row is missing both topic_label_final and topic_label_id.
missing_topic_label,REC_002177,,,data/05_Labeling/Final_Labeled/[DS107] Gán nhãn - Nhung.csv,Label row is missing both topic_label_final and topic_label_id.
missing_topic_label,REC_000189,,,data/05_Labeling/Final_Labeled/[DS107] Gán nhãn - Nhung.csv,Label row is missing both topic_label_final and topic_label_id.
missing_topic_label,REC_012132,,,data/05_Labeling/Final_Labeled/[DS107] Gán nhãn - Nhung.csv,Label row is missing both topic_label_final and topic_label_id.
missing_topic_label,REC_009919,,,data/05_Labeling/Final_Labeled/[DS107] Gán nhãn - Nhung.csv,Label row is missing both topic_label_final and topic_label_id.
missing_topic_label,REC_005260,,,data/05_Labeling/Final_Labeled/[DS107] Gán nhãn - Nhung.csv,Label row is missing both topic_label_final and topic_label_id.
missing_topic_label,REC_013065,,,data/05_Labeling/Final_Labeled/[DS107] Gán nhãn - Nhung.csv,Label row is missing both topic_label_final and topic_label_id.
missing_topic_label,REC_010305,,,data/05_Labeling/Final_Labeled/[DS107] Gán nhãn - Nhung.csv,Label row is missing both topic_label_final and topic_label_id.
missing_topic_label,REC_002357,,,data/05_Labeling/Final_Labeled/[DS107] Gán nhãn - Nhung.csv,Label row is missing both topic_label_final and topic_label_id.
missing_topic_label,REC_003833,,,data/05_Labeling/Final_Labeled/[DS107] Gán nhãn - Nhung.csv,Label row is missing both topic_label_final and topic_label_id.
missing_topic_label,REC_011596,,,data/05_Labeling/Final_Labeled/[DS107] Gán nhãn - Nhung.csv,Label row is missing both topic_label_final and topic_label_id.
missing_topic_label,REC_006123,,,data/05_Labeling/Final_Labeled/[DS107] Gán nhãn - Nhung.csv,Label row is missing both topic_label_final and topic_label_id.
missing_topic_label,REC_002689,,,data/05_Labeling/Final_Labeled/[DS107] Gán nhãn - Nhung.csv,Label row is missing both topic_label_final and topic_label_id.
missing_topic_label,REC_002194,,,data/05_Labeling/Final_Labeled/[DS107] Gán nhãn - Nhung.csv,Label row is missing both topic_label_final and topic_label_id.
missing_topic_label,REC_003621,,,data/05_Labeling/Final_Labeled/[DS107] Gán nhãn - Nhung.csv,Label row is missing both topic_label_final and topic_label_id.
missing_topic_label,REC_002131,,,data/05_Labeling/Final_Labeled/[DS107] Gán nhãn - Nhung.csv,Label row is missing both topic_label_final and topic_label_id.
missing_topic_label,REC_013012,,,data/05_Labeling/Final_Labeled/[DS107] Gán nhãn - Nhung.csv,Label row is missing both topic_label_final and topic_label_id.
missing_topic_label,REC_000130,,,data/05_Labeling/Final_Labeled/[DS107] Gán nhãn - Nhung.csv,Label row is missing both topic_label_final and topic_label_id.
missing_topic_label,REC_005268,,,data/05_Labeling/Final_Labeled/[DS107] Gán nhãn - Nhung.csv,Label row is missing both topic_label_final and topic_label_id.
missing_topic_label,REC_001844,,,data/05_Labeling/Final_Labeled/[DS107] Gán nhãn - Nhung.csv,Label row is missing both topic_label_final and topic_label_id.
missing_topic_label,REC_002897,,,data/05_Labeling/Final_Labeled/[DS107] Gán nhãn - Nhung.csv,Label row is missing both topic_label_final and topic_label_id.
missing_topic_label,REC_009171,,,data/05_Labeling/Final_Labeled/[DS107] Gán nhãn - Nhung.csv,Label row is missing both topic_label_final and topic_label_id.
missing_topic_label,REC_011796,,,data/05_Labeling/Final_Labeled/[DS107] Gán nhãn - Nhung.csv,Label row is missing both topic_label_final and topic_label_id.
missing_topic_label,REC_003138,,,data/05_Labeling/Final_Labeled/[DS107] Gán nhãn - Nhung.csv,Label row is missing both topic_label_final and topic_label_id.
missing_topic_label,REC_004349,,,data/05_Labeling/Final_Labeled/[DS107] Gán nhãn - Nhung.csv,Label row is missing both topic_label_final and topic_label_id.
missing_topic_label,REC_003029,,,data/05_Labeling/Final_Labeled/[DS107] Gán nhãn - Nhung.csv,Label row is missing both topic_label_final and topic_label_id.
missing_topic_label,REC_008506,,,data/05_Labeling/Final_Labeled/[DS107] Gán nhãn - Nhung.csv,Label row is missing both topic_label_final and topic_label_id.
missing_topic_label,REC_010673,,,data/05_Labeling/Final_Labeled/[DS107] Gán nhãn - Nhung.csv,Label row is missing both topic_label_final and topic_label_id.
missing_topic_label,REC_011617,,,data/05_Labeling/Final_Labeled/[DS107] Gán nhãn - Nhung.csv,Label row is missing both topic_label_final and topic_label_id.
missing_topic_label,REC_003124,,,data/05_Labeling/Final_Labeled/[DS107] Gán nhãn - Nhung.csv,Label row is missing both topic_label_final and topic_label_id.
missing_topic_label,REC_010024,,,data/05_Labeling/Final_Labeled/[DS107] Gán nhãn - Nhung.csv,Label row is missing both topic_label_final and topic_label_id.
missing_topic_label,REC_005858,,,data/05_Labeling/Final_Labeled/[DS107] Gán nhãn - Nhung.csv,Label row is missing both topic_label_final and topic_label_id.
missing_topic_label,REC_012213,,,data/05_Labeling/Final_Labeled/[DS107] Gán nhãn - Nhung.csv,Label row is missing both topic_label_final and topic_label_id.
missing_topic_label,REC_002921,,,data/05_Labeling/Final_Labeled/[DS107] Gán nhãn - Nhung.csv,Label row is missing both topic_label_final and topic_label_id.
missing_topic_label,REC_002112,,,data/05_Labeling/Final_Labeled/[DS107] Gán nhãn - Nhung.csv,Label row is missing both topic_label_final and topic_label_id.
missing_topic_label,REC_003346,,,data/05_Labeling/Final_Labeled/[DS107] Gán nhãn - Nhung.csv,Label row is missing both topic_label_final and topic_label_id.
missing_topic_label,REC_000508,,,data/05_Labeling/Final_Labeled/[DS107] Gán nhãn - Nhung.csv,Label row is missing both topic_label_final and topic_label_id.
missing_topic_label,REC_000603,,,data/05_Labeling/Final_Labeled/[DS107] Gán nhãn - Nhung.csv,Label row is missing both topic_label_final and topic_label_id.
missing_topic_label,REC_000663,,,data/05_Labeling/Final_Labeled/[DS107] Gán nhãn - Nhung.csv,Label row is missing both topic_label_final and topic_label_id.
missing_topic_label,REC_012786,,,data/05_Labeling/Final_Labeled/[DS107] Gán nhãn - Nhung.csv,Label row is missing both topic_label_final and topic_label_id.
missing_topic_label,REC_000989,,,data/05_Labeling/Final_Labeled/[DS107] Gán nhãn - Nhung.csv,Label row is missing both topic_label_final and topic_label_id.
missing_topic_label,REC_000190,,,data/05_Labeling/Final_Labeled/[DS107] Gán nhãn - Nhung.csv,Label row is missing both topic_label_final and topic_label_id.
missing_topic_label,REC_011838,,,data/05_Labeling/Final_Labeled/[DS107] Gán nhãn - Nhung.csv,Label row is missing both topic_label_final and topic_label_id.
missing_topic_label,REC_002976,,,data/05_Labeling/Final_Labeled/[DS107] Gán nhãn - Nhung.csv,Label row is missing both topic_label_final and topic_label_id.
missing_topic_label,REC_004111,,,data/05_Labeling/Final_Labeled/[DS107] Gán nhãn - Nhung.csv,Label row is missing both topic_label_final and topic_label_id.
missing_topic_label,REC_009031,,,data/05_Labeling/Final_Labeled/[DS107] Gán nhãn - Nhung.csv,Label row is missing both topic_label_final and topic_label_id.
missing_topic_label,REC_013300,,,data/05_Labeling/Final_Labeled/[DS107] Gán nhãn - Nhung.csv,Label row is missing both topic_label_final and topic_label_id.
missing_topic_label,REC_012773,,,data/05_Labeling/Final_Labeled/[DS107] Gán nhãn - Nhung.csv,Label row is missing both topic_label_final and topic_label_id.
missing_topic_label,REC_012056,,,data/05_Labeling/Final_Labeled/[DS107] Gán nhãn - Nhung.csv,Label row is missing both topic_label_final and topic_label_id.
missing_topic_label,REC_002289,,,data/05_Labeling/Final_Labeled/[DS107] Gán nhãn - Nhung.csv,Label row is missing both topic_label_final and topic_label_id.
missing_topic_label,REC_003551,,,data/05_Labeling/Final_Labeled/[DS107] Gán nhãn - Nhung.csv,Label row is missing both topic_label_final and topic_label_id.
missing_topic_label,REC_000943,,,data/05_Labeling/Final_Labeled/[DS107] Gán nhãn - Nhung.csv,Label row is missing both topic_label_final and topic_label_id.
missing_topic_label,REC_003231,,,data/05_Labeling/Final_Labeled/[DS107] Gán nhãn - Nhung.csv,Label row is missing both topic_label_final and topic_label_id.
missing_topic_label,REC_006091,,,data/05_Labeling/Final_Labeled/[DS107] Gán nhãn - Nhung.csv,Label row is missing both topic_label_final and topic_label_id.
missing_topic_label,REC_012966,,,data/05_Labeling/Final_Labeled/[DS107] Gán nhãn - Nhung.csv,Label row is missing both topic_label_final and topic_label_id.
missing_topic_label,REC_005159,,,data/05_Labeling/Final_Labeled/[DS107] Gán nhãn - Nhung.csv,Label row is missing both topic_label_final and topic_label_id.
missing_topic_label,REC_006361,,,data/05_Labeling/Final_Labeled/[DS107] Gán nhãn - Nhung.csv,Label row is missing both topic_label_final and topic_label_id.
missing_topic_label,REC_002977,,,data/05_Labeling/Final_Labeled/[DS107] Gán nhãn - Nhung.csv,Label row is missing both topic_label_final and topic_label_id.
missing_topic_label,REC_002061,,,data/05_Labeling/Final_Labeled/[DS107] Gán nhãn - Nhung.csv,Label row is missing both topic_label_final and topic_label_id.
missing_topic_label,REC_006246,,,data/05_Labeling/Final_Labeled/[DS107] Gán nhãn - Nhung.csv,Label row is missing both topic_label_final and topic_label_id.
missing_topic_label,REC_008596,,,data/05_Labeling/Final_Labeled/[DS107] Gán nhãn - Nhung.csv,Label row is missing both topic_label_final and topic_label_id.
missing_topic_label,REC_010880,,,data/05_Labeling/Final_Labeled/[DS107] Gán nhãn - Nhung.csv,Label row is missing both topic_label_final and topic_label_id.
missing_topic_label,REC_011919,,,data/05_Labeling/Final_Labeled/[DS107] Gán nhãn - Nhung.csv,Label row is missing both topic_label_final and topic_label_id.
missing_topic_label,REC_002421,,,data/05_Labeling/Final_Labeled/[DS107] Gán nhãn - Nhung.csv,Label row is missing both topic_label_final and topic_label_id.
missing_topic_label,REC_008560,,,data/05_Labeling/Final_Labeled/[DS107] Gán nhãn - Nhung.csv,Label row is missing both topic_label_final and topic_label_id.
missing_topic_label,REC_002844,,,data/05_Labeling/Final_Labeled/[DS107] Gán nhãn - Nhung.csv,Label row is missing both topic_label_final and topic_label_id.
missing_topic_label,REC_011936,,,data/05_Labeling/Final_Labeled/[DS107] Gán nhãn - Nhung.csv,Label row is missing both topic_label_final and topic_label_id.
missing_topic_label,REC_002008,,,data/05_Labeling/Final_Labeled/[DS107] Gán nhãn - Nhung.csv,Label row is missing both topic_label_final and topic_label_id.
missing_topic_label,REC_000161,,,data/05_Labeling/Final_Labeled/[DS107] Gán nhãn - Nhung.csv,Label row is missing both topic_label_final and topic_label_id.
missing_topic_label,REC_013089,,,data/05_Labeling/Final_Labeled/[DS107] Gán nhãn - Nhung.csv,Label row is missing both topic_label_final and topic_label_id.
missing_topic_label,REC_010076,,,data/05_Labeling/Final_Labeled/[DS107] Gán nhãn - Nhung.csv,Label row is missing both topic_label_final and topic_label_id.
missing_topic_label,REC_013138,,,data/05_Labeling/Final_Labeled/[DS107] Gán nhãn - Nhung.csv,Label row is missing both topic_label_final and topic_label_id.
missing_topic_label,REC_002935,,,data/05_Labeling/Final_Labeled/[DS107] Gán nhãn - Nhung.csv,Label row is missing both topic_label_final and topic_label_id.
missing_topic_label,REC_003709,,,data/05_Labeling/Final_Labeled/[DS107] Gán nhãn - Nhung.csv,Label row is missing both topic_label_final and topic_label_id.
missing_topic_label,REC_000225,,,data/05_Labeling/Final_Labeled/[DS107] Gán nhãn - Nhung.csv,Label row is missing both topic_label_final and topic_label_id.
missing_topic_label,REC_012896,,,data/05_Labeling/Final_Labeled/[DS107] Gán nhãn - Nhung.csv,Label row is missing both topic_label_final and topic_label_id.
missing_topic_label,REC_009366,,,data/05_Labeling/Final_Labeled/[DS107] Gán nhãn - Nhung.csv,Label row is missing both topic_label_final and topic_label_id.
missing_topic_label,REC_012303,,,data/05_Labeling/Final_Labeled/[DS107] Gán nhãn - Nhung.csv,Label row is missing both topic_label_final and topic_label_id.
missing_topic_label,REC_001617,,,data/05_Labeling/Final_Labeled/[DS107] Gán nhãn - Nhung.csv,Label row is missing both topic_label_final and topic_label_id.
missing_topic_label,REC_012086,,,data/05_Labeling/Final_Labeled/[DS107] Gán nhãn - Nhung.csv,Label row is missing both topic_label_final and topic_label_id.
missing_topic_label,REC_010458,,,data/05_Labeling/Final_Labeled/[DS107] Gán nhãn - Nhung.csv,Label row is missing both topic_label_final and topic_label_id.
missing_topic_label,REC_003992,,,data/05_Labeling/Final_Labeled/[DS107] Gán nhãn - Nhung.csv,Label row is missing both topic_label_final and topic_label_id.
missing_topic_label,REC_009420,,,data/05_Labeling/Final_Labeled/[DS107] Gán nhãn - Nhung.csv,Label row is missing both topic_label_final and topic_label_id.
missing_topic_label,REC_011638,,,data/05_Labeling/Final_Labeled/[DS107] Gán nhãn - Nhung.csv,Label row is missing both topic_label_final and topic_label_id.
missing_topic_label,REC_008552,,,data/05_Labeling/Final_Labeled/[DS107] Gán nhãn - Nhung.csv,Label row is missing both topic_label_final and topic_label_id.
missing_topic_label,REC_011583,,,data/05_Labeling/Final_Labeled/[DS107] Gán nhãn - Nhung.csv,Label row is missing both topic_label_final and topic_label_id.
missing_topic_label,REC_003910,,,data/05_Labeling/Final_Labeled/[DS107] Gán nhãn - Nhung.csv,Label row is missing both topic_label_final and topic_label_id.
missing_topic_label,REC_000216,,,data/05_Labeling/Final_Labeled/[DS107] Gán nhãn - Nhung.csv,Label row is missing both topic_label_final and topic_label_id.
missing_topic_label,REC_013217,,,data/05_Labeling/Final_Labeled/[DS107] Gán nhãn - Nhung.csv,Label row is missing both topic_label_final and topic_label_id.
missing_topic_label,REC_006396,,,data/05_Labeling/Final_Labeled/[DS107] Gán nhãn - Nhung.csv,Label row is missing both topic_label_final and topic_label_id.
missing_topic_label,REC_002893,,,data/05_Labeling/Final_Labeled/[DS107] Gán nhãn - Nhung.csv,Label row is missing both topic_label_final and topic_label_id.
missing_topic_label,REC_000149,,,data/05_Labeling/Final_Labeled/[DS107] Gán nhãn - Nhung.csv,Label row is missing both topic_label_final and topic_label_id.
missing_topic_label,REC_000145,,,data/05_Labeling/Final_Labeled/[DS107] Gán nhãn - Nhung.csv,Label row is missing both topic_label_final and topic_label_id.
missing_topic_label,REC_002244,,,data/05_Labeling/Final_Labeled/[DS107] Gán nhãn - Nhung.csv,Label row is missing both topic_label_final and topic_label_id.
missing_topic_label,REC_000958,,,data/05_Labeling/Final_Labeled/[DS107] Gán nhãn - Nhung.csv,Label row is missing both topic_label_final and topic_label_id.
missing_topic_label,REC_005578,,,data/05_Labeling/Final_Labeled/[DS107] Gán nhãn - Nhung.csv,Label row is missing both topic_label_final and topic_label_id.
missing_topic_label,REC_000606,,,data/05_Labeling/Final_Labeled/[DS107] Gán nhãn - Nhung.csv,Label row is missing both topic_label_final and topic_label_id.
missing_topic_label,REC_002877,,,data/05_Labeling/Final_Labeled/[DS107] Gán nhãn - Nhung.csv,Label row is missing both topic_label_final and topic_label_id.
missing_topic_label,REC_001008,,,data/05_Labeling/Final_Labeled/[DS107] Gán nhãn - Nhung.csv,Label row is missing both topic_label_final and topic_label_id.
missing_topic_label,REC_009043,,,data/05_Labeling/Final_Labeled/[DS107] Gán nhãn - Nhung.csv,Label row is missing both topic_label_final and topic_label_id.
missing_topic_label,REC_008447,,,data/05_Labeling/Final_Labeled/[DS107] Gán nhãn - Nhung.csv,Label row is missing both topic_label_final and topic_label_id.
missing_topic_label,REC_006075,,,data/05_Labeling/Final_Labeled/[DS107] Gán nhãn - Nhung.csv,Label row is missing both topic_label_final and topic_label_id.
missing_topic_label,REC_008979,,,data/05_Labeling/Final_Labeled/[DS107] Gán nhãn - Nhung.csv,Label row is missing both topic_label_final and topic_label_id.
missing_topic_label,REC_011983,,,data/05_Labeling/Final_Labeled/[DS107] Gán nhãn - Nhung.csv,Label row is missing both topic_label_final and topic_label_id.
missing_topic_label,REC_000085,,,data/05_Labeling/Final_Labeled/[DS107] Gán nhãn - Nhung.csv,Label row is missing both topic_label_final and topic_label_id.
missing_topic_label,REC_002630,,,data/05_Labeling/Final_Labeled/[DS107] Gán nhãn - Nhung.csv,Label row is missing both topic_label_final and topic_label_id.
missing_topic_label,REC_011903,,,data/05_Labeling/Final_Labeled/[DS107] Gán nhãn - Nhung.csv,Label row is missing both topic_label_final and topic_label_id.
missing_topic_label,REC_012350,,,data/05_Labeling/Final_Labeled/[DS107] Gán nhãn - Nhung.csv,Label row is missing both topic_label_final and topic_label_id.
missing_topic_label,REC_011620,,,data/05_Labeling/Final_Labeled/[DS107] Gán nhãn - Nhung.csv,Label row is missing both topic_label_final and topic_label_id.
missing_topic_label,REC_010457,,,data/05_Labeling/Final_Labeled/[DS107] Gán nhãn - Nhung.csv,Label row is missing both topic_label_final and topic_label_id.
missing_topic_label,REC_013365,,,data/05_Labeling/Final_Labeled/[DS107] Gán nhãn - Nhung.csv,Label row is missing both topic_label_final and topic_label_id.
missing_topic_label,REC_003259,,,data/05_Labeling/Final_Labeled/[DS107] Gán nhãn - Nhung.csv,Label row is missing both topic_label_final and topic_label_id.
missing_topic_label,REC_013048,,,data/05_Labeling/Final_Labeled/[DS107] Gán nhãn - Nhung.csv,Label row is missing both topic_label_final and topic_label_id.
missing_topic_label,REC_001330,,,data/05_Labeling/Final_Labeled/[DS107] Gán nhãn - Nhung.csv,Label row is missing both topic_label_final and topic_label_id.
missing_topic_label,REC_002579,,,data/05_Labeling/Final_Labeled/[DS107] Gán nhãn - Nhung.csv,Label row is missing both topic_label_final and topic_label_id.
missing_topic_label,REC_004750,,,data/05_Labeling/Final_Labeled/[DS107] Gán nhãn - Nhung.csv,Label row is missing both topic_label_final and topic_label_id.
missing_topic_label,REC_004991,,,data/05_Labeling/Final_Labeled/[DS107] Gán nhãn - Nhung.csv,Label row is missing both topic_label_final and topic_label_id.
missing_topic_label,REC_004815,,,data/05_Labeling/Final_Labeled/[DS107] Gán nhãn - Nhung.csv,Label row is missing both topic_label_final and topic_label_id.
missing_topic_label,REC_011614,,,data/05_Labeling/Final_Labeled/[DS107] Gán nhãn - Nhung.csv,Label row is missing both topic_label_final and topic_label_id.
missing_topic_label,REC_002070,,,data/05_Labeling/Final_Labeled/[DS107] Gán nhãn - Nhung.csv,Label row is missing both topic_label_final and topic_label_id.
missing_topic_label,REC_000051,,,data/05_Labeling/Final_Labeled/[DS107] Gán nhãn - Nhung.csv,Label row is missing both topic_label_final and topic_label_id.
missing_topic_label,REC_003668,,,data/05_Labeling/Final_Labeled/[DS107] Gán nhãn - Nhung.csv,Label row is missing both topic_label_final and topic_label_id.
missing_topic_label,REC_002240,,,data/05_Labeling/Final_Labeled/[DS107] Gán nhãn - Nhung.csv,Label row is missing both topic_label_final and topic_label_id.
missing_topic_label,REC_006408,,,data/05_Labeling/Final_Labeled/[DS107] Gán nhãn - Nhung.csv,Label row is missing both topic_label_final and topic_label_id.
missing_topic_label,REC_004245,,,data/05_Labeling/Final_Labeled/[DS107] Gán nhãn - Nhung.csv,Label row is missing both topic_label_final and topic_label_id.
missing_topic_label,REC_001377,,,data/05_Labeling/Final_Labeled/[DS107] Gán nhãn - Nhung.csv,Label row is missing both topic_label_final and topic_label_id.
missing_topic_label,REC_013135,,,data/05_Labeling/Final_Labeled/[DS107] Gán nhãn - Nhung.csv,Label row is missing both topic_label_final and topic_label_id.
missing_topic_label,REC_004479,,,data/05_Labeling/Final_Labeled/[DS107] Gán nhãn - Nhung.csv,Label row is missing both topic_label_final and topic_label_id.
missing_topic_label,REC_003934,,,data/05_Labeling/Final_Labeled/[DS107] Gán nhãn - Nhung.csv,Label row is missing both topic_label_final and topic_label_id.
missing_topic_label,REC_011906,,,data/05_Labeling/Final_Labeled/[DS107] Gán nhãn - Nhung.csv,Label row is missing both topic_label_final and topic_label_id.
missing_topic_label,REC_000186,,,data/05_Labeling/Final_Labeled/[DS107] Gán nhãn - Nhung.csv,Label row is missing both topic_label_final and topic_label_id.
missing_topic_label,REC_009834,,,data/05_Labeling/Final_Labeled/[DS107] Gán nhãn - Nhung.csv,Label row is missing both topic_label_final and topic_label_id.
missing_topic_label,REC_001883,,,data/05_Labeling/Final_Labeled/[DS107] Gán nhãn - Nhung.csv,Label row is missing both topic_label_final and topic_label_id.
missing_topic_label,REC_002513,,,data/05_Labeling/Final_Labeled/[DS107] Gán nhãn - Nhung.csv,Label row is missing both topic_label_final and topic_label_id.
missing_topic_label,REC_006020,,,data/05_Labeling/Final_Labeled/[DS107] Gán nhãn - Nhung.csv,Label row is missing both topic_label_final and topic_label_id.
missing_topic_label,REC_004480,,,data/05_Labeling/Final_Labeled/[DS107] Gán nhãn - Nhung.csv,Label row is missing both topic_label_final and topic_label_id.
missing_topic_label,REC_002633,,,data/05_Labeling/Final_Labeled/[DS107] Gán nhãn - Nhung.csv,Label row is missing both topic_label_final and topic_label_id.
missing_topic_label,REC_010590,,,data/05_Labeling/Final_Labeled/[DS107] Gán nhãn - Nhung.csv,Label row is missing both topic_label_final and topic_label_id.
missing_topic_label,REC_009307,,,data/05_Labeling/Final_Labeled/[DS107] Gán nhãn - Nhung.csv,Label row is missing both topic_label_final and topic_label_id.
missing_topic_label,REC_005130,,,data/05_Labeling/Final_Labeled/[DS107] Gán nhãn - Nhung.csv,Label row is missing both topic_label_final and topic_label_id.
missing_topic_label,REC_001401,,,data/05_Labeling/Final_Labeled/[DS107] Gán nhãn - Nhung.csv,Label row is missing both topic_label_final and topic_label_id.
missing_topic_label,REC_004403,,,data/05_Labeling/Final_Labeled/[DS107] Gán nhãn - Nhung.csv,Label row is missing both topic_label_final and topic_label_id.
missing_topic_label,REC_001539,,,data/05_Labeling/Final_Labeled/[DS107] Gán nhãn - Nhung.csv,Label row is missing both topic_label_final and topic_label_id.
missing_topic_label,REC_004474,,,data/05_Labeling/Final_Labeled/[DS107] Gán nhãn - Nhung.csv,Label row is missing both topic_label_final and topic_label_id.
missing_topic_label,REC_010896,,,data/05_Labeling/Final_Labeled/[DS107] Gán nhãn - Nhung.csv,Label row is missing both topic_label_final and topic_label_id.
missing_topic_label,REC_001385,,,data/05_Labeling/Final_Labeled/[DS107] Gán nhãn - Nhung.csv,Label row is missing both topic_label_final and topic_label_id.
missing_topic_label,REC_003747,,,data/05_Labeling/Final_Labeled/[DS107] Gán nhãn - Nhung.csv,Label row is missing both topic_label_final and topic_label_id.
missing_topic_label,REC_002204,,,data/05_Labeling/Final_Labeled/[DS107] Gán nhãn - Nhung.csv,Label row is missing both topic_label_final and topic_label_id.
missing_topic_label,REC_009020,,,data/05_Labeling/Final_Labeled/[DS107] Gán nhãn - Nhung.csv,Label row is missing both topic_label_final and topic_label_id.
missing_topic_label,REC_009337,,,data/05_Labeling/Final_Labeled/[DS107] Gán nhãn - Nhung.csv,Label row is missing both topic_label_final and topic_label_id.
missing_topic_label,REC_001425,,,data/05_Labeling/Final_Labeled/[DS107] Gán nhãn - Nhung.csv,Label row is missing both topic_label_final and topic_label_id.
missing_topic_label,REC_002001,,,data/05_Labeling/Final_Labeled/[DS107] Gán nhãn - Nhung.csv,Label row is missing both topic_label_final and topic_label_id.
missing_topic_label,REC_000538,,,data/05_Labeling/Final_Labeled/[DS107] Gán nhãn - Nhung.csv,Label row is missing both topic_label_final and topic_label_id.
missing_topic_label,REC_010079,,,data/05_Labeling/Final_Labeled/[DS107] Gán nhãn - Nhung.csv,Label row is missing both topic_label_final and topic_label_id.
missing_topic_label,REC_005967,,,data/05_Labeling/Final_Labeled/[DS107] Gán nhãn - Nhung.csv,Label row is missing both topic_label_final and topic_label_id.
missing_topic_label,REC_002679,,,data/05_Labeling/Final_Labeled/[DS107] Gán nhãn - Nhung.csv,Label row is missing both topic_label_final and topic_label_id.
missing_topic_label,REC_012690,,,data/05_Labeling/Final_Labeled/[DS107] Gán nhãn - Nhung.csv,Label row is missing both topic_label_final and topic_label_id.
missing_topic_label,REC_001378,,,data/05_Labeling/Final_Labeled/[DS107] Gán nhãn - Nhung.csv,Label row is missing both topic_label_final and topic_label_id.
missing_topic_label,REC_004051,,,data/05_Labeling/Final_Labeled/[DS107] Gán nhãn - Nhung.csv,Label row is missing both topic_label_final and topic_label_id.
missing_topic_label,REC_000976,,,data/05_Labeling/Final_Labeled/[DS107] Gán nhãn - Nhung.csv,Label row is missing both topic_label_final and topic_label_id.
missing_topic_label,REC_005383,,,data/05_Labeling/Final_Labeled/[DS107] Gán nhãn - Nhung.csv,Label row is missing both topic_label_final and topic_label_id.
missing_topic_label,REC_002454,,,data/05_Labeling/Final_Labeled/[DS107] Gán nhãn - Nhung.csv,Label row is missing both topic_label_final and topic_label_id.
missing_topic_label,REC_008986,,,data/05_Labeling/Final_Labeled/[DS107] Gán nhãn - Nhung.csv,Label row is missing both topic_label_final and topic_label_id.
missing_topic_label,REC_001681,,,data/05_Labeling/Final_Labeled/[DS107] Gán nhãn - Nhung.csv,Label row is missing both topic_label_final and topic_label_id.
missing_topic_label,REC_010499,,,data/05_Labeling/Final_Labeled/[DS107] Gán nhãn - Nhung.csv,Label row is missing both topic_label_final and topic_label_id.
missing_topic_label,REC_013168,,,data/05_Labeling/Final_Labeled/[DS107] Gán nhãn - Nhung.csv,Label row is missing both topic_label_final and topic_label_id.
missing_topic_label,REC_004632,,,data/05_Labeling/Final_Labeled/[DS107] Gán nhãn - Nhung.csv,Label row is missing both topic_label_final and topic_label_id.
missing_topic_label,REC_009860,,,data/05_Labeling/Final_Labeled/[DS107] Gán nhãn - Nhung.csv,Label row is missing both topic_label_final and topic_label_id.
missing_topic_label,REC_004332,,,data/05_Labeling/Final_Labeled/[DS107] Gán nhãn - Nhung.csv,Label row is missing both topic_label_final and topic_label_id.
missing_topic_label,REC_002397,,,data/05_Labeling/Final_Labeled/[DS107] Gán nhãn - Nhung.csv,Label row is missing both topic_label_final and topic_label_id.
missing_topic_label,REC_012865,,,data/05_Labeling/Final_Labeled/[DS107] Gán nhãn - Nhung.csv,Label row is missing both topic_label_final and topic_label_id.
missing_topic_label,REC_008610,,,data/05_Labeling/Final_Labeled/[DS107] Gán nhãn - Nhung.csv,Label row is missing both topic_label_final and topic_label_id.
missing_topic_label,REC_006096,,,data/05_Labeling/Final_Labeled/[DS107] Gán nhãn - Nhung.csv,Label row is missing both topic_label_final and topic_label_id.
missing_topic_label,REC_012108,,,data/05_Labeling/Final_Labeled/[DS107] Gán nhãn - Nhung.csv,Label row is missing both topic_label_final and topic_label_id.
missing_topic_label,REC_002740,,,data/05_Labeling/Final_Labeled/[DS107] Gán nhãn - Nhung.csv,Label row is missing both topic_label_final and topic_label_id.
missing_topic_label,REC_003625,,,data/05_Labeling/Final_Labeled/[DS107] Gán nhãn - Nhung.csv,Label row is missing both topic_label_final and topic_label_id.
missing_topic_label,REC_012923,,,data/05_Labeling/Final_Labeled/[DS107] Gán nhãn - Nhung.csv,Label row is missing both topic_label_final and topic_label_id.
missing_topic_label,REC_003385,,,data/05_Labeling/Final_Labeled/[DS107] Gán nhãn - Nhung.csv,Label row is missing both topic_label_final and topic_label_id.
missing_topic_label,REC_009567,,,data/05_Labeling/Final_Labeled/[DS107] Gán nhãn - Nhung.csv,Label row is missing both topic_label_final and topic_label_id.
missing_topic_label,REC_011390,,,data/05_Labeling/Final_Labeled/[DS107] Gán nhãn - Nhung.csv,Label row is missing both topic_label_final and topic_label_id.
missing_topic_label,REC_000075,,,data/05_Labeling/Final_Labeled/[DS107] Gán nhãn - Nhung.csv,Label row is missing both topic_label_final and topic_label_id.
missing_topic_label,REC_012284,,,data/05_Labeling/Final_Labeled/[DS107] Gán nhãn - Nhung.csv,Label row is missing both topic_label_final and topic_label_id.
missing_topic_label,REC_010429,,,data/05_Labeling/Final_Labeled/[DS107] Gán nhãn - Nhung.csv,Label row is missing both topic_label_final and topic_label_id.
missing_topic_label,REC_005204,,,data/05_Labeling/Final_Labeled/[DS107] Gán nhãn - Nhung.csv,Label row is missing both topic_label_final and topic_label_id.
missing_topic_label,REC_004600,,,data/05_Labeling/Final_Labeled/[DS107] Gán nhãn - Nhung.csv,Label row is missing both topic_label_final and topic_label_id.
missing_topic_label,REC_009317,,,data/05_Labeling/Final_Labeled/[DS107] Gán nhãn - Nhung.csv,Label row is missing both topic_label_final and topic_label_id.
missing_topic_label,REC_002627,,,data/05_Labeling/Final_Labeled/[DS107] Gán nhãn - Nhung.csv,Label row is missing both topic_label_final and topic_label_id.
missing_topic_label,REC_002525,,,data/05_Labeling/Final_Labeled/[DS107] Gán nhãn - Nhung.csv,Label row is missing both topic_label_final and topic_label_id.
missing_topic_label,REC_000441,,,data/05_Labeling/Final_Labeled/[DS107] Gán nhãn - Nhung.csv,Label row is missing both topic_label_final and topic_label_id.
missing_topic_label,REC_012100,,,data/05_Labeling/Final_Labeled/[DS107] Gán nhãn - Nhung.csv,Label row is missing both topic_label_final and topic_label_id.
missing_topic_label,REC_012188,,,data/05_Labeling/Final_Labeled/[DS107] Gán nhãn - Nhung.csv,Label row is missing both topic_label_final and topic_label_id.
missing_topic_label,REC_006051,,,data/05_Labeling/Final_Labeled/[DS107] Gán nhãn - Nhung.csv,Label row is missing both topic_label_final and topic_label_id.
missing_topic_label,REC_002982,,,data/05_Labeling/Final_Labeled/[DS107] Gán nhãn - Nhung.csv,Label row is missing both topic_label_final and topic_label_id.
missing_topic_label,REC_012935,,,data/05_Labeling/Final_Labeled/[DS107] Gán nhãn - Nhung.csv,Label row is missing both topic_label_final and topic_label_id.
missing_topic_label,REC_004215,,,data/05_Labeling/Final_Labeled/[DS107] Gán nhãn - Nhung.csv,Label row is missing both topic_label_final and topic_label_id.
missing_topic_label,REC_003464,,,data/05_Labeling/Final_Labeled/[DS107] Gán nhãn - Nhung.csv,Label row is missing both topic_label_final and topic_label_id.
missing_topic_label,REC_013411,,,data/05_Labeling/Final_Labeled/[DS107] Gán nhãn - Nhung.csv,Label row is missing both topic_label_final and topic_label_id.
missing_topic_label,REC_001487,,,data/05_Labeling/Final_Labeled/[DS107] Gán nhãn - Nhung.csv,Label row is missing both topic_label_final and topic_label_id.
missing_topic_label,REC_005921,,,data/05_Labeling/Final_Labeled/[DS107] Gán nhãn - Nhung.csv,Label row is missing both topic_label_final and topic_label_id.
missing_topic_label,REC_011164,,,data/05_Labeling/Final_Labeled/[DS107] Gán nhãn - Nhung.csv,Label row is missing both topic_label_final and topic_label_id.
missing_topic_label,REC_006311,,,data/05_Labeling/Final_Labeled/[DS107] Gán nhãn - Nhung.csv,Label row is missing both topic_label_final and topic_label_id.
missing_topic_label,REC_006304,,,data/05_Labeling/Final_Labeled/[DS107] Gán nhãn - Nhung.csv,Label row is missing both topic_label_final and topic_label_id.
missing_topic_label,REC_008997,,,data/05_Labeling/Final_Labeled/[DS107] Gán nhãn - Nhung.csv,Label row is missing both topic_label_final and topic_label_id.
missing_topic_label,REC_012389,,,data/05_Labeling/Final_Labeled/[DS107] Gán nhãn - Nhung.csv,Label row is missing both topic_label_final and topic_label_id.
missing_topic_label,REC_005490,,,data/05_Labeling/Final_Labeled/[DS107] Gán nhãn - Nhung.csv,Label row is missing both topic_label_final and topic_label_id.
missing_topic_label,REC_012985,,,data/05_Labeling/Final_Labeled/[DS107] Gán nhãn - Nhung.csv,Label row is missing both topic_label_final and topic_label_id.
missing_topic_label,REC_012021,,,data/05_Labeling/Final_Labeled/[DS107] Gán nhãn - Nhung.csv,Label row is missing both topic_label_final and topic_label_id.
missing_topic_label,REC_000133,,,data/05_Labeling/Final_Labeled/[DS107] Gán nhãn - Nhung.csv,Label row is missing both topic_label_final and topic_label_id.
missing_topic_label,REC_009097,,,data/05_Labeling/Final_Labeled/[DS107] Gán nhãn - Nhung.csv,Label row is missing both topic_label_final and topic_label_id.
missing_topic_label,REC_010623,,,data/05_Labeling/Final_Labeled/[DS107] Gán nhãn - Nhung.csv,Label row is missing both topic_label_final and topic_label_id.
missing_topic_label,REC_002947,,,data/05_Labeling/Final_Labeled/[DS107] Gán nhãn - Nhung.csv,Label row is missing both topic_label_final and topic_label_id.
missing_topic_label,REC_001601,,,data/05_Labeling/Final_Labeled/[DS107] Gán nhãn - Nhung.csv,Label row is missing both topic_label_final and topic_label_id.
missing_topic_label,REC_003745,,,data/05_Labeling/Final_Labeled/[DS107] Gán nhãn - Nhung.csv,Label row is missing both topic_label_final and topic_label_id.
missing_topic_label,REC_005309,,,data/05_Labeling/Final_Labeled/[DS107] Gán nhãn - Nhung.csv,Label row is missing both topic_label_final and topic_label_id.
missing_topic_label,REC_002912,,,data/05_Labeling/Final_Labeled/[DS107] Gán nhãn - Nhung.csv,Label row is missing both topic_label_final and topic_label_id.
missing_topic_label,REC_002072,,,data/05_Labeling/Final_Labeled/[DS107] Gán nhãn - Nhung.csv,Label row is missing both topic_label_final and topic_label_id.
missing_topic_label,REC_006291,,,data/05_Labeling/Final_Labeled/[DS107] Gán nhãn - Nhung.csv,Label row is missing both topic_label_final and topic_label_id.
missing_topic_label,REC_004586,,,data/05_Labeling/Final_Labeled/[DS107] Gán nhãn - Nhung.csv,Label row is missing both topic_label_final and topic_label_id.
missing_topic_label,REC_001578,,,data/05_Labeling/Final_Labeled/[DS107] Gán nhãn - Nhung.csv,Label row is missing both topic_label_final and topic_label_id.
missing_topic_label,REC_002888,,,data/05_Labeling/Final_Labeled/[DS107] Gán nhãn - Nhung.csv,Label row is missing both topic_label_final and topic_label_id.
missing_topic_label,REC_012861,,,data/05_Labeling/Final_Labeled/[DS107] Gán nhãn - Nhung.csv,Label row is missing both topic_label_final and topic_label_id.
missing_topic_label,REC_010185,,,data/05_Labeling/Final_Labeled/[DS107] Gán nhãn - Nhung.csv,Label row is missing both topic_label_final and topic_label_id.
missing_topic_label,REC_012506,,,data/05_Labeling/Final_Labeled/[DS107] Gán nhãn - Nhung.csv,Label row is missing both topic_label_final and topic_label_id.
missing_topic_label,REC_001326,,,data/05_Labeling/Final_Labeled/[DS107] Gán nhãn - Nhung.csv,Label row is missing both topic_label_final and topic_label_id.
missing_topic_label,REC_009023,,,data/05_Labeling/Final_Labeled/[DS107] Gán nhãn - Nhung.csv,Label row is missing both topic_label_final and topic_label_id.
missing_topic_label,REC_003898,,,data/05_Labeling/Final_Labeled/[DS107] Gán nhãn - Nhung.csv,Label row is missing both topic_label_final and topic_label_id.
missing_topic_label,REC_005321,,,data/05_Labeling/Final_Labeled/[DS107] Gán nhãn - Nhung.csv,Label row is missing both topic_label_final and topic_label_id.
missing_topic_label,REC_011293,,,data/05_Labeling/Final_Labeled/[DS107] Gán nhãn - Nhung.csv,Label row is missing both topic_label_final and topic_label_id.
missing_topic_label,REC_013176,,,data/05_Labeling/Final_Labeled/[DS107] Gán nhãn - Nhung.csv,Label row is missing both topic_label_final and topic_label_id.
missing_topic_label,REC_013222,,,data/05_Labeling/Final_Labeled/[DS107] Gán nhãn - Nhung.csv,Label row is missing both topic_label_final and topic_label_id.
missing_topic_label,REC_005323,,,data/05_Labeling/Final_Labeled/[DS107] Gán nhãn - Nhung.csv,Label row is missing both topic_label_final and topic_label_id.
missing_topic_label,REC_002172,,,data/05_Labeling/Final_Labeled/[DS107] Gán nhãn - Nhung.csv,Label row is missing both topic_label_final and topic_label_id.
missing_topic_label,REC_009933,,,data/05_Labeling/Final_Labeled/[DS107] Gán nhãn - Nhung.csv,Label row is missing both topic_label_final and topic_label_id.
missing_topic_label,REC_000519,,,data/05_Labeling/Final_Labeled/[DS107] Gán nhãn - Nhung.csv,Label row is missing both topic_label_final and topic_label_id.
missing_topic_label,REC_010889,,,data/05_Labeling/Final_Labeled/[DS107] Gán nhãn - Nhung.csv,Label row is missing both topic_label_final and topic_label_id.
missing_topic_label,REC_004132,,,data/05_Labeling/Final_Labeled/[DS107] Gán nhãn - Nhung.csv,Label row is missing both topic_label_final and topic_label_id.
missing_topic_label,REC_002840,,,data/05_Labeling/Final_Labeled/[DS107] Gán nhãn - Nhung.csv,Label row is missing both topic_label_final and topic_label_id.
missing_topic_label,REC_010978,,,data/05_Labeling/Final_Labeled/[DS107] Gán nhãn - Nhung.csv,Label row is missing both topic_label_final and topic_label_id.
missing_topic_label,REC_010350,,,data/05_Labeling/Final_Labeled/[DS107] Gán nhãn - Nhung.csv,Label row is missing both topic_label_final and topic_label_id.
missing_topic_label,REC_011590,,,data/05_Labeling/Final_Labeled/[DS107] Gán nhãn - Nhung.csv,Label row is missing both topic_label_final and topic_label_id.
missing_topic_label,REC_011518,,,data/05_Labeling/Final_Labeled/[DS107] Gán nhãn - Nhung.csv,Label row is missing both topic_label_final and topic_label_id.
missing_topic_label,REC_012003,,,data/05_Labeling/Final_Labeled/[DS107] Gán nhãn - Nhung.csv,Label row is missing both topic_label_final and topic_label_id.
missing_topic_label,REC_003393,,,data/05_Labeling/Final_Labeled/[DS107] Gán nhãn - Nhung.csv,Label row is missing both topic_label_final and topic_label_id.
missing_topic_label,REC_001683,,,data/05_Labeling/Final_Labeled/[DS107] Gán nhãn - Nhung.csv,Label row is missing both topic_label_final and topic_label_id.
missing_topic_label,REC_010931,,,data/05_Labeling/Final_Labeled/[DS107] Gán nhãn - Nhung.csv,Label row is missing both topic_label_final and topic_label_id.
missing_topic_label,REC_002079,,,data/05_Labeling/Final_Labeled/[DS107] Gán nhãn - Nhung.csv,Label row is missing both topic_label_final and topic_label_id.
missing_topic_label,REC_013101,,,data/05_Labeling/Final_Labeled/[DS107] Gán nhãn - Nhung.csv,Label row is missing both topic_label_final and topic_label_id.
missing_topic_label,REC_011397,,,data/05_Labeling/Final_Labeled/[DS107] Gán nhãn - Nhung.csv,Label row is missing both topic_label_final and topic_label_id.
missing_topic_label,REC_004077,,,data/05_Labeling/Final_Labeled/[DS107] Gán nhãn - Nhung.csv,Label row is missing both topic_label_final and topic_label_id.
missing_topic_label,REC_010442,,,data/05_Labeling/Final_Labeled/[DS107] Gán nhãn - Nhung.csv,Label row is missing both topic_label_final and topic_label_id.
missing_topic_label,REC_003851,,,data/05_Labeling/Final_Labeled/[DS107] Gán nhãn - Nhung.csv,Label row is missing both topic_label_final and topic_label_id.
missing_topic_label,REC_010443,,,data/05_Labeling/Final_Labeled/[DS107] Gán nhãn - Nhung.csv,Label row is missing both topic_label_final and topic_label_id.
missing_topic_label,REC_010083,,,data/05_Labeling/Final_Labeled/[DS107] Gán nhãn - Nhung.csv,Label row is missing both topic_label_final and topic_label_id.
missing_topic_label,REC_002958,,,data/05_Labeling/Final_Labeled/[DS107] Gán nhãn - Nhung.csv,Label row is missing both topic_label_final and topic_label_id.
missing_topic_label,REC_011511,,,data/05_Labeling/Final_Labeled/[DS107] Gán nhãn - Nhung.csv,Label row is missing both topic_label_final and topic_label_id.
missing_topic_label,REC_010938,,,data/05_Labeling/Final_Labeled/[DS107] Gán nhãn - Nhung.csv,Label row is missing both topic_label_final and topic_label_id.
missing_topic_label,REC_012909,,,data/05_Labeling/Final_Labeled/[DS107] Gán nhãn - Nhung.csv,Label row is missing both topic_label_final and topic_label_id.
missing_topic_label,REC_009175,,,data/05_Labeling/Final_Labeled/[DS107] Gán nhãn - Nhung.csv,Label row is missing both topic_label_final and topic_label_id.
missing_topic_label,REC_000872,,,data/05_Labeling/Final_Labeled/[DS107] Gán nhãn - Nhung.csv,Label row is missing both topic_label_final and topic_label_id.
missing_topic_label,REC_010596,,,data/05_Labeling/Final_Labeled/[DS107] Gán nhãn - Nhung.csv,Label row is missing both topic_label_final and topic_label_id.
missing_topic_label,REC_004963,,,data/05_Labeling/Final_Labeled/[DS107] Gán nhãn - Nhung.csv,Label row is missing both topic_label_final and topic_label_id.
missing_topic_label,REC_005116,,,data/05_Labeling/Final_Labeled/[DS107] Gán nhãn - Nhung.csv,Label row is missing both topic_label_final and topic_label_id.
missing_topic_label,REC_013239,,,data/05_Labeling/Final_Labeled/[DS107] Gán nhãn - Nhung.csv,Label row is missing both topic_label_final and topic_label_id.
missing_topic_label,REC_003680,,,data/05_Labeling/Final_Labeled/[DS107] Gán nhãn - Nhung.csv,Label row is missing both topic_label_final and topic_label_id.
missing_topic_label,REC_000664,,,data/05_Labeling/Final_Labeled/[DS107] Gán nhãn - Nhung.csv,Label row is missing both topic_label_final and topic_label_id.
missing_topic_label,REC_001703,,,data/05_Labeling/Final_Labeled/[DS107] Gán nhãn - Nhung.csv,Label row is missing both topic_label_final and topic_label_id.
missing_topic_label,REC_004846,,,data/05_Labeling/Final_Labeled/[DS107] Gán nhãn - Nhung.csv,Label row is missing both topic_label_final and topic_label_id.
missing_topic_label,REC_000613,,,data/05_Labeling/Final_Labeled/[DS107] Gán nhãn - Nhung.csv,Label row is missing both topic_label_final and topic_label_id.
missing_topic_label,REC_010200,,,data/05_Labeling/Final_Labeled/[DS107] Gán nhãn - Nhung.csv,Label row is missing both topic_label_final and topic_label_id.
missing_topic_label,REC_002860,,,data/05_Labeling/Final_Labeled/[DS107] Gán nhãn - Nhung.csv,Label row is missing both topic_label_final and topic_label_id.
missing_topic_label,REC_008504,,,data/05_Labeling/Final_Labeled/[DS107] Gán nhãn - Nhung.csv,Label row is missing both topic_label_final and topic_label_id.
missing_topic_label,REC_000097,,,data/05_Labeling/Final_Labeled/[DS107] Gán nhãn - Nhung.csv,Label row is missing both topic_label_final and topic_label_id.
missing_topic_label,REC_003693,,,data/05_Labeling/Final_Labeled/[DS107] Gán nhãn - Nhung.csv,Label row is missing both topic_label_final and topic_label_id.
missing_topic_label,REC_002300,,,data/05_Labeling/Final_Labeled/[DS107] Gán nhãn - Nhung.csv,Label row is missing both topic_label_final and topic_label_id.
missing_topic_label,REC_010294,,,data/05_Labeling/Final_Labeled/[DS107] Gán nhãn - Nhung.csv,Label row is missing both topic_label_final and topic_label_id.
missing_topic_label,REC_004018,,,data/05_Labeling/Final_Labeled/[DS107] Gán nhãn - Nhung.csv,Label row is missing both topic_label_final and topic_label_id.
missing_topic_label,REC_011255,,,data/05_Labeling/Final_Labeled/[DS107] Gán nhãn - Nhung.csv,Label row is missing both topic_label_final and topic_label_id.
missing_topic_label,REC_001052,,,data/05_Labeling/Final_Labeled/[DS107] Gán nhãn - Nhung.csv,Label row is missing both topic_label_final and topic_label_id.
missing_topic_label,REC_001816,,,data/05_Labeling/Final_Labeled/[DS107] Gán nhãn - Nhung.csv,Label row is missing both topic_label_final and topic_label_id.
missing_topic_label,REC_000945,,,data/05_Labeling/Final_Labeled/[DS107] Gán nhãn - Nhung.csv,Label row is missing both topic_label_final and topic_label_id.
missing_topic_label,REC_000095,,,data/05_Labeling/Final_Labeled/[DS107] Gán nhãn - Nhung.csv,Label row is missing both topic_label_final and topic_label_id.
missing_topic_label,REC_002539,,,data/05_Labeling/Final_Labeled/[DS107] Gán nhãn - Nhung.csv,Label row is missing both topic_label_final and topic_label_id.
missing_topic_label,REC_012841,,,data/05_Labeling/Final_Labeled/[DS107] Gán nhãn - Nhung.csv,Label row is missing both topic_label_final and topic_label_id.
missing_topic_label,REC_008693,,,data/05_Labeling/Final_Labeled/[DS107] Gán nhãn - Nhung.csv,Label row is missing both topic_label_final and topic_label_id.
missing_topic_label,REC_001010,,,data/05_Labeling/Final_Labeled/[DS107] Gán nhãn - Nhung.csv,Label row is missing both topic_label_final and topic_label_id.
missing_topic_label,REC_000596,,,data/05_Labeling/Final_Labeled/[DS107] Gán nhãn - Nhung.csv,Label row is missing both topic_label_final and topic_label_id.
missing_topic_label,REC_012516,,,data/05_Labeling/Final_Labeled/[DS107] Gán nhãn - Nhung.csv,Label row is missing both topic_label_final and topic_label_id.
missing_topic_label,REC_001428,,,data/05_Labeling/Final_Labeled/[DS107] Gán nhãn - Nhung.csv,Label row is missing both topic_label_final and topic_label_id.
missing_topic_label,REC_001715,,,data/05_Labeling/Final_Labeled/[DS107] Gán nhãn - Nhung.csv,Label row is missing both topic_label_final and topic_label_id.
missing_topic_label,REC_001086,,,data/05_Labeling/Final_Labeled/[DS107] Gán nhãn - Nhung.csv,Label row is missing both topic_label_final and topic_label_id.
missing_topic_label,REC_010015,,,data/05_Labeling/Final_Labeled/[DS107] Gán nhãn - Nhung.csv,Label row is missing both topic_label_final and topic_label_id.
missing_topic_label,REC_012542,,,data/05_Labeling/Final_Labeled/[DS107] Gán nhãn - Nhung.csv,Label row is missing both topic_label_final and topic_label_id.
missing_topic_label,REC_006193,,,data/05_Labeling/Final_Labeled/[DS107] Gán nhãn - Nhung.csv,Label row is missing both topic_label_final and topic_label_id.
missing_topic_label,REC_011206,,,data/05_Labeling/Final_Labeled/[DS107] Gán nhãn - Nhung.csv,Label row is missing both topic_label_final and topic_label_id.
missing_topic_label,REC_002737,,,data/05_Labeling/Final_Labeled/[DS107] Gán nhãn - Nhung.csv,Label row is missing both topic_label_final and topic_label_id.
missing_topic_label,REC_009960,,,data/05_Labeling/Final_Labeled/[DS107] Gán nhãn - Nhung.csv,Label row is missing both topic_label_final and topic_label_id.
missing_topic_label,REC_003908,,,data/05_Labeling/Final_Labeled/[DS107] Gán nhãn - Nhung.csv,Label row is missing both topic_label_final and topic_label_id.
missing_topic_label,REC_004205,,,data/05_Labeling/Final_Labeled/[DS107] Gán nhãn - Nhung.csv,Label row is missing both topic_label_final and topic_label_id.
missing_topic_label,REC_010344,,,data/05_Labeling/Final_Labeled/[DS107] Gán nhãn - Nhung.csv,Label row is missing both topic_label_final and topic_label_id.
missing_topic_label,REC_004932,,,data/05_Labeling/Final_Labeled/[DS107] Gán nhãn - Nhung.csv,Label row is missing both topic_label_final and topic_label_id.
missing_topic_label,REC_006167,,,data/05_Labeling/Final_Labeled/[DS107] Gán nhãn - Nhung.csv,Label row is missing both topic_label_final and topic_label_id.
missing_topic_label,REC_000532,,,data/05_Labeling/Final_Labeled/[DS107] Gán nhãn - Nhung.csv,Label row is missing both topic_label_final and topic_label_id.
missing_topic_label,REC_005906,,,data/05_Labeling/Final_Labeled/[DS107] Gán nhãn - Nhung.csv,Label row is missing both topic_label_final and topic_label_id.
missing_topic_label,REC_006178,,,data/05_Labeling/Final_Labeled/[DS107] Gán nhãn - Nhung.csv,Label row is missing both topic_label_final and topic_label_id.
missing_topic_label,REC_008624,,,data/05_Labeling/Final_Labeled/[DS107] Gán nhãn - Nhung.csv,Label row is missing both topic_label_final and topic_label_id.
missing_topic_label,REC_010484,,,data/05_Labeling/Final_Labeled/[DS107] Gán nhãn - Nhung.csv,Label row is missing both topic_label_final and topic_label_id.
missing_topic_label,REC_005950,,,data/05_Labeling/Final_Labeled/[DS107] Gán nhãn - Nhung.csv,Label row is missing both topic_label_final and topic_label_id.
missing_topic_label,REC_012774,,,data/05_Labeling/Final_Labeled/[DS107] Gán nhãn - Nhung.csv,Label row is missing both topic_label_final and topic_label_id.
missing_topic_label,REC_002303,,,data/05_Labeling/Final_Labeled/[DS107] Gán nhãn - Nhung.csv,Label row is missing both topic_label_final and topic_label_id.
missing_topic_label,REC_001830,,,data/05_Labeling/Final_Labeled/[DS107] Gán nhãn - Nhung.csv,Label row is missing both topic_label_final and topic_label_id.
missing_topic_label,REC_002232,,,data/05_Labeling/Final_Labeled/[DS107] Gán nhãn - Nhung.csv,Label row is missing both topic_label_final and topic_label_id.
missing_topic_label,REC_000120,,,data/05_Labeling/Final_Labeled/[DS107] Gán nhãn - Nhung.csv,Label row is missing both topic_label_final and topic_label_id.
missing_topic_label,REC_010376,,,data/05_Labeling/Final_Labeled/[DS107] Gán nhãn - Nhung.csv,Label row is missing both topic_label_final and topic_label_id.
missing_topic_label,REC_003428,,,data/05_Labeling/Final_Labeled/[DS107] Gán nhãn - Nhung.csv,Label row is missing both topic_label_final and topic_label_id.
missing_topic_label,REC_000089,,,data/05_Labeling/Final_Labeled/[DS107] Gán nhãn - Nhung.csv,Label row is missing both topic_label_final and topic_label_id.
missing_topic_label,REC_005336,,,data/05_Labeling/Final_Labeled/[DS107] Gán nhãn - Nhung.csv,Label row is missing both topic_label_final and topic_label_id.
missing_topic_label,REC_005459,,,data/05_Labeling/Final_Labeled/[DS107] Gán nhãn - Nhung.csv,Label row is missing both topic_label_final and topic_label_id.
missing_topic_label,REC_001749,,,data/05_Labeling/Final_Labeled/[DS107] Gán nhãn - Nhung.csv,Label row is missing both topic_label_final and topic_label_id.
missing_topic_label,REC_000964,,,data/05_Labeling/Final_Labeled/[DS107] Gán nhãn - Nhung.csv,Label row is missing both topic_label_final and topic_label_id.
missing_topic_label,REC_005461,,,data/05_Labeling/Final_Labeled/[DS107] Gán nhãn - Nhung.csv,Label row is missing both topic_label_final and topic_label_id.
missing_topic_label,REC_010275,,,data/05_Labeling/Final_Labeled/[DS107] Gán nhãn - Nhung.csv,Label row is missing both topic_label_final and topic_label_id.
missing_topic_label,REC_013143,,,data/05_Labeling/Final_Labeled/[DS107] Gán nhãn - Nhung.csv,Label row is missing both topic_label_final and topic_label_id.
missing_topic_label,REC_001055,,,data/05_Labeling/Final_Labeled/[DS107] Gán nhãn - Nhung.csv,Label row is missing both topic_label_final and topic_label_id.
missing_topic_label,REC_004594,,,data/05_Labeling/Final_Labeled/[DS107] Gán nhãn - Nhung.csv,Label row is missing both topic_label_final and topic_label_id.
missing_topic_label,REC_006328,,,data/05_Labeling/Final_Labeled/[DS107] Gán nhãn - Nhung.csv,Label row is missing both topic_label_final and topic_label_id.
missing_topic_label,REC_001317,,,data/05_Labeling/Final_Labeled/[DS107] Gán nhãn - Nhung.csv,Label row is missing both topic_label_final and topic_label_id.
missing_topic_label,REC_001074,,,data/05_Labeling/Final_Labeled/[DS107] Gán nhãn - Nhung.csv,Label row is missing both topic_label_final and topic_label_id.
missing_topic_label,REC_012645,,,data/05_Labeling/Final_Labeled/[DS107] Gán nhãn - Nhung.csv,Label row is missing both topic_label_final and topic_label_id.
missing_topic_label,REC_012103,,,data/05_Labeling/Final_Labeled/[DS107] Gán nhãn - Nhung.csv,Label row is missing both topic_label_final and topic_label_id.
missing_topic_label,REC_010307,,,data/05_Labeling/Final_Labeled/[DS107] Gán nhãn - Nhung.csv,Label row is missing both topic_label_final and topic_label_id.
missing_topic_label,REC_004835,,,data/05_Labeling/Final_Labeled/[DS107] Gán nhãn - Nhung.csv,Label row is missing both topic_label_final and topic_label_id.
missing_topic_label,REC_009290,,,data/05_Labeling/Final_Labeled/[DS107] Gán nhãn - Nhung.csv,Label row is missing both topic_label_final and topic_label_id.
missing_topic_label,REC_003890,,,data/05_Labeling/Final_Labeled/[DS107] Gán nhãn - Nhung.csv,Label row is missing both topic_label_final and topic_label_id.
missing_topic_label,REC_010500,,,data/05_Labeling/Final_Labeled/[DS107] Gán nhãn - Nhung.csv,Label row is missing both topic_label_final and topic_label_id.
missing_topic_label,REC_003079,,,data/05_Labeling/Final_Labeled/[DS107] Gán nhãn - Nhung.csv,Label row is missing both topic_label_final and topic_label_id.
missing_topic_label,REC_013394,,,data/05_Labeling/Final_Labeled/[DS107] Gán nhãn - Nhung.csv,Label row is missing both topic_label_final and topic_label_id.
missing_topic_label,REC_010722,,,data/05_Labeling/Final_Labeled/[DS107] Gán nhãn - Nhung.csv,Label row is missing both topic_label_final and topic_label_id.
missing_topic_label,REC_010982,,,data/05_Labeling/Final_Labeled/[DS107] Gán nhãn - Nhung.csv,Label row is missing both topic_label_final and topic_label_id.
missing_topic_label,REC_009352,,,data/05_Labeling/Final_Labeled/[DS107] Gán nhãn - Nhung.csv,Label row is missing both topic_label_final and topic_label_id.
missing_topic_label,REC_013129,,,data/05_Labeling/Final_Labeled/[DS107] Gán nhãn - Nhung.csv,Label row is missing both topic_label_final and topic_label_id.
missing_topic_label,REC_000690,,,data/05_Labeling/Final_Labeled/[DS107] Gán nhãn - Nhung.csv,Label row is missing both topic_label_final and topic_label_id.
missing_topic_label,REC_003151,,,data/05_Labeling/Final_Labeled/[DS107] Gán nhãn - Nhung.csv,Label row is missing both topic_label_final and topic_label_id.
missing_topic_label,REC_001928,,,data/05_Labeling/Final_Labeled/[DS107] Gán nhãn - Nhung.csv,Label row is missing both topic_label_final and topic_label_id.
missing_topic_label,REC_004025,,,data/05_Labeling/Final_Labeled/[DS107] Gán nhãn - Nhung.csv,Label row is missing both topic_label_final and topic_label_id.
missing_topic_label,REC_008432,,,data/05_Labeling/Final_Labeled/[DS107] Gán nhãn - Nhung.csv,Label row is missing both topic_label_final and topic_label_id.
missing_topic_label,REC_000683,,,data/05_Labeling/Final_Labeled/[DS107] Gán nhãn - Nhung.csv,Label row is missing both topic_label_final and topic_label_id.
missing_topic_label,REC_013147,,,data/05_Labeling/Final_Labeled/[DS107] Gán nhãn - Nhung.csv,Label row is missing both topic_label_final and topic_label_id.
missing_topic_label,REC_008634,,,data/05_Labeling/Final_Labeled/[DS107] Gán nhãn - Nhung.csv,Label row is missing both topic_label_final and topic_label_id.
missing_topic_label,REC_013248,,,data/05_Labeling/Final_Labeled/[DS107] Gán nhãn - Nhung.csv,Label row is missing both topic_label_final and topic_label_id.
missing_topic_label,REC_005155,,,data/05_Labeling/Final_Labeled/[DS107] Gán nhãn - Nhung.csv,Label row is missing both topic_label_final and topic_label_id.
missing_topic_label,REC_010924,,,data/05_Labeling/Final_Labeled/[DS107] Gán nhãn - Nhung.csv,Label row is missing both topic_label_final and topic_label_id.
missing_topic_label,REC_011147,,,data/05_Labeling/Final_Labeled/[DS107] Gán nhãn - Nhung.csv,Label row is missing both topic_label_final and topic_label_id.
missing_topic_label,REC_006031,,,data/05_Labeling/Final_Labeled/[DS107] Gán nhãn - Nhung.csv,Label row is missing both topic_label_final and topic_label_id.
missing_topic_label,REC_008314,,,data/05_Labeling/Final_Labeled/[DS107] Gán nhãn - Nhung.csv,Label row is missing both topic_label_final and topic_label_id.
missing_topic_label,REC_004563,,,data/05_Labeling/Final_Labeled/[DS107] Gán nhãn - Nhung.csv,Label row is missing both topic_label_final and topic_label_id.
missing_topic_label,REC_010221,,,data/05_Labeling/Final_Labeled/[DS107] Gán nhãn - Nhung.csv,Label row is missing both topic_label_final and topic_label_id.
missing_topic_label,REC_002018,,,data/05_Labeling/Final_Labeled/[DS107] Gán nhãn - Nhung.csv,Label row is missing both topic_label_final and topic_label_id.
missing_topic_label,REC_003365,,,data/05_Labeling/Final_Labeled/[DS107] Gán nhãn - Nhung.csv,Label row is missing both topic_label_final and topic_label_id.
missing_topic_label,REC_011772,,,data/05_Labeling/Final_Labeled/[DS107] Gán nhãn - Nhung.csv,Label row is missing both topic_label_final and topic_label_id.
missing_topic_label,REC_002867,,,data/05_Labeling/Final_Labeled/[DS107] Gán nhãn - Nhung.csv,Label row is missing both topic_label_final and topic_label_id.
missing_topic_label,REC_003498,,,data/05_Labeling/Final_Labeled/[DS107] Gán nhãn - Nhung.csv,Label row is missing both topic_label_final and topic_label_id.
missing_topic_label,REC_004036,,,data/05_Labeling/Final_Labeled/[DS107] Gán nhãn - Nhung.csv,Label row is missing both topic_label_final and topic_label_id.
missing_topic_label,REC_002523,,,data/05_Labeling/Final_Labeled/[DS107] Gán nhãn - Nhung.csv,Label row is missing both topic_label_final and topic_label_id.
missing_topic_label,REC_011167,,,data/05_Labeling/Final_Labeled/[DS107] Gán nhãn - Nhung.csv,Label row is missing both topic_label_final and topic_label_id.
missing_topic_label,REC_001933,,,data/05_Labeling/Final_Labeled/[DS107] Gán nhãn - Nhung.csv,Label row is missing both topic_label_final and topic_label_id.
missing_topic_label,REC_000240,,,data/05_Labeling/Final_Labeled/[DS107] Gán nhãn - Nhung.csv,Label row is missing both topic_label_final and topic_label_id.
missing_topic_label,REC_003688,,,data/05_Labeling/Final_Labeled/[DS107] Gán nhãn - Nhung.csv,Label row is missing both topic_label_final and topic_label_id.
missing_topic_label,REC_001845,,,data/05_Labeling/Final_Labeled/[DS107] Gán nhãn - Nhung.csv,Label row is missing both topic_label_final and topic_label_id.
missing_topic_label,REC_003803,,,data/05_Labeling/Final_Labeled/[DS107] Gán nhãn - Nhung.csv,Label row is missing both topic_label_final and topic_label_id.
missing_topic_label,REC_004913,,,data/05_Labeling/Final_Labeled/[DS107] Gán nhãn - Nhung.csv,Label row is missing both topic_label_final and topic_label_id.
missing_topic_label,REC_009968,,,data/05_Labeling/Final_Labeled/[DS107] Gán nhãn - Nhung.csv,Label row is missing both topic_label_final and topic_label_id.
missing_topic_label,REC_012137,,,data/05_Labeling/Final_Labeled/[DS107] Gán nhãn - Nhung.csv,Label row is missing both topic_label_final and topic_label_id.
missing_topic_label,REC_008290,,,data/05_Labeling/Final_Labeled/[DS107] Gán nhãn - Nhung.csv,Label row is missing both topic_label_final and topic_label_id.
missing_topic_label,REC_003174,,,data/05_Labeling/Final_Labeled/[DS107] Gán nhãn - Nhung.csv,Label row is missing both topic_label_final and topic_label_id.
missing_topic_label,REC_000686,,,data/05_Labeling/Final_Labeled/[DS107] Gán nhãn - Nhung.csv,Label row is missing both topic_label_final and topic_label_id.
missing_topic_label,REC_003046,,,data/05_Labeling/Final_Labeled/[DS107] Gán nhãn - Nhung.csv,Label row is missing both topic_label_final and topic_label_id.
missing_topic_label,REC_012694,,,data/05_Labeling/Final_Labeled/[DS107] Gán nhãn - Nhung.csv,Label row is missing both topic_label_final and topic_label_id.
missing_topic_label,REC_003779,,,data/05_Labeling/Final_Labeled/[DS107] Gán nhãn - Nhung.csv,Label row is missing both topic_label_final and topic_label_id.
missing_topic_label,REC_000598,,,data/05_Labeling/Final_Labeled/[DS107] Gán nhãn - Nhung.csv,Label row is missing both topic_label_final and topic_label_id.
missing_topic_label,REC_000442,,,data/05_Labeling/Final_Labeled/[DS107] Gán nhãn - Nhung.csv,Label row is missing both topic_label_final and topic_label_id.
missing_topic_label,REC_006370,,,data/05_Labeling/Final_Labeled/[DS107] Gán nhãn - Nhung.csv,Label row is missing both topic_label_final and topic_label_id.
missing_topic_label,REC_005560,,,data/05_Labeling/Final_Labeled/[DS107] Gán nhãn - Nhung.csv,Label row is missing both topic_label_final and topic_label_id.
missing_topic_label,REC_003600,,,data/05_Labeling/Final_Labeled/[DS107] Gán nhãn - Nhung.csv,Label row is missing both topic_label_final and topic_label_id.
missing_topic_label,REC_006294,,,data/05_Labeling/Final_Labeled/[DS107] Gán nhãn - Nhung.csv,Label row is missing both topic_label_final and topic_label_id.
missing_topic_label,REC_009159,,,data/05_Labeling/Final_Labeled/[DS107] Gán nhãn - Nhung.csv,Label row is missing both topic_label_final and topic_label_id.
missing_topic_label,REC_000988,,,data/05_Labeling/Final_Labeled/[DS107] Gán nhãn - Nhung.csv,Label row is missing both topic_label_final and topic_label_id.
missing_topic_label,REC_010088,,,data/05_Labeling/Final_Labeled/[DS107] Gán nhãn - Nhung.csv,Label row is missing both topic_label_final and topic_label_id.
missing_topic_label,REC_005177,,,data/05_Labeling/Final_Labeled/[DS107] Gán nhãn - Nhung.csv,Label row is missing both topic_label_final and topic_label_id.
missing_topic_label,REC_001004,,,data/05_Labeling/Final_Labeled/[DS107] Gán nhãn - Nhung.csv,Label row is missing both topic_label_final and topic_label_id.
missing_topic_label,REC_009937,,,data/05_Labeling/Final_Labeled/[DS107] Gán nhãn - Nhung.csv,Label row is missing both topic_label_final and topic_label_id.
missing_topic_label,REC_003203,,,data/05_Labeling/Final_Labeled/[DS107] Gán nhãn - Nhung.csv,Label row is missing both topic_label_final and topic_label_id.
missing_topic_label,REC_012037,,,data/05_Labeling/Final_Labeled/[DS107] Gán nhãn - Nhung.csv,Label row is missing both topic_label_final and topic_label_id.
missing_topic_label,REC_004817,,,data/05_Labeling/Final_Labeled/[DS107] Gán nhãn - Nhung.csv,Label row is missing both topic_label_final and topic_label_id.
missing_topic_label,REC_013116,,,data/05_Labeling/Final_Labeled/[DS107] Gán nhãn - Nhung.csv,Label row is missing both topic_label_final and topic_label_id.
missing_topic_label,REC_004073,,,data/05_Labeling/Final_Labeled/[DS107] Gán nhãn - Nhung.csv,Label row is missing both topic_label_final and topic_label_id.
missing_topic_label,REC_009434,,,data/05_Labeling/Final_Labeled/[DS107] Gán nhãn - Nhung.csv,Label row is missing both topic_label_final and topic_label_id.
missing_topic_label,REC_011026,,,data/05_Labeling/Final_Labeled/[DS107] Gán nhãn - Nhung.csv,Label row is missing both topic_label_final and topic_label_id.
missing_topic_label,REC_001717,,,data/05_Labeling/Final_Labeled/[DS107] Gán nhãn - Nhung.csv,Label row is missing both topic_label_final and topic_label_id.
missing_topic_label,REC_004010,,,data/05_Labeling/Final_Labeled/[DS107] Gán nhãn - Nhung.csv,Label row is missing both topic_label_final and topic_label_id.
missing_topic_label,REC_009940,,,data/05_Labeling/Final_Labeled/[DS107] Gán nhãn - Nhung.csv,Label row is missing both topic_label_final and topic_label_id.
missing_topic_label,REC_001907,,,data/05_Labeling/Final_Labeled/[DS107] Gán nhãn - Nhung.csv,Label row is missing both topic_label_final and topic_label_id.
missing_topic_label,REC_006175,,,data/05_Labeling/Final_Labeled/[DS107] Gán nhãn - Nhung.csv,Label row is missing both topic_label_final and topic_label_id.
missing_topic_label,REC_013152,,,data/05_Labeling/Final_Labeled/[DS107] Gán nhãn - Nhung.csv,Label row is missing both topic_label_final and topic_label_id.
missing_topic_label,REC_011384,,,data/05_Labeling/Final_Labeled/[DS107] Gán nhãn - Nhung.csv,Label row is missing both topic_label_final and topic_label_id.
missing_topic_label,REC_003731,,,data/05_Labeling/Final_Labeled/[DS107] Gán nhãn - Nhung.csv,Label row is missing both topic_label_final and topic_label_id.
missing_topic_label,REC_008483,,,data/05_Labeling/Final_Labeled/[DS107] Gán nhãn - Nhung.csv,Label row is missing both topic_label_final and topic_label_id.
missing_topic_label,REC_010811,,,data/05_Labeling/Final_Labeled/[DS107] Gán nhãn - Nhung.csv,Label row is missing both topic_label_final and topic_label_id.
missing_topic_label,REC_003206,,,data/05_Labeling/Final_Labeled/[DS107] Gán nhãn - Nhung.csv,Label row is missing both topic_label_final and topic_label_id.
missing_topic_label,REC_005078,,,data/05_Labeling/Final_Labeled/[DS107] Gán nhãn - Nhung.csv,Label row is missing both topic_label_final and topic_label_id.
missing_topic_label,REC_009525,,,data/05_Labeling/Final_Labeled/[DS107] Gán nhãn - Nhung.csv,Label row is missing both topic_label_final and topic_label_id.
missing_topic_label,REC_013328,,,data/05_Labeling/Final_Labeled/[DS107] Gán nhãn - Nhung.csv,Label row is missing both topic_label_final and topic_label_id.
missing_topic_label,REC_004988,,,data/05_Labeling/Final_Labeled/[DS107] Gán nhãn - Nhung.csv,Label row is missing both topic_label_final and topic_label_id.
missing_topic_label,REC_006218,,,data/05_Labeling/Final_Labeled/[DS107] Gán nhãn - Nhung.csv,Label row is missing both topic_label_final and topic_label_id.
missing_topic_label,REC_011987,,,data/05_Labeling/Final_Labeled/[DS107] Gán nhãn - Nhung.csv,Label row is missing both topic_label_final and topic_label_id.
missing_topic_label,REC_013406,,,data/05_Labeling/Final_Labeled/[DS107] Gán nhãn - Nhung.csv,Label row is missing both topic_label_final and topic_label_id.
missing_topic_label,REC_009511,,,data/05_Labeling/Final_Labeled/[DS107] Gán nhãn - Nhung.csv,Label row is missing both topic_label_final and topic_label_id.
missing_topic_label,REC_008981,,,data/05_Labeling/Final_Labeled/[DS107] Gán nhãn - Nhung.csv,Label row is missing both topic_label_final and topic_label_id.
missing_topic_label,REC_012859,,,data/05_Labeling/Final_Labeled/[DS107] Gán nhãn - Nhung.csv,Label row is missing both topic_label_final and topic_label_id.
missing_topic_label,REC_000084,,,data/05_Labeling/Final_Labeled/[DS107] Gán nhãn - Nhung.csv,Label row is missing both topic_label_final and topic_label_id.
missing_topic_label,REC_004749,,,data/05_Labeling/Final_Labeled/[DS107] Gán nhãn - Nhung.csv,Label row is missing both topic_label_final and topic_label_id.
missing_topic_label,REC_004477,,,data/05_Labeling/Final_Labeled/[DS107] Gán nhãn - Nhung.csv,Label row is missing both topic_label_final and topic_label_id.
missing_topic_label,REC_002571,,,data/05_Labeling/Final_Labeled/[DS107] Gán nhãn - Nhung.csv,Label row is missing both topic_label_final and topic_label_id.
missing_topic_label,REC_006353,,,data/05_Labeling/Final_Labeled/[DS107] Gán nhãn - Nhung.csv,Label row is missing both topic_label_final and topic_label_id.
missing_topic_label,REC_008928,,,data/05_Labeling/Final_Labeled/[DS107] Gán nhãn - Nhung.csv,Label row is missing both topic_label_final and topic_label_id.
missing_topic_label,REC_005814,,,data/05_Labeling/Final_Labeled/[DS107] Gán nhãn - Nhung.csv,Label row is missing both topic_label_final and topic_label_id.
missing_topic_label,REC_008743,,,data/05_Labeling/Final_Labeled/[DS107] Gán nhãn - Nhung.csv,Label row is missing both topic_label_final and topic_label_id.
missing_topic_label,REC_008142,,,data/05_Labeling/Final_Labeled/[DS107] Gán nhãn - Nhung.csv,Label row is missing both topic_label_final and topic_label_id.
missing_topic_label,REC_008166,,,data/05_Labeling/Final_Labeled/[DS107] Gán nhãn - Nhung.csv,Label row is missing both topic_label_final and topic_label_id.
missing_topic_label,REC_009626,,,data/05_Labeling/Final_Labeled/[DS107] Gán nhãn - Nhung.csv,Label row is missing both topic_label_final and topic_label_id.
missing_topic_label,REC_001221,,,data/05_Labeling/Final_Labeled/[DS107] Gán nhãn - Nhung.csv,Label row is missing both topic_label_final and topic_label_id.
missing_topic_label,REC_009237,,,data/05_Labeling/Final_Labeled/[DS107] Gán nhãn - Nhung.csv,Label row is missing both topic_label_final and topic_label_id.
missing_topic_label,REC_010744,,,data/05_Labeling/Final_Labeled/[DS107] Gán nhãn - Nhung.csv,Label row is missing both topic_label_final and topic_label_id.
missing_topic_label,REC_009717,,,data/05_Labeling/Final_Labeled/[DS107] Gán nhãn - Nhung.csv,Label row is missing both topic_label_final and topic_label_id.
missing_topic_label,REC_010743,,,data/05_Labeling/Final_Labeled/[DS107] Gán nhãn - Nhung.csv,Label row is missing both topic_label_final and topic_label_id.
missing_topic_label,REC_008855,,,data/05_Labeling/Final_Labeled/[DS107] Gán nhãn - Nhung.csv,Label row is missing both topic_label_final and topic_label_id.
missing_topic_label,REC_011848,,,data/05_Labeling/Final_Labeled/[DS107] Gán nhãn - Nhung.csv,Label row is missing both topic_label_final and topic_label_id.
missing_topic_label,REC_001222,,,data/05_Labeling/Final_Labeled/[DS107] Gán nhãn - Nhung.csv,Label row is missing both topic_label_final and topic_label_id.
missing_topic_label,REC_006599,,,data/05_Labeling/Final_Labeled/[DS107] Gán nhãn - Nhung.csv,Label row is missing both topic_label_final and topic_label_id.
missing_topic_label,REC_001229,,,data/05_Labeling/Final_Labeled/[DS107] Gán nhãn - Nhung.csv,Label row is missing both topic_label_final and topic_label_id.
missing_topic_label,REC_005676,,,data/05_Labeling/Final_Labeled/[DS107] Gán nhãn - Nhung.csv,Label row is missing both topic_label_final and topic_label_id.
missing_topic_label,REC_008267,,,data/05_Labeling/Final_Labeled/[DS107] Gán nhãn - Nhung.csv,Label row is missing both topic_label_final and topic_label_id.
missing_topic_label,REC_009191,,,data/05_Labeling/Final_Labeled/[DS107] Gán nhãn - Nhung.csv,Label row is missing both topic_label_final and topic_label_id.
missing_topic_label,REC_007343,,,data/05_Labeling/Final_Labeled/[DS107] Gán nhãn - Nhung.csv,Label row is missing both topic_label_final and topic_label_id.
missing_topic_label,REC_008259,,,data/05_Labeling/Final_Labeled/[DS107] Gán nhãn - Nhung.csv,Label row is missing both topic_label_final and topic_label_id.
missing_topic_label,REC_005028,,,data/05_Labeling/Final_Labeled/[DS107] Gán nhãn - Nhung.csv,Label row is missing both topic_label_final and topic_label_id.
missing_topic_label,REC_011083,,,data/05_Labeling/Final_Labeled/[DS107] Gán nhãn - Nhung.csv,Label row is missing both topic_label_final and topic_label_id.
missing_topic_label,REC_000312,,,data/05_Labeling/Final_Labeled/[DS107] Gán nhãn - Nhung.csv,Label row is missing both topic_label_final and topic_label_id.
missing_topic_label,REC_000431,,,data/05_Labeling/Final_Labeled/[DS107] Gán nhãn - Nhung.csv,Label row is missing both topic_label_final and topic_label_id.
missing_topic_label,REC_007361,,,data/05_Labeling/Final_Labeled/[DS107] Gán nhãn - Nhung.csv,Label row is missing both topic_label_final and topic_label_id.
missing_topic_label,REC_006586,,,data/05_Labeling/Final_Labeled/[DS107] Gán nhãn - Nhung.csv,Label row is missing both topic_label_final and topic_label_id.
missing_topic_label,REC_006594,,,data/05_Labeling/Final_Labeled/[DS107] Gán nhãn - Nhung.csv,Label row is missing both topic_label_final and topic_label_id.
missing_topic_label,REC_005820,,,data/05_Labeling/Final_Labeled/[DS107] Gán nhãn - Nhung.csv,Label row is missing both topic_label_final and topic_label_id.
missing_topic_label,REC_008190,,,data/05_Labeling/Final_Labeled/[DS107] Gán nhãn - Nhung.csv,Label row is missing both topic_label_final and topic_label_id.
missing_topic_label,REC_000853,,,data/05_Labeling/Final_Labeled/[DS107] Gán nhãn - Nhung.csv,Label row is missing both topic_label_final and topic_label_id.
missing_topic_label,REC_010698,,,data/05_Labeling/Final_Labeled/[DS107] Gán nhãn - Nhung.csv,Label row is missing both topic_label_final and topic_label_id.
missing_topic_label,REC_009656,,,data/05_Labeling/Final_Labeled/[DS107] Gán nhãn - Nhung.csv,Label row is missing both topic_label_final and topic_label_id.
missing_topic_label,REC_008775,,,data/05_Labeling/Final_Labeled/[DS107] Gán nhãn - Nhung.csv,Label row is missing both topic_label_final and topic_label_id.
missing_topic_label,REC_011696,,,data/05_Labeling/Final_Labeled/[DS107] Gán nhãn - Nhung.csv,Label row is missing both topic_label_final and topic_label_id.
missing_topic_label,REC_009246,,,data/05_Labeling/Final_Labeled/[DS107] Gán nhãn - Nhung.csv,Label row is missing both topic_label_final and topic_label_id.
missing_topic_label,REC_000339,,,data/05_Labeling/Final_Labeled/[DS107] Gán nhãn - Nhung.csv,Label row is missing both topic_label_final and topic_label_id.
missing_topic_label,REC_011808,,,data/05_Labeling/Final_Labeled/[DS107] Gán nhãn - Nhung.csv,Label row is missing both topic_label_final and topic_label_id.
missing_topic_label,REC_012313,,,data/05_Labeling/Final_Labeled/[DS107] Gán nhãn - Nhung.csv,Label row is missing both topic_label_final and topic_label_id.
missing_topic_label,REC_005758,,,data/05_Labeling/Final_Labeled/[DS107] Gán nhãn - Nhung.csv,Label row is missing both topic_label_final and topic_label_id.
missing_topic_label,REC_000844,,,data/05_Labeling/Final_Labeled/[DS107] Gán nhãn - Nhung.csv,Label row is missing both topic_label_final and topic_label_id.
missing_topic_label,REC_000385,,,data/05_Labeling/Final_Labeled/[DS107] Gán nhãn - Nhung.csv,Label row is missing both topic_label_final and topic_label_id.
missing_topic_label,REC_000359,,,data/05_Labeling/Final_Labeled/[DS107] Gán nhãn - Nhung.csv,Label row is missing both topic_label_final and topic_label_id.
missing_topic_label,REC_007341,,,data/05_Labeling/Final_Labeled/[DS107] Gán nhãn - Nhung.csv,Label row is missing both topic_label_final and topic_label_id.
missing_topic_label,REC_005094,,,data/05_Labeling/Final_Labeled/[DS107] Gán nhãn - Nhung.csv,Label row is missing both topic_label_final and topic_label_id.
missing_topic_label,REC_006553,,,data/05_Labeling/Final_Labeled/[DS107] Gán nhãn - Nhung.csv,Label row is missing both topic_label_final and topic_label_id.
missing_topic_label,REC_008132,,,data/05_Labeling/Final_Labeled/[DS107] Gán nhãn - Nhung.csv,Label row is missing both topic_label_final and topic_label_id.
missing_topic_label,REC_008871,,,data/05_Labeling/Final_Labeled/[DS107] Gán nhãn - Nhung.csv,Label row is missing both topic_label_final and topic_label_id.
missing_topic_label,REC_006448,,,data/05_Labeling/Final_Labeled/[DS107] Gán nhãn - Nhung.csv,Label row is missing both topic_label_final and topic_label_id.
missing_topic_label,REC_008279,,,data/05_Labeling/Final_Labeled/[DS107] Gán nhãn - Nhung.csv,Label row is missing both topic_label_final and topic_label_id.
missing_topic_label,REC_005589,,,data/05_Labeling/Final_Labeled/[DS107] Gán nhãn - Nhung.csv,Label row is missing both topic_label_final and topic_label_id.
missing_topic_label,REC_006587,,,data/05_Labeling/Final_Labeled/[DS107] Gán nhãn - Nhung.csv,Label row is missing both topic_label_final and topic_label_id.
missing_topic_label,REC_008718,,,data/05_Labeling/Final_Labeled/[DS107] Gán nhãn - Nhung.csv,Label row is missing both topic_label_final and topic_label_id.
missing_topic_label,REC_009223,,,data/05_Labeling/Final_Labeled/[DS107] Gán nhãn - Nhung.csv,Label row is missing both topic_label_final and topic_label_id.
missing_topic_label,REC_005651,,,data/05_Labeling/Final_Labeled/[DS107] Gán nhãn - Nhung.csv,Label row is missing both topic_label_final and topic_label_id.
missing_topic_label,REC_000728,,,data/05_Labeling/Final_Labeled/[DS107] Gán nhãn - Nhung.csv,Label row is missing both topic_label_final and topic_label_id.
missing_topic_label,REC_008940,,,data/05_Labeling/Final_Labeled/[DS107] Gán nhãn - Nhung.csv,Label row is missing both topic_label_final and topic_label_id.
missing_topic_label,REC_008261,,,data/05_Labeling/Final_Labeled/[DS107] Gán nhãn - Nhung.csv,Label row is missing both topic_label_final and topic_label_id.
missing_topic_label,REC_001172,,,data/05_Labeling/Final_Labeled/[DS107] Gán nhãn - Nhung.csv,Label row is missing both topic_label_final and topic_label_id.
missing_topic_label,REC_002418,,,data/05_Labeling/Final_Labeled/[DS107] Gán nhãn - Nhung.csv,Label row is missing both topic_label_final and topic_label_id.
missing_topic_label,REC_000699,,,data/05_Labeling/Final_Labeled/[DS107] Gán nhãn - Nhung.csv,Label row is missing both topic_label_final and topic_label_id.
missing_topic_label,REC_006504,,,data/05_Labeling/Final_Labeled/[DS107] Gán nhãn - Nhung.csv,Label row is missing both topic_label_final and topic_label_id.
missing_topic_label,REC_000840,,,data/05_Labeling/Final_Labeled/[DS107] Gán nhãn - Nhung.csv,Label row is missing both topic_label_final and topic_label_id.
missing_topic_label,REC_000286,,,data/05_Labeling/Final_Labeled/[DS107] Gán nhãn - Nhung.csv,Label row is missing both topic_label_final and topic_label_id.
missing_topic_label,REC_005047,,,data/05_Labeling/Final_Labeled/[DS107] Gán nhãn - Nhung.csv,Label row is missing both topic_label_final and topic_label_id.
missing_topic_label,REC_009211,,,data/05_Labeling/Final_Labeled/[DS107] Gán nhãn - Nhung.csv,Label row is missing both topic_label_final and topic_label_id.
missing_topic_label,REC_008707,,,data/05_Labeling/Final_Labeled/[DS107] Gán nhãn - Nhung.csv,Label row is missing both topic_label_final and topic_label_id.
missing_topic_label,REC_009796,,,data/05_Labeling/Final_Labeled/[DS107] Gán nhãn - Nhung.csv,Label row is missing both topic_label_final and topic_label_id.
missing_topic_label,REC_005786,,,data/05_Labeling/Final_Labeled/[DS107] Gán nhãn - Nhung.csv,Label row is missing both topic_label_final and topic_label_id.
missing_topic_label,REC_010769,,,data/05_Labeling/Final_Labeled/[DS107] Gán nhãn - Nhung.csv,Label row is missing both topic_label_final and topic_label_id.
missing_topic_label,REC_008834,,,data/05_Labeling/Final_Labeled/[DS107] Gán nhãn - Nhung.csv,Label row is missing both topic_label_final and topic_label_id.
missing_topic_label,REC_006438,,,data/05_Labeling/Final_Labeled/[DS107] Gán nhãn - Nhung.csv,Label row is missing both topic_label_final and topic_label_id.
missing_topic_label,REC_001220,,,data/05_Labeling/Final_Labeled/[DS107] Gán nhãn - Nhung.csv,Label row is missing both topic_label_final and topic_label_id.
missing_topic_label,REC_009753,,,data/05_Labeling/Final_Labeled/[DS107] Gán nhãn - Nhung.csv,Label row is missing both topic_label_final and topic_label_id.
missing_topic_label,REC_006351,,,data/05_Labeling/Final_Labeled/[DS107] Gán nhãn - Nhung.csv,Label row is missing both topic_label_final and topic_label_id.
missing_topic_label,REC_012130,,,data/05_Labeling/Final_Labeled/[DS107] Gán nhãn - Nhung.csv,Label row is missing both topic_label_final and topic_label_id.
missing_topic_label,REC_005810,,,data/05_Labeling/Final_Labeled/[DS107] Gán nhãn - Nhung.csv,Label row is missing both topic_label_final and topic_label_id.
missing_topic_label,REC_008236,,,data/05_Labeling/Final_Labeled/[DS107] Gán nhãn - Nhung.csv,Label row is missing both topic_label_final and topic_label_id.
missing_topic_label,REC_005766,,,data/05_Labeling/Final_Labeled/[DS107] Gán nhãn - Nhung.csv,Label row is missing both topic_label_final and topic_label_id.
missing_topic_label,REC_000851,,,data/05_Labeling/Final_Labeled/[DS107] Gán nhãn - Nhung.csv,Label row is missing both topic_label_final and topic_label_id.
missing_topic_label,REC_008195,,,data/05_Labeling/Final_Labeled/[DS107] Gán nhãn - Nhung.csv,Label row is missing both topic_label_final and topic_label_id.
missing_topic_label,REC_008100,,,data/05_Labeling/Final_Labeled/[DS107] Gán nhãn - Nhung.csv,Label row is missing both topic_label_final and topic_label_id.
missing_topic_label,REC_000316,,,data/05_Labeling/Final_Labeled/[DS107] Gán nhãn - Nhung.csv,Label row is missing both topic_label_final and topic_label_id.
missing_topic_label,REC_000796,,,data/05_Labeling/Final_Labeled/[DS107] Gán nhãn - Nhung.csv,Label row is missing both topic_label_final and topic_label_id.
missing_topic_label,REC_000400,,,data/05_Labeling/Final_Labeled/[DS107] Gán nhãn - Nhung.csv,Label row is missing both topic_label_final and topic_label_id.
missing_topic_label,REC_000702,,,data/05_Labeling/Final_Labeled/[DS107] Gán nhãn - Nhung.csv,Label row is missing both topic_label_final and topic_label_id.
missing_topic_label,REC_004516,,,data/05_Labeling/Final_Labeled/[DS107] Gán nhãn - Nhung.csv,Label row is missing both topic_label_final and topic_label_id.
missing_topic_label,REC_005807,,,data/05_Labeling/Final_Labeled/[DS107] Gán nhãn - Nhung.csv,Label row is missing both topic_label_final and topic_label_id.
missing_topic_label,REC_005806,,,data/05_Labeling/Final_Labeled/[DS107] Gán nhãn - Nhung.csv,Label row is missing both topic_label_final and topic_label_id.
missing_topic_label,REC_005666,,,data/05_Labeling/Final_Labeled/[DS107] Gán nhãn - Nhung.csv,Label row is missing both topic_label_final and topic_label_id.
missing_topic_label,REC_000268,,,data/05_Labeling/Final_Labeled/[DS107] Gán nhãn - Nhung.csv,Label row is missing both topic_label_final and topic_label_id.
missing_topic_label,REC_009723,,,data/05_Labeling/Final_Labeled/[DS107] Gán nhãn - Nhung.csv,Label row is missing both topic_label_final and topic_label_id.
missing_topic_label,REC_008827,,,data/05_Labeling/Final_Labeled/[DS107] Gán nhãn - Nhung.csv,Label row is missing both topic_label_final and topic_label_id.
missing_topic_label,REC_008900,,,data/05_Labeling/Final_Labeled/[DS107] Gán nhãn - Nhung.csv,Label row is missing both topic_label_final and topic_label_id.
missing_topic_label,REC_008274,,,data/05_Labeling/Final_Labeled/[DS107] Gán nhãn - Nhung.csv,Label row is missing both topic_label_final and topic_label_id.
missing_topic_label,REC_006524,,,data/05_Labeling/Final_Labeled/[DS107] Gán nhãn - Nhung.csv,Label row is missing both topic_label_final and topic_label_id.
missing_topic_label,REC_009231,,,data/05_Labeling/Final_Labeled/[DS107] Gán nhãn - Nhung.csv,Label row is missing both topic_label_final and topic_label_id.
missing_topic_label,REC_011114,,,data/05_Labeling/Final_Labeled/[DS107] Gán nhãn - Nhung.csv,Label row is missing both topic_label_final and topic_label_id.
missing_topic_label,REC_000263,,,data/05_Labeling/Final_Labeled/[DS107] Gán nhãn - Nhung.csv,Label row is missing both topic_label_final and topic_label_id.
missing_topic_label,REC_009212,,,data/05_Labeling/Final_Labeled/[DS107] Gán nhãn - Nhung.csv,Label row is missing both topic_label_final and topic_label_id.
missing_topic_label,REC_006520,,,data/05_Labeling/Final_Labeled/[DS107] Gán nhãn - Nhung.csv,Label row is missing both topic_label_final and topic_label_id.
missing_topic_label,REC_001228,,,data/05_Labeling/Final_Labeled/[DS107] Gán nhãn - Nhung.csv,Label row is missing both topic_label_final and topic_label_id.
missing_topic_label,REC_000735,,,data/05_Labeling/Final_Labeled/[DS107] Gán nhãn - Nhung.csv,Label row is missing both topic_label_final and topic_label_id.
missing_topic_label,REC_009762,,,data/05_Labeling/Final_Labeled/[DS107] Gán nhãn - Nhung.csv,Label row is missing both topic_label_final and topic_label_id.
missing_topic_label,REC_007363,,,data/05_Labeling/Final_Labeled/[DS107] Gán nhãn - Nhung.csv,Label row is missing both topic_label_final and topic_label_id.
missing_topic_label,REC_005734,,,data/05_Labeling/Final_Labeled/[DS107] Gán nhãn - Nhung.csv,Label row is missing both topic_label_final and topic_label_id.
missing_topic_label,REC_005693,,,data/05_Labeling/Final_Labeled/[DS107] Gán nhãn - Nhung.csv,Label row is missing both topic_label_final and topic_label_id.
missing_topic_label,REC_000317,,,data/05_Labeling/Final_Labeled/[DS107] Gán nhãn - Nhung.csv,Label row is missing both topic_label_final and topic_label_id.
missing_topic_label,REC_012280,,,data/05_Labeling/Final_Labeled/[DS107] Gán nhãn - Nhung.csv,Label row is missing both topic_label_final and topic_label_id.
missing_topic_label,REC_006634,,,data/05_Labeling/Final_Labeled/[DS107] Gán nhãn - Nhung.csv,Label row is missing both topic_label_final and topic_label_id.
missing_topic_label,REC_005784,,,data/05_Labeling/Final_Labeled/[DS107] Gán nhãn - Nhung.csv,Label row is missing both topic_label_final and topic_label_id.
missing_topic_label,REC_005745,,,data/05_Labeling/Final_Labeled/[DS107] Gán nhãn - Nhung.csv,Label row is missing both topic_label_final and topic_label_id.
missing_topic_label,REC_000848,,,data/05_Labeling/Final_Labeled/[DS107] Gán nhãn - Nhung.csv,Label row is missing both topic_label_final and topic_label_id.
missing_topic_label,REC_012082,,,data/05_Labeling/Final_Labeled/[DS107] Gán nhãn - Nhung.csv,Label row is missing both topic_label_final and topic_label_id.
missing_topic_label,REC_000370,,,data/05_Labeling/Final_Labeled/[DS107] Gán nhãn - Nhung.csv,Label row is missing both topic_label_final and topic_label_id.
missing_topic_label,REC_005623,,,data/05_Labeling/Final_Labeled/[DS107] Gán nhãn - Nhung.csv,Label row is missing both topic_label_final and topic_label_id.
missing_topic_label,REC_006509,,,data/05_Labeling/Final_Labeled/[DS107] Gán nhãn - Nhung.csv,Label row is missing both topic_label_final and topic_label_id.
missing_topic_label,REC_009226,,,data/05_Labeling/Final_Labeled/[DS107] Gán nhãn - Nhung.csv,Label row is missing both topic_label_final and topic_label_id.
missing_topic_label,REC_009625,,,data/05_Labeling/Final_Labeled/[DS107] Gán nhãn - Nhung.csv,Label row is missing both topic_label_final and topic_label_id.
missing_topic_label,REC_008783,,,data/05_Labeling/Final_Labeled/[DS107] Gán nhãn - Nhung.csv,Label row is missing both topic_label_final and topic_label_id.
missing_topic_label,REC_009203,,,data/05_Labeling/Final_Labeled/[DS107] Gán nhãn - Nhung.csv,Label row is missing both topic_label_final and topic_label_id.
missing_topic_label,REC_001199,,,data/05_Labeling/Final_Labeled/[DS107] Gán nhãn - Nhung.csv,Label row is missing both topic_label_final and topic_label_id.
missing_topic_label,REC_006521,,,data/05_Labeling/Final_Labeled/[DS107] Gán nhãn - Nhung.csv,Label row is missing both topic_label_final and topic_label_id.
missing_topic_label,REC_005002,,,data/05_Labeling/Final_Labeled/[DS107] Gán nhãn - Nhung.csv,Label row is missing both topic_label_final and topic_label_id.
missing_topic_label,REC_008914,,,data/05_Labeling/Final_Labeled/[DS107] Gán nhãn - Nhung.csv,Label row is missing both topic_label_final and topic_label_id.
missing_topic_label,REC_009775,,,data/05_Labeling/Final_Labeled/[DS107] Gán nhãn - Nhung.csv,Label row is missing both topic_label_final and topic_label_id.
missing_topic_label,REC_005697,,,data/05_Labeling/Final_Labeled/[DS107] Gán nhãn - Nhung.csv,Label row is missing both topic_label_final and topic_label_id.
missing_topic_label,REC_000826,,,data/05_Labeling/Final_Labeled/[DS107] Gán nhãn - Nhung.csv,Label row is missing both topic_label_final and topic_label_id.
missing_topic_label,REC_000374,,,data/05_Labeling/Final_Labeled/[DS107] Gán nhãn - Nhung.csv,Label row is missing both topic_label_final and topic_label_id.
missing_topic_label,REC_005053,,,data/05_Labeling/Final_Labeled/[DS107] Gán nhãn - Nhung.csv,Label row is missing both topic_label_final and topic_label_id.
missing_topic_label,REC_010836,,,data/05_Labeling/Final_Labeled/[DS107] Gán nhãn - Nhung.csv,Label row is missing both topic_label_final and topic_label_id.
missing_topic_label,REC_000282,,,data/05_Labeling/Final_Labeled/[DS107] Gán nhãn - Nhung.csv,Label row is missing both topic_label_final and topic_label_id.
missing_topic_label,REC_005764,,,data/05_Labeling/Final_Labeled/[DS107] Gán nhãn - Nhung.csv,Label row is missing both topic_label_final and topic_label_id.
missing_topic_label,REC_002261,,,data/05_Labeling/Final_Labeled/[DS107] Gán nhãn - Nhung.csv,Label row is missing both topic_label_final and topic_label_id.
missing_topic_label,REC_006449,,,data/05_Labeling/Final_Labeled/[DS107] Gán nhãn - Nhung.csv,Label row is missing both topic_label_final and topic_label_id.
missing_topic_label,REC_008805,,,data/05_Labeling/Final_Labeled/[DS107] Gán nhãn - Nhung.csv,Label row is missing both topic_label_final and topic_label_id.
missing_topic_label,REC_000804,,,data/05_Labeling/Final_Labeled/[DS107] Gán nhãn - Nhung.csv,Label row is missing both topic_label_final and topic_label_id.
missing_topic_label,REC_000810,,,data/05_Labeling/Final_Labeled/[DS107] Gán nhãn - Nhung.csv,Label row is missing both topic_label_final and topic_label_id.
missing_topic_label,REC_007364,,,data/05_Labeling/Final_Labeled/[DS107] Gán nhãn - Nhung.csv,Label row is missing both topic_label_final and topic_label_id.
missing_topic_label,REC_000384,,,data/05_Labeling/Final_Labeled/[DS107] Gán nhãn - Nhung.csv,Label row is missing both topic_label_final and topic_label_id.
missing_topic_label,REC_009201,,,data/05_Labeling/Final_Labeled/[DS107] Gán nhãn - Nhung.csv,Label row is missing both topic_label_final and topic_label_id.
missing_topic_label,REC_006660,,,data/05_Labeling/Final_Labeled/[DS107] Gán nhãn - Nhung.csv,Label row is missing both topic_label_final and topic_label_id.
missing_topic_label,REC_009198,,,data/05_Labeling/Final_Labeled/[DS107] Gán nhãn - Nhung.csv,Label row is missing both topic_label_final and topic_label_id.
missing_topic_label,REC_000845,,,data/05_Labeling/Final_Labeled/[DS107] Gán nhãn - Nhung.csv,Label row is missing both topic_label_final and topic_label_id.
missing_topic_label,REC_011709,,,data/05_Labeling/Final_Labeled/[DS107] Gán nhãn - Nhung.csv,Label row is missing both topic_label_final and topic_label_id.
missing_topic_label,REC_008736,,,data/05_Labeling/Final_Labeled/[DS107] Gán nhãn - Nhung.csv,Label row is missing both topic_label_final and topic_label_id.
missing_topic_label,REC_008165,,,data/05_Labeling/Final_Labeled/[DS107] Gán nhãn - Nhung.csv,Label row is missing both topic_label_final and topic_label_id.
missing_topic_label,REC_000792,,,data/05_Labeling/Final_Labeled/[DS107] Gán nhãn - Nhung.csv,Label row is missing both topic_label_final and topic_label_id.
missing_topic_label,REC_006624,,,data/05_Labeling/Final_Labeled/[DS107] Gán nhãn - Nhung.csv,Label row is missing both topic_label_final and topic_label_id.
missing_topic_label,REC_009669,,,data/05_Labeling/Final_Labeled/[DS107] Gán nhãn - Nhung.csv,Label row is missing both topic_label_final and topic_label_id.
missing_topic_label,REC_005106,,,data/05_Labeling/Final_Labeled/[DS107] Gán nhãn - Nhung.csv,Label row is missing both topic_label_final and topic_label_id.
missing_topic_label,REC_000379,,,data/05_Labeling/Final_Labeled/[DS107] Gán nhãn - Nhung.csv,Label row is missing both topic_label_final and topic_label_id.
missing_topic_label,REC_007350,,,data/05_Labeling/Final_Labeled/[DS107] Gán nhãn - Nhung.csv,Label row is missing both topic_label_final and topic_label_id.
missing_topic_label,REC_006498,,,data/05_Labeling/Final_Labeled/[DS107] Gán nhãn - Nhung.csv,Label row is missing both topic_label_final and topic_label_id.
missing_topic_label,REC_004362,,,data/05_Labeling/Final_Labeled/[DS107] Gán nhãn - Nhung.csv,Label row is missing both topic_label_final and topic_label_id.
missing_topic_label,REC_000325,,,data/05_Labeling/Final_Labeled/[DS107] Gán nhãn - Nhung.csv,Label row is missing both topic_label_final and topic_label_id.
missing_topic_label,REC_005081,,,data/05_Labeling/Final_Labeled/[DS107] Gán nhãn - Nhung.csv,Label row is missing both topic_label_final and topic_label_id.
missing_topic_label,REC_008537,,,data/05_Labeling/Final_Labeled/[DS107] Gán nhãn - Nhung.csv,Label row is missing both topic_label_final and topic_label_id.
missing_topic_label,REC_010061,,,data/05_Labeling/Final_Labeled/[DS107] Gán nhãn - Nhung.csv,Label row is missing both topic_label_final and topic_label_id.
missing_topic_label,REC_008739,,,data/05_Labeling/Final_Labeled/[DS107] Gán nhãn - Nhung.csv,Label row is missing both topic_label_final and topic_label_id.
missing_topic_label,REC_008815,,,data/05_Labeling/Final_Labeled/[DS107] Gán nhãn - Nhung.csv,Label row is missing both topic_label_final and topic_label_id.
missing_topic_label,REC_008711,,,data/05_Labeling/Final_Labeled/[DS107] Gán nhãn - Nhung.csv,Label row is missing both topic_label_final and topic_label_id.
missing_topic_label,REC_008849,,,data/05_Labeling/Final_Labeled/[DS107] Gán nhãn - Nhung.csv,Label row is missing both topic_label_final and topic_label_id.
missing_topic_label,REC_006523,,,data/05_Labeling/Final_Labeled/[DS107] Gán nhãn - Nhung.csv,Label row is missing both topic_label_final and topic_label_id.
missing_topic_label,REC_008188,,,data/05_Labeling/Final_Labeled/[DS107] Gán nhãn - Nhung.csv,Label row is missing both topic_label_final and topic_label_id.
missing_topic_label,REC_008159,,,data/05_Labeling/Final_Labeled/[DS107] Gán nhãn - Nhung.csv,Label row is missing both topic_label_final and topic_label_id.
missing_topic_label,REC_001235,,,data/05_Labeling/Final_Labeled/[DS107] Gán nhãn - Nhung.csv,Label row is missing both topic_label_final and topic_label_id.
missing_topic_label,REC_009742,,,data/05_Labeling/Final_Labeled/[DS107] Gán nhãn - Nhung.csv,Label row is missing both topic_label_final and topic_label_id.
missing_topic_label,REC_012097,,,data/05_Labeling/Final_Labeled/[DS107] Gán nhãn - Nhung.csv,Label row is missing both topic_label_final and topic_label_id.
missing_topic_label,REC_000407,,,data/05_Labeling/Final_Labeled/[DS107] Gán nhãn - Nhung.csv,Label row is missing both topic_label_final and topic_label_id.
missing_topic_label,REC_010683,,,data/05_Labeling/Final_Labeled/[DS107] Gán nhãn - Nhung.csv,Label row is missing both topic_label_final and topic_label_id.
missing_topic_label,REC_009797,,,data/05_Labeling/Final_Labeled/[DS107] Gán nhãn - Nhung.csv,Label row is missing both topic_label_final and topic_label_id.
missing_topic_label,REC_008841,,,data/05_Labeling/Final_Labeled/[DS107] Gán nhãn - Nhung.csv,Label row is missing both topic_label_final and topic_label_id.
missing_topic_label,REC_000280,,,data/05_Labeling/Final_Labeled/[DS107] Gán nhãn - Nhung.csv,Label row is missing both topic_label_final and topic_label_id.
missing_topic_label,REC_008899,,,data/05_Labeling/Final_Labeled/[DS107] Gán nhãn - Nhung.csv,Label row is missing both topic_label_final and topic_label_id.
missing_topic_label,REC_010764,,,data/05_Labeling/Final_Labeled/[DS107] Gán nhãn - Nhung.csv,Label row is missing both topic_label_final and topic_label_id.
missing_topic_label,REC_000258,,,data/05_Labeling/Final_Labeled/[DS107] Gán nhãn - Nhung.csv,Label row is missing both topic_label_final and topic_label_id.
missing_topic_label,REC_006458,,,data/05_Labeling/Final_Labeled/[DS107] Gán nhãn - Nhung.csv,Label row is missing both topic_label_final and topic_label_id.
missing_topic_label,REC_001244,,,data/05_Labeling/Final_Labeled/[DS107] Gán nhãn - Nhung.csv,Label row is missing both topic_label_final and topic_label_id.
missing_topic_label,REC_000434,,,data/05_Labeling/Final_Labeled/[DS107] Gán nhãn - Nhung.csv,Label row is missing both topic_label_final and topic_label_id.
missing_topic_label,REC_010767,,,data/05_Labeling/Final_Labeled/[DS107] Gán nhãn - Nhung.csv,Label row is missing both topic_label_final and topic_label_id.
missing_topic_label,REC_009805,,,data/05_Labeling/Final_Labeled/[DS107] Gán nhãn - Nhung.csv,Label row is missing both topic_label_final and topic_label_id.
missing_topic_label,REC_008791,,,data/05_Labeling/Final_Labeled/[DS107] Gán nhãn - Nhung.csv,Label row is missing both topic_label_final and topic_label_id.
missing_topic_label,REC_009773,,,data/05_Labeling/Final_Labeled/[DS107] Gán nhãn - Nhung.csv,Label row is missing both topic_label_final and topic_label_id.
missing_topic_label,REC_008800,,,data/05_Labeling/Final_Labeled/[DS107] Gán nhãn - Nhung.csv,Label row is missing both topic_label_final and topic_label_id.
missing_topic_label,REC_005664,,,data/05_Labeling/Final_Labeled/[DS107] Gán nhãn - Nhung.csv,Label row is missing both topic_label_final and topic_label_id.
missing_topic_label,REC_001250,,,data/05_Labeling/Final_Labeled/[DS107] Gán nhãn - Nhung.csv,Label row is missing both topic_label_final and topic_label_id.
missing_topic_label,REC_000405,,,data/05_Labeling/Final_Labeled/[DS107] Gán nhãn - Nhung.csv,Label row is missing both topic_label_final and topic_label_id.
missing_topic_label,REC_008121,,,data/05_Labeling/Final_Labeled/[DS107] Gán nhãn - Nhung.csv,Label row is missing both topic_label_final and topic_label_id.
missing_topic_label,REC_000712,,,data/05_Labeling/Final_Labeled/[DS107] Gán nhãn - Nhung.csv,Label row is missing both topic_label_final and topic_label_id.
missing_topic_label,REC_006486,,,data/05_Labeling/Final_Labeled/[DS107] Gán nhãn - Nhung.csv,Label row is missing both topic_label_final and topic_label_id.
missing_topic_label,REC_006507,,,data/05_Labeling/Final_Labeled/[DS107] Gán nhãn - Nhung.csv,Label row is missing both topic_label_final and topic_label_id.
missing_topic_label,REC_000395,,,data/05_Labeling/Final_Labeled/[DS107] Gán nhãn - Nhung.csv,Label row is missing both topic_label_final and topic_label_id.
missing_topic_label,REC_000314,,,data/05_Labeling/Final_Labeled/[DS107] Gán nhãn - Nhung.csv,Label row is missing both topic_label_final and topic_label_id.
missing_topic_label,REC_011828,,,data/05_Labeling/Final_Labeled/[DS107] Gán nhãn - Nhung.csv,Label row is missing both topic_label_final and topic_label_id.
missing_topic_label,REC_006497,,,data/05_Labeling/Final_Labeled/[DS107] Gán nhãn - Nhung.csv,Label row is missing both topic_label_final and topic_label_id.
missing_topic_label,REC_005590,,,data/05_Labeling/Final_Labeled/[DS107] Gán nhãn - Nhung.csv,Label row is missing both topic_label_final and topic_label_id.
missing_topic_label,REC_009713,,,data/05_Labeling/Final_Labeled/[DS107] Gán nhãn - Nhung.csv,Label row is missing both topic_label_final and topic_label_id.
missing_topic_label,REC_007372,,,data/05_Labeling/Final_Labeled/[DS107] Gán nhãn - Nhung.csv,Label row is missing both topic_label_final and topic_label_id.
missing_topic_label,REC_009673,,,data/05_Labeling/Final_Labeled/[DS107] Gán nhãn - Nhung.csv,Label row is missing both topic_label_final and topic_label_id.
missing_topic_label,REC_000324,,,data/05_Labeling/Final_Labeled/[DS107] Gán nhãn - Nhung.csv,Label row is missing both topic_label_final and topic_label_id.
missing_topic_label,REC_000707,,,data/05_Labeling/Final_Labeled/[DS107] Gán nhãn - Nhung.csv,Label row is missing both topic_label_final and topic_label_id.
missing_topic_label,REC_006667,,,data/05_Labeling/Final_Labeled/[DS107] Gán nhãn - Nhung.csv,Label row is missing both topic_label_final and topic_label_id.
missing_topic_label,REC_005586,,,data/05_Labeling/Final_Labeled/[DS107] Gán nhãn - Nhung.csv,Label row is missing both topic_label_final and topic_label_id.
missing_topic_label,REC_005768,,,data/05_Labeling/Final_Labeled/[DS107] Gán nhãn - Nhung.csv,Label row is missing both topic_label_final and topic_label_id.
missing_topic_label,REC_000404,,,data/05_Labeling/Final_Labeled/[DS107] Gán nhãn - Nhung.csv,Label row is missing both topic_label_final and topic_label_id.
missing_topic_label,REC_011689,,,data/05_Labeling/Final_Labeled/[DS107] Gán nhãn - Nhung.csv,Label row is missing both topic_label_final and topic_label_id.
missing_topic_label,REC_006515,,,data/05_Labeling/Final_Labeled/[DS107] Gán nhãn - Nhung.csv,Label row is missing both topic_label_final and topic_label_id.
missing_topic_label,REC_008813,,,data/05_Labeling/Final_Labeled/[DS107] Gán nhãn - Nhung.csv,Label row is missing both topic_label_final and topic_label_id.
missing_topic_label,REC_011693,,,data/05_Labeling/Final_Labeled/[DS107] Gán nhãn - Nhung.csv,Label row is missing both topic_label_final and topic_label_id.
missing_topic_label,REC_005695,,,data/05_Labeling/Final_Labeled/[DS107] Gán nhãn - Nhung.csv,Label row is missing both topic_label_final and topic_label_id.
missing_topic_label,REC_000738,,,data/05_Labeling/Final_Labeled/[DS107] Gán nhãn - Nhung.csv,Label row is missing both topic_label_final and topic_label_id.
missing_topic_label,REC_006588,,,data/05_Labeling/Final_Labeled/[DS107] Gán nhãn - Nhung.csv,Label row is missing both topic_label_final and topic_label_id.
missing_topic_label,REC_000711,,,data/05_Labeling/Final_Labeled/[DS107] Gán nhãn - Nhung.csv,Label row is missing both topic_label_final and topic_label_id.
missing_topic_label,REC_000296,,,data/05_Labeling/Final_Labeled/[DS107] Gán nhãn - Nhung.csv,Label row is missing both topic_label_final and topic_label_id.
missing_topic_label,REC_009216,,,data/05_Labeling/Final_Labeled/[DS107] Gán nhãn - Nhung.csv,Label row is missing both topic_label_final and topic_label_id.
missing_topic_label,REC_011277,,,data/05_Labeling/Final_Labeled/[DS107] Gán nhãn - Nhung.csv,Label row is missing both topic_label_final and topic_label_id.
missing_topic_label,REC_007376,,,data/05_Labeling/Final_Labeled/[DS107] Gán nhãn - Nhung.csv,Label row is missing both topic_label_final and topic_label_id.
missing_topic_label,REC_000333,,,data/05_Labeling/Final_Labeled/[DS107] Gán nhãn - Nhung.csv,Label row is missing both topic_label_final and topic_label_id.
missing_topic_label,REC_009985,,,data/05_Labeling/Final_Labeled/[DS107] Gán nhãn - Nhung.csv,Label row is missing both topic_label_final and topic_label_id.
missing_topic_label,REC_009591,,,data/05_Labeling/Final_Labeled/[DS107] Gán nhãn - Nhung.csv,Label row is missing both topic_label_final and topic_label_id.
missing_topic_label,REC_000306,,,data/05_Labeling/Final_Labeled/[DS107] Gán nhãn - Nhung.csv,Label row is missing both topic_label_final and topic_label_id.
missing_topic_label,REC_000814,,,data/05_Labeling/Final_Labeled/[DS107] Gán nhãn - Nhung.csv,Label row is missing both topic_label_final and topic_label_id.
missing_topic_label,REC_005683,,,data/05_Labeling/Final_Labeled/[DS107] Gán nhãn - Nhung.csv,Label row is missing both topic_label_final and topic_label_id.
missing_topic_label,REC_008776,,,data/05_Labeling/Final_Labeled/[DS107] Gán nhãn - Nhung.csv,Label row is missing both topic_label_final and topic_label_id.
missing_topic_label,REC_012116,,,data/05_Labeling/Final_Labeled/[DS107] Gán nhãn - Nhung.csv,Label row is missing both topic_label_final and topic_label_id.
missing_topic_label,REC_000780,,,data/05_Labeling/Final_Labeled/[DS107] Gán nhãn - Nhung.csv,Label row is missing both topic_label_final and topic_label_id.
missing_topic_label,REC_005690,,,data/05_Labeling/Final_Labeled/[DS107] Gán nhãn - Nhung.csv,Label row is missing both topic_label_final and topic_label_id.
missing_topic_label,REC_009213,,,data/05_Labeling/Final_Labeled/[DS107] Gán nhãn - Nhung.csv,Label row is missing both topic_label_final and topic_label_id.
missing_topic_label,REC_002878,,,data/05_Labeling/Final_Labeled/[DS107] Gán nhãn - Nhung.csv,Label row is missing both topic_label_final and topic_label_id.
missing_topic_label,REC_008922,,,data/05_Labeling/Final_Labeled/[DS107] Gán nhãn - Nhung.csv,Label row is missing both topic_label_final and topic_label_id.
missing_topic_label,REC_005708,,,data/05_Labeling/Final_Labeled/[DS107] Gán nhãn - Nhung.csv,Label row is missing both topic_label_final and topic_label_id.
missing_topic_label,REC_000698,,,data/05_Labeling/Final_Labeled/[DS107] Gán nhãn - Nhung.csv,Label row is missing both topic_label_final and topic_label_id.
missing_topic_label,REC_010415,,,data/05_Labeling/Final_Labeled/[DS107] Gán nhãn - Nhung.csv,Label row is missing both topic_label_final and topic_label_id.
missing_topic_label,REC_005005,,,data/05_Labeling/Final_Labeled/[DS107] Gán nhãn - Nhung.csv,Label row is missing both topic_label_final and topic_label_id.
missing_topic_label,REC_009664,,,data/05_Labeling/Final_Labeled/[DS107] Gán nhãn - Nhung.csv,Label row is missing both topic_label_final and topic_label_id.
missing_topic_label,REC_009192,,,data/05_Labeling/Final_Labeled/[DS107] Gán nhãn - Nhung.csv,Label row is missing both topic_label_final and topic_label_id.
missing_topic_label,REC_009789,,,data/05_Labeling/Final_Labeled/[DS107] Gán nhãn - Nhung.csv,Label row is missing both topic_label_final and topic_label_id.
missing_topic_label,REC_006554,,,data/05_Labeling/Final_Labeled/[DS107] Gán nhãn - Nhung.csv,Label row is missing both topic_label_final and topic_label_id.
missing_topic_label,REC_008752,,,data/05_Labeling/Final_Labeled/[DS107] Gán nhãn - Nhung.csv,Label row is missing both topic_label_final and topic_label_id.
missing_topic_label,REC_009695,,,data/05_Labeling/Final_Labeled/[DS107] Gán nhãn - Nhung.csv,Label row is missing both topic_label_final and topic_label_id.
missing_topic_label,REC_009799,,,data/05_Labeling/Final_Labeled/[DS107] Gán nhãn - Nhung.csv,Label row is missing both topic_label_final and topic_label_id.
missing_topic_label,REC_000700,,,data/05_Labeling/Final_Labeled/[DS107] Gán nhãn - Nhung.csv,Label row is missing both topic_label_final and topic_label_id.
missing_topic_label,REC_009632,,,data/05_Labeling/Final_Labeled/[DS107] Gán nhãn - Nhung.csv,Label row is missing both topic_label_final and topic_label_id.
missing_topic_label,REC_005091,,,data/05_Labeling/Final_Labeled/[DS107] Gán nhãn - Nhung.csv,Label row is missing both topic_label_final and topic_label_id.
missing_topic_label,REC_006546,,,data/05_Labeling/Final_Labeled/[DS107] Gán nhãn - Nhung.csv,Label row is missing both topic_label_final and topic_label_id.
missing_topic_label,REC_008154,,,data/05_Labeling/Final_Labeled/[DS107] Gán nhãn - Nhung.csv,Label row is missing both topic_label_final and topic_label_id.
missing_topic_label,REC_009184,,,data/05_Labeling/Final_Labeled/[DS107] Gán nhãn - Nhung.csv,Label row is missing both topic_label_final and topic_label_id.
missing_topic_label,REC_011135,,,data/05_Labeling/Final_Labeled/[DS107] Gán nhãn - Nhung.csv,Label row is missing both topic_label_final and topic_label_id.
missing_topic_label,REC_006435,,,data/05_Labeling/Final_Labeled/[DS107] Gán nhãn - Nhung.csv,Label row is missing both topic_label_final and topic_label_id.
missing_topic_label,REC_009720,,,data/05_Labeling/Final_Labeled/[DS107] Gán nhãn - Nhung.csv,Label row is missing both topic_label_final and topic_label_id.
missing_topic_label,REC_009724,,,data/05_Labeling/Final_Labeled/[DS107] Gán nhãn - Nhung.csv,Label row is missing both topic_label_final and topic_label_id.
missing_topic_label,REC_001179,,,data/05_Labeling/Final_Labeled/[DS107] Gán nhãn - Nhung.csv,Label row is missing both topic_label_final and topic_label_id.
missing_topic_label,REC_000361,,,data/05_Labeling/Final_Labeled/[DS107] Gán nhãn - Nhung.csv,Label row is missing both topic_label_final and topic_label_id.
missing_topic_label,REC_011116,,,data/05_Labeling/Final_Labeled/[DS107] Gán nhãn - Nhung.csv,Label row is missing both topic_label_final and topic_label_id.
missing_topic_label,REC_012078,,,data/05_Labeling/Final_Labeled/[DS107] Gán nhãn - Nhung.csv,Label row is missing both topic_label_final and topic_label_id.
missing_topic_label,REC_009806,,,data/05_Labeling/Final_Labeled/[DS107] Gán nhãn - Nhung.csv,Label row is missing both topic_label_final and topic_label_id.
missing_topic_label,REC_008924,,,data/05_Labeling/Final_Labeled/[DS107] Gán nhãn - Nhung.csv,Label row is missing both topic_label_final and topic_label_id.
missing_topic_label,REC_005746,,,data/05_Labeling/Final_Labeled/[DS107] Gán nhãn - Nhung.csv,Label row is missing both topic_label_final and topic_label_id.
missing_topic_label,REC_005796,,,data/05_Labeling/Final_Labeled/[DS107] Gán nhãn - Nhung.csv,Label row is missing both topic_label_final and topic_label_id.
missing_topic_label,REC_012345,,,data/05_Labeling/Final_Labeled/[DS107] Gán nhãn - Nhung.csv,Label row is missing both topic_label_final and topic_label_id.
missing_topic_label,REC_005678,,,data/05_Labeling/Final_Labeled/[DS107] Gán nhãn - Nhung.csv,Label row is missing both topic_label_final and topic_label_id.
missing_topic_label,REC_005626,,,data/05_Labeling/Final_Labeled/[DS107] Gán nhãn - Nhung.csv,Label row is missing both topic_label_final and topic_label_id.
missing_topic_label,REC_008766,,,data/05_Labeling/Final_Labeled/[DS107] Gán nhãn - Nhung.csv,Label row is missing both topic_label_final and topic_label_id.
missing_topic_label,REC_010080,,,data/05_Labeling/Final_Labeled/[DS107] Gán nhãn - Nhung.csv,Label row is missing both topic_label_final and topic_label_id.
missing_topic_label,REC_000802,,,data/05_Labeling/Final_Labeled/[DS107] Gán nhãn - Nhung.csv,Label row is missing both topic_label_final and topic_label_id.
missing_topic_label,REC_008137,,,data/05_Labeling/Final_Labeled/[DS107] Gán nhãn - Nhung.csv,Label row is missing both topic_label_final and topic_label_id.
missing_topic_label,REC_000733,,,data/05_Labeling/Final_Labeled/[DS107] Gán nhãn - Nhung.csv,Label row is missing both topic_label_final and topic_label_id.
missing_topic_label,REC_009746,,,data/05_Labeling/Final_Labeled/[DS107] Gán nhãn - Nhung.csv,Label row is missing both topic_label_final and topic_label_id.
missing_topic_label,REC_004515,,,data/05_Labeling/Final_Labeled/[DS107] Gán nhãn - Nhung.csv,Label row is missing both topic_label_final and topic_label_id.
missing_topic_label,REC_000797,,,data/05_Labeling/Final_Labeled/[DS107] Gán nhãn - Nhung.csv,Label row is missing both topic_label_final and topic_label_id.
missing_topic_label,REC_005633,,,data/05_Labeling/Final_Labeled/[DS107] Gán nhãn - Nhung.csv,Label row is missing both topic_label_final and topic_label_id.
missing_topic_label,REC_011109,,,data/05_Labeling/Final_Labeled/[DS107] Gán nhãn - Nhung.csv,Label row is missing both topic_label_final and topic_label_id.
missing_topic_label,REC_008124,,,data/05_Labeling/Final_Labeled/[DS107] Gán nhãn - Nhung.csv,Label row is missing both topic_label_final and topic_label_id.
missing_topic_label,REC_000290,,,data/05_Labeling/Final_Labeled/[DS107] Gán nhãn - Nhung.csv,Label row is missing both topic_label_final and topic_label_id.
missing_topic_label,REC_005606,,,data/05_Labeling/Final_Labeled/[DS107] Gán nhãn - Nhung.csv,Label row is missing both topic_label_final and topic_label_id.
missing_topic_label,REC_009629,,,data/05_Labeling/Final_Labeled/[DS107] Gán nhãn - Nhung.csv,Label row is missing both topic_label_final and topic_label_id.
missing_topic_label,REC_000750,,,data/05_Labeling/Final_Labeled/[DS107] Gán nhãn - Nhung.csv,Label row is missing both topic_label_final and topic_label_id.
missing_topic_label,REC_009642,,,data/05_Labeling/Final_Labeled/[DS107] Gán nhãn - Nhung.csv,Label row is missing both topic_label_final and topic_label_id.
missing_topic_label,REC_007355,,,data/05_Labeling/Final_Labeled/[DS107] Gán nhãn - Nhung.csv,Label row is missing both topic_label_final and topic_label_id.
missing_topic_label,REC_005640,,,data/05_Labeling/Final_Labeled/[DS107] Gán nhãn - Nhung.csv,Label row is missing both topic_label_final and topic_label_id.
missing_topic_label,REC_008264,,,data/05_Labeling/Final_Labeled/[DS107] Gán nhãn - Nhung.csv,Label row is missing both topic_label_final and topic_label_id.
missing_topic_label,REC_005085,,,data/05_Labeling/Final_Labeled/[DS107] Gán nhãn - Nhung.csv,Label row is missing both topic_label_final and topic_label_id.
missing_topic_label,REC_009605,,,data/05_Labeling/Final_Labeled/[DS107] Gán nhãn - Nhung.csv,Label row is missing both topic_label_final and topic_label_id.
missing_topic_label,REC_006471,,,data/05_Labeling/Final_Labeled/[DS107] Gán nhãn - Nhung.csv,Label row is missing both topic_label_final and topic_label_id.
missing_topic_label,REC_008819,,,data/05_Labeling/Final_Labeled/[DS107] Gán nhãn - Nhung.csv,Label row is missing both topic_label_final and topic_label_id.
missing_topic_label,REC_005740,,,data/05_Labeling/Final_Labeled/[DS107] Gán nhãn - Nhung.csv,Label row is missing both topic_label_final and topic_label_id.
missing_topic_label,REC_008135,,,data/05_Labeling/Final_Labeled/[DS107] Gán nhãn - Nhung.csv,Label row is missing both topic_label_final and topic_label_id.
missing_topic_label,REC_008874,,,data/05_Labeling/Final_Labeled/[DS107] Gán nhãn - Nhung.csv,Label row is missing both topic_label_final and topic_label_id.
missing_topic_label,REC_006455,,,data/05_Labeling/Final_Labeled/[DS107] Gán nhãn - Nhung.csv,Label row is missing both topic_label_final and topic_label_id.
missing_topic_label,REC_005000,,,data/05_Labeling/Final_Labeled/[DS107] Gán nhãn - Nhung.csv,Label row is missing both topic_label_final and topic_label_id.
missing_topic_label,REC_006547,,,data/05_Labeling/Final_Labeled/[DS107] Gán nhãn - Nhung.csv,Label row is missing both topic_label_final and topic_label_id.
missing_topic_label,REC_009214,,,data/05_Labeling/Final_Labeled/[DS107] Gán nhãn - Nhung.csv,Label row is missing both topic_label_final and topic_label_id.
missing_topic_label,REC_009617,,,data/05_Labeling/Final_Labeled/[DS107] Gán nhãn - Nhung.csv,Label row is missing both topic_label_final and topic_label_id.
missing_topic_label,REC_006636,,,data/05_Labeling/Final_Labeled/[DS107] Gán nhãn - Nhung.csv,Label row is missing both topic_label_final and topic_label_id.
missing_topic_label,REC_010266,,,data/05_Labeling/Final_Labeled/[DS107] Gán nhãn - Nhung.csv,Label row is missing both topic_label_final and topic_label_id.
missing_topic_label,REC_005738,,,data/05_Labeling/Final_Labeled/[DS107] Gán nhãn - Nhung.csv,Label row is missing both topic_label_final and topic_label_id.
missing_topic_label,REC_005675,,,data/05_Labeling/Final_Labeled/[DS107] Gán nhãn - Nhung.csv,Label row is missing both topic_label_final and topic_label_id.
missing_topic_label,REC_006494,,,data/05_Labeling/Final_Labeled/[DS107] Gán nhãn - Nhung.csv,Label row is missing both topic_label_final and topic_label_id.
missing_topic_label,REC_009759,,,data/05_Labeling/Final_Labeled/[DS107] Gán nhãn - Nhung.csv,Label row is missing both topic_label_final and topic_label_id.
missing_topic_label,REC_001219,,,data/05_Labeling/Final_Labeled/[DS107] Gán nhãn - Nhung.csv,Label row is missing both topic_label_final and topic_label_id.
missing_topic_label,REC_008150,,,data/05_Labeling/Final_Labeled/[DS107] Gán nhãn - Nhung.csv,Label row is missing both topic_label_final and topic_label_id.
missing_topic_label,REC_000824,,,data/05_Labeling/Final_Labeled/[DS107] Gán nhãn - Nhung.csv,Label row is missing both topic_label_final and topic_label_id.
missing_topic_label,REC_008837,,,data/05_Labeling/Final_Labeled/[DS107] Gán nhãn - Nhung.csv,Label row is missing both topic_label_final and topic_label_id.
missing_topic_label,REC_011715,,,data/05_Labeling/Final_Labeled/[DS107] Gán nhãn - Nhung.csv,Label row is missing both topic_label_final and topic_label_id.
missing_topic_label,REC_005760,,,data/05_Labeling/Final_Labeled/[DS107] Gán nhãn - Nhung.csv,Label row is missing both topic_label_final and topic_label_id.
missing_topic_label,REC_008876,,,data/05_Labeling/Final_Labeled/[DS107] Gán nhãn - Nhung.csv,Label row is missing both topic_label_final and topic_label_id.
missing_topic_label,REC_011728,,,data/05_Labeling/Final_Labeled/[DS107] Gán nhãn - Nhung.csv,Label row is missing both topic_label_final and topic_label_id.
missing_topic_label,REC_005031,,,data/05_Labeling/Final_Labeled/[DS107] Gán nhãn - Nhung.csv,Label row is missing both topic_label_final and topic_label_id.
missing_topic_label,REC_005636,,,data/05_Labeling/Final_Labeled/[DS107] Gán nhãn - Nhung.csv,Label row is missing both topic_label_final and topic_label_id.
missing_topic_label,REC_006513,,,data/05_Labeling/Final_Labeled/[DS107] Gán nhãn - Nhung.csv,Label row is missing both topic_label_final and topic_label_id.
missing_topic_label,REC_009688,,,data/05_Labeling/Final_Labeled/[DS107] Gán nhãn - Nhung.csv,Label row is missing both topic_label_final and topic_label_id.
missing_topic_label,REC_008906,,,data/05_Labeling/Final_Labeled/[DS107] Gán nhãn - Nhung.csv,Label row is missing both topic_label_final and topic_label_id.
missing_topic_label,REC_005024,,,data/05_Labeling/Final_Labeled/[DS107] Gán nhãn - Nhung.csv,Label row is missing both topic_label_final and topic_label_id.
missing_topic_label,REC_007382,,,data/05_Labeling/Final_Labeled/[DS107] Gán nhãn - Nhung.csv,Label row is missing both topic_label_final and topic_label_id.
missing_topic_label,REC_000388,,,data/05_Labeling/Final_Labeled/[DS107] Gán nhãn - Nhung.csv,Label row is missing both topic_label_final and topic_label_id.
missing_topic_label,REC_005019,,,data/05_Labeling/Final_Labeled/[DS107] Gán nhãn - Nhung.csv,Label row is missing both topic_label_final and topic_label_id.
missing_topic_label,REC_008761,,,data/05_Labeling/Final_Labeled/[DS107] Gán nhãn - Nhung.csv,Label row is missing both topic_label_final and topic_label_id.
missing_topic_label,REC_000373,,,data/05_Labeling/Final_Labeled/[DS107] Gán nhãn - Nhung.csv,Label row is missing both topic_label_final and topic_label_id.
missing_topic_label,REC_009637,,,data/05_Labeling/Final_Labeled/[DS107] Gán nhãn - Nhung.csv,Label row is missing both topic_label_final and topic_label_id.
missing_topic_label,REC_009611,,,data/05_Labeling/Final_Labeled/[DS107] Gán nhãn - Nhung.csv,Label row is missing both topic_label_final and topic_label_id.
missing_topic_label,REC_000703,,,data/05_Labeling/Final_Labeled/[DS107] Gán nhãn - Nhung.csv,Label row is missing both topic_label_final and topic_label_id.
missing_topic_label,REC_007344,,,data/05_Labeling/Final_Labeled/[DS107] Gán nhãn - Nhung.csv,Label row is missing both topic_label_final and topic_label_id.
missing_topic_label,REC_009798,,,data/05_Labeling/Final_Labeled/[DS107] Gán nhãn - Nhung.csv,Label row is missing both topic_label_final and topic_label_id.
missing_topic_label,REC_010798,,,data/05_Labeling/Final_Labeled/[DS107] Gán nhãn - Nhung.csv,Label row is missing both topic_label_final and topic_label_id.
missing_topic_label,REC_012126,,,data/05_Labeling/Final_Labeled/[DS107] Gán nhãn - Nhung.csv,Label row is missing both topic_label_final and topic_label_id.
missing_topic_label,REC_000850,,,data/05_Labeling/Final_Labeled/[DS107] Gán nhãn - Nhung.csv,Label row is missing both topic_label_final and topic_label_id.
missing_topic_label,REC_000852,,,data/05_Labeling/Final_Labeled/[DS107] Gán nhãn - Nhung.csv,Label row is missing both topic_label_final and topic_label_id.
missing_topic_label,REC_006603,,,data/05_Labeling/Final_Labeled/[DS107] Gán nhãn - Nhung.csv,Label row is missing both topic_label_final and topic_label_id.
missing_topic_label,REC_008753,,,data/05_Labeling/Final_Labeled/[DS107] Gán nhãn - Nhung.csv,Label row is missing both topic_label_final and topic_label_id.
missing_topic_label,REC_008245,,,data/05_Labeling/Final_Labeled/[DS107] Gán nhãn - Nhung.csv,Label row is missing both topic_label_final and topic_label_id.
missing_topic_label,REC_006485,,,data/05_Labeling/Final_Labeled/[DS107] Gán nhãn - Nhung.csv,Label row is missing both topic_label_final and topic_label_id.
missing_topic_label,REC_009614,,,data/05_Labeling/Final_Labeled/[DS107] Gán nhãn - Nhung.csv,Label row is missing both topic_label_final and topic_label_id.
missing_topic_label,REC_000714,,,data/05_Labeling/Final_Labeled/[DS107] Gán nhãn - Nhung.csv,Label row is missing both topic_label_final and topic_label_id.
missing_topic_label,REC_008202,,,data/05_Labeling/Final_Labeled/[DS107] Gán nhãn - Nhung.csv,Label row is missing both topic_label_final and topic_label_id.
missing_topic_label,REC_005700,,,data/05_Labeling/Final_Labeled/[DS107] Gán nhãn - Nhung.csv,Label row is missing both topic_label_final and topic_label_id.
missing_topic_label,REC_009791,,,data/05_Labeling/Final_Labeled/[DS107] Gán nhãn - Nhung.csv,Label row is missing both topic_label_final and topic_label_id.
missing_topic_label,REC_005643,,,data/05_Labeling/Final_Labeled/[DS107] Gán nhãn - Nhung.csv,Label row is missing both topic_label_final and topic_label_id.
missing_topic_label,REC_000254,,,data/05_Labeling/Final_Labeled/[DS107] Gán nhãn - Nhung.csv,Label row is missing both topic_label_final and topic_label_id.
missing_topic_label,REC_000264,,,data/05_Labeling/Final_Labeled/[DS107] Gán nhãn - Nhung.csv,Label row is missing both topic_label_final and topic_label_id.
missing_topic_label,REC_000821,,,data/05_Labeling/Final_Labeled/[DS107] Gán nhãn - Nhung.csv,Label row is missing both topic_label_final and topic_label_id.
missing_topic_label,REC_000349,,,data/05_Labeling/Final_Labeled/[DS107] Gán nhãn - Nhung.csv,Label row is missing both topic_label_final and topic_label_id.
missing_topic_label,REC_008705,,,data/05_Labeling/Final_Labeled/[DS107] Gán nhãn - Nhung.csv,Label row is missing both topic_label_final and topic_label_id.
missing_topic_label,REC_006540,,,data/05_Labeling/Final_Labeled/[DS107] Gán nhãn - Nhung.csv,Label row is missing both topic_label_final and topic_label_id.
missing_topic_label,REC_000855,,,data/05_Labeling/Final_Labeled/[DS107] Gán nhãn - Nhung.csv,Label row is missing both topic_label_final and topic_label_id.
missing_topic_label,REC_008868,,,data/05_Labeling/Final_Labeled/[DS107] Gán nhãn - Nhung.csv,Label row is missing both topic_label_final and topic_label_id.
missing_topic_label,REC_005819,,,data/05_Labeling/Final_Labeled/[DS107] Gán nhãn - Nhung.csv,Label row is missing both topic_label_final and topic_label_id.
missing_topic_label,REC_012112,,,data/05_Labeling/Final_Labeled/[DS107] Gán nhãn - Nhung.csv,Label row is missing both topic_label_final and topic_label_id.
missing_topic_label,REC_007362,,,data/05_Labeling/Final_Labeled/[DS107] Gán nhãn - Nhung.csv,Label row is missing both topic_label_final and topic_label_id.
missing_topic_label,REC_010504,,,data/05_Labeling/Final_Labeled/[DS107] Gán nhãn - Nhung.csv,Label row is missing both topic_label_final and topic_label_id.
missing_topic_label,REC_006658,,,data/05_Labeling/Final_Labeled/[DS107] Gán nhãn - Nhung.csv,Label row is missing both topic_label_final and topic_label_id.
missing_topic_label,REC_009635,,,data/05_Labeling/Final_Labeled/[DS107] Gán nhãn - Nhung.csv,Label row is missing both topic_label_final and topic_label_id.
missing_topic_label,REC_008816,,,data/05_Labeling/Final_Labeled/[DS107] Gán nhãn - Nhung.csv,Label row is missing both topic_label_final and topic_label_id.
missing_topic_label,REC_001245,,,data/05_Labeling/Final_Labeled/[DS107] Gán nhãn - Nhung.csv,Label row is missing both topic_label_final and topic_label_id.
missing_topic_label,REC_005631,,,data/05_Labeling/Final_Labeled/[DS107] Gán nhãn - Nhung.csv,Label row is missing both topic_label_final and topic_label_id.
missing_topic_label,REC_006558,,,data/05_Labeling/Final_Labeled/[DS107] Gán nhãn - Nhung.csv,Label row is missing both topic_label_final and topic_label_id.
missing_topic_label,REC_009674,,,data/05_Labeling/Final_Labeled/[DS107] Gán nhãn - Nhung.csv,Label row is missing both topic_label_final and topic_label_id.
missing_topic_label,REC_008230,,,data/05_Labeling/Final_Labeled/[DS107] Gán nhãn - Nhung.csv,Label row is missing both topic_label_final and topic_label_id.
missing_topic_label,REC_008769,,,data/05_Labeling/Final_Labeled/[DS107] Gán nhãn - Nhung.csv,Label row is missing both topic_label_final and topic_label_id.
missing_topic_label,REC_006538,,,data/05_Labeling/Final_Labeled/[DS107] Gán nhãn - Nhung.csv,Label row is missing both topic_label_final and topic_label_id.
missing_topic_label,REC_006460,,,data/05_Labeling/Final_Labeled/[DS107] Gán nhãn - Nhung.csv,Label row is missing both topic_label_final and topic_label_id.
missing_topic_label,REC_005696,,,data/05_Labeling/Final_Labeled/[DS107] Gán nhãn - Nhung.csv,Label row is missing both topic_label_final and topic_label_id.
missing_topic_label,REC_005009,,,data/05_Labeling/Final_Labeled/[DS107] Gán nhãn - Nhung.csv,Label row is missing both topic_label_final and topic_label_id.
missing_topic_label,REC_009601,,,data/05_Labeling/Final_Labeled/[DS107] Gán nhãn - Nhung.csv,Label row is missing both topic_label_final and topic_label_id.
missing_topic_label,REC_008808,,,data/05_Labeling/Final_Labeled/[DS107] Gán nhãn - Nhung.csv,Label row is missing both topic_label_final and topic_label_id.
missing_topic_label,REC_010532,,,data/05_Labeling/Final_Labeled/[DS107] Gán nhãn - Nhung.csv,Label row is missing both topic_label_final and topic_label_id.
missing_topic_label,REC_008240,,,data/05_Labeling/Final_Labeled/[DS107] Gán nhãn - Nhung.csv,Label row is missing both topic_label_final and topic_label_id.
missing_topic_label,REC_006418,,,data/05_Labeling/Final_Labeled/[DS107] Gán nhãn - Nhung.csv,Label row is missing both topic_label_final and topic_label_id.
missing_topic_label,REC_008276,,,data/05_Labeling/Final_Labeled/[DS107] Gán nhãn - Nhung.csv,Label row is missing both topic_label_final and topic_label_id.
missing_topic_label,REC_006592,,,data/05_Labeling/Final_Labeled/[DS107] Gán nhãn - Nhung.csv,Label row is missing both topic_label_final and topic_label_id.
missing_topic_label,REC_010062,,,data/05_Labeling/Final_Labeled/[DS107] Gán nhãn - Nhung.csv,Label row is missing both topic_label_final and topic_label_id.
missing_topic_label,REC_000310,,,data/05_Labeling/Final_Labeled/[DS107] Gán nhãn - Nhung.csv,Label row is missing both topic_label_final and topic_label_id.
missing_topic_label,REC_010827,,,data/05_Labeling/Final_Labeled/[DS107] Gán nhãn - Nhung.csv,Label row is missing both topic_label_final and topic_label_id.
missing_topic_label,REC_006569,,,data/05_Labeling/Final_Labeled/[DS107] Gán nhãn - Nhung.csv,Label row is missing both topic_label_final and topic_label_id.
missing_topic_label,REC_008110,,,data/05_Labeling/Final_Labeled/[DS107] Gán nhãn - Nhung.csv,Label row is missing both topic_label_final and topic_label_id.
missing_topic_label,REC_010765,,,data/05_Labeling/Final_Labeled/[DS107] Gán nhãn - Nhung.csv,Label row is missing both topic_label_final and topic_label_id.
missing_topic_label,REC_008232,,,data/05_Labeling/Final_Labeled/[DS107] Gán nhãn - Nhung.csv,Label row is missing both topic_label_final and topic_label_id.
missing_topic_label,REC_006665,,,data/05_Labeling/Final_Labeled/[DS107] Gán nhãn - Nhung.csv,Label row is missing both topic_label_final and topic_label_id.
missing_topic_label,REC_008758,,,data/05_Labeling/Final_Labeled/[DS107] Gán nhãn - Nhung.csv,Label row is missing both topic_label_final and topic_label_id.
missing_topic_label,REC_000281,,,data/05_Labeling/Final_Labeled/[DS107] Gán nhãn - Nhung.csv,Label row is missing both topic_label_final and topic_label_id.
missing_topic_label,REC_000301,,,data/05_Labeling/Final_Labeled/[DS107] Gán nhãn - Nhung.csv,Label row is missing both topic_label_final and topic_label_id.
missing_topic_label,REC_006441,,,data/05_Labeling/Final_Labeled/[DS107] Gán nhãn - Nhung.csv,Label row is missing both topic_label_final and topic_label_id.
missing_topic_label,REC_005046,,,data/05_Labeling/Final_Labeled/[DS107] Gán nhãn - Nhung.csv,Label row is missing both topic_label_final and topic_label_id.
missing_topic_label,REC_006445,,,data/05_Labeling/Final_Labeled/[DS107] Gán nhãn - Nhung.csv,Label row is missing both topic_label_final and topic_label_id.
missing_topic_label,REC_000771,,,data/05_Labeling/Final_Labeled/[DS107] Gán nhãn - Nhung.csv,Label row is missing both topic_label_final and topic_label_id.
missing_topic_label,REC_001206,,,data/05_Labeling/Final_Labeled/[DS107] Gán nhãn - Nhung.csv,Label row is missing both topic_label_final and topic_label_id.
missing_topic_label,REC_008829,,,data/05_Labeling/Final_Labeled/[DS107] Gán nhãn - Nhung.csv,Label row is missing both topic_label_final and topic_label_id.
missing_topic_label,REC_005719,,,data/05_Labeling/Final_Labeled/[DS107] Gán nhãn - Nhung.csv,Label row is missing both topic_label_final and topic_label_id.
missing_topic_label,REC_005095,,,data/05_Labeling/Final_Labeled/[DS107] Gán nhãn - Nhung.csv,Label row is missing both topic_label_final and topic_label_id.
missing_topic_label,REC_006446,,,data/05_Labeling/Final_Labeled/[DS107] Gán nhãn - Nhung.csv,Label row is missing both topic_label_final and topic_label_id.
missing_topic_label,REC_000734,,,data/05_Labeling/Final_Labeled/[DS107] Gán nhãn - Nhung.csv,Label row is missing both topic_label_final and topic_label_id.
missing_topic_label,REC_001239,,,data/05_Labeling/Final_Labeled/[DS107] Gán nhãn - Nhung.csv,Label row is missing both topic_label_final and topic_label_id.
missing_topic_label,REC_007380,,,data/05_Labeling/Final_Labeled/[DS107] Gán nhãn - Nhung.csv,Label row is missing both topic_label_final and topic_label_id.
missing_topic_label,REC_008891,,,data/05_Labeling/Final_Labeled/[DS107] Gán nhãn - Nhung.csv,Label row is missing both topic_label_final and topic_label_id.
missing_topic_label,REC_006601,,,data/05_Labeling/Final_Labeled/[DS107] Gán nhãn - Nhung.csv,Label row is missing both topic_label_final and topic_label_id.
missing_topic_label,REC_008860,,,data/05_Labeling/Final_Labeled/[DS107] Gán nhãn - Nhung.csv,Label row is missing both topic_label_final and topic_label_id.
missing_topic_label,REC_000345,,,data/05_Labeling/Final_Labeled/[DS107] Gán nhãn - Nhung.csv,Label row is missing both topic_label_final and topic_label_id.
missing_topic_label,REC_000376,,,data/05_Labeling/Final_Labeled/[DS107] Gán nhãn - Nhung.csv,Label row is missing both topic_label_final and topic_label_id.
missing_topic_label,REC_005783,,,data/05_Labeling/Final_Labeled/[DS107] Gán nhãn - Nhung.csv,Label row is missing both topic_label_final and topic_label_id.
missing_topic_label,REC_010749,,,data/05_Labeling/Final_Labeled/[DS107] Gán nhãn - Nhung.csv,Label row is missing both topic_label_final and topic_label_id.
missing_topic_label,REC_009648,,,data/05_Labeling/Final_Labeled/[DS107] Gán nhãn - Nhung.csv,Label row is missing both topic_label_final and topic_label_id.
missing_topic_label,REC_006645,,,data/05_Labeling/Final_Labeled/[DS107] Gán nhãn - Nhung.csv,Label row is missing both topic_label_final and topic_label_id.
missing_topic_label,REC_009684,,,data/05_Labeling/Final_Labeled/[DS107] Gán nhãn - Nhung.csv,Label row is missing both topic_label_final and topic_label_id.
missing_topic_label,REC_008144,,,data/05_Labeling/Final_Labeled/[DS107] Gán nhãn - Nhung.csv,Label row is missing both topic_label_final and topic_label_id.
missing_topic_label,REC_009661,,,data/05_Labeling/Final_Labeled/[DS107] Gán nhãn - Nhung.csv,Label row is missing both topic_label_final and topic_label_id.
missing_topic_label,REC_006612,,,data/05_Labeling/Final_Labeled/[DS107] Gán nhãn - Nhung.csv,Label row is missing both topic_label_final and topic_label_id.
missing_topic_label,REC_004274,,,data/05_Labeling/Final_Labeled/[DS107] Gán nhãn - Nhung.csv,Label row is missing both topic_label_final and topic_label_id.
missing_topic_label,REC_000299,,,data/05_Labeling/Final_Labeled/[DS107] Gán nhãn - Nhung.csv,Label row is missing both topic_label_final and topic_label_id.
missing_topic_label,REC_006616,,,data/05_Labeling/Final_Labeled/[DS107] Gán nhãn - Nhung.csv,Label row is missing both topic_label_final and topic_label_id.
missing_topic_label,REC_008275,,,data/05_Labeling/Final_Labeled/[DS107] Gán nhãn - Nhung.csv,Label row is missing both topic_label_final and topic_label_id.
missing_topic_label,REC_011077,,,data/05_Labeling/Final_Labeled/[DS107] Gán nhãn - Nhung.csv,Label row is missing both topic_label_final and topic_label_id.
missing_topic_label,REC_007349,,,data/05_Labeling/Final_Labeled/[DS107] Gán nhãn - Nhung.csv,Label row is missing both topic_label_final and topic_label_id.
missing_topic_label,REC_005731,,,data/05_Labeling/Final_Labeled/[DS107] Gán nhãn - Nhung.csv,Label row is missing both topic_label_final and topic_label_id.
missing_topic_label,REC_000701,,,data/05_Labeling/Final_Labeled/[DS107] Gán nhãn - Nhung.csv,Label row is missing both topic_label_final and topic_label_id.
missing_topic_label,REC_005011,,,data/05_Labeling/Final_Labeled/[DS107] Gán nhãn - Nhung.csv,Label row is missing both topic_label_final and topic_label_id.
missing_topic_label,REC_008174,,,data/05_Labeling/Final_Labeled/[DS107] Gán nhãn - Nhung.csv,Label row is missing both topic_label_final and topic_label_id.
missing_topic_label,REC_000737,,,data/05_Labeling/Final_Labeled/[DS107] Gán nhãn - Nhung.csv,Label row is missing both topic_label_final and topic_label_id.
missing_topic_label,REC_006432,,,data/05_Labeling/Final_Labeled/[DS107] Gán nhãn - Nhung.csv,Label row is missing both topic_label_final and topic_label_id.
missing_topic_label,REC_008172,,,data/05_Labeling/Final_Labeled/[DS107] Gán nhãn - Nhung.csv,Label row is missing both topic_label_final and topic_label_id.
missing_topic_label,REC_008157,,,data/05_Labeling/Final_Labeled/[DS107] Gán nhãn - Nhung.csv,Label row is missing both topic_label_final and topic_label_id.
missing_topic_label,REC_008828,,,data/05_Labeling/Final_Labeled/[DS107] Gán nhãn - Nhung.csv,Label row is missing both topic_label_final and topic_label_id.
missing_topic_label,REC_006548,,,data/05_Labeling/Final_Labeled/[DS107] Gán nhãn - Nhung.csv,Label row is missing both topic_label_final and topic_label_id.
missing_topic_label,REC_004301,,,data/05_Labeling/Final_Labeled/[DS107] Gán nhãn - Nhung.csv,Label row is missing both topic_label_final and topic_label_id.
missing_topic_label,REC_001213,,,data/05_Labeling/Final_Labeled/[DS107] Gán nhãn - Nhung.csv,Label row is missing both topic_label_final and topic_label_id.
missing_topic_label,REC_010074,,,data/05_Labeling/Final_Labeled/[DS107] Gán nhãn - Nhung.csv,Label row is missing both topic_label_final and topic_label_id.
missing_topic_label,REC_004420,,,data/05_Labeling/Final_Labeled/[DS107] Gán nhãn - Nhung.csv,Label row is missing both topic_label_final and topic_label_id.
missing_topic_label,REC_000390,,,data/05_Labeling/Final_Labeled/[DS107] Gán nhãn - Nhung.csv,Label row is missing both topic_label_final and topic_label_id.
missing_topic_label,REC_008119,,,data/05_Labeling/Final_Labeled/[DS107] Gán nhãn - Nhung.csv,Label row is missing both topic_label_final and topic_label_id.
missing_topic_label,REC_008131,,,data/05_Labeling/Final_Labeled/[DS107] Gán nhãn - Nhung.csv,Label row is missing both topic_label_final and topic_label_id.
missing_topic_label,REC_009756,,,data/05_Labeling/Final_Labeled/[DS107] Gán nhãn - Nhung.csv,Label row is missing both topic_label_final and topic_label_id.
missing_topic_label,REC_009582,,,data/05_Labeling/Final_Labeled/[DS107] Gán nhãn - Nhung.csv,Label row is missing both topic_label_final and topic_label_id.
missing_topic_label,REC_006570,,,data/05_Labeling/Final_Labeled/[DS107] Gán nhãn - Nhung.csv,Label row is missing both topic_label_final and topic_label_id.
missing_topic_label,REC_007366,,,data/05_Labeling/Final_Labeled/[DS107] Gán nhãn - Nhung.csv,Label row is missing both topic_label_final and topic_label_id.
missing_topic_label,REC_000403,,,data/05_Labeling/Final_Labeled/[DS107] Gán nhãn - Nhung.csv,Label row is missing both topic_label_final and topic_label_id.
missing_topic_label,REC_008821,,,data/05_Labeling/Final_Labeled/[DS107] Gán nhãn - Nhung.csv,Label row is missing both topic_label_final and topic_label_id.
missing_topic_label,REC_001212,,,data/05_Labeling/Final_Labeled/[DS107] Gán nhãn - Nhung.csv,Label row is missing both topic_label_final and topic_label_id.
missing_topic_label,REC_011807,,,data/05_Labeling/Final_Labeled/[DS107] Gán nhãn - Nhung.csv,Label row is missing both topic_label_final and topic_label_id.
missing_topic_label,REC_001217,,,data/05_Labeling/Final_Labeled/[DS107] Gán nhãn - Nhung.csv,Label row is missing both topic_label_final and topic_label_id.
missing_topic_label,REC_000287,,,data/05_Labeling/Final_Labeled/[DS107] Gán nhãn - Nhung.csv,Label row is missing both topic_label_final and topic_label_id.
missing_topic_label,REC_011326,,,data/05_Labeling/Final_Labeled/[DS107] Gán nhãn - Nhung.csv,Label row is missing both topic_label_final and topic_label_id.
missing_topic_label,REC_008710,,,data/05_Labeling/Final_Labeled/[DS107] Gán nhãn - Nhung.csv,Label row is missing both topic_label_final and topic_label_id.
missing_topic_label,REC_012352,,,data/05_Labeling/Final_Labeled/[DS107] Gán nhãn - Nhung.csv,Label row is missing both topic_label_final and topic_label_id.
missing_topic_label,REC_005617,,,data/05_Labeling/Final_Labeled/[DS107] Gán nhãn - Nhung.csv,Label row is missing both topic_label_final and topic_label_id.
missing_topic_label,REC_005036,,,data/05_Labeling/Final_Labeled/[DS107] Gán nhãn - Nhung.csv,Label row is missing both topic_label_final and topic_label_id.
missing_topic_label,REC_000770,,,data/05_Labeling/Final_Labeled/[DS107] Gán nhãn - Nhung.csv,Label row is missing both topic_label_final and topic_label_id.
missing_topic_label,REC_008938,,,data/05_Labeling/Final_Labeled/[DS107] Gán nhãn - Nhung.csv,Label row is missing both topic_label_final and topic_label_id.
missing_topic_label,REC_008112,,,data/05_Labeling/Final_Labeled/[DS107] Gán nhãn - Nhung.csv,Label row is missing both topic_label_final and topic_label_id.
missing_topic_label,REC_008812,,,data/05_Labeling/Final_Labeled/[DS107] Gán nhãn - Nhung.csv,Label row is missing both topic_label_final and topic_label_id.
missing_topic_label,REC_006559,,,data/05_Labeling/Final_Labeled/[DS107] Gán nhãn - Nhung.csv,Label row is missing both topic_label_final and topic_label_id.
missing_topic_label,REC_009195,,,data/05_Labeling/Final_Labeled/[DS107] Gán nhãn - Nhung.csv,Label row is missing both topic_label_final and topic_label_id.
missing_topic_label,REC_008867,,,data/05_Labeling/Final_Labeled/[DS107] Gán nhãn - Nhung.csv,Label row is missing both topic_label_final and topic_label_id.
missing_topic_label,REC_009228,,,data/05_Labeling/Final_Labeled/[DS107] Gán nhãn - Nhung.csv,Label row is missing both topic_label_final and topic_label_id.
missing_topic_label,REC_011692,,,data/05_Labeling/Final_Labeled/[DS107] Gán nhãn - Nhung.csv,Label row is missing both topic_label_final and topic_label_id.
missing_topic_label,REC_009690,,,data/05_Labeling/Final_Labeled/[DS107] Gán nhãn - Nhung.csv,Label row is missing both topic_label_final and topic_label_id.
missing_topic_label,REC_011881,,,data/05_Labeling/Final_Labeled/[DS107] Gán nhãn - Nhung.csv,Label row is missing both topic_label_final and topic_label_id.
missing_topic_label,REC_000846,,,data/05_Labeling/Final_Labeled/[DS107] Gán nhãn - Nhung.csv,Label row is missing both topic_label_final and topic_label_id.
missing_topic_label,REC_005025,,,data/05_Labeling/Final_Labeled/[DS107] Gán nhãn - Nhung.csv,Label row is missing both topic_label_final and topic_label_id.
missing_topic_label,REC_000383,,,data/05_Labeling/Final_Labeled/[DS107] Gán nhãn - Nhung.csv,Label row is missing both topic_label_final and topic_label_id.
missing_topic_label,REC_011622,,,data/05_Labeling/Final_Labeled/[DS107] Gán nhãn - Nhung.csv,Label row is missing both topic_label_final and topic_label_id.
missing_topic_label,REC_008859,,,data/05_Labeling/Final_Labeled/[DS107] Gán nhãn - Nhung.csv,Label row is missing both topic_label_final and topic_label_id.
missing_topic_label,REC_009793,,,data/05_Labeling/Final_Labeled/[DS107] Gán nhãn - Nhung.csv,Label row is missing both topic_label_final and topic_label_id.
missing_topic_label,REC_008893,,,data/05_Labeling/Final_Labeled/[DS107] Gán nhãn - Nhung.csv,Label row is missing both topic_label_final and topic_label_id.
missing_topic_label,REC_000328,,,data/05_Labeling/Final_Labeled/[DS107] Gán nhãn - Nhung.csv,Label row is missing both topic_label_final and topic_label_id.
missing_topic_label,REC_010439,,,data/05_Labeling/Final_Labeled/[DS107] Gán nhãn - Nhung.csv,Label row is missing both topic_label_final and topic_label_id.
missing_topic_label,REC_000807,,,data/05_Labeling/Final_Labeled/[DS107] Gán nhãn - Nhung.csv,Label row is missing both topic_label_final and topic_label_id.
missing_topic_label,REC_009787,,,data/05_Labeling/Final_Labeled/[DS107] Gán nhãn - Nhung.csv,Label row is missing both topic_label_final and topic_label_id.
missing_topic_label,REC_009983,,,data/05_Labeling/Final_Labeled/[DS107] Gán nhãn - Nhung.csv,Label row is missing both topic_label_final and topic_label_id.
missing_topic_label,REC_001188,,,data/05_Labeling/Final_Labeled/[DS107] Gán nhãn - Nhung.csv,Label row is missing both topic_label_final and topic_label_id.
missing_topic_label,REC_009670,,,data/05_Labeling/Final_Labeled/[DS107] Gán nhãn - Nhung.csv,Label row is missing both topic_label_final and topic_label_id.
missing_topic_label,REC_009579,,,data/05_Labeling/Final_Labeled/[DS107] Gán nhãn - Nhung.csv,Label row is missing both topic_label_final and topic_label_id.
missing_topic_label,REC_005741,,,data/05_Labeling/Final_Labeled/[DS107] Gán nhãn - Nhung.csv,Label row is missing both topic_label_final and topic_label_id.
missing_topic_label,REC_009647,,,data/05_Labeling/Final_Labeled/[DS107] Gán nhãn - Nhung.csv,Label row is missing both topic_label_final and topic_label_id.
missing_topic_label,REC_008228,,,data/05_Labeling/Final_Labeled/[DS107] Gán nhãn - Nhung.csv,Label row is missing both topic_label_final and topic_label_id.
missing_topic_label,REC_005801,,,data/05_Labeling/Final_Labeled/[DS107] Gán nhãn - Nhung.csv,Label row is missing both topic_label_final and topic_label_id.
missing_topic_label,REC_006664,,,data/05_Labeling/Final_Labeled/[DS107] Gán nhãn - Nhung.csv,Label row is missing both topic_label_final and topic_label_id.
missing_topic_label,REC_009718,,,data/05_Labeling/Final_Labeled/[DS107] Gán nhãn - Nhung.csv,Label row is missing both topic_label_final and topic_label_id.
missing_topic_label,REC_005813,,,data/05_Labeling/Final_Labeled/[DS107] Gán nhãn - Nhung.csv,Label row is missing both topic_label_final and topic_label_id.
missing_topic_label,REC_008657,,,data/05_Labeling/Final_Labeled/[DS107] Gán nhãn - Nhung.csv,Label row is missing both topic_label_final and topic_label_id.
missing_topic_label,REC_008128,,,data/05_Labeling/Final_Labeled/[DS107] Gán nhãn - Nhung.csv,Label row is missing both topic_label_final and topic_label_id.
missing_topic_label,REC_009612,,,data/05_Labeling/Final_Labeled/[DS107] Gán nhãn - Nhung.csv,Label row is missing both topic_label_final and topic_label_id.
missing_topic_label,REC_000252,,,data/05_Labeling/Final_Labeled/[DS107] Gán nhãn - Nhung.csv,Label row is missing both topic_label_final and topic_label_id.
missing_topic_label,REC_009165,,,data/05_Labeling/Final_Labeled/[DS107] Gán nhãn - Nhung.csv,Label row is missing both topic_label_final and topic_label_id.
missing_topic_label,REC_001240,,,data/05_Labeling/Final_Labeled/[DS107] Gán nhãn - Nhung.csv,Label row is missing both topic_label_final and topic_label_id.
missing_topic_label,REC_000756,,,data/05_Labeling/Final_Labeled/[DS107] Gán nhãn - Nhung.csv,Label row is missing both topic_label_final and topic_label_id.
missing_topic_label,REC_001205,,,data/05_Labeling/Final_Labeled/[DS107] Gán nhãn - Nhung.csv,Label row is missing both topic_label_final and topic_label_id.
missing_topic_label,REC_006625,,,data/05_Labeling/Final_Labeled/[DS107] Gán nhãn - Nhung.csv,Label row is missing both topic_label_final and topic_label_id.
missing_topic_label,REC_006490,,,data/05_Labeling/Final_Labeled/[DS107] Gán nhãn - Nhung.csv,Label row is missing both topic_label_final and topic_label_id.
missing_topic_label,REC_005737,,,data/05_Labeling/Final_Labeled/[DS107] Gán nhãn - Nhung.csv,Label row is missing both topic_label_final and topic_label_id.
missing_topic_label,REC_008943,,,data/05_Labeling/Final_Labeled/[DS107] Gán nhãn - Nhung.csv,Label row is missing both topic_label_final and topic_label_id.
missing_topic_label,REC_005691,,,data/05_Labeling/Final_Labeled/[DS107] Gán nhãn - Nhung.csv,Label row is missing both topic_label_final and topic_label_id.
missing_topic_label,REC_000356,,,data/05_Labeling/Final_Labeled/[DS107] Gán nhãn - Nhung.csv,Label row is missing both topic_label_final and topic_label_id.
missing_topic_label,REC_000744,,,data/05_Labeling/Final_Labeled/[DS107] Gán nhãn - Nhung.csv,Label row is missing both topic_label_final and topic_label_id.
missing_topic_label,REC_000788,,,data/05_Labeling/Final_Labeled/[DS107] Gán nhãn - Nhung.csv,Label row is missing both topic_label_final and topic_label_id.
missing_topic_label,REC_005688,,,data/05_Labeling/Final_Labeled/[DS107] Gán nhãn - Nhung.csv,Label row is missing both topic_label_final and topic_label_id.
missing_topic_label,REC_000721,,,data/05_Labeling/Final_Labeled/[DS107] Gán nhãn - Nhung.csv,Label row is missing both topic_label_final and topic_label_id.
missing_topic_label,REC_006483,,,data/05_Labeling/Final_Labeled/[DS107] Gán nhãn - Nhung.csv,Label row is missing both topic_label_final and topic_label_id.
missing_topic_label,REC_001255,,,data/05_Labeling/Final_Labeled/[DS107] Gán nhãn - Nhung.csv,Label row is missing both topic_label_final and topic_label_id.
missing_topic_label,REC_003018,,,data/05_Labeling/Final_Labeled/[DS107] Gán nhãn - Nhung.csv,Label row is missing both topic_label_final and topic_label_id.
missing_topic_label,REC_005595,,,data/05_Labeling/Final_Labeled/[DS107] Gán nhãn - Nhung.csv,Label row is missing both topic_label_final and topic_label_id.
missing_topic_label,REC_009218,,,data/05_Labeling/Final_Labeled/[DS107] Gán nhãn - Nhung.csv,Label row is missing both topic_label_final and topic_label_id.
missing_topic_label,REC_000704,,,data/05_Labeling/Final_Labeled/[DS107] Gán nhãn - Nhung.csv,Label row is missing both topic_label_final and topic_label_id.
missing_topic_label,REC_000334,,,data/05_Labeling/Final_Labeled/[DS107] Gán nhãn - Nhung.csv,Label row is missing both topic_label_final and topic_label_id.
missing_topic_label,REC_009788,,,data/05_Labeling/Final_Labeled/[DS107] Gán nhãn - Nhung.csv,Label row is missing both topic_label_final and topic_label_id.
missing_topic_label,REC_005102,,,data/05_Labeling/Final_Labeled/[DS107] Gán nhãn - Nhung.csv,Label row is missing both topic_label_final and topic_label_id.
missing_topic_label,REC_011610,,,data/05_Labeling/Final_Labeled/[DS107] Gán nhãn - Nhung.csv,Label row is missing both topic_label_final and topic_label_id.
missing_topic_label,REC_006600,,,data/05_Labeling/Final_Labeled/[DS107] Gán nhãn - Nhung.csv,Label row is missing both topic_label_final and topic_label_id.
missing_topic_label,REC_001209,,,data/05_Labeling/Final_Labeled/[DS107] Gán nhãn - Nhung.csv,Label row is missing both topic_label_final and topic_label_id.
missing_topic_label,REC_008942,,,data/05_Labeling/Final_Labeled/[DS107] Gán nhãn - Nhung.csv,Label row is missing both topic_label_final and topic_label_id.
missing_topic_label,REC_006646,,,data/05_Labeling/Final_Labeled/[DS107] Gán nhãn - Nhung.csv,Label row is missing both topic_label_final and topic_label_id.
missing_topic_label,REC_008742,,,data/05_Labeling/Final_Labeled/[DS107] Gán nhãn - Nhung.csv,Label row is missing both topic_label_final and topic_label_id.
missing_topic_label,REC_006562,,,data/05_Labeling/Final_Labeled/[DS107] Gán nhãn - Nhung.csv,Label row is missing both topic_label_final and topic_label_id.
missing_topic_label,REC_009190,,,data/05_Labeling/Final_Labeled/[DS107] Gán nhãn - Nhung.csv,Label row is missing both topic_label_final and topic_label_id.
missing_topic_label,REC_005704,,,data/05_Labeling/Final_Labeled/[DS107] Gán nhãn - Nhung.csv,Label row is missing both topic_label_final and topic_label_id.
missing_topic_label,REC_008248,,,data/05_Labeling/Final_Labeled/[DS107] Gán nhãn - Nhung.csv,Label row is missing both topic_label_final and topic_label_id.
missing_topic_label,REC_005084,,,data/05_Labeling/Final_Labeled/[DS107] Gán nhãn - Nhung.csv,Label row is missing both topic_label_final and topic_label_id.
missing_topic_label,REC_009804,,,data/05_Labeling/Final_Labeled/[DS107] Gán nhãn - Nhung.csv,Label row is missing both topic_label_final and topic_label_id.
missing_topic_label,REC_008809,,,data/05_Labeling/Final_Labeled/[DS107] Gán nhãn - Nhung.csv,Label row is missing both topic_label_final and topic_label_id.
missing_topic_label,REC_006539,,,data/05_Labeling/Final_Labeled/[DS107] Gán nhãn - Nhung.csv,Label row is missing both topic_label_final and topic_label_id.
missing_topic_label,REC_008811,,,data/05_Labeling/Final_Labeled/[DS107] Gán nhãn - Nhung.csv,Label row is missing both topic_label_final and topic_label_id.
missing_topic_label,REC_000841,,,data/05_Labeling/Final_Labeled/[DS107] Gán nhãn - Nhung.csv,Label row is missing both topic_label_final and topic_label_id.
missing_topic_label,REC_012090,,,data/05_Labeling/Final_Labeled/[DS107] Gán nhãn - Nhung.csv,Label row is missing both topic_label_final and topic_label_id.
missing_topic_label,REC_011014,,,data/05_Labeling/Final_Labeled/[DS107] Gán nhãn - Nhung.csv,Label row is missing both topic_label_final and topic_label_id.
missing_topic_label,REC_008278,,,data/05_Labeling/Final_Labeled/[DS107] Gán nhãn - Nhung.csv,Label row is missing both topic_label_final and topic_label_id.
missing_topic_label,REC_000261,,,data/05_Labeling/Final_Labeled/[DS107] Gán nhãn - Nhung.csv,Label row is missing both topic_label_final and topic_label_id.
missing_topic_label,REC_008153,,,data/05_Labeling/Final_Labeled/[DS107] Gán nhãn - Nhung.csv,Label row is missing both topic_label_final and topic_label_id.
missing_topic_label,REC_009651,,,data/05_Labeling/Final_Labeled/[DS107] Gán nhãn - Nhung.csv,Label row is missing both topic_label_final and topic_label_id.
missing_topic_label,REC_010991,,,data/05_Labeling/Final_Labeled/[DS107] Gán nhãn - Nhung.csv,Label row is missing both topic_label_final and topic_label_id.
missing_topic_label,REC_000408,,,data/05_Labeling/Final_Labeled/[DS107] Gán nhãn - Nhung.csv,Label row is missing both topic_label_final and topic_label_id.
missing_topic_label,REC_000295,,,data/05_Labeling/Final_Labeled/[DS107] Gán nhãn - Nhung.csv,Label row is missing both topic_label_final and topic_label_id.
missing_topic_label,REC_001253,,,data/05_Labeling/Final_Labeled/[DS107] Gán nhãn - Nhung.csv,Label row is missing both topic_label_final and topic_label_id.
missing_topic_label,REC_001197,,,data/05_Labeling/Final_Labeled/[DS107] Gán nhãn - Nhung.csv,Label row is missing both topic_label_final and topic_label_id.
missing_topic_label,REC_005752,,,data/05_Labeling/Final_Labeled/[DS107] Gán nhãn - Nhung.csv,Label row is missing both topic_label_final and topic_label_id.
missing_topic_label,REC_000321,,,data/05_Labeling/Final_Labeled/[DS107] Gán nhãn - Nhung.csv,Label row is missing both topic_label_final and topic_label_id.
missing_topic_label,REC_000811,,,data/05_Labeling/Final_Labeled/[DS107] Gán nhãn - Nhung.csv,Label row is missing both topic_label_final and topic_label_id.
missing_topic_label,REC_005625,,,data/05_Labeling/Final_Labeled/[DS107] Gán nhãn - Nhung.csv,Label row is missing both topic_label_final and topic_label_id.
missing_topic_label,REC_001234,,,data/05_Labeling/Final_Labeled/[DS107] Gán nhãn - Nhung.csv,Label row is missing both topic_label_final and topic_label_id.
missing_topic_label,REC_000803,,,data/05_Labeling/Final_Labeled/[DS107] Gán nhãn - Nhung.csv,Label row is missing both topic_label_final and topic_label_id.
missing_topic_label,REC_010747,,,data/05_Labeling/Final_Labeled/[DS107] Gán nhãn - Nhung.csv,Label row is missing both topic_label_final and topic_label_id.
missing_topic_label,REC_008160,,,data/05_Labeling/Final_Labeled/[DS107] Gán nhãn - Nhung.csv,Label row is missing both topic_label_final and topic_label_id.
missing_topic_label,REC_008885,,,data/05_Labeling/Final_Labeled/[DS107] Gán nhãn - Nhung.csv,Label row is missing both topic_label_final and topic_label_id.
missing_topic_label,REC_009640,,,data/05_Labeling/Final_Labeled/[DS107] Gán nhãn - Nhung.csv,Label row is missing both topic_label_final and topic_label_id.
missing_topic_label,REC_000391,,,data/05_Labeling/Final_Labeled/[DS107] Gán nhãn - Nhung.csv,Label row is missing both topic_label_final and topic_label_id.
missing_topic_label,REC_005757,,,data/05_Labeling/Final_Labeled/[DS107] Gán nhãn - Nhung.csv,Label row is missing both topic_label_final and topic_label_id.
missing_topic_label,REC_010768,,,data/05_Labeling/Final_Labeled/[DS107] Gán nhãn - Nhung.csv,Label row is missing both topic_label_final and topic_label_id.
missing_topic_label,REC_009109,,,data/05_Labeling/Final_Labeled/[DS107] Gán nhãn - Nhung.csv,Label row is missing both topic_label_final and topic_label_id.
missing_topic_label,REC_006638,,,data/05_Labeling/Final_Labeled/[DS107] Gán nhãn - Nhung.csv,Label row is missing both topic_label_final and topic_label_id.
missing_topic_label,REC_009624,,,data/05_Labeling/Final_Labeled/[DS107] Gán nhãn - Nhung.csv,Label row is missing both topic_label_final and topic_label_id.
missing_topic_label,REC_008892,,,data/05_Labeling/Final_Labeled/[DS107] Gán nhãn - Nhung.csv,Label row is missing both topic_label_final and topic_label_id.
missing_topic_label,REC_005725,,,data/05_Labeling/Final_Labeled/[DS107] Gán nhãn - Nhung.csv,Label row is missing both topic_label_final and topic_label_id.
missing_topic_label,REC_009683,,,data/05_Labeling/Final_Labeled/[DS107] Gán nhãn - Nhung.csv,Label row is missing both topic_label_final and topic_label_id.
missing_topic_label,REC_000713,,,data/05_Labeling/Final_Labeled/[DS107] Gán nhãn - Nhung.csv,Label row is missing both topic_label_final and topic_label_id.
missing_topic_label,REC_000829,,,data/05_Labeling/Final_Labeled/[DS107] Gán nhãn - Nhung.csv,Label row is missing both topic_label_final and topic_label_id.
missing_topic_label,REC_008730,,,data/05_Labeling/Final_Labeled/[DS107] Gán nhãn - Nhung.csv,Label row is missing both topic_label_final and topic_label_id.
missing_topic_label,REC_006654,,,data/05_Labeling/Final_Labeled/[DS107] Gán nhãn - Nhung.csv,Label row is missing both topic_label_final and topic_label_id.
missing_topic_label,REC_009189,,,data/05_Labeling/Final_Labeled/[DS107] Gán nhãn - Nhung.csv,Label row is missing both topic_label_final and topic_label_id.
missing_topic_label,REC_000357,,,data/05_Labeling/Final_Labeled/[DS107] Gán nhãn - Nhung.csv,Label row is missing both topic_label_final and topic_label_id.
missing_topic_label,REC_005756,,,data/05_Labeling/Final_Labeled/[DS107] Gán nhãn - Nhung.csv,Label row is missing both topic_label_final and topic_label_id.
missing_topic_label,REC_009596,,,data/05_Labeling/Final_Labeled/[DS107] Gán nhãn - Nhung.csv,Label row is missing both topic_label_final and topic_label_id.
missing_topic_label,REC_009757,,,data/05_Labeling/Final_Labeled/[DS107] Gán nhãn - Nhung.csv,Label row is missing both topic_label_final and topic_label_id.
missing_topic_label,REC_000831,,,data/05_Labeling/Final_Labeled/[DS107] Gán nhãn - Nhung.csv,Label row is missing both topic_label_final and topic_label_id.
missing_topic_label,REC_010753,,,data/05_Labeling/Final_Labeled/[DS107] Gán nhãn - Nhung.csv,Label row is missing both topic_label_final and topic_label_id.
missing_topic_label,REC_005613,,,data/05_Labeling/Final_Labeled/[DS107] Gán nhãn - Nhung.csv,Label row is missing both topic_label_final and topic_label_id.
missing_topic_label,REC_008744,,,data/05_Labeling/Final_Labeled/[DS107] Gán nhãn - Nhung.csv,Label row is missing both topic_label_final and topic_label_id.
missing_topic_label,REC_011794,,,data/05_Labeling/Final_Labeled/[DS107] Gán nhãn - Nhung.csv,Label row is missing both topic_label_final and topic_label_id.
missing_topic_label,REC_009186,,,data/05_Labeling/Final_Labeled/[DS107] Gán nhãn - Nhung.csv,Label row is missing both topic_label_final and topic_label_id.
missing_topic_label,REC_005035,,,data/05_Labeling/Final_Labeled/[DS107] Gán nhãn - Nhung.csv,Label row is missing both topic_label_final and topic_label_id.
missing_topic_label,REC_009641,,,data/05_Labeling/Final_Labeled/[DS107] Gán nhãn - Nhung.csv,Label row is missing both topic_label_final and topic_label_id.
missing_topic_label,REC_000364,,,data/05_Labeling/Final_Labeled/[DS107] Gán nhãn - Nhung.csv,Label row is missing both topic_label_final and topic_label_id.
missing_topic_label,REC_008250,,,data/05_Labeling/Final_Labeled/[DS107] Gán nhãn - Nhung.csv,Label row is missing both topic_label_final and topic_label_id.
missing_topic_label,REC_006572,,,data/05_Labeling/Final_Labeled/[DS107] Gán nhãn - Nhung.csv,Label row is missing both topic_label_final and topic_label_id.
missing_topic_label,REC_000386,,,data/05_Labeling/Final_Labeled/[DS107] Gán nhãn - Nhung.csv,Label row is missing both topic_label_final and topic_label_id.
missing_topic_label,REC_005652,,,data/05_Labeling/Final_Labeled/[DS107] Gán nhãn - Nhung.csv,Label row is missing both topic_label_final and topic_label_id.
missing_topic_label,REC_007360,,,data/05_Labeling/Final_Labeled/[DS107] Gán nhãn - Nhung.csv,Label row is missing both topic_label_final and topic_label_id.
missing_topic_label,REC_009675,,,data/05_Labeling/Final_Labeled/[DS107] Gán nhãn - Nhung.csv,Label row is missing both topic_label_final and topic_label_id.
missing_topic_label,REC_008231,,,data/05_Labeling/Final_Labeled/[DS107] Gán nhãn - Nhung.csv,Label row is missing both topic_label_final and topic_label_id.
missing_topic_label,REC_006484,,,data/05_Labeling/Final_Labeled/[DS107] Gán nhãn - Nhung.csv,Label row is missing both topic_label_final and topic_label_id.
missing_topic_label,REC_000725,,,data/05_Labeling/Final_Labeled/[DS107] Gán nhãn - Nhung.csv,Label row is missing both topic_label_final and topic_label_id.
missing_topic_label,REC_008850,,,data/05_Labeling/Final_Labeled/[DS107] Gán nhãn - Nhung.csv,Label row is missing both topic_label_final and topic_label_id.
missing_topic_label,REC_009703,,,data/05_Labeling/Final_Labeled/[DS107] Gán nhãn - Nhung.csv,Label row is missing both topic_label_final and topic_label_id.
missing_topic_label,REC_008820,,,data/05_Labeling/Final_Labeled/[DS107] Gán nhãn - Nhung.csv,Label row is missing both topic_label_final and topic_label_id.
missing_topic_label,REC_006529,,,data/05_Labeling/Final_Labeled/[DS107] Gán nhãn - Nhung.csv,Label row is missing both topic_label_final and topic_label_id.
missing_topic_label,REC_005800,,,data/05_Labeling/Final_Labeled/[DS107] Gán nhãn - Nhung.csv,Label row is missing both topic_label_final and topic_label_id.
missing_topic_label,REC_008740,,,data/05_Labeling/Final_Labeled/[DS107] Gán nhãn - Nhung.csv,Label row is missing both topic_label_final and topic_label_id.
missing_topic_label,REC_006611,,,data/05_Labeling/Final_Labeled/[DS107] Gán nhãn - Nhung.csv,Label row is missing both topic_label_final and topic_label_id.
missing_topic_label,REC_000716,,,data/05_Labeling/Final_Labeled/[DS107] Gán nhãn - Nhung.csv,Label row is missing both topic_label_final and topic_label_id.
missing_topic_label,REC_005630,,,data/05_Labeling/Final_Labeled/[DS107] Gán nhãn - Nhung.csv,Label row is missing both topic_label_final and topic_label_id.
missing_topic_label,REC_000305,,,data/05_Labeling/Final_Labeled/[DS107] Gán nhãn - Nhung.csv,Label row is missing both topic_label_final and topic_label_id.
missing_topic_label,REC_008848,,,data/05_Labeling/Final_Labeled/[DS107] Gán nhãn - Nhung.csv,Label row is missing both topic_label_final and topic_label_id.
missing_topic_label,REC_000267,,,data/05_Labeling/Final_Labeled/[DS107] Gán nhãn - Nhung.csv,Label row is missing both topic_label_final and topic_label_id.
missing_topic_label,REC_000717,,,data/05_Labeling/Final_Labeled/[DS107] Gán nhãn - Nhung.csv,Label row is missing both topic_label_final and topic_label_id.
missing_topic_label,REC_005804,,,data/05_Labeling/Final_Labeled/[DS107] Gán nhãn - Nhung.csv,Label row is missing both topic_label_final and topic_label_id.
missing_topic_label,REC_005616,,,data/05_Labeling/Final_Labeled/[DS107] Gán nhãn - Nhung.csv,Label row is missing both topic_label_final and topic_label_id.
missing_topic_label,REC_000337,,,data/05_Labeling/Final_Labeled/[DS107] Gán nhãn - Nhung.csv,Label row is missing both topic_label_final and topic_label_id.
missing_topic_label,REC_008268,,,data/05_Labeling/Final_Labeled/[DS107] Gán nhãn - Nhung.csv,Label row is missing both topic_label_final and topic_label_id.
missing_topic_label,REC_005103,,,data/05_Labeling/Final_Labeled/[DS107] Gán nhãn - Nhung.csv,Label row is missing both topic_label_final and topic_label_id.
missing_topic_label,REC_000322,,,data/05_Labeling/Final_Labeled/[DS107] Gán nhãn - Nhung.csv,Label row is missing both topic_label_final and topic_label_id.
missing_topic_label,REC_006628,,,data/05_Labeling/Final_Labeled/[DS107] Gán nhãn - Nhung.csv,Label row is missing both topic_label_final and topic_label_id.
missing_topic_label,REC_009638,,,data/05_Labeling/Final_Labeled/[DS107] Gán nhãn - Nhung.csv,Label row is missing both topic_label_final and topic_label_id.
missing_topic_label,REC_008116,,,data/05_Labeling/Final_Labeled/[DS107] Gán nhãn - Nhung.csv,Label row is missing both topic_label_final and topic_label_id.
missing_topic_label,REC_009205,,,data/05_Labeling/Final_Labeled/[DS107] Gán nhãn - Nhung.csv,Label row is missing both topic_label_final and topic_label_id.
missing_topic_label,REC_008201,,,data/05_Labeling/Final_Labeled/[DS107] Gán nhãn - Nhung.csv,Label row is missing both topic_label_final and topic_label_id.
missing_topic_label,REC_006495,,,data/05_Labeling/Final_Labeled/[DS107] Gán nhãn - Nhung.csv,Label row is missing both topic_label_final and topic_label_id.
missing_topic_label,REC_000355,,,data/05_Labeling/Final_Labeled/[DS107] Gán nhãn - Nhung.csv,Label row is missing both topic_label_final and topic_label_id.
missing_topic_label,REC_008781,,,data/05_Labeling/Final_Labeled/[DS107] Gán nhãn - Nhung.csv,Label row is missing both topic_label_final and topic_label_id.
missing_topic_label,REC_004211,,,data/05_Labeling/Final_Labeled/[DS107] Gán nhãn - Yen.csv,Label row is missing both topic_label_final and topic_label_id.
missing_topic_label,REC_013107,,,data/05_Labeling/Final_Labeled/[DS107] Gán nhãn - Yen.csv,Label row is missing both topic_label_final and topic_label_id.
missing_topic_label,REC_003511,,,data/05_Labeling/Final_Labeled/[DS107] Gán nhãn - Yen.csv,Label row is missing both topic_label_final and topic_label_id.
missing_topic_label,REC_012830,,,data/05_Labeling/Final_Labeled/[DS107] Gán nhãn - Yen.csv,Label row is missing both topic_label_final and topic_label_id.
missing_topic_label,REC_008219,,,data/05_Labeling/Final_Labeled/[DS107] Gán nhãn - Yen.csv,Label row is missing both topic_label_final and topic_label_id.
missing_topic_label,REC_006426,,,data/05_Labeling/Final_Labeled/[DS107] Gán nhãn - Yen.csv,Label row is missing both topic_label_final and topic_label_id.
missing_topic_label,REC_012992,,,data/05_Labeling/Final_Labeled/[DS107] Gán nhãn - Yen.csv,Label row is missing both topic_label_final and topic_label_id.
missing_topic_label,REC_012566,,,data/05_Labeling/Final_Labeled/[DS107] Gán nhãn - Yen.csv,Label row is missing both topic_label_final and topic_label_id.
missing_topic_label,REC_002680,,,data/05_Labeling/Final_Labeled/[DS107] Gán nhãn - Yen.csv,Label row is missing both topic_label_final and topic_label_id.
missing_topic_label,REC_013370,,,data/05_Labeling/Final_Labeled/[DS107] Gán nhãn - Yen.csv,Label row is missing both topic_label_final and topic_label_id.
missing_topic_label,REC_008214,,,data/05_Labeling/Final_Labeled/[DS107] Gán nhãn - Yen.csv,Label row is missing both topic_label_final and topic_label_id.
missing_topic_label,REC_008442,,,data/05_Labeling/Final_Labeled/[DS107] Gán nhãn - Yen.csv,Label row is missing both topic_label_final and topic_label_id.
missing_topic_label,REC_012918,,,data/05_Labeling/Final_Labeled/[DS107] Gán nhãn - Yen.csv,Label row is missing both topic_label_final and topic_label_id.
missing_topic_label,REC_008592,,,data/05_Labeling/Final_Labeled/[DS107] Gán nhãn - Yen.csv,Label row is missing both topic_label_final and topic_label_id.
missing_topic_label,REC_002266,,,data/05_Labeling/Final_Labeled/[DS107] Gán nhãn - Yen.csv,Label row is missing both topic_label_final and topic_label_id.
missing_topic_label,REC_008306,,,data/05_Labeling/Final_Labeled/[DS107] Gán nhãn - Yen.csv,Label row is missing both topic_label_final and topic_label_id.
missing_topic_label,REC_000888,,,data/05_Labeling/Final_Labeled/[DS107] Gán nhãn - Yen.csv,Label row is missing both topic_label_final and topic_label_id.
missing_topic_label,REC_003376,,,data/05_Labeling/Final_Labeled/[DS107] Gán nhãn - Yen.csv,Label row is missing both topic_label_final and topic_label_id.
missing_topic_label,REC_005539,,,data/05_Labeling/Final_Labeled/[DS107] Gán nhãn - Yen.csv,Label row is missing both topic_label_final and topic_label_id.
missing_topic_label,REC_003554,,,data/05_Labeling/Final_Labeled/[DS107] Gán nhãn - Yen.csv,Label row is missing both topic_label_final and topic_label_id.
missing_topic_label,REC_003985,,,data/05_Labeling/Final_Labeled/[DS107] Gán nhãn - Yen.csv,Label row is missing both topic_label_final and topic_label_id.
missing_topic_label,REC_012955,,,data/05_Labeling/Final_Labeled/[DS107] Gán nhãn - Yen.csv,Label row is missing both topic_label_final and topic_label_id.
missing_topic_label,REC_003400,,,data/05_Labeling/Final_Labeled/[DS107] Gán nhãn - Yen.csv,Label row is missing both topic_label_final and topic_label_id.
missing_topic_label,REC_012806,,,data/05_Labeling/Final_Labeled/[DS107] Gán nhãn - Yen.csv,Label row is missing both topic_label_final and topic_label_id.
missing_topic_label,REC_013191,,,data/05_Labeling/Final_Labeled/[DS107] Gán nhãn - Yen.csv,Label row is missing both topic_label_final and topic_label_id.
missing_topic_label,REC_012521,,,data/05_Labeling/Final_Labeled/[DS107] Gán nhãn - Yen.csv,Label row is missing both topic_label_final and topic_label_id.
missing_topic_label,REC_013161,,,data/05_Labeling/Final_Labeled/[DS107] Gán nhãn - Yen.csv,Label row is missing both topic_label_final and topic_label_id.
missing_topic_label,REC_013034,,,data/05_Labeling/Final_Labeled/[DS107] Gán nhãn - Yen.csv,Label row is missing both topic_label_final and topic_label_id.
missing_topic_label,REC_013153,,,data/05_Labeling/Final_Labeled/[DS107] Gán nhãn - Yen.csv,Label row is missing both topic_label_final and topic_label_id.
missing_topic_label,REC_013033,,,data/05_Labeling/Final_Labeled/[DS107] Gán nhãn - Yen.csv,Label row is missing both topic_label_final and topic_label_id.
missing_topic_label,REC_003698,,,data/05_Labeling/Final_Labeled/[DS107] Gán nhãn - Yen.csv,Label row is missing both topic_label_final and topic_label_id.
missing_topic_label,REC_003936,,,data/05_Labeling/Final_Labeled/[DS107] Gán nhãn - Yen.csv,Label row is missing both topic_label_final and topic_label_id.
missing_topic_label,REC_001084,,,data/05_Labeling/Final_Labeled/[DS107] Gán nhãn - Yen.csv,Label row is missing both topic_label_final and topic_label_id.
missing_topic_label,REC_003678,,,data/05_Labeling/Final_Labeled/[DS107] Gán nhãn - Yen.csv,Label row is missing both topic_label_final and topic_label_id.
missing_topic_label,REC_013304,,,data/05_Labeling/Final_Labeled/[DS107] Gán nhãn - Yen.csv,Label row is missing both topic_label_final and topic_label_id.
missing_topic_label,REC_009912,,,data/05_Labeling/Final_Labeled/[DS107] Gán nhãn - Yen.csv,Label row is missing both topic_label_final and topic_label_id.
missing_topic_label,REC_010551,,,data/05_Labeling/Final_Labeled/[DS107] Gán nhãn - Yen.csv,Label row is missing both topic_label_final and topic_label_id.
missing_topic_label,REC_010069,,,data/05_Labeling/Final_Labeled/[DS107] Gán nhãn - Yen.csv,Label row is missing both topic_label_final and topic_label_id.
missing_topic_label,REC_011499,,,data/05_Labeling/Final_Labeled/[DS107] Gán nhãn - Yen.csv,Label row is missing both topic_label_final and topic_label_id.
missing_topic_label,REC_009256,,,data/05_Labeling/Final_Labeled/[DS107] Gán nhãn - Yen.csv,Label row is missing both topic_label_final and topic_label_id.
missing_topic_label,REC_009273,,,data/05_Labeling/Final_Labeled/[DS107] Gán nhãn - Yen.csv,Label row is missing both topic_label_final and topic_label_id.
missing_topic_label,REC_013298,,,data/05_Labeling/Final_Labeled/[DS107] Gán nhãn - Yen.csv,Label row is missing both topic_label_final and topic_label_id.
missing_topic_label,REC_012835,,,data/05_Labeling/Final_Labeled/[DS107] Gán nhãn - Yen.csv,Label row is missing both topic_label_final and topic_label_id.
missing_topic_label,REC_000469,,,data/05_Labeling/Final_Labeled/[DS107] Gán nhãn - Yen.csv,Label row is missing both topic_label_final and topic_label_id.
missing_topic_label,REC_013134,,,data/05_Labeling/Final_Labeled/[DS107] Gán nhãn - Yen.csv,Label row is missing both topic_label_final and topic_label_id.
missing_topic_label,REC_013259,,,data/05_Labeling/Final_Labeled/[DS107] Gán nhãn - Yen.csv,Label row is missing both topic_label_final and topic_label_id.
missing_topic_label,REC_012703,,,data/05_Labeling/Final_Labeled/[DS107] Gán nhãn - Yen.csv,Label row is missing both topic_label_final and topic_label_id.
missing_topic_label,REC_008652,,,data/05_Labeling/Final_Labeled/[DS107] Gán nhãn - Yen.csv,Label row is missing both topic_label_final and topic_label_id.
missing_topic_label,REC_003408,,,data/05_Labeling/Final_Labeled/[DS107] Gán nhãn - Yen.csv,Label row is missing both topic_label_final and topic_label_id.
missing_topic_label,REC_012355,,,data/05_Labeling/Final_Labeled/[DS107] Gán nhãn - Yen.csv,Label row is missing both topic_label_final and topic_label_id.
missing_topic_label,REC_012875,,,data/05_Labeling/Final_Labeled/[DS107] Gán nhãn - Yen.csv,Label row is missing both topic_label_final and topic_label_id.
missing_topic_label,REC_003763,,,data/05_Labeling/Final_Labeled/[DS107] Gán nhãn - Yen.csv,Label row is missing both topic_label_final and topic_label_id.
missing_topic_label,REC_004337,,,data/05_Labeling/Final_Labeled/[DS107] Gán nhãn - Yen.csv,Label row is missing both topic_label_final and topic_label_id.
missing_topic_label,REC_001902,,,data/05_Labeling/Final_Labeled/[DS107] Gán nhãn - Yen.csv,Label row is missing both topic_label_final and topic_label_id.
missing_topic_label,REC_012782,,,data/05_Labeling/Final_Labeled/[DS107] Gán nhãn - Yen.csv,Label row is missing both topic_label_final and topic_label_id.
missing_topic_label,REC_001170,,,data/05_Labeling/Final_Labeled/[DS107] Gán nhãn - Yen.csv,Label row is missing both topic_label_final and topic_label_id.
missing_topic_label,REC_001025,,,data/05_Labeling/Final_Labeled/[DS107] Gán nhãn - Yen.csv,Label row is missing both topic_label_final and topic_label_id.
missing_topic_label,REC_013279,,,data/05_Labeling/Final_Labeled/[DS107] Gán nhãn - Yen.csv,Label row is missing both topic_label_final and topic_label_id.
missing_topic_label,REC_000892,,,data/05_Labeling/Final_Labeled/[DS107] Gán nhãn - Yen.csv,Label row is missing both topic_label_final and topic_label_id.
missing_topic_label,REC_012928,,,data/05_Labeling/Final_Labeled/[DS107] Gán nhãn - Yen.csv,Label row is missing both topic_label_final and topic_label_id.
missing_topic_label,REC_013236,,,data/05_Labeling/Final_Labeled/[DS107] Gán nhãn - Yen.csv,Label row is missing both topic_label_final and topic_label_id.
missing_topic_label,REC_013223,,,data/05_Labeling/Final_Labeled/[DS107] Gán nhãn - Yen.csv,Label row is missing both topic_label_final and topic_label_id.
missing_topic_label,REC_012929,,,data/05_Labeling/Final_Labeled/[DS107] Gán nhãn - Yen.csv,Label row is missing both topic_label_final and topic_label_id.
missing_topic_label,REC_003900,,,data/05_Labeling/Final_Labeled/[DS107] Gán nhãn - Yen.csv,Label row is missing both topic_label_final and topic_label_id.
missing_topic_label,REC_003503,,,data/05_Labeling/Final_Labeled/[DS107] Gán nhãn - Yen.csv,Label row is missing both topic_label_final and topic_label_id.
missing_topic_label,REC_003322,,,data/05_Labeling/Final_Labeled/[DS107] Gán nhãn - Yen.csv,Label row is missing both topic_label_final and topic_label_id.
missing_topic_label,REC_013125,,,data/05_Labeling/Final_Labeled/[DS107] Gán nhãn - Yen.csv,Label row is missing both topic_label_final and topic_label_id.
missing_topic_label,REC_012611,,,data/05_Labeling/Final_Labeled/[DS107] Gán nhãn - Yen.csv,Label row is missing both topic_label_final and topic_label_id.
missing_topic_label,REC_003972,,,data/05_Labeling/Final_Labeled/[DS107] Gán nhãn - Yen.csv,Label row is missing both topic_label_final and topic_label_id.
missing_topic_label,REC_012709,,,data/05_Labeling/Final_Labeled/[DS107] Gán nhãn - Yen.csv,Label row is missing both topic_label_final and topic_label_id.
missing_topic_label,REC_012504,,,data/05_Labeling/Final_Labeled/[DS107] Gán nhãn - Yen.csv,Label row is missing both topic_label_final and topic_label_id.
missing_topic_label,REC_012971,,,data/05_Labeling/Final_Labeled/[DS107] Gán nhãn - Yen.csv,Label row is missing both topic_label_final and topic_label_id.
missing_topic_label,REC_003330,,,data/05_Labeling/Final_Labeled/[DS107] Gán nhãn - Yen.csv,Label row is missing both topic_label_final and topic_label_id.
missing_topic_label,REC_009143,,,data/05_Labeling/Final_Labeled/[DS107] Gán nhãn - Yen.csv,Label row is missing both topic_label_final and topic_label_id.
missing_topic_label,REC_008772,,,data/05_Labeling/Final_Labeled/[DS107] Gán nhãn - Yen.csv,Label row is missing both topic_label_final and topic_label_id.
missing_topic_label,REC_001218,,,data/05_Labeling/Final_Labeled/[DS107] Gán nhãn - Yen.csv,Label row is missing both topic_label_final and topic_label_id.
missing_topic_label,REC_000795,,,data/05_Labeling/Final_Labeled/[DS107] Gán nhãn - Yen.csv,Label row is missing both topic_label_final and topic_label_id.
missing_topic_label,REC_011328,,,data/05_Labeling/Final_Labeled/[DS107] Gán nhãn - Yen.csv,Label row is missing both topic_label_final and topic_label_id.
missing_topic_label,REC_000743,,,data/05_Labeling/Final_Labeled/[DS107] Gán nhãn - Yen.csv,Label row is missing both topic_label_final and topic_label_id.
missing_topic_label,REC_008842,,,data/05_Labeling/Final_Labeled/[DS107] Gán nhãn - Yen.csv,Label row is missing both topic_label_final and topic_label_id.
missing_topic_label,REC_008792,,,data/05_Labeling/Final_Labeled/[DS107] Gán nhãn - Yen.csv,Label row is missing both topic_label_final and topic_label_id.
missing_topic_label,REC_008933,,,data/05_Labeling/Final_Labeled/[DS107] Gán nhãn - Yen.csv,Label row is missing both topic_label_final and topic_label_id.
missing_topic_label,REC_000857,,,data/05_Labeling/Final_Labeled/[DS107] Gán nhãn - Yen.csv,Label row is missing both topic_label_final and topic_label_id.
missing_topic_label,REC_010559,,,data/05_Labeling/Final_Labeled/[DS107] Gán nhãn - Yen.csv,Label row is missing both topic_label_final and topic_label_id.
missing_topic_label,REC_009660,,,data/05_Labeling/Final_Labeled/[DS107] Gán nhãn - Yen.csv,Label row is missing both topic_label_final and topic_label_id.
missing_topic_label,REC_008803,,,data/05_Labeling/Final_Labeled/[DS107] Gán nhãn - Yen.csv,Label row is missing both topic_label_final and topic_label_id.
missing_topic_label,REC_010081,,,data/05_Labeling/Final_Labeled/[DS107] Gán nhãn - Yen.csv,Label row is missing both topic_label_final and topic_label_id.
missing_topic_label,REC_001198,,,data/05_Labeling/Final_Labeled/[DS107] Gán nhãn - Yen.csv,Label row is missing both topic_label_final and topic_label_id.
missing_topic_label,REC_001259,,,data/05_Labeling/Final_Labeled/[DS107] Gán nhãn - Yen.csv,Label row is missing both topic_label_final and topic_label_id.
missing_topic_label,REC_008835,,,data/05_Labeling/Final_Labeled/[DS107] Gán nhãn - Yen.csv,Label row is missing both topic_label_final and topic_label_id.
missing_topic_label,REC_009800,,,data/05_Labeling/Final_Labeled/[DS107] Gán nhãn - Yen.csv,Label row is missing both topic_label_final and topic_label_id.
missing_topic_label,REC_000350,,,data/05_Labeling/Final_Labeled/[DS107] Gán nhãn - Yen.csv,Label row is missing both topic_label_final and topic_label_id.
missing_topic_label,REC_009250,,,data/05_Labeling/Final_Labeled/[DS107] Gán nhãn - Yen.csv,Label row is missing both topic_label_final and topic_label_id.
missing_topic_label,REC_009652,,,data/05_Labeling/Final_Labeled/[DS107] Gán nhãn - Yen.csv,Label row is missing both topic_label_final and topic_label_id.
missing_topic_label,REC_000791,,,data/05_Labeling/Final_Labeled/[DS107] Gán nhãn - Yen.csv,Label row is missing both topic_label_final and topic_label_id.
missing_topic_label,REC_000387,,,data/05_Labeling/Final_Labeled/[DS107] Gán nhãn - Yen.csv,Label row is missing both topic_label_final and topic_label_id.
missing_topic_label,REC_005596,,,data/05_Labeling/Final_Labeled/[DS107] Gán nhãn - Yen.csv,Label row is missing both topic_label_final and topic_label_id.
missing_topic_label,REC_009743,,,data/05_Labeling/Final_Labeled/[DS107] Gán nhãn - Yen.csv,Label row is missing both topic_label_final and topic_label_id.
missing_topic_label,REC_000397,,,data/05_Labeling/Final_Labeled/[DS107] Gán nhãn - Yen.csv,Label row is missing both topic_label_final and topic_label_id.
missing_topic_label,REC_000366,,,data/05_Labeling/Final_Labeled/[DS107] Gán nhãn - Yen.csv,Label row is missing both topic_label_final and topic_label_id.
missing_topic_label,REC_009657,,,data/05_Labeling/Final_Labeled/[DS107] Gán nhãn - Yen.csv,Label row is missing both topic_label_final and topic_label_id.
missing_topic_label,REC_009628,,,data/05_Labeling/Final_Labeled/[DS107] Gán nhãn - Yen.csv,Label row is missing both topic_label_final and topic_label_id.
missing_topic_label,REC_009741,,,data/05_Labeling/Final_Labeled/[DS107] Gán nhãn - Yen.csv,Label row is missing both topic_label_final and topic_label_id.
missing_topic_label,REC_010766,,,data/05_Labeling/Final_Labeled/[DS107] Gán nhãn - Yen.csv,Label row is missing both topic_label_final and topic_label_id.
missing_topic_label,REC_008857,,,data/05_Labeling/Final_Labeled/[DS107] Gán nhãn - Yen.csv,Label row is missing both topic_label_final and topic_label_id.
missing_topic_label,REC_000834,,,data/05_Labeling/Final_Labeled/[DS107] Gán nhãn - Yen.csv,Label row is missing both topic_label_final and topic_label_id.
missing_topic_label,REC_009740,,,data/05_Labeling/Final_Labeled/[DS107] Gán nhãn - Yen.csv,Label row is missing both topic_label_final and topic_label_id.
missing_topic_label,REC_009736,,,data/05_Labeling/Final_Labeled/[DS107] Gán nhãn - Yen.csv,Label row is missing both topic_label_final and topic_label_id.
missing_topic_label,REC_009577,,,data/05_Labeling/Final_Labeled/[DS107] Gán nhãn - Yen.csv,Label row is missing both topic_label_final and topic_label_id.
missing_topic_label,REC_009615,,,data/05_Labeling/Final_Labeled/[DS107] Gán nhãn - Yen.csv,Label row is missing both topic_label_final and topic_label_id.
missing_topic_label,REC_000843,,,data/05_Labeling/Final_Labeled/[DS107] Gán nhãn - Yen.csv,Label row is missing both topic_label_final and topic_label_id.
missing_topic_label,REC_001248,,,data/05_Labeling/Final_Labeled/[DS107] Gán nhãn - Yen.csv,Label row is missing both topic_label_final and topic_label_id.
missing_topic_label,REC_000838,,,data/05_Labeling/Final_Labeled/[DS107] Gán nhãn - Yen.csv,Label row is missing both topic_label_final and topic_label_id.
missing_topic_label,REC_009609,,,data/05_Labeling/Final_Labeled/[DS107] Gán nhãn - Yen.csv,Label row is missing both topic_label_final and topic_label_id.
missing_topic_label,REC_012120,,,data/05_Labeling/Final_Labeled/[DS107] Gán nhãn - Yen.csv,Label row is missing both topic_label_final and topic_label_id.
missing_topic_label,REC_001241,,,data/05_Labeling/Final_Labeled/[DS107] Gán nhãn - Yen.csv,Label row is missing both topic_label_final and topic_label_id.
missing_topic_label,REC_001252,,,data/05_Labeling/Final_Labeled/[DS107] Gán nhãn - Yen.csv,Label row is missing both topic_label_final and topic_label_id.
missing_topic_label,REC_008873,,,data/05_Labeling/Final_Labeled/[DS107] Gán nhãn - Yen.csv,Label row is missing both topic_label_final and topic_label_id.
missing_topic_label,REC_009734,,,data/05_Labeling/Final_Labeled/[DS107] Gán nhãn - Yen.csv,Label row is missing both topic_label_final and topic_label_id.
missing_topic_label,REC_008863,,,data/05_Labeling/Final_Labeled/[DS107] Gán nhãn - Yen.csv,Label row is missing both topic_label_final and topic_label_id.
missing_topic_label,REC_009188,,,data/05_Labeling/Final_Labeled/[DS107] Gán nhãn - Yen.csv,Label row is missing both topic_label_final and topic_label_id.
missing_topic_label,REC_000343,,,data/05_Labeling/Final_Labeled/[DS107] Gán nhãn - Yen.csv,Label row is missing both topic_label_final and topic_label_id.
missing_topic_label,REC_001260,,,data/05_Labeling/Final_Labeled/[DS107] Gán nhãn - Yen.csv,Label row is missing both topic_label_final and topic_label_id.
missing_topic_label,REC_011763,,,data/05_Labeling/Final_Labeled/[DS107] Gán nhãn - Yen.csv,Label row is missing both topic_label_final and topic_label_id.
missing_topic_label,REC_000815,,,data/05_Labeling/Final_Labeled/[DS107] Gán nhãn - Yen.csv,Label row is missing both topic_label_final and topic_label_id.
missing_topic_label,REC_001194,,,data/05_Labeling/Final_Labeled/[DS107] Gán nhãn - Yen.csv,Label row is missing both topic_label_final and topic_label_id.
missing_topic_label,REC_008802,,,data/05_Labeling/Final_Labeled/[DS107] Gán nhãn - Yen.csv,Label row is missing both topic_label_final and topic_label_id.
missing_topic_label,REC_000828,,,data/05_Labeling/Final_Labeled/[DS107] Gán nhãn - Yen.csv,Label row is missing both topic_label_final and topic_label_id.
missing_topic_label,REC_009200,,,data/05_Labeling/Final_Labeled/[DS107] Gán nhãn - Yen.csv,Label row is missing both topic_label_final and topic_label_id.
missing_topic_label,REC_009786,,,data/05_Labeling/Final_Labeled/[DS107] Gán nhãn - Yen.csv,Label row is missing both topic_label_final and topic_label_id.
missing_topic_label,REC_000369,,,data/05_Labeling/Final_Labeled/[DS107] Gán nhãn - Yen.csv,Label row is missing both topic_label_final and topic_label_id.
missing_topic_label,REC_000705,,,data/05_Labeling/Final_Labeled/[DS107] Gán nhãn - Yen.csv,Label row is missing both topic_label_final and topic_label_id.
missing_topic_label,REC_000765,,,data/05_Labeling/Final_Labeled/[DS107] Gán nhãn - Yen.csv,Label row is missing both topic_label_final and topic_label_id.
missing_topic_label,REC_000253,,,data/05_Labeling/Final_Labeled/[DS107] Gán nhãn - Yen.csv,Label row is missing both topic_label_final and topic_label_id.
missing_topic_label,REC_000251,,,data/05_Labeling/Final_Labeled/[DS107] Gán nhãn - Yen.csv,Label row is missing both topic_label_final and topic_label_id.
missing_topic_label,REC_009583,,,data/05_Labeling/Final_Labeled/[DS107] Gán nhãn - Yen.csv,Label row is missing both topic_label_final and topic_label_id.
missing_topic_label,REC_004350,,,data/05_Labeling/Final_Labeled/[DS107] Gán nhãn - Yen.csv,Label row is missing both topic_label_final and topic_label_id.
missing_topic_label,REC_010651,,,data/05_Labeling/Final_Labeled/[DS107] Gán nhãn - Yen.csv,Label row is missing both topic_label_final and topic_label_id.
missing_topic_label,REC_009728,,,data/05_Labeling/Final_Labeled/[DS107] Gán nhãn - Yen.csv,Label row is missing both topic_label_final and topic_label_id.
missing_topic_label,REC_001254,,,data/05_Labeling/Final_Labeled/[DS107] Gán nhãn - Yen.csv,Label row is missing both topic_label_final and topic_label_id.
missing_topic_label,REC_011304,,,data/05_Labeling/Final_Labeled/[DS107] Gán nhãn - Yen.csv,Label row is missing both topic_label_final and topic_label_id.
missing_topic_label,REC_000352,,,data/05_Labeling/Final_Labeled/[DS107] Gán nhãn - Yen.csv,Label row is missing both topic_label_final and topic_label_id.
missing_topic_label,REC_000292,,,data/05_Labeling/Final_Labeled/[DS107] Gán nhãn - Yen.csv,Label row is missing both topic_label_final and topic_label_id.
missing_topic_label,REC_008877,,,data/05_Labeling/Final_Labeled/[DS107] Gán nhãn - Yen.csv,Label row is missing both topic_label_final and topic_label_id.
missing_topic_label,REC_000358,,,data/05_Labeling/Final_Labeled/[DS107] Gán nhãn - Yen.csv,Label row is missing both topic_label_final and topic_label_id.
missing_topic_label,REC_010777,,,data/05_Labeling/Final_Labeled/[DS107] Gán nhãn - Yen.csv,Label row is missing both topic_label_final and topic_label_id.
missing_topic_label,REC_010638,,,data/05_Labeling/Final_Labeled/[DS107] Gán nhãn - Yen.csv,Label row is missing both topic_label_final and topic_label_id.
missing_topic_label,REC_000271,,,data/05_Labeling/Final_Labeled/[DS107] Gán nhãn - Yen.csv,Label row is missing both topic_label_final and topic_label_id.
missing_topic_label,REC_010845,,,data/05_Labeling/Final_Labeled/[DS107] Gán nhãn - Yen.csv,Label row is missing both topic_label_final and topic_label_id.
missing_topic_label,REC_009732,,,data/05_Labeling/Final_Labeled/[DS107] Gán nhãn - Yen.csv,Label row is missing both topic_label_final and topic_label_id.
missing_topic_label,REC_008910,,,data/05_Labeling/Final_Labeled/[DS107] Gán nhãn - Yen.csv,Label row is missing both topic_label_final and topic_label_id.
missing_topic_label,REC_000837,,,data/05_Labeling/Final_Labeled/[DS107] Gán nhãn - Yen.csv,Label row is missing both topic_label_final and topic_label_id.
missing_topic_label,REC_000256,,,data/05_Labeling/Final_Labeled/[DS107] Gán nhãn - Yen.csv,Label row is missing both topic_label_final and topic_label_id.
missing_topic_label,REC_010619,,,data/05_Labeling/Final_Labeled/[DS107] Gán nhãn - Yen.csv,Label row is missing both topic_label_final and topic_label_id.
missing_topic_label,REC_000308,,,data/05_Labeling/Final_Labeled/[DS107] Gán nhãn - Yen.csv,Label row is missing both topic_label_final and topic_label_id.
missing_topic_label,REC_000335,,,data/05_Labeling/Final_Labeled/[DS107] Gán nhãn - Yen.csv,Label row is missing both topic_label_final and topic_label_id.
missing_topic_label,REC_009244,,,data/05_Labeling/Final_Labeled/[DS107] Gán nhãn - Yen.csv,Label row is missing both topic_label_final and topic_label_id.
missing_topic_label,REC_009215,,,data/05_Labeling/Final_Labeled/[DS107] Gán nhãn - Yen.csv,Label row is missing both topic_label_final and topic_label_id.
missing_topic_label,REC_008789,,,data/05_Labeling/Final_Labeled/[DS107] Gán nhãn - Yen.csv,Label row is missing both topic_label_final and topic_label_id.
missing_topic_label,REC_009676,,,data/05_Labeling/Final_Labeled/[DS107] Gán nhãn - Yen.csv,Label row is missing both topic_label_final and topic_label_id.
missing_topic_label,REC_000752,,,data/05_Labeling/Final_Labeled/[DS107] Gán nhãn - Yen.csv,Label row is missing both topic_label_final and topic_label_id.
missing_topic_label,REC_000336,,,data/05_Labeling/Final_Labeled/[DS107] Gán nhãn - Yen.csv,Label row is missing both topic_label_final and topic_label_id.
missing_topic_label,REC_000283,,,data/05_Labeling/Final_Labeled/[DS107] Gán nhãn - Yen.csv,Label row is missing both topic_label_final and topic_label_id.
missing_topic_label,REC_009206,,,data/05_Labeling/Final_Labeled/[DS107] Gán nhãn - Yen.csv,Label row is missing both topic_label_final and topic_label_id.
missing_topic_label,REC_011623,,,data/05_Labeling/Final_Labeled/[DS107] Gán nhãn - Yen.csv,Label row is missing both topic_label_final and topic_label_id.
missing_topic_label,REC_000806,,,data/05_Labeling/Final_Labeled/[DS107] Gán nhãn - Yen.csv,Label row is missing both topic_label_final and topic_label_id.
missing_topic_label,REC_009584,,,data/05_Labeling/Final_Labeled/[DS107] Gán nhãn - Yen.csv,Label row is missing both topic_label_final and topic_label_id.
missing_topic_label,REC_000818,,,data/05_Labeling/Final_Labeled/[DS107] Gán nhãn - Yen.csv,Label row is missing both topic_label_final and topic_label_id.
missing_topic_label,REC_010716,,,data/05_Labeling/Final_Labeled/[DS107] Gán nhãn - Yen.csv,Label row is missing both topic_label_final and topic_label_id.
missing_topic_label,REC_012249,,,data/05_Labeling/Final_Labeled/[DS107] Gán nhãn - Yen.csv,Label row is missing both topic_label_final and topic_label_id.
missing_topic_label,REC_010774,,,data/05_Labeling/Final_Labeled/[DS107] Gán nhãn - Yen.csv,Label row is missing both topic_label_final and topic_label_id.
missing_topic_label,REC_000304,,,data/05_Labeling/Final_Labeled/[DS107] Gán nhãn - Yen.csv,Label row is missing both topic_label_final and topic_label_id.
missing_topic_label,REC_004367,,,data/05_Labeling/Final_Labeled/[DS107] Gán nhãn - Yen.csv,Label row is missing both topic_label_final and topic_label_id.
missing_topic_label,REC_009232,,,data/05_Labeling/Final_Labeled/[DS107] Gán nhãn - Yen.csv,Label row is missing both topic_label_final and topic_label_id.
missing_topic_label,REC_000789,,,data/05_Labeling/Final_Labeled/[DS107] Gán nhãn - Yen.csv,Label row is missing both topic_label_final and topic_label_id.
missing_topic_label,REC_001186,,,data/05_Labeling/Final_Labeled/[DS107] Gán nhãn - Yen.csv,Label row is missing both topic_label_final and topic_label_id.
missing_topic_label,REC_000298,,,data/05_Labeling/Final_Labeled/[DS107] Gán nhãn - Yen.csv,Label row is missing both topic_label_final and topic_label_id.
missing_topic_label,REC_010770,,,data/05_Labeling/Final_Labeled/[DS107] Gán nhãn - Yen.csv,Label row is missing both topic_label_final and topic_label_id.
missing_topic_label,REC_002154,,,data/05_Labeling/Final_Labeled/[DS107] Gán nhãn - Yen.csv,Label row is missing both topic_label_final and topic_label_id.
missing_topic_label,REC_011074,,,data/05_Labeling/Final_Labeled/[DS107] Gán nhãn - Yen.csv,Label row is missing both topic_label_final and topic_label_id.
missing_topic_label,REC_001256,,,data/05_Labeling/Final_Labeled/[DS107] Gán nhãn - Yen.csv,Label row is missing both topic_label_final and topic_label_id.
missing_topic_label,REC_010004,,,data/05_Labeling/Final_Labeled/[DS107] Gán nhãn - Yen.csv,Label row is missing both topic_label_final and topic_label_id.
missing_topic_label,REC_009588,,,data/05_Labeling/Final_Labeled/[DS107] Gán nhãn - Yen.csv,Label row is missing both topic_label_final and topic_label_id.
missing_topic_label,REC_008866,,,data/05_Labeling/Final_Labeled/[DS107] Gán nhãn - Yen.csv,Label row is missing both topic_label_final and topic_label_id.
missing_topic_label,REC_012091,,,data/05_Labeling/Final_Labeled/[DS107] Gán nhãn - Yen.csv,Label row is missing both topic_label_final and topic_label_id.
missing_topic_label,REC_009100,,,data/05_Labeling/Final_Labeled/[DS107] Gán nhãn - Yen.csv,Label row is missing both topic_label_final and topic_label_id.
missing_topic_label,REC_001175,,,data/05_Labeling/Final_Labeled/[DS107] Gán nhãn - Yen.csv,Label row is missing both topic_label_final and topic_label_id.
missing_topic_label,REC_010781,,,data/05_Labeling/Final_Labeled/[DS107] Gán nhãn - Yen.csv,Label row is missing both topic_label_final and topic_label_id.
missing_topic_label,REC_010762,,,data/05_Labeling/Final_Labeled/[DS107] Gán nhãn - Yen.csv,Label row is missing both topic_label_final and topic_label_id.
missing_topic_label,REC_008930,,,data/05_Labeling/Final_Labeled/[DS107] Gán nhãn - Yen.csv,Label row is missing both topic_label_final and topic_label_id.
missing_topic_label,REC_000769,,,data/05_Labeling/Final_Labeled/[DS107] Gán nhãn - Yen.csv,Label row is missing both topic_label_final and topic_label_id.
missing_topic_label,REC_008784,,,data/05_Labeling/Final_Labeled/[DS107] Gán nhãn - Yen.csv,Label row is missing both topic_label_final and topic_label_id.
missing_topic_label,REC_010761,,,data/05_Labeling/Final_Labeled/[DS107] Gán nhãn - Yen.csv,Label row is missing both topic_label_final and topic_label_id.
missing_topic_label,REC_001247,,,data/05_Labeling/Final_Labeled/[DS107] Gán nhãn - Yen.csv,Label row is missing both topic_label_final and topic_label_id.
missing_topic_label,REC_008952,,,data/05_Labeling/Final_Labeled/[DS107] Gán nhãn - Yen.csv,Label row is missing both topic_label_final and topic_label_id.
missing_topic_label,REC_010838,,,data/05_Labeling/Final_Labeled/[DS107] Gán nhãn - Yen.csv,Label row is missing both topic_label_final and topic_label_id.
missing_topic_label,REC_010839,,,data/05_Labeling/Final_Labeled/[DS107] Gán nhãn - Yen.csv,Label row is missing both topic_label_final and topic_label_id.
missing_topic_label,REC_008864,,,data/05_Labeling/Final_Labeled/[DS107] Gán nhãn - Yen.csv,Label row is missing both topic_label_final and topic_label_id.
missing_topic_label,REC_009747,,,data/05_Labeling/Final_Labeled/[DS107] Gán nhãn - Yen.csv,Label row is missing both topic_label_final and topic_label_id.
missing_topic_label,REC_009236,,,data/05_Labeling/Final_Labeled/[DS107] Gán nhãn - Yen.csv,Label row is missing both topic_label_final and topic_label_id.
missing_topic_label,REC_009710,,,data/05_Labeling/Final_Labeled/[DS107] Gán nhãn - Yen.csv,Label row is missing both topic_label_final and topic_label_id.
missing_topic_label,REC_008858,,,data/05_Labeling/Final_Labeled/[DS107] Gán nhãn - Yen.csv,Label row is missing both topic_label_final and topic_label_id.
missing_topic_label,REC_000342,,,data/05_Labeling/Final_Labeled/[DS107] Gán nhãn - Yen.csv,Label row is missing both topic_label_final and topic_label_id.
missing_topic_label,REC_009586,,,data/05_Labeling/Final_Labeled/[DS107] Gán nhãn - Yen.csv,Label row is missing both topic_label_final and topic_label_id.
missing_topic_label,REC_000822,,,data/05_Labeling/Final_Labeled/[DS107] Gán nhãn - Yen.csv,Label row is missing both topic_label_final and topic_label_id.
missing_topic_label,REC_009803,,,data/05_Labeling/Final_Labeled/[DS107] Gán nhãn - Yen.csv,Label row is missing both topic_label_final and topic_label_id.
missing_topic_label,REC_008838,,,data/05_Labeling/Final_Labeled/[DS107] Gán nhãn - Yen.csv,Label row is missing both topic_label_final and topic_label_id.
missing_topic_label,REC_008895,,,data/05_Labeling/Final_Labeled/[DS107] Gán nhãn - Yen.csv,Label row is missing both topic_label_final and topic_label_id.
missing_topic_label,REC_000736,,,data/05_Labeling/Final_Labeled/[DS107] Gán nhãn - Yen.csv,Label row is missing both topic_label_final and topic_label_id.
missing_topic_label,REC_009248,,,data/05_Labeling/Final_Labeled/[DS107] Gán nhãn - Yen.csv,Label row is missing both topic_label_final and topic_label_id.
missing_topic_label,REC_000375,,,data/05_Labeling/Final_Labeled/[DS107] Gán nhãn - Yen.csv,Label row is missing both topic_label_final and topic_label_id.
missing_topic_label,REC_010809,,,data/05_Labeling/Final_Labeled/[DS107] Gán nhãn - Yen.csv,Label row is missing both topic_label_final and topic_label_id.
missing_topic_label,REC_009697,,,data/05_Labeling/Final_Labeled/[DS107] Gán nhãn - Yen.csv,Label row is missing both topic_label_final and topic_label_id.
missing_topic_label,REC_008875,,,data/05_Labeling/Final_Labeled/[DS107] Gán nhãn - Yen.csv,Label row is missing both topic_label_final and topic_label_id.
missing_topic_label,REC_000774,,,data/05_Labeling/Final_Labeled/[DS107] Gán nhãn - Yen.csv,Label row is missing both topic_label_final and topic_label_id.
missing_topic_label,REC_000372,,,data/05_Labeling/Final_Labeled/[DS107] Gán nhãn - Yen.csv,Label row is missing both topic_label_final and topic_label_id.
missing_topic_label,REC_000307,,,data/05_Labeling/Final_Labeled/[DS107] Gán nhãn - Yen.csv,Label row is missing both topic_label_final and topic_label_id.
missing_topic_label,REC_009776,,,data/05_Labeling/Final_Labeled/[DS107] Gán nhãn - Yen.csv,Label row is missing both topic_label_final and topic_label_id.
missing_topic_label,REC_010752,,,data/05_Labeling/Final_Labeled/[DS107] Gán nhãn - Yen.csv,Label row is missing both topic_label_final and topic_label_id.
missing_topic_label,REC_003788,,,data/05_Labeling/Final_Pilot_Labeled/Topic Annotation Pilot Set 100 [2] - IAA_Merge-2.csv,Label row is missing both topic_label_final and topic_label_id.
missing_topic_label,REC_004236,,,data/05_Labeling/Final_Pilot_Labeled/[DS107] Topic Annotation Pilot Set 100 - IAA_Merge-2.csv,Label row is missing both topic_label_final and topic_label_id.
missing_topic_label,REC_012616,,,data/05_Labeling/Final_Pilot_Labeled/[DS107] Topic Annotation Pilot Set 400 - IAA_Merge-4.csv,Label row is missing both topic_label_final and topic_label_id.
missing_topic_label,REC_005570,,,data/05_Labeling/Final_Pilot_Labeled/[DS107] Topic Annotation Pilot Set 400 - IAA_Merge-4.csv,Label row is missing both topic_label_final and topic_label_id.
missing_topic_label,REC_012467,,,data/05_Labeling/Final_Pilot_Labeled/[DS107] Topic Annotation Pilot Set 400 - IAA_Merge-4.csv,Label row is missing both topic_label_final and topic_label_id.
missing_topic_label,REC_005635,,,data/05_Labeling/Final_Pilot_Labeled/[DS107] Topic Annotation Pilot Set 400 - IAA_Merge-4.csv,Label row is missing both topic_label_final and topic_label_id.
invalid_topic_label,REC_001613,,d,data/05_Labeling/Final_Labeled/[DS107] Gán nhãn - Han.csv,Label cannot be normalized to one of T01-T18.
duplicate_label,REC_012646,T03,T03. CRIME_LAW_AND_JUSTICE,data/05_Labeling/Final_Labeled/[DS107] Gán nhãn - Han.csv; data/05_Labeling/Final_Labeled/[DS107] Gán nhãn - Nhung.csv; data/05_Labeling/Final_Labeled/[DS107] Gán nhãn - Yen.csv,record_id appears 3 times across label files.
duplicate_label,REC_001899,T01,T01. POLITICS,data/05_Labeling/Final_Labeled/[DS107] Gán nhãn - Han.csv; data/05_Labeling/Final_Labeled/[DS107] Gán nhãn - Nhung.csv; data/05_Labeling/Final_Labeled/[DS107] Gán nhãn - Yen.csv,record_id appears 3 times across label files.
duplicate_label,REC_000430,T13,T13. HUMAN_INTEREST,data/05_Labeling/Final_Labeled/[DS107] Gán nhãn - Han.csv; data/05_Labeling/Final_Labeled/[DS107] Gán nhãn - Nhung.csv; data/05_Labeling/Final_Labeled/[DS107] Gán nhãn - Yen.csv,record_id appears 3 times across label files.
duplicate_label,REC_004739,T10,T10. ARTS_CULTURE_ENTERTAINMENT_AND_MEDIA,data/05_Labeling/Final_Labeled/[DS107] Gán nhãn - Han.csv; data/05_Labeling/Final_Labeled/[DS107] Gán nhãn - Nhung.csv; data/05_Labeling/Final_Labeled/[DS107] Gán nhãn - Yen.csv,record_id appears 3 times across label files.
duplicate_label,REC_003840,T06,T06. SCIENCE_AND_TECHNOLOGY,data/05_Labeling/Final_Labeled/[DS107] Gán nhãn - Han.csv; data/05_Labeling/Final_Labeled/[DS107] Gán nhãn - Nhung.csv; data/05_Labeling/Final_Labeled/[DS107] Gán nhãn - Yen.csv,record_id appears 3 times across label files.
duplicate_label,REC_002375,T02; T12; T01,T02. ECONOMY_BUSINESS_AND_FINANCE; T12. SOCIETY; T01. POLITICS,data/05_Labeling/Final_Labeled/[DS107] Gán nhãn - Han.csv; data/05_Labeling/Final_Labeled/[DS107] Gán nhãn - Nhung.csv; data/05_Labeling/Final_Labeled/[DS107] Gán nhãn - Yen.csv,record_id appears 3 times across label files.
duplicate_label_topic_conflict,REC_002375,T02; T12; T01,T02. ECONOMY_BUSINESS_AND_FINANCE; T12. SOCIETY; T01. POLITICS,data/05_Labeling/Final_Labeled/[DS107] Gán nhãn - Han.csv; data/05_Labeling/Final_Labeled/[DS107] Gán nhãn - Nhung.csv; data/05_Labeling/Final_Labeled/[DS107] Gán nhãn - Yen.csv,Duplicate record_id has conflicting topic_label_id values.
unresolved_duplicate_label_topic_conflict,REC_002375,,,data/05_Labeling/Final_Labeled/[DS107] Gán nhãn - Han.csv; data/05_Labeling/Final_Labeled/[DS107] Gán nhãn - Nhung.csv; data/05_Labeling/Final_Labeled/[DS107] Gán nhãn - Yen.csv,Conflict could not be resolved by status or source priority; master keeps null label.
duplicate_label,REC_001750,T07; T09,T07. ENVIRONMENT; T09. DISASTER_ACCIDENT_AND_EMERGENCY_INCIDENT,data/05_Labeling/Final_Labeled/[DS107] Gán nhãn - Han.csv; data/05_Labeling/Final_Labeled/[DS107] Gán nhãn - Nhung.csv; data/05_Labeling/Final_Labeled/[DS107] Gán nhãn - Yen.csv,record_id appears 3 times across label files.
duplicate_label_topic_conflict,REC_001750,T07; T09,T07. ENVIRONMENT; T09. DISASTER_ACCIDENT_AND_EMERGENCY_INCIDENT,data/05_Labeling/Final_Labeled/[DS107] Gán nhãn - Han.csv; data/05_Labeling/Final_Labeled/[DS107] Gán nhãn - Nhung.csv; data/05_Labeling/Final_Labeled/[DS107] Gán nhãn - Yen.csv,Duplicate record_id has conflicting topic_label_id values.
unresolved_duplicate_label_topic_conflict,REC_001750,,,data/05_Labeling/Final_Labeled/[DS107] Gán nhãn - Han.csv; data/05_Labeling/Final_Labeled/[DS107] Gán nhãn - Nhung.csv; data/05_Labeling/Final_Labeled/[DS107] Gán nhãn - Yen.csv,Conflict could not be resolved by status or source priority; master keeps null label.
duplicate_label,REC_013319,T16; T10,T16. WORLD_INTERNATIONAL; T10. ARTS_CULTURE_ENTERTAINMENT_AND_MEDIA,data/05_Labeling/Final_Labeled/[DS107] Gán nhãn - Han.csv; data/05_Labeling/Final_Labeled/[DS107] Gán nhãn - Nhung.csv; data/05_Labeling/Final_Labeled/[DS107] Gán nhãn - Yen.csv,record_id appears 3 times across label files.
duplicate_label_topic_conflict,REC_013319,T16; T10,T16. WORLD_INTERNATIONAL; T10. ARTS_CULTURE_ENTERTAINMENT_AND_MEDIA,data/05_Labeling/Final_Labeled/[DS107] Gán nhãn - Han.csv; data/05_Labeling/Final_Labeled/[DS107] Gán nhãn - Nhung.csv; data/05_Labeling/Final_Labeled/[DS107] Gán nhãn - Yen.csv,Duplicate record_id has conflicting topic_label_id values.
unresolved_duplicate_label_topic_conflict,REC_013319,,,data/05_Labeling/Final_Labeled/[DS107] Gán nhãn - Han.csv; data/05_Labeling/Final_Labeled/[DS107] Gán nhãn - Nhung.csv; data/05_Labeling/Final_Labeled/[DS107] Gán nhãn - Yen.csv,Conflict could not be resolved by status or source priority; master keeps null label.
duplicate_label,REC_010858,T10,T10. ARTS_CULTURE_ENTERTAINMENT_AND_MEDIA,data/05_Labeling/Final_Labeled/[DS107] Gán nhãn - Han.csv; data/05_Labeling/Final_Labeled/[DS107] Gán nhãn - Nhung.csv; data/05_Labeling/Final_Labeled/[DS107] Gán nhãn - Yen.csv,record_id appears 3 times across label files.
duplicate_label,REC_001490,T17,T17. TRANSPORT_INFRASTRUCTURE,data/05_Labeling/Final_Labeled/[DS107] Gán nhãn - Han.csv; data/05_Labeling/Final_Labeled/[DS107] Gán nhãn - Nhung.csv; data/05_Labeling/Final_Labeled/[DS107] Gán nhãn - Yen.csv,record_id appears 3 times across label files.
duplicate_label,REC_011655,T08,T08. WEATHER,data/05_Labeling/Final_Labeled/[DS107] Gán nhãn - Han.csv; data/05_Labeling/Final_Labeled/[DS107] Gán nhãn - Nhung.csv; data/05_Labeling/Final_Labeled/[DS107] Gán nhãn - Yen.csv,record_id appears 3 times across label files.
duplicate_label,REC_008685,T13; T09,T13. HUMAN_INTEREST; T09. DISASTER_ACCIDENT_AND_EMERGENCY_INCIDENT,data/05_Labeling/Final_Labeled/[DS107] Gán nhãn - Han.csv; data/05_Labeling/Final_Labeled/[DS107] Gán nhãn - Nhung.csv; data/05_Labeling/Final_Labeled/[DS107] Gán nhãn - Yen.csv,record_id appears 3 times across label files.
duplicate_label_topic_conflict,REC_008685,T13; T09,T13. HUMAN_INTEREST; T09. DISASTER_ACCIDENT_AND_EMERGENCY_INCIDENT,data/05_Labeling/Final_Labeled/[DS107] Gán nhãn - Han.csv; data/05_Labeling/Final_Labeled/[DS107] Gán nhãn - Nhung.csv; data/05_Labeling/Final_Labeled/[DS107] Gán nhãn - Yen.csv,Duplicate record_id has conflicting topic_label_id values.
unresolved_duplicate_label_topic_conflict,REC_008685,,,data/05_Labeling/Final_Labeled/[DS107] Gán nhãn - Han.csv; data/05_Labeling/Final_Labeled/[DS107] Gán nhãn - Nhung.csv; data/05_Labeling/Final_Labeled/[DS107] Gán nhãn - Yen.csv,Conflict could not be resolved by status or source priority; master keeps null label.
duplicate_label,REC_000542,T03,T03. CRIME_LAW_AND_JUSTICE,data/05_Labeling/Final_Labeled/[DS107] Gán nhãn - Han.csv; data/05_Labeling/Final_Labeled/[DS107] Gán nhãn - Nhung.csv; data/05_Labeling/Final_Labeled/[DS107] Gán nhãn - Yen.csv,record_id appears 3 times across label files.
duplicate_label,REC_000510,T03,T03. CRIME_LAW_AND_JUSTICE,data/05_Labeling/Final_Labeled/[DS107] Gán nhãn - Han.csv; data/05_Labeling/Final_Labeled/[DS107] Gán nhãn - Nhung.csv; data/05_Labeling/Final_Labeled/[DS107] Gán nhãn - Yen.csv,record_id appears 3 times across label files.
duplicate_label,REC_001603,T06,T06. SCIENCE_AND_TECHNOLOGY,data/05_Labeling/Final_Labeled/[DS107] Gán nhãn - Han.csv; data/05_Labeling/Final_Labeled/[DS107] Gán nhãn - Nhung.csv; data/05_Labeling/Final_Labeled/[DS107] Gán nhãn - Yen.csv,record_id appears 3 times across label files.
duplicate_label,REC_003759,T09,T09. DISASTER_ACCIDENT_AND_EMERGENCY_INCIDENT,data/05_Labeling/Final_Labeled/[DS107] Gán nhãn - Han.csv; data/05_Labeling/Final_Labeled/[DS107] Gán nhãn - Nhung.csv; data/05_Labeling/Final_Labeled/[DS107] Gán nhãn - Yen.csv,record_id appears 3 times across label files.
duplicate_label,REC_003999,T04,T04. HEALTH,data/05_Labeling/Final_Labeled/[DS107] Gán nhãn - Han.csv; data/05_Labeling/Final_Labeled/[DS107] Gán nhãn - Nhung.csv; data/05_Labeling/Final_Labeled/[DS107] Gán nhãn - Yen.csv,record_id appears 3 times across label files.
duplicate_label,REC_010158,T10,T10. ARTS_CULTURE_ENTERTAINMENT_AND_MEDIA,data/05_Labeling/Final_Labeled/[DS107] Gán nhãn - Han.csv; data/05_Labeling/Final_Labeled/[DS107] Gán nhãn - Nhung.csv; data/05_Labeling/Final_Labeled/[DS107] Gán nhãn - Yen.csv,record_id appears 3 times across label files.
duplicate_label,REC_011857,T03,T03. CRIME_LAW_AND_JUSTICE,data/05_Labeling/Final_Labeled/[DS107] Gán nhãn - Han.csv; data/05_Labeling/Final_Labeled/[DS107] Gán nhãn - Nhung.csv; data/05_Labeling/Final_Labeled/[DS107] Gán nhãn - Yen.csv,record_id appears 3 times across label files.
duplicate_label,REC_000455,T01; T18,T01. POLITICS; T18. OTHER_UNCLEAR,data/05_Labeling/Final_Labeled/[DS107] Gán nhãn - Han.csv; data/05_Labeling/Final_Labeled/[DS107] Gán nhãn - Nhung.csv; data/05_Labeling/Final_Labeled/[DS107] Gán nhãn - Yen.csv,record_id appears 3 times across label files.
duplicate_label_topic_conflict,REC_000455,T01; T18,T01. POLITICS; T18. OTHER_UNCLEAR,data/05_Labeling/Final_Labeled/[DS107] Gán nhãn - Han.csv; data/05_Labeling/Final_Labeled/[DS107] Gán nhãn - Nhung.csv; data/05_Labeling/Final_Labeled/[DS107] Gán nhãn - Yen.csv,Duplicate record_id has conflicting topic_label_id values.
unresolved_duplicate_label_topic_conflict,REC_000455,,,data/05_Labeling/Final_Labeled/[DS107] Gán nhãn - Han.csv; data/05_Labeling/Final_Labeled/[DS107] Gán nhãn - Nhung.csv; data/05_Labeling/Final_Labeled/[DS107] Gán nhãn - Yen.csv,Conflict could not be resolved by status or source priority; master keeps null label.
duplicate_label,REC_011133,T15; T10,T15. LIFESTYLE_AND_LEISURE; T10. ARTS_CULTURE_ENTERTAINMENT_AND_MEDIA,data/05_Labeling/Final_Labeled/[DS107] Gán nhãn - Han.csv; data/05_Labeling/Final_Labeled/[DS107] Gán nhãn - Nhung.csv; data/05_Labeling/Final_Labeled/[DS107] Gán nhãn - Yen.csv,record_id appears 3 times across label files.
duplicate_label_topic_conflict,REC_011133,T15; T10,T15. LIFESTYLE_AND_LEISURE; T10. ARTS_CULTURE_ENTERTAINMENT_AND_MEDIA,data/05_Labeling/Final_Labeled/[DS107] Gán nhãn - Han.csv; data/05_Labeling/Final_Labeled/[DS107] Gán nhãn - Nhung.csv; data/05_Labeling/Final_Labeled/[DS107] Gán nhãn - Yen.csv,Duplicate record_id has conflicting topic_label_id values.
unresolved_duplicate_label_topic_conflict,REC_011133,,,data/05_Labeling/Final_Labeled/[DS107] Gán nhãn - Han.csv; data/05_Labeling/Final_Labeled/[DS107] Gán nhãn - Nhung.csv; data/05_Labeling/Final_Labeled/[DS107] Gán nhãn - Yen.csv,Conflict could not be resolved by status or source priority; master keeps null label.
duplicate_label,REC_003409,T09,T09. DISASTER_ACCIDENT_AND_EMERGENCY_INCIDENT,data/05_Labeling/Final_Labeled/[DS107] Gán nhãn - Han.csv; data/05_Labeling/Final_Labeled/[DS107] Gán nhãn - Nhung.csv; data/05_Labeling/Final_Labeled/[DS107] Gán nhãn - Yen.csv,record_id appears 3 times across label files.
duplicate_label,REC_012846,T15,T15. LIFESTYLE_AND_LEISURE,data/05_Labeling/Final_Labeled/[DS107] Gán nhãn - Han.csv; data/05_Labeling/Final_Labeled/[DS107] Gán nhãn - Nhung.csv; data/05_Labeling/Final_Labeled/[DS107] Gán nhãn - Yen.csv,record_id appears 3 times across label files.
duplicate_label,REC_010851,T10,T10. ARTS_CULTURE_ENTERTAINMENT_AND_MEDIA,data/05_Labeling/Final_Labeled/[DS107] Gán nhãn - Han.csv; data/05_Labeling/Final_Labeled/[DS107] Gán nhãn - Nhung.csv; data/05_Labeling/Final_Labeled/[DS107] Gán nhãn - Yen.csv,record_id appears 3 times across label files.
duplicate_label,REC_008645,T16,T16. WORLD_INTERNATIONAL,data/05_Labeling/Final_Labeled/[DS107] Gán nhãn - Han.csv; data/05_Labeling/Final_Labeled/[DS107] Gán nhãn - Nhung.csv; data/05_Labeling/Final_Labeled/[DS107] Gán nhãn - Yen.csv,record_id appears 3 times across label files.
duplicate_label,REC_003790,T03,T03. CRIME_LAW_AND_JUSTICE,data/05_Labeling/Final_Labeled/[DS107] Gán nhãn - Han.csv; data/05_Labeling/Final_Labeled/[DS107] Gán nhãn - Nhung.csv; data/05_Labeling/Final_Labeled/[DS107] Gán nhãn - Yen.csv,record_id appears 3 times across label files.
duplicate_label,REC_009169,T16,T16. WORLD_INTERNATIONAL,data/05_Labeling/Final_Labeled/[DS107] Gán nhãn - Han.csv; data/05_Labeling/Final_Labeled/[DS107] Gán nhãn - Nhung.csv; data/05_Labeling/Final_Labeled/[DS107] Gán nhãn - Yen.csv,record_id appears 3 times across label files.
duplicate_label,REC_011635,T01,T01. POLITICS,data/05_Labeling/Final_Labeled/[DS107] Gán nhãn - Han.csv; data/05_Labeling/Final_Labeled/[DS107] Gán nhãn - Nhung.csv; data/05_Labeling/Final_Labeled/[DS107] Gán nhãn - Yen.csv,record_id appears 3 times across label files.
duplicate_label,REC_004794,T10,T10. ARTS_CULTURE_ENTERTAINMENT_AND_MEDIA,data/05_Labeling/Final_Labeled/[DS107] Gán nhãn - Han.csv; data/05_Labeling/Final_Labeled/[DS107] Gán nhãn - Nhung.csv; data/05_Labeling/Final_Labeled/[DS107] Gán nhãn - Yen.csv,record_id appears 3 times across label files.
duplicate_label,REC_000121,T01,T01. POLITICS,data/05_Labeling/Final_Labeled/[DS107] Gán nhãn - Han.csv; data/05_Labeling/Final_Labeled/[DS107] Gán nhãn - Nhung.csv; data/05_Labeling/Final_Labeled/[DS107] Gán nhãn - Yen.csv,record_id appears 3 times across label files.
duplicate_label,REC_002722,T02,T02. ECONOMY_BUSINESS_AND_FINANCE,data/05_Labeling/Final_Labeled/[DS107] Gán nhãn - Han.csv; data/05_Labeling/Final_Labeled/[DS107] Gán nhãn - Nhung.csv; data/05_Labeling/Final_Labeled/[DS107] Gán nhãn - Yen.csv,record_id appears 3 times across label files.
duplicate_label,REC_008700,T12; T09,T12. SOCIETY; T09. DISASTER_ACCIDENT_AND_EMERGENCY_INCIDENT,data/05_Labeling/Final_Labeled/[DS107] Gán nhãn - Han.csv; data/05_Labeling/Final_Labeled/[DS107] Gán nhãn - Nhung.csv; data/05_Labeling/Final_Labeled/[DS107] Gán nhãn - Yen.csv,record_id appears 3 times across label files.
duplicate_label_topic_conflict,REC_008700,T12; T09,T12. SOCIETY; T09. DISASTER_ACCIDENT_AND_EMERGENCY_INCIDENT,data/05_Labeling/Final_Labeled/[DS107] Gán nhãn - Han.csv; data/05_Labeling/Final_Labeled/[DS107] Gán nhãn - Nhung.csv; data/05_Labeling/Final_Labeled/[DS107] Gán nhãn - Yen.csv,Duplicate record_id has conflicting topic_label_id values.
unresolved_duplicate_label_topic_conflict,REC_008700,,,data/05_Labeling/Final_Labeled/[DS107] Gán nhãn - Han.csv; data/05_Labeling/Final_Labeled/[DS107] Gán nhãn - Nhung.csv; data/05_Labeling/Final_Labeled/[DS107] Gán nhãn - Yen.csv,Conflict could not be resolved by status or source priority; master keeps null label.
duplicate_label,REC_005876,T10; T09,T10. ARTS_CULTURE_ENTERTAINMENT_AND_MEDIA; T09. DISASTER_ACCIDENT_AND_EMERGENCY_INCIDENT,data/05_Labeling/Final_Labeled/[DS107] Gán nhãn - Han.csv; data/05_Labeling/Final_Labeled/[DS107] Gán nhãn - Nhung.csv; data/05_Labeling/Final_Labeled/[DS107] Gán nhãn - Yen.csv,record_id appears 3 times across label files.
duplicate_label_topic_conflict,REC_005876,T10; T09,T10. ARTS_CULTURE_ENTERTAINMENT_AND_MEDIA; T09. DISASTER_ACCIDENT_AND_EMERGENCY_INCIDENT,data/05_Labeling/Final_Labeled/[DS107] Gán nhãn - Han.csv; data/05_Labeling/Final_Labeled/[DS107] Gán nhãn - Nhung.csv; data/05_Labeling/Final_Labeled/[DS107] Gán nhãn - Yen.csv,Duplicate record_id has conflicting topic_label_id values.
unresolved_duplicate_label_topic_conflict,REC_005876,,,data/05_Labeling/Final_Labeled/[DS107] Gán nhãn - Han.csv; data/05_Labeling/Final_Labeled/[DS107] Gán nhãn - Nhung.csv; data/05_Labeling/Final_Labeled/[DS107] Gán nhãn - Yen.csv,Conflict could not be resolved by status or source priority; master keeps null label.
duplicate_label,REC_004789,T10,T10. ARTS_CULTURE_ENTERTAINMENT_AND_MEDIA,data/05_Labeling/Final_Labeled/[DS107] Gán nhãn - Han.csv; data/05_Labeling/Final_Labeled/[DS107] Gán nhãn - Nhung.csv; data/05_Labeling/Final_Labeled/[DS107] Gán nhãn - Yen.csv,record_id appears 3 times across label files.
duplicate_label,REC_002649,T09,T09. DISASTER_ACCIDENT_AND_EMERGENCY_INCIDENT,data/05_Labeling/Final_Labeled/[DS107] Gán nhãn - Han.csv; data/05_Labeling/Final_Labeled/[DS107] Gán nhãn - Nhung.csv; data/05_Labeling/Final_Labeled/[DS107] Gán nhãn - Yen.csv,record_id appears 3 times across label files.
duplicate_label,REC_003704,T04,T04. HEALTH,data/05_Labeling/Final_Labeled/[DS107] Gán nhãn - Han.csv; data/05_Labeling/Final_Labeled/[DS107] Gán nhãn - Nhung.csv; data/05_Labeling/Final_Labeled/[DS107] Gán nhãn - Yen.csv,record_id appears 3 times across label files.
duplicate_label,REC_005815,T01; T14,T01. POLITICS; T14. LABOR,data/05_Labeling/Final_Labeled/[DS107] Gán nhãn - Han.csv; data/05_Labeling/Final_Labeled/[DS107] Gán nhãn - Nhung.csv; data/05_Labeling/Final_Labeled/[DS107] Gán nhãn - Yen.csv,record_id appears 3 times across label files.
duplicate_label_topic_conflict,REC_005815,T01; T14,T01. POLITICS; T14. LABOR,data/05_Labeling/Final_Labeled/[DS107] Gán nhãn - Han.csv; data/05_Labeling/Final_Labeled/[DS107] Gán nhãn - Nhung.csv; data/05_Labeling/Final_Labeled/[DS107] Gán nhãn - Yen.csv,Duplicate record_id has conflicting topic_label_id values.
unresolved_duplicate_label_topic_conflict,REC_005815,,,data/05_Labeling/Final_Labeled/[DS107] Gán nhãn - Han.csv; data/05_Labeling/Final_Labeled/[DS107] Gán nhãn - Nhung.csv; data/05_Labeling/Final_Labeled/[DS107] Gán nhãn - Yen.csv,Conflict could not be resolved by status or source priority; master keeps null label.
duplicate_label,REC_001745,T11,T11. SPORT,data/05_Labeling/Final_Labeled/[DS107] Gán nhãn - Han.csv; data/05_Labeling/Final_Labeled/[DS107] Gán nhãn - Nhung.csv; data/05_Labeling/Final_Labeled/[DS107] Gán nhãn - Yen.csv,record_id appears 3 times across label files.
duplicate_label,REC_001587,T03,T03. CRIME_LAW_AND_JUSTICE,data/05_Labeling/Final_Labeled/[DS107] Gán nhãn - Han.csv; data/05_Labeling/Final_Labeled/[DS107] Gán nhãn - Nhung.csv; data/05_Labeling/Final_Labeled/[DS107] Gán nhãn - Yen.csv,record_id appears 3 times across label files.
duplicate_label,REC_006561,T14,T14. LABOR,data/05_Labeling/Final_Labeled/[DS107] Gán nhãn - Han.csv; data/05_Labeling/Final_Labeled/[DS107] Gán nhãn - Nhung.csv; data/05_Labeling/Final_Labeled/[DS107] Gán nhãn - Yen.csv,record_id appears 3 times across label files.
duplicate_label,REC_001652,T13,T13. HUMAN_INTEREST,data/05_Labeling/Final_Labeled/[DS107] Gán nhãn - Han.csv; data/05_Labeling/Final_Labeled/[DS107] Gán nhãn - Nhung.csv; data/05_Labeling/Final_Labeled/[DS107] Gán nhãn - Yen.csv,record_id appears 3 times across label files.
duplicate_label,REC_006207,T13,T13. HUMAN_INTEREST,data/05_Labeling/Final_Labeled/[DS107] Gán nhãn - Han.csv; data/05_Labeling/Final_Labeled/[DS107] Gán nhãn - Nhung.csv; data/05_Labeling/Final_Labeled/[DS107] Gán nhãn - Yen.csv,record_id appears 3 times across label files.
duplicate_label,REC_005943,T04,T04. HEALTH,data/05_Labeling/Final_Labeled/[DS107] Gán nhãn - Han.csv; data/05_Labeling/Final_Labeled/[DS107] Gán nhãn - Nhung.csv; data/05_Labeling/Final_Labeled/[DS107] Gán nhãn - Yen.csv,record_id appears 3 times across label files.
duplicate_label,REC_011886,T12; T09,T12. SOCIETY; T09. DISASTER_ACCIDENT_AND_EMERGENCY_INCIDENT,data/05_Labeling/Final_Labeled/[DS107] Gán nhãn - Han.csv; data/05_Labeling/Final_Labeled/[DS107] Gán nhãn - Nhung.csv; data/05_Labeling/Final_Labeled/[DS107] Gán nhãn - Yen.csv,record_id appears 3 times across label files.
duplicate_label_topic_conflict,REC_011886,T12; T09,T12. SOCIETY; T09. DISASTER_ACCIDENT_AND_EMERGENCY_INCIDENT,data/05_Labeling/Final_Labeled/[DS107] Gán nhãn - Han.csv; data/05_Labeling/Final_Labeled/[DS107] Gán nhãn - Nhung.csv; data/05_Labeling/Final_Labeled/[DS107] Gán nhãn - Yen.csv,Duplicate record_id has conflicting topic_label_id values.
unresolved_duplicate_label_topic_conflict,REC_011886,,,data/05_Labeling/Final_Labeled/[DS107] Gán nhãn - Han.csv; data/05_Labeling/Final_Labeled/[DS107] Gán nhãn - Nhung.csv; data/05_Labeling/Final_Labeled/[DS107] Gán nhãn - Yen.csv,Conflict could not be resolved by status or source priority; master keeps null label.
duplicate_label,REC_004555,T10,T10. ARTS_CULTURE_ENTERTAINMENT_AND_MEDIA,data/05_Labeling/Final_Labeled/[DS107] Gán nhãn - Han.csv; data/05_Labeling/Final_Labeled/[DS107] Gán nhãn - Nhung.csv; data/05_Labeling/Final_Labeled/[DS107] Gán nhãn - Yen.csv,record_id appears 3 times across label files.
duplicate_label,REC_000739,T03,T03. CRIME_LAW_AND_JUSTICE,data/05_Labeling/Final_Labeled/[DS107] Gán nhãn - Han.csv; data/05_Labeling/Final_Labeled/[DS107] Gán nhãn - Nhung.csv; data/05_Labeling/Final_Labeled/[DS107] Gán nhãn - Yen.csv,record_id appears 3 times across label files.
duplicate_label,REC_009346,T13; T18,T13. HUMAN_INTEREST; T18. OTHER_UNCLEAR,data/05_Labeling/Final_Labeled/[DS107] Gán nhãn - Han.csv; data/05_Labeling/Final_Labeled/[DS107] Gán nhãn - Nhung.csv; data/05_Labeling/Final_Labeled/[DS107] Gán nhãn - Yen.csv,record_id appears 3 times across label files.
duplicate_label_topic_conflict,REC_009346,T13; T18,T13. HUMAN_INTEREST; T18. OTHER_UNCLEAR,data/05_Labeling/Final_Labeled/[DS107] Gán nhãn - Han.csv; data/05_Labeling/Final_Labeled/[DS107] Gán nhãn - Nhung.csv; data/05_Labeling/Final_Labeled/[DS107] Gán nhãn - Yen.csv,Duplicate record_id has conflicting topic_label_id values.
unresolved_duplicate_label_topic_conflict,REC_009346,,,data/05_Labeling/Final_Labeled/[DS107] Gán nhãn - Han.csv; data/05_Labeling/Final_Labeled/[DS107] Gán nhãn - Nhung.csv; data/05_Labeling/Final_Labeled/[DS107] Gán nhãn - Yen.csv,Conflict could not be resolved by status or source priority; master keeps null label.
duplicate_label,REC_010696,T10,T10. ARTS_CULTURE_ENTERTAINMENT_AND_MEDIA,data/05_Labeling/Final_Labeled/[DS107] Gán nhãn - Han.csv; data/05_Labeling/Final_Labeled/[DS107] Gán nhãn - Nhung.csv; data/05_Labeling/Final_Labeled/[DS107] Gán nhãn - Yen.csv,record_id appears 3 times across label files.
duplicate_label,REC_002125,T08,T08. WEATHER,data/05_Labeling/Final_Labeled/[DS107] Gán nhãn - Han.csv; data/05_Labeling/Final_Labeled/[DS107] Gán nhãn - Nhung.csv; data/05_Labeling/Final_Labeled/[DS107] Gán nhãn - Yen.csv,record_id appears 3 times across label files.
duplicate_label,REC_006537,T10,T10. ARTS_CULTURE_ENTERTAINMENT_AND_MEDIA,data/05_Labeling/Final_Labeled/[DS107] Gán nhãn - Han.csv; data/05_Labeling/Final_Labeled/[DS107] Gán nhãn - Nhung.csv; data/05_Labeling/Final_Labeled/[DS107] Gán nhãn - Yen.csv,record_id appears 3 times across label files.
duplicate_label,REC_001354,T12,T12. SOCIETY,data/05_Labeling/Final_Labeled/[DS107] Gán nhãn - Han.csv; data/05_Labeling/Final_Labeled/[DS107] Gán nhãn - Nhung.csv; data/05_Labeling/Final_Labeled/[DS107] Gán nhãn - Yen.csv,record_id appears 3 times across label files.
duplicate_label,REC_010973,T13,T13. HUMAN_INTEREST,data/05_Labeling/Final_Labeled/[DS107] Gán nhãn - Han.csv; data/05_Labeling/Final_Labeled/[DS107] Gán nhãn - Nhung.csv; data/05_Labeling/Final_Labeled/[DS107] Gán nhãn - Yen.csv,record_id appears 3 times across label files.
duplicate_label,REC_005051,T13,T13. HUMAN_INTEREST,data/05_Labeling/Final_Labeled/[DS107] Gán nhãn - Han.csv; data/05_Labeling/Final_Labeled/[DS107] Gán nhãn - Nhung.csv; data/05_Labeling/Final_Labeled/[DS107] Gán nhãn - Yen.csv,record_id appears 3 times across label files.
duplicate_label,REC_012305,T10,T10. ARTS_CULTURE_ENTERTAINMENT_AND_MEDIA,data/05_Labeling/Final_Labeled/[DS107] Gán nhãn - Han.csv; data/05_Labeling/Final_Labeled/[DS107] Gán nhãn - Nhung.csv; data/05_Labeling/Final_Labeled/[DS107] Gán nhãn - Yen.csv,record_id appears 3 times across label files.
duplicate_label,REC_012135,T10,T10. ARTS_CULTURE_ENTERTAINMENT_AND_MEDIA,data/05_Labeling/Final_Labeled/[DS107] Gán nhãn - Han.csv; data/05_Labeling/Final_Labeled/[DS107] Gán nhãn - Nhung.csv; data/05_Labeling/Final_Labeled/[DS107] Gán nhãn - Yen.csv,record_id appears 3 times across label files.
duplicate_label,REC_006252,T01; T17,T01. POLITICS; T17. TRANSPORT_INFRASTRUCTURE,data/05_Labeling/Final_Labeled/[DS107] Gán nhãn - Han.csv; data/05_Labeling/Final_Labeled/[DS107] Gán nhãn - Nhung.csv; data/05_Labeling/Final_Labeled/[DS107] Gán nhãn - Yen.csv,record_id appears 3 times across label files.
duplicate_label_topic_conflict,REC_006252,T01; T17,T01. POLITICS; T17. TRANSPORT_INFRASTRUCTURE,data/05_Labeling/Final_Labeled/[DS107] Gán nhãn - Han.csv; data/05_Labeling/Final_Labeled/[DS107] Gán nhãn - Nhung.csv; data/05_Labeling/Final_Labeled/[DS107] Gán nhãn - Yen.csv,Duplicate record_id has conflicting topic_label_id values.
unresolved_duplicate_label_topic_conflict,REC_006252,,,data/05_Labeling/Final_Labeled/[DS107] Gán nhãn - Han.csv; data/05_Labeling/Final_Labeled/[DS107] Gán nhãn - Nhung.csv; data/05_Labeling/Final_Labeled/[DS107] Gán nhãn - Yen.csv,Conflict could not be resolved by status or source priority; master keeps null label.
duplicate_label,REC_011419,T03,T03. CRIME_LAW_AND_JUSTICE,data/05_Labeling/Final_Labeled/[DS107] Gán nhãn - Han.csv; data/05_Labeling/Final_Labeled/[DS107] Gán nhãn - Nhung.csv; data/05_Labeling/Final_Labeled/[DS107] Gán nhãn - Yen.csv,record_id appears 3 times across label files.
duplicate_label,REC_003294,T09,T09. DISASTER_ACCIDENT_AND_EMERGENCY_INCIDENT,data/05_Labeling/Final_Labeled/[DS107] Gán nhãn - Han.csv; data/05_Labeling/Final_Labeled/[DS107] Gán nhãn - Nhung.csv; data/05_Labeling/Final_Labeled/[DS107] Gán nhãn - Yen.csv,record_id appears 3 times across label files.
duplicate_label,REC_001189,T12; T07,T12. SOCIETY; T07. ENVIRONMENT,data/05_Labeling/Final_Labeled/[DS107] Gán nhãn - Han.csv; data/05_Labeling/Final_Labeled/[DS107] Gán nhãn - Nhung.csv; data/05_Labeling/Final_Labeled/[DS107] Gán nhãn - Yen.csv,record_id appears 3 times across label files.
duplicate_label_topic_conflict,REC_001189,T12; T07,T12. SOCIETY; T07. ENVIRONMENT,data/05_Labeling/Final_Labeled/[DS107] Gán nhãn - Han.csv; data/05_Labeling/Final_Labeled/[DS107] Gán nhãn - Nhung.csv; data/05_Labeling/Final_Labeled/[DS107] Gán nhãn - Yen.csv,Duplicate record_id has conflicting topic_label_id values.
unresolved_duplicate_label_topic_conflict,REC_001189,,,data/05_Labeling/Final_Labeled/[DS107] Gán nhãn - Han.csv; data/05_Labeling/Final_Labeled/[DS107] Gán nhãn - Nhung.csv; data/05_Labeling/Final_Labeled/[DS107] Gán nhãn - Yen.csv,Conflict could not be resolved by status or source priority; master keeps null label.
duplicate_label,REC_000779,T03,T03. CRIME_LAW_AND_JUSTICE,data/05_Labeling/Final_Labeled/[DS107] Gán nhãn - Han.csv; data/05_Labeling/Final_Labeled/[DS107] Gán nhãn - Nhung.csv; data/05_Labeling/Final_Labeled/[DS107] Gán nhãn - Yen.csv,record_id appears 3 times across label files.
duplicate_label,REC_013037,T09,T09. DISASTER_ACCIDENT_AND_EMERGENCY_INCIDENT,data/05_Labeling/Final_Labeled/[DS107] Gán nhãn - Han.csv; data/05_Labeling/Final_Labeled/[DS107] Gán nhãn - Nhung.csv; data/05_Labeling/Final_Labeled/[DS107] Gán nhãn - Yen.csv,record_id appears 3 times across label files.
duplicate_label,REC_003917,T07; T09,T07. ENVIRONMENT; T09. DISASTER_ACCIDENT_AND_EMERGENCY_INCIDENT,data/05_Labeling/Final_Labeled/[DS107] Gán nhãn - Han.csv; data/05_Labeling/Final_Labeled/[DS107] Gán nhãn - Nhung.csv; data/05_Labeling/Final_Labeled/[DS107] Gán nhãn - Yen.csv,record_id appears 3 times across label files.
duplicate_label_topic_conflict,REC_003917,T07; T09,T07. ENVIRONMENT; T09. DISASTER_ACCIDENT_AND_EMERGENCY_INCIDENT,data/05_Labeling/Final_Labeled/[DS107] Gán nhãn - Han.csv; data/05_Labeling/Final_Labeled/[DS107] Gán nhãn - Nhung.csv; data/05_Labeling/Final_Labeled/[DS107] Gán nhãn - Yen.csv,Duplicate record_id has conflicting topic_label_id values.
unresolved_duplicate_label_topic_conflict,REC_003917,,,data/05_Labeling/Final_Labeled/[DS107] Gán nhãn - Han.csv; data/05_Labeling/Final_Labeled/[DS107] Gán nhãn - Nhung.csv; data/05_Labeling/Final_Labeled/[DS107] Gán nhãn - Yen.csv,Conflict could not be resolved by status or source priority; master keeps null label.
duplicate_label,REC_004987,T10,T10. ARTS_CULTURE_ENTERTAINMENT_AND_MEDIA,data/05_Labeling/Final_Labeled/[DS107] Gán nhãn - Han.csv; data/05_Labeling/Final_Labeled/[DS107] Gán nhãn - Nhung.csv; data/05_Labeling/Final_Labeled/[DS107] Gán nhãn - Yen.csv,record_id appears 3 times across label files.
duplicate_label,REC_001370,T03; T04,T03. CRIME_LAW_AND_JUSTICE; T04. HEALTH,data/05_Labeling/Final_Labeled/[DS107] Gán nhãn - Han.csv; data/05_Labeling/Final_Labeled/[DS107] Gán nhãn - Nhung.csv; data/05_Labeling/Final_Labeled/[DS107] Gán nhãn - Yen.csv,record_id appears 3 times across label files.
duplicate_label_topic_conflict,REC_001370,T03; T04,T03. CRIME_LAW_AND_JUSTICE; T04. HEALTH,data/05_Labeling/Final_Labeled/[DS107] Gán nhãn - Han.csv; data/05_Labeling/Final_Labeled/[DS107] Gán nhãn - Nhung.csv; data/05_Labeling/Final_Labeled/[DS107] Gán nhãn - Yen.csv,Duplicate record_id has conflicting topic_label_id values.
unresolved_duplicate_label_topic_conflict,REC_001370,,,data/05_Labeling/Final_Labeled/[DS107] Gán nhãn - Han.csv; data/05_Labeling/Final_Labeled/[DS107] Gán nhãn - Nhung.csv; data/05_Labeling/Final_Labeled/[DS107] Gán nhãn - Yen.csv,Conflict could not be resolved by status or source priority; master keeps null label.
duplicate_label,REC_004002,T12; T17,T12. SOCIETY; T17. TRANSPORT_INFRASTRUCTURE,data/05_Labeling/Final_Labeled/[DS107] Gán nhãn - Han.csv; data/05_Labeling/Final_Labeled/[DS107] Gán nhãn - Nhung.csv; data/05_Labeling/Final_Labeled/[DS107] Gán nhãn - Yen.csv,record_id appears 3 times across label files.
duplicate_label_topic_conflict,REC_004002,T12; T17,T12. SOCIETY; T17. TRANSPORT_INFRASTRUCTURE,data/05_Labeling/Final_Labeled/[DS107] Gán nhãn - Han.csv; data/05_Labeling/Final_Labeled/[DS107] Gán nhãn - Nhung.csv; data/05_Labeling/Final_Labeled/[DS107] Gán nhãn - Yen.csv,Duplicate record_id has conflicting topic_label_id values.
unresolved_duplicate_label_topic_conflict,REC_004002,,,data/05_Labeling/Final_Labeled/[DS107] Gán nhãn - Han.csv; data/05_Labeling/Final_Labeled/[DS107] Gán nhãn - Nhung.csv; data/05_Labeling/Final_Labeled/[DS107] Gán nhãn - Yen.csv,Conflict could not be resolved by status or source priority; master keeps null label.
duplicate_label,REC_001725,T03,T03. CRIME_LAW_AND_JUSTICE,data/05_Labeling/Final_Labeled/[DS107] Gán nhãn - Han.csv; data/05_Labeling/Final_Labeled/[DS107] Gán nhãn - Nhung.csv; data/05_Labeling/Final_Labeled/[DS107] Gán nhãn - Yen.csv,record_id appears 3 times across label files.
duplicate_label,REC_006564,T05; T10,T05. EDUCATION; T10. ARTS_CULTURE_ENTERTAINMENT_AND_MEDIA,data/05_Labeling/Final_Labeled/[DS107] Gán nhãn - Han.csv; data/05_Labeling/Final_Labeled/[DS107] Gán nhãn - Nhung.csv; data/05_Labeling/Final_Labeled/[DS107] Gán nhãn - Yen.csv,record_id appears 3 times across label files.
duplicate_label_topic_conflict,REC_006564,T05; T10,T05. EDUCATION; T10. ARTS_CULTURE_ENTERTAINMENT_AND_MEDIA,data/05_Labeling/Final_Labeled/[DS107] Gán nhãn - Han.csv; data/05_Labeling/Final_Labeled/[DS107] Gán nhãn - Nhung.csv; data/05_Labeling/Final_Labeled/[DS107] Gán nhãn - Yen.csv,Duplicate record_id has conflicting topic_label_id values.
unresolved_duplicate_label_topic_conflict,REC_006564,,,data/05_Labeling/Final_Labeled/[DS107] Gán nhãn - Han.csv; data/05_Labeling/Final_Labeled/[DS107] Gán nhãn - Nhung.csv; data/05_Labeling/Final_Labeled/[DS107] Gán nhãn - Yen.csv,Conflict could not be resolved by status or source priority; master keeps null label.
duplicate_label,REC_004791,T10,T10. ARTS_CULTURE_ENTERTAINMENT_AND_MEDIA,data/05_Labeling/Final_Labeled/[DS107] Gán nhãn - Han.csv; data/05_Labeling/Final_Labeled/[DS107] Gán nhãn - Nhung.csv; data/05_Labeling/Final_Labeled/[DS107] Gán nhãn - Yen.csv,record_id appears 3 times across label files.
duplicate_label,REC_009241,T05,T05. EDUCATION,data/05_Labeling/Final_Labeled/[DS107] Gán nhãn - Han.csv; data/05_Labeling/Final_Labeled/[DS107] Gán nhãn - Nhung.csv; data/05_Labeling/Final_Labeled/[DS107] Gán nhãn - Yen.csv,record_id appears 3 times across label files.
duplicate_label,REC_012575,T16,T16. WORLD_INTERNATIONAL,data/05_Labeling/Final_Labeled/[DS107] Gán nhãn - Han.csv; data/05_Labeling/Final_Labeled/[DS107] Gán nhãn - Nhung.csv; data/05_Labeling/Final_Labeled/[DS107] Gán nhãn - Yen.csv,record_id appears 3 times across label files.
duplicate_label,REC_006305,T10,T10. ARTS_CULTURE_ENTERTAINMENT_AND_MEDIA,data/05_Labeling/Final_Labeled/[DS107] Gán nhãn - Han.csv; data/05_Labeling/Final_Labeled/[DS107] Gán nhãn - Nhung.csv; data/05_Labeling/Final_Labeled/[DS107] Gán nhãn - Yen.csv,record_id appears 3 times across label files.
duplicate_label,REC_002777,T17,T17. TRANSPORT_INFRASTRUCTURE,data/05_Labeling/Final_Labeled/[DS107] Gán nhãn - Han.csv; data/05_Labeling/Final_Labeled/[DS107] Gán nhãn - Nhung.csv; data/05_Labeling/Final_Labeled/[DS107] Gán nhãn - Yen.csv,record_id appears 3 times across label files.
duplicate_label,REC_006395,T10,T10. ARTS_CULTURE_ENTERTAINMENT_AND_MEDIA,data/05_Labeling/Final_Labeled/[DS107] Gán nhãn - Han.csv; data/05_Labeling/Final_Labeled/[DS107] Gán nhãn - Nhung.csv; data/05_Labeling/Final_Labeled/[DS107] Gán nhãn - Yen.csv,record_id appears 3 times across label files.
duplicate_label,REC_006143,T13; T02,T13. HUMAN_INTEREST; T02. ECONOMY_BUSINESS_AND_FINANCE,data/05_Labeling/Final_Labeled/[DS107] Gán nhãn - Han.csv; data/05_Labeling/Final_Labeled/[DS107] Gán nhãn - Nhung.csv; data/05_Labeling/Final_Labeled/[DS107] Gán nhãn - Yen.csv,record_id appears 3 times across label files.
duplicate_label_topic_conflict,REC_006143,T13; T02,T13. HUMAN_INTEREST; T02. ECONOMY_BUSINESS_AND_FINANCE,data/05_Labeling/Final_Labeled/[DS107] Gán nhãn - Han.csv; data/05_Labeling/Final_Labeled/[DS107] Gán nhãn - Nhung.csv; data/05_Labeling/Final_Labeled/[DS107] Gán nhãn - Yen.csv,Duplicate record_id has conflicting topic_label_id values.
unresolved_duplicate_label_topic_conflict,REC_006143,,,data/05_Labeling/Final_Labeled/[DS107] Gán nhãn - Han.csv; data/05_Labeling/Final_Labeled/[DS107] Gán nhãn - Nhung.csv; data/05_Labeling/Final_Labeled/[DS107] Gán nhãn - Yen.csv,Conflict could not be resolved by status or source priority; master keeps null label.
duplicate_label,REC_003603,T03,T03. CRIME_LAW_AND_JUSTICE,data/05_Labeling/Final_Labeled/[DS107] Gán nhãn - Han.csv; data/05_Labeling/Final_Labeled/[DS107] Gán nhãn - Nhung.csv; data/05_Labeling/Final_Labeled/[DS107] Gán nhãn - Yen.csv,record_id appears 3 times across label files.
duplicate_label,REC_013207,T16,T16. WORLD_INTERNATIONAL,data/05_Labeling/Final_Labeled/[DS107] Gán nhãn - Han.csv; data/05_Labeling/Final_Labeled/[DS107] Gán nhãn - Nhung.csv; data/05_Labeling/Final_Labeled/[DS107] Gán nhãn - Yen.csv,record_id appears 3 times across label files.
duplicate_label,REC_004601,T10,T10. ARTS_CULTURE_ENTERTAINMENT_AND_MEDIA,data/05_Labeling/Final_Labeled/[DS107] Gán nhãn - Han.csv; data/05_Labeling/Final_Labeled/[DS107] Gán nhãn - Nhung.csv; data/05_Labeling/Final_Labeled/[DS107] Gán nhãn - Yen.csv,record_id appears 3 times across label files.
duplicate_label,REC_001224,T02; T05,T02. ECONOMY_BUSINESS_AND_FINANCE; T05. EDUCATION,data/05_Labeling/Final_Labeled/[DS107] Gán nhãn - Han.csv; data/05_Labeling/Final_Labeled/[DS107] Gán nhãn - Nhung.csv; data/05_Labeling/Final_Labeled/[DS107] Gán nhãn - Yen.csv,record_id appears 3 times across label files.
duplicate_label_topic_conflict,REC_001224,T02; T05,T02. ECONOMY_BUSINESS_AND_FINANCE; T05. EDUCATION,data/05_Labeling/Final_Labeled/[DS107] Gán nhãn - Han.csv; data/05_Labeling/Final_Labeled/[DS107] Gán nhãn - Nhung.csv; data/05_Labeling/Final_Labeled/[DS107] Gán nhãn - Yen.csv,Duplicate record_id has conflicting topic_label_id values.
unresolved_duplicate_label_topic_conflict,REC_001224,,,data/05_Labeling/Final_Labeled/[DS107] Gán nhãn - Han.csv; data/05_Labeling/Final_Labeled/[DS107] Gán nhãn - Nhung.csv; data/05_Labeling/Final_Labeled/[DS107] Gán nhãn - Yen.csv,Conflict could not be resolved by status or source priority; master keeps null label.
duplicate_label,REC_011977,T10,T10. ARTS_CULTURE_ENTERTAINMENT_AND_MEDIA,data/05_Labeling/Final_Labeled/[DS107] Gán nhãn - Han.csv; data/05_Labeling/Final_Labeled/[DS107] Gán nhãn - Nhung.csv; data/05_Labeling/Final_Labeled/[DS107] Gán nhãn - Yen.csv,record_id appears 3 times across label files.
duplicate_label,REC_002926,T15; T02,T15. LIFESTYLE_AND_LEISURE; T02. ECONOMY_BUSINESS_AND_FINANCE,data/05_Labeling/Final_Labeled/[DS107] Gán nhãn - Han.csv; data/05_Labeling/Final_Labeled/[DS107] Gán nhãn - Nhung.csv; data/05_Labeling/Final_Labeled/[DS107] Gán nhãn - Yen.csv,record_id appears 3 times across label files.
duplicate_label_topic_conflict,REC_002926,T15; T02,T15. LIFESTYLE_AND_LEISURE; T02. ECONOMY_BUSINESS_AND_FINANCE,data/05_Labeling/Final_Labeled/[DS107] Gán nhãn - Han.csv; data/05_Labeling/Final_Labeled/[DS107] Gán nhãn - Nhung.csv; data/05_Labeling/Final_Labeled/[DS107] Gán nhãn - Yen.csv,Duplicate record_id has conflicting topic_label_id values.
unresolved_duplicate_label_topic_conflict,REC_002926,,,data/05_Labeling/Final_Labeled/[DS107] Gán nhãn - Han.csv; data/05_Labeling/Final_Labeled/[DS107] Gán nhãn - Nhung.csv; data/05_Labeling/Final_Labeled/[DS107] Gán nhãn - Yen.csv,Conflict could not be resolved by status or source priority; master keeps null label.
duplicate_label,REC_010661,T13,T13. HUMAN_INTEREST,data/05_Labeling/Final_Labeled/[DS107] Gán nhãn - Han.csv; data/05_Labeling/Final_Labeled/[DS107] Gán nhãn - Nhung.csv; data/05_Labeling/Final_Labeled/[DS107] Gán nhãn - Yen.csv,record_id appears 3 times across label files.
duplicate_label,REC_004209,T04,T04. HEALTH,data/05_Labeling/Final_Labeled/[DS107] Gán nhãn - Han.csv; data/05_Labeling/Final_Labeled/[DS107] Gán nhãn - Nhung.csv; data/05_Labeling/Final_Labeled/[DS107] Gán nhãn - Yen.csv,record_id appears 3 times across label files.
duplicate_label,REC_002791,T03,T03. CRIME_LAW_AND_JUSTICE,data/05_Labeling/Final_Labeled/[DS107] Gán nhãn - Han.csv; data/05_Labeling/Final_Labeled/[DS107] Gán nhãn - Nhung.csv; data/05_Labeling/Final_Labeled/[DS107] Gán nhãn - Yen.csv,record_id appears 3 times across label files.
duplicate_label,REC_009398,T13; T12,T13. HUMAN_INTEREST; T12. SOCIETY,data/05_Labeling/Final_Labeled/[DS107] Gán nhãn - Han.csv; data/05_Labeling/Final_Labeled/[DS107] Gán nhãn - Nhung.csv; data/05_Labeling/Final_Labeled/[DS107] Gán nhãn - Yen.csv,record_id appears 3 times across label files.
duplicate_label_topic_conflict,REC_009398,T13; T12,T13. HUMAN_INTEREST; T12. SOCIETY,data/05_Labeling/Final_Labeled/[DS107] Gán nhãn - Han.csv; data/05_Labeling/Final_Labeled/[DS107] Gán nhãn - Nhung.csv; data/05_Labeling/Final_Labeled/[DS107] Gán nhãn - Yen.csv,Duplicate record_id has conflicting topic_label_id values.
unresolved_duplicate_label_topic_conflict,REC_009398,,,data/05_Labeling/Final_Labeled/[DS107] Gán nhãn - Han.csv; data/05_Labeling/Final_Labeled/[DS107] Gán nhãn - Nhung.csv; data/05_Labeling/Final_Labeled/[DS107] Gán nhãn - Yen.csv,Conflict could not be resolved by status or source priority; master keeps null label.
duplicate_label,REC_006552,T13,T13. HUMAN_INTEREST,data/05_Labeling/Final_Labeled/[DS107] Gán nhãn - Han.csv; data/05_Labeling/Final_Labeled/[DS107] Gán nhãn - Nhung.csv; data/05_Labeling/Final_Labeled/[DS107] Gán nhãn - Yen.csv,record_id appears 3 times across label files.
duplicate_label,REC_004652,T13,T13. HUMAN_INTEREST,data/05_Labeling/Final_Labeled/[DS107] Gán nhãn - Han.csv; data/05_Labeling/Final_Labeled/[DS107] Gán nhãn - Nhung.csv; data/05_Labeling/Final_Labeled/[DS107] Gán nhãn - Yen.csv,record_id appears 3 times across label files.
duplicate_label,REC_011059,T13,T13. HUMAN_INTEREST,data/05_Labeling/Final_Labeled/[DS107] Gán nhãn - Han.csv; data/05_Labeling/Final_Labeled/[DS107] Gán nhãn - Nhung.csv; data/05_Labeling/Final_Labeled/[DS107] Gán nhãn - Yen.csv,record_id appears 3 times across label files.
duplicate_label,REC_003775,T11,T11. SPORT,data/05_Labeling/Final_Labeled/[DS107] Gán nhãn - Han.csv; data/05_Labeling/Final_Labeled/[DS107] Gán nhãn - Nhung.csv; data/05_Labeling/Final_Labeled/[DS107] Gán nhãn - Yen.csv,record_id appears 3 times across label files.
duplicate_label,REC_005598,T03,T03. CRIME_LAW_AND_JUSTICE,data/05_Labeling/Final_Labeled/[DS107] Gán nhãn - Han.csv; data/05_Labeling/Final_Labeled/[DS107] Gán nhãn - Nhung.csv; data/05_Labeling/Final_Labeled/[DS107] Gán nhãn - Yen.csv,record_id appears 3 times across label files.
duplicate_label,REC_000952,T03,T03. CRIME_LAW_AND_JUSTICE,data/05_Labeling/Final_Labeled/[DS107] Gán nhãn - Han.csv; data/05_Labeling/Final_Labeled/[DS107] Gán nhãn - Nhung.csv; data/05_Labeling/Final_Labeled/[DS107] Gán nhãn - Yen.csv,record_id appears 3 times across label files.
duplicate_label,REC_003937,T16,T16. WORLD_INTERNATIONAL,data/05_Labeling/Final_Labeled/[DS107] Gán nhãn - Han.csv; data/05_Labeling/Final_Labeled/[DS107] Gán nhãn - Nhung.csv; data/05_Labeling/Final_Labeled/[DS107] Gán nhãn - Yen.csv,record_id appears 3 times across label files.
duplicate_label,REC_000547,T08,T08. WEATHER,data/05_Labeling/Final_Labeled/[DS107] Gán nhãn - Han.csv; data/05_Labeling/Final_Labeled/[DS107] Gán nhãn - Nhung.csv; data/05_Labeling/Final_Labeled/[DS107] Gán nhãn - Yen.csv,record_id appears 3 times across label files.
duplicate_label,REC_005436,T10; T03,T10. ARTS_CULTURE_ENTERTAINMENT_AND_MEDIA; T03. CRIME_LAW_AND_JUSTICE,data/05_Labeling/Final_Labeled/[DS107] Gán nhãn - Han.csv; data/05_Labeling/Final_Labeled/[DS107] Gán nhãn - Nhung.csv; data/05_Labeling/Final_Labeled/[DS107] Gán nhãn - Yen.csv,record_id appears 3 times across label files.
duplicate_label_topic_conflict,REC_005436,T10; T03,T10. ARTS_CULTURE_ENTERTAINMENT_AND_MEDIA; T03. CRIME_LAW_AND_JUSTICE,data/05_Labeling/Final_Labeled/[DS107] Gán nhãn - Han.csv; data/05_Labeling/Final_Labeled/[DS107] Gán nhãn - Nhung.csv; data/05_Labeling/Final_Labeled/[DS107] Gán nhãn - Yen.csv,Duplicate record_id has conflicting topic_label_id values.
unresolved_duplicate_label_topic_conflict,REC_005436,,,data/05_Labeling/Final_Labeled/[DS107] Gán nhãn - Han.csv; data/05_Labeling/Final_Labeled/[DS107] Gán nhãn - Nhung.csv; data/05_Labeling/Final_Labeled/[DS107] Gán nhãn - Yen.csv,Conflict could not be resolved by status or source priority; master keeps null label.
duplicate_label,REC_008323,T10,T10. ARTS_CULTURE_ENTERTAINMENT_AND_MEDIA,data/05_Labeling/Final_Labeled/[DS107] Gán nhãn - Han.csv; data/05_Labeling/Final_Labeled/[DS107] Gán nhãn - Nhung.csv; data/05_Labeling/Final_Labeled/[DS107] Gán nhãn - Yen.csv,record_id appears 3 times across label files.
duplicate_label,REC_004614,T13,T13. HUMAN_INTEREST,data/05_Labeling/Final_Labeled/[DS107] Gán nhãn - Han.csv; data/05_Labeling/Final_Labeled/[DS107] Gán nhãn - Nhung.csv; data/05_Labeling/Final_Labeled/[DS107] Gán nhãn - Yen.csv,record_id appears 3 times across label files.
duplicate_label,REC_001129,T03,T03. CRIME_LAW_AND_JUSTICE,data/05_Labeling/Final_Labeled/[DS107] Gán nhãn - Han.csv; data/05_Labeling/Final_Labeled/[DS107] Gán nhãn - Nhung.csv; data/05_Labeling/Final_Labeled/[DS107] Gán nhãn - Yen.csv,record_id appears 3 times across label files.
duplicate_label,REC_008790,T03,T03. CRIME_LAW_AND_JUSTICE,data/05_Labeling/Final_Labeled/[DS107] Gán nhãn - Han.csv; data/05_Labeling/Final_Pilot_Labeled/[DS107] Topic Annotation Pilot Set 100 - IAA_Merge-2.csv,record_id appears 2 times across label files.
duplicate_label,REC_012815,T03; T01,T03. CRIME_LAW_AND_JUSTICE; T01. POLITICS,data/05_Labeling/Final_Labeled/[DS107] Gán nhãn - Nhung.csv; data/05_Labeling/Final_Labeled/[DS107] Gán nhãn - Yen.csv,record_id appears 2 times across label files.
duplicate_label_topic_conflict,REC_012815,T03; T01,T03. CRIME_LAW_AND_JUSTICE; T01. POLITICS,data/05_Labeling/Final_Labeled/[DS107] Gán nhãn - Nhung.csv; data/05_Labeling/Final_Labeled/[DS107] Gán nhãn - Yen.csv,Duplicate record_id has conflicting topic_label_id values.
unresolved_duplicate_label_topic_conflict,REC_012815,,,data/05_Labeling/Final_Labeled/[DS107] Gán nhãn - Nhung.csv; data/05_Labeling/Final_Labeled/[DS107] Gán nhãn - Yen.csv,Conflict could not be resolved by status or source priority; master keeps null label.
duplicate_label,REC_012548,T16,T16. WORLD_INTERNATIONAL,data/05_Labeling/Final_Labeled/[DS107] Gán nhãn - Nhung.csv; data/05_Labeling/Final_Labeled/[DS107] Gán nhãn - Yen.csv,record_id appears 2 times across label files.
duplicate_label,REC_002939,T17,T17. TRANSPORT_INFRASTRUCTURE,data/05_Labeling/Final_Labeled/[DS107] Gán nhãn - Nhung.csv; data/05_Labeling/Final_Pilot_Labeled/[DS107] Topic Annotation Pilot Set 400 - IAA_Merge-4.csv,record_id appears 2 times across label files.
duplicate_label,REC_003092,T06; T02,T06. SCIENCE_AND_TECHNOLOGY; T02. ECONOMY_BUSINESS_AND_FINANCE,data/05_Labeling/Final_Labeled/[DS107] Gán nhãn - Yen.csv; data/05_Labeling/Final_Pilot_Labeled/[DS107] Topic Annotation Pilot Set 400 - IAA_Merge-4.csv,record_id appears 2 times across label files.
duplicate_label_topic_conflict,REC_003092,T06; T02,T06. SCIENCE_AND_TECHNOLOGY; T02. ECONOMY_BUSINESS_AND_FINANCE,data/05_Labeling/Final_Labeled/[DS107] Gán nhãn - Yen.csv; data/05_Labeling/Final_Pilot_Labeled/[DS107] Topic Annotation Pilot Set 400 - IAA_Merge-4.csv,Duplicate record_id has conflicting topic_label_id values.
label_record_id_not_found_in_master,REC_013429,T05,T05. EDUCATION,data/05_Labeling/Final_Pilot_Labeled/[DS107] Topic Annotation Pilot Set 100 - IAA_Merge-2.csv,Label record_id does not exist in master after dedup.
label_record_id_not_found_in_master,REC_008193,T08,T08. WEATHER,data/05_Labeling/Final_Pilot_Labeled/[DS107] Topic Annotation Pilot Set 100 - IAA_Merge-2.csv,Label record_id does not exist in master after dedup.
label_record_id_not_found_in_master,REC_012543,T03,T03. CRIME_LAW_AND_JUSTICE,data/05_Labeling/Final_Pilot_Labeled/[DS107] Topic Annotation Pilot Set 100 - IAA_Merge-2.csv,Label record_id does not exist in master after dedup.
label_record_id_not_found_in_master,REC_012433,T16,T16. WORLD_INTERNATIONAL,data/05_Labeling/Final_Pilot_Labeled/[DS107] Topic Annotation Pilot Set 400 - IAA_Merge-4.csv,Label record_id does not exist in master after dedup.
label_record_id_not_found_in_master,REC_012440,T03,T03. CRIME_LAW_AND_JUSTICE,data/05_Labeling/Final_Pilot_Labeled/[DS107] Topic Annotation Pilot Set 400 - IAA_Merge-4.csv,Label record_id does not exist in master after dedup.
label_record_id_not_found_in_master,REC_013054,T02,T02. ECONOMY_BUSINESS_AND_FINANCE,data/05_Labeling/Final_Pilot_Labeled/[DS107] Topic Annotation Pilot Set 400 - IAA_Merge-4.csv,Label record_id does not exist in master after dedup.
label_record_id_not_found_in_master,REC_013428,T03,T03. CRIME_LAW_AND_JUSTICE,data/05_Labeling/Final_Pilot_Labeled/[DS107] Topic Annotation Pilot Set 400 - IAA_Merge-4.csv,Label record_id does not exist in master after dedup.
label_record_id_not_found_in_master,REC_013427,T01,T01. POLITICS,data/05_Labeling/Final_Pilot_Labeled/[DS107] Topic Annotation Pilot Set 400 - IAA_Merge-4.csv,Label record_id does not exist in master after dedup.
label_record_id_not_found_in_master,REC_012478,T11,T11. SPORT,data/05_Labeling/Final_Pilot_Labeled/[DS107] Topic Annotation Pilot Set 400 - IAA_Merge-4.csv,Label record_id does not exist in master after dedup.
label_record_id_not_found_in_master,REC_011303,T03,T03. CRIME_LAW_AND_JUSTICE,data/05_Labeling/Final_Pilot_Labeled/[DS107] Topic Annotation Pilot Set 400 - IAA_Merge-4.csv,Label record_id does not exist in master after dedup.
label_record_id_not_found_in_master,REC_011418,T06,T06. SCIENCE_AND_TECHNOLOGY,data/05_Labeling/Final_Pilot_Labeled/[DS107] Topic Annotation Pilot Set 400 - IAA_Merge-4.csv,Label record_id does not exist in master after dedup.
label_record_id_not_found_in_master,REC_011351,T03,T03. CRIME_LAW_AND_JUSTICE,data/05_Labeling/Final_Pilot_Labeled/[DS107] Topic Annotation Pilot Set 400 - IAA_Merge-4.csv,Label record_id does not exist in master after dedup.
label_record_id_not_found_in_master,REC_003355,T12,T12. SOCIETY,data/05_Labeling/Final_Pilot_Labeled/[DS107] Topic Annotation Pilot Set 400 - IAA_Merge-4.csv,Label record_id does not exist in master after dedup.
label_record_id_not_found_in_master,REC_012422,T08,T08. WEATHER,data/05_Labeling/Final_Pilot_Labeled/[DS107] Topic Annotation Pilot Set 400 - IAA_Merge-4.csv,Label record_id does not exist in master after dedup.
label_record_id_not_found_in_master,REC_013421,T04,T04. HEALTH,data/05_Labeling/Final_Pilot_Labeled/[DS107] Topic Annotation Pilot Set 400 - IAA_Merge-4.csv,Label record_id does not exist in master after dedup.
label_record_id_not_found_in_master,REC_012484,T11,T11. SPORT,data/05_Labeling/Final_Pilot_Labeled/[DS107] Topic Annotation Pilot Set 400 - IAA_Merge-4.csv,Label record_id does not exist in master after dedup.
label_record_id_not_found_in_master,REC_012725,T04,T04. HEALTH,data/05_Labeling/Final_Pilot_Labeled/[DS107] Topic Annotation Pilot Set 400 - IAA_Merge-4.csv,Label record_id does not exist in master after dedup.
label_record_id_not_found_in_master,REC_013416,T01,T01. POLITICS,data/05_Labeling/Final_Pilot_Labeled/[DS107] Topic Annotation Pilot Set 400 - IAA_Merge-4.csv,Label record_id does not exist in master after dedup.
label_record_id_not_found_in_master,REC_008367,T14,T14. LABOR,data/05_Labeling/Final_Pilot_Labeled/[DS107] Topic Annotation Pilot Set 400 - IAA_Merge-4.csv,Label record_id does not exist in master after dedup.
